ISO-10303-21;
HEADER;
FILE_DESCRIPTION(('FreeCAD Model'),'2;1');
FILE_NAME('Open CASCADE Shape Model','2026-07-06T10:44:56',(''),(''),
  'Open CASCADE STEP processor 7.8','FreeCAD','Unknown');
FILE_SCHEMA(('AUTOMOTIVE_DESIGN { 1 0 10303 214 1 1 1 1 }'));
ENDSEC;
DATA;
#1 = APPLICATION_PROTOCOL_DEFINITION('international standard',
  'automotive_design',2000,#2);
#2 = APPLICATION_CONTEXT(
  'core data for automotive mechanical design processes');
#3 = SHAPE_DEFINITION_REPRESENTATION(#4,#10);
#4 = PRODUCT_DEFINITION_SHAPE('','',#5);
#5 = PRODUCT_DEFINITION('design','',#6,#9);
#6 = PRODUCT_DEFINITION_FORMATION('','',#7);
#7 = PRODUCT('Base _Bottom Lid','Base _Bottom Lid','',(#8));
#8 = PRODUCT_CONTEXT('',#2,'mechanical');
#9 = PRODUCT_DEFINITION_CONTEXT('part definition',#2,'design');
#10 = ADVANCED_BREP_SHAPE_REPRESENTATION('',(#11,#15),#5286);
#11 = AXIS2_PLACEMENT_3D('',#12,#13,#14);
#12 = CARTESIAN_POINT('',(0.,0.,0.));
#13 = DIRECTION('',(0.,0.,1.));
#14 = DIRECTION('',(1.,0.,-0.));
#15 = MANIFOLD_SOLID_BREP('',#16);
#16 = CLOSED_SHELL('',(#17,#182,#207,#382,#438,#735,#884,#1049,#1074,
    #1249,#1305,#1597,#1741,#1752,#1763,#1826,#1876,#1903,#1966,#2016,
    #2043,#2500,#2855,#3120,#3298,#3402,#3545,#3616,#3859,#3930,#4001,
    #4073,#4122,#4171,#4220,#4269,#4370,#4419,#4471,#4545,#4572,#4621,
    #4696,#4729,#4777,#4875,#4902,#4930,#4937,#4965,#4972,#4999,#5027,
    #5054,#5081,#5108,#5135,#5162,#5190,#5197,#5224,#5251,#5278));
#17 = ADVANCED_FACE('',(#18),#32,.T.);
#18 = FACE_BOUND('',#19,.T.);
#19 = EDGE_LOOP('',(#20,#77,#110,#155));
#20 = ORIENTED_EDGE('',*,*,#21,.F.);
#21 = EDGE_CURVE('',#22,#24,#26,.T.);
#22 = VERTEX_POINT('',#23);
#23 = CARTESIAN_POINT('',(9.499999945077,25.638182443728,5.5));
#24 = VERTEX_POINT('',#25);
#25 = CARTESIAN_POINT('',(9.499999945077,25.125092634547,5.1));
#26 = SURFACE_CURVE('',#27,(#31,#65),.PCURVE_S1.);
#27 = ( BOUNDED_CURVE() B_SPLINE_CURVE(2,(#28,#29,#30),.UNSPECIFIED.,.F.
,.F.) B_SPLINE_CURVE_WITH_KNOTS((3,3),(0.,6.506052087111E-02),
.PIECEWISE_BEZIER_KNOTS.) CURVE() GEOMETRIC_REPRESENTATION_ITEM() 
RATIONAL_B_SPLINE_CURVE((1.,1.002063094775,1.)) REPRESENTATION_ITEM('') 
  );
#28 = CARTESIAN_POINT('',(9.499999945077,25.638182443728,5.5));
#29 = CARTESIAN_POINT('',(9.499999945077,25.394464784367,5.316453822018)
  );
#30 = CARTESIAN_POINT('',(9.499999945077,25.125092634547,5.1));
#31 = PCURVE('',#32,#37);
#32 = CONICAL_SURFACE('',#33,4.,0.785398163397);
#33 = AXIS2_PLACEMENT_3D('',#34,#35,#36);
#34 = CARTESIAN_POINT('',(12.,28.5,5.3));
#35 = DIRECTION('',(0.,0.,-1.));
#36 = DIRECTION('',(-8.395331056209E-03,-0.999964758587,-0.));
#37 = DEFINITIONAL_REPRESENTATION('',(#38),#64);
#38 = B_SPLINE_CURVE_WITH_KNOTS('',3,(#39,#40,#41,#42,#43,#44,#45,#46,
    #47,#48,#49,#50,#51,#52,#53,#54,#55,#56,#57,#58,#59,#60,#61,#62,#63)
  ,.UNSPECIFIED.,.F.,.F.,(4,1,1,1,1,1,1,1,1,1,1,1,1,1,1,1,1,1,1,1,1,1,4)
  ,(0.,2.957296403232E-03,5.914592806465E-03,8.871889209697E-03,
    1.182918561293E-02,1.478648201616E-02,1.774377841939E-02,
    2.070107482263E-02,2.365837122586E-02,2.661566762909E-02,
    2.957296403232E-02,3.253026043556E-02,3.548755683879E-02,
    3.844485324202E-02,4.140214964525E-02,4.435944604848E-02,
    4.731674245172E-02,5.027403885495E-02,5.323133525818E-02,
    5.618863166141E-02,5.914592806465E-02,6.210322446788E-02,
    6.506052087111E-02),.QUASI_UNIFORM_KNOTS.);
#39 = CARTESIAN_POINT('',(0.709624498911,-0.2));
#40 = CARTESIAN_POINT('',(0.708343228073,-0.19442651862));
#41 = CARTESIAN_POINT('',(0.705786564337,-0.183237366316));
#42 = CARTESIAN_POINT('',(0.701969110141,-0.166326265253));
#43 = CARTESIAN_POINT('',(0.698169104802,-0.149286992541));
#44 = CARTESIAN_POINT('',(0.694386456234,-0.132118731859));
#45 = CARTESIAN_POINT('',(0.69062107266,-0.114820655397));
#46 = CARTESIAN_POINT('',(0.686872862659,-9.739192213298E-02));
#47 = CARTESIAN_POINT('',(0.683141735157,-7.983167812615E-02));
#48 = CARTESIAN_POINT('',(0.679427599432,-6.213905626144E-02));
#49 = CARTESIAN_POINT('',(0.675730365119,-4.431317613781E-02));
#50 = CARTESIAN_POINT('',(0.672049942212,-2.635314391412E-02));
#51 = CARTESIAN_POINT('',(0.668386241064,-8.258052161918E-03));
#52 = CARTESIAN_POINT('',(0.664739172393,9.973020287973E-03));
#53 = CARTESIAN_POINT('',(0.661108647284,2.834100850158E-02));
#54 = CARTESIAN_POINT('',(0.657494577189,4.684686160186E-02));
#55 = CARTESIAN_POINT('',(0.653896873934,6.549154293144E-02));
#56 = CARTESIAN_POINT('',(0.650315449715,8.427603022251E-02));
#57 = CARTESIAN_POINT('',(0.646750217104,0.103201315757));
#58 = CARTESIAN_POINT('',(0.643201089052,0.122268406582));
#59 = CARTESIAN_POINT('',(0.639667978884,0.14147832454));
#60 = CARTESIAN_POINT('',(0.636150800319,0.160832106989));
#61 = CARTESIAN_POINT('',(0.632649467417,0.180330805005));
#62 = CARTESIAN_POINT('',(0.630325752316,0.193427262309));
#63 = CARTESIAN_POINT('',(0.629166507214,0.2));
#64 = ( GEOMETRIC_REPRESENTATION_CONTEXT(2) 
PARAMETRIC_REPRESENTATION_CONTEXT() REPRESENTATION_CONTEXT('2D SPACE',''
  ) );
#65 = PCURVE('',#66,#71);
#66 = PLANE('',#67);
#67 = AXIS2_PLACEMENT_3D('',#68,#69,#70);
#68 = CARTESIAN_POINT('',(9.499999945077,31.874907365453,10.5));
#69 = DIRECTION('',(1.,0.,0.));
#70 = DIRECTION('',(0.,-1.,0.));
#71 = DEFINITIONAL_REPRESENTATION('',(#72),#76);
#72 = ( BOUNDED_CURVE() B_SPLINE_CURVE(2,(#73,#74,#75),.UNSPECIFIED.,.F.
,.F.) B_SPLINE_CURVE_WITH_KNOTS((3,3),(0.,6.506052087111E-02),
.PIECEWISE_BEZIER_KNOTS.) CURVE() GEOMETRIC_REPRESENTATION_ITEM() 
RATIONAL_B_SPLINE_CURVE((1.,1.002063094775,1.)) REPRESENTATION_ITEM('') 
  );
#73 = CARTESIAN_POINT('',(6.236724921724,5.));
#74 = CARTESIAN_POINT('',(6.480442581085,5.183546177982));
#75 = CARTESIAN_POINT('',(6.749814730905,5.4));
#76 = ( GEOMETRIC_REPRESENTATION_CONTEXT(2) 
PARAMETRIC_REPRESENTATION_CONTEXT() REPRESENTATION_CONTEXT('2D SPACE',''
  ) );
#77 = ORIENTED_EDGE('',*,*,#78,.T.);
#78 = EDGE_CURVE('',#22,#79,#81,.T.);
#79 = VERTEX_POINT('',#80);
#80 = CARTESIAN_POINT('',(9.499999945077,31.361817556272,5.5));
#81 = SURFACE_CURVE('',#82,(#87,#94),.PCURVE_S1.);
#82 = CIRCLE('',#83,3.8);
#83 = AXIS2_PLACEMENT_3D('',#84,#85,#86);
#84 = CARTESIAN_POINT('',(12.,28.5,5.5));
#85 = DIRECTION('',(0.,0.,-1.));
#86 = DIRECTION('',(-8.395331056209E-03,-0.999964758587,-0.));
#87 = PCURVE('',#32,#88);
#88 = DEFINITIONAL_REPRESENTATION('',(#89),#93);
#89 = LINE('',#90,#91);
#90 = CARTESIAN_POINT('',(-3.330669073875E-16,-0.2));
#91 = VECTOR('',#92,1.);
#92 = DIRECTION('',(1.,-2.761730616588E-16));
#93 = ( GEOMETRIC_REPRESENTATION_CONTEXT(2) 
PARAMETRIC_REPRESENTATION_CONTEXT() REPRESENTATION_CONTEXT('2D SPACE',''
  ) );
#94 = PCURVE('',#95,#100);
#95 = PLANE('',#96);
#96 = AXIS2_PLACEMENT_3D('',#97,#98,#99);
#97 = CARTESIAN_POINT('',(-5.49228629243E-08,28.5,5.5));
#98 = DIRECTION('',(0.,0.,1.));
#99 = DIRECTION('',(1.,0.,-0.));
#100 = DEFINITIONAL_REPRESENTATION('',(#101),#109);
#101 = ( BOUNDED_CURVE() B_SPLINE_CURVE(2,(#102,#103,#104,#105,#106,#107
,#108),.UNSPECIFIED.,.T.,.F.) B_SPLINE_CURVE_WITH_KNOTS((1,2,2,2,2,1),(
    -2.094395102393,0.,2.094395102393,4.188790204786,6.28318530718,
8.377580409573),.UNSPECIFIED.) CURVE() GEOMETRIC_REPRESENTATION_ITEM() 
RATIONAL_B_SPLINE_CURVE((1.,0.5,1.,0.5,1.,0.5,1.)) REPRESENTATION_ITEM(
  '') );
#102 = CARTESIAN_POINT('',(11.968097796909,-3.799866082632));
#103 = CARTESIAN_POINT('',(5.386536679834,-3.744609750876));
#104 = CARTESIAN_POINT('',(8.725170625392,1.927561207194));
#105 = CARTESIAN_POINT('',(12.06380457095,7.599732165263));
#106 = CARTESIAN_POINT('',(15.306731742467,1.872304875438));
#107 = CARTESIAN_POINT('',(18.549658913985,-3.855122414387));
#108 = CARTESIAN_POINT('',(11.968097796909,-3.799866082632));
#109 = ( GEOMETRIC_REPRESENTATION_CONTEXT(2) 
PARAMETRIC_REPRESENTATION_CONTEXT() REPRESENTATION_CONTEXT('2D SPACE',''
  ) );
#110 = ORIENTED_EDGE('',*,*,#111,.F.);
#111 = EDGE_CURVE('',#112,#79,#114,.T.);
#112 = VERTEX_POINT('',#113);
#113 = CARTESIAN_POINT('',(9.499999945077,31.874907365453,5.1));
#114 = SURFACE_CURVE('',#115,(#119,#148),.PCURVE_S1.);
#115 = ( BOUNDED_CURVE() B_SPLINE_CURVE(2,(#116,#117,#118),
.UNSPECIFIED.,.F.,.F.) B_SPLINE_CURVE_WITH_KNOTS((3,3),(0.,
6.506052087111E-02),.PIECEWISE_BEZIER_KNOTS.) CURVE() 
GEOMETRIC_REPRESENTATION_ITEM() RATIONAL_B_SPLINE_CURVE((1.,
1.002063094775,1.)) REPRESENTATION_ITEM('') );
#116 = CARTESIAN_POINT('',(9.499999945077,31.874907365453,5.1));
#117 = CARTESIAN_POINT('',(9.499999945077,31.605535215633,5.316453822018
    ));
#118 = CARTESIAN_POINT('',(9.499999945077,31.361817556272,5.5));
#119 = PCURVE('',#32,#120);
#120 = DEFINITIONAL_REPRESENTATION('',(#121),#147);
#121 = B_SPLINE_CURVE_WITH_KNOTS('',3,(#122,#123,#124,#125,#126,#127,
    #128,#129,#130,#131,#132,#133,#134,#135,#136,#137,#138,#139,#140,
    #141,#142,#143,#144,#145,#146),.UNSPECIFIED.,.F.,.F.,(4,1,1,1,1,1,1,
    1,1,1,1,1,1,1,1,1,1,1,1,1,1,1,4),(0.,2.957296403232E-03,
    5.914592806465E-03,8.871889209697E-03,1.182918561293E-02,
    1.478648201616E-02,1.774377841939E-02,2.070107482263E-02,
    2.365837122586E-02,2.661566762909E-02,2.957296403232E-02,
    3.253026043556E-02,3.548755683879E-02,3.844485324202E-02,
    4.140214964525E-02,4.435944604848E-02,4.731674245172E-02,
    5.027403885495E-02,5.323133525818E-02,5.618863166141E-02,
    5.914592806465E-02,6.210322446788E-02,6.506052087111E-02),
  .QUASI_UNIFORM_KNOTS.);
#122 = CARTESIAN_POINT('',(2.495635287018,0.2));
#123 = CARTESIAN_POINT('',(2.494476041916,0.193427262309));
#124 = CARTESIAN_POINT('',(2.492152326816,0.180330805005));
#125 = CARTESIAN_POINT('',(2.488650993914,0.160832106989));
#126 = CARTESIAN_POINT('',(2.485133815348,0.14147832454));
#127 = CARTESIAN_POINT('',(2.481600705181,0.122268406582));
#128 = CARTESIAN_POINT('',(2.478051577128,0.103201315757));
#129 = CARTESIAN_POINT('',(2.474486344518,8.42760302225E-02));
#130 = CARTESIAN_POINT('',(2.470904920298,6.549154293144E-02));
#131 = CARTESIAN_POINT('',(2.467307217043,4.684686160186E-02));
#132 = CARTESIAN_POINT('',(2.463693146949,2.834100850158E-02));
#133 = CARTESIAN_POINT('',(2.460062621839,9.97302028797E-03));
#134 = CARTESIAN_POINT('',(2.456415553169,-8.258052161922E-03));
#135 = CARTESIAN_POINT('',(2.45275185202,-2.635314391412E-02));
#136 = CARTESIAN_POINT('',(2.449071429113,-4.431317613781E-02));
#137 = CARTESIAN_POINT('',(2.4453741948,-6.213905626144E-02));
#138 = CARTESIAN_POINT('',(2.441660059076,-7.983167812615E-02));
#139 = CARTESIAN_POINT('',(2.437928931574,-9.739192213298E-02));
#140 = CARTESIAN_POINT('',(2.434180721573,-0.114820655397));
#141 = CARTESIAN_POINT('',(2.430415337999,-0.132118731859));
#142 = CARTESIAN_POINT('',(2.42663268943,-0.149286992541));
#143 = CARTESIAN_POINT('',(2.422832684091,-0.166326265253));
#144 = CARTESIAN_POINT('',(2.419015229895,-0.183237366316));
#145 = CARTESIAN_POINT('',(2.41645856616,-0.19442651862));
#146 = CARTESIAN_POINT('',(2.415177295321,-0.2));
#147 = ( GEOMETRIC_REPRESENTATION_CONTEXT(2) 
PARAMETRIC_REPRESENTATION_CONTEXT() REPRESENTATION_CONTEXT('2D SPACE',''
  ) );
#148 = PCURVE('',#66,#149);
#149 = DEFINITIONAL_REPRESENTATION('',(#150),#154);
#150 = ( BOUNDED_CURVE() B_SPLINE_CURVE(2,(#151,#152,#153),
.UNSPECIFIED.,.F.,.F.) B_SPLINE_CURVE_WITH_KNOTS((3,3),(0.,
6.506052087111E-02),.PIECEWISE_BEZIER_KNOTS.) CURVE() 
GEOMETRIC_REPRESENTATION_ITEM() RATIONAL_B_SPLINE_CURVE((1.,
1.002063094775,1.)) REPRESENTATION_ITEM('') );
#151 = CARTESIAN_POINT('',(0.,5.4));
#152 = CARTESIAN_POINT('',(0.26937214982,5.183546177982));
#153 = CARTESIAN_POINT('',(0.513089809181,5.));
#154 = ( GEOMETRIC_REPRESENTATION_CONTEXT(2) 
PARAMETRIC_REPRESENTATION_CONTEXT() REPRESENTATION_CONTEXT('2D SPACE',''
  ) );
#155 = ORIENTED_EDGE('',*,*,#156,.T.);
#156 = EDGE_CURVE('',#112,#24,#157,.T.);
#157 = SURFACE_CURVE('',#158,(#163,#170),.PCURVE_S1.);
#158 = CIRCLE('',#159,4.2);
#159 = AXIS2_PLACEMENT_3D('',#160,#161,#162);
#160 = CARTESIAN_POINT('',(12.,28.5,5.1));
#161 = DIRECTION('',(0.,0.,1.));
#162 = DIRECTION('',(-8.395331056209E-03,-0.999964758587,0.));
#163 = PCURVE('',#32,#164);
#164 = DEFINITIONAL_REPRESENTATION('',(#165),#169);
#165 = LINE('',#166,#167);
#166 = CARTESIAN_POINT('',(6.28318530718,0.2));
#167 = VECTOR('',#168,1.);
#168 = DIRECTION('',(-1.,4.836958289965E-16));
#169 = ( GEOMETRIC_REPRESENTATION_CONTEXT(2) 
PARAMETRIC_REPRESENTATION_CONTEXT() REPRESENTATION_CONTEXT('2D SPACE',''
  ) );
#170 = PCURVE('',#171,#176);
#171 = CYLINDRICAL_SURFACE('',#172,4.2);
#172 = AXIS2_PLACEMENT_3D('',#173,#174,#175);
#173 = CARTESIAN_POINT('',(12.,28.5,0.));
#174 = DIRECTION('',(0.,0.,1.));
#175 = DIRECTION('',(8.395331056209E-03,0.999964758587,-0.));
#176 = DEFINITIONAL_REPRESENTATION('',(#177),#181);
#177 = LINE('',#178,#179);
#178 = CARTESIAN_POINT('',(3.14159265359,5.1));
#179 = VECTOR('',#180,1.);
#180 = DIRECTION('',(1.,0.));
#181 = ( GEOMETRIC_REPRESENTATION_CONTEXT(2) 
PARAMETRIC_REPRESENTATION_CONTEXT() REPRESENTATION_CONTEXT('2D SPACE',''
  ) );
#182 = ADVANCED_FACE('',(#183),#95,.T.);
#183 = FACE_BOUND('',#184,.T.);
#184 = EDGE_LOOP('',(#185,#186));
#185 = ORIENTED_EDGE('',*,*,#78,.F.);
#186 = ORIENTED_EDGE('',*,*,#187,.F.);
#187 = EDGE_CURVE('',#79,#22,#188,.T.);
#188 = SURFACE_CURVE('',#189,(#193,#200),.PCURVE_S1.);
#189 = LINE('',#190,#191);
#190 = CARTESIAN_POINT('',(9.499999945077,26.812546317274,5.5));
#191 = VECTOR('',#192,1.);
#192 = DIRECTION('',(0.,-1.,0.));
#193 = PCURVE('',#95,#194);
#194 = DEFINITIONAL_REPRESENTATION('',(#195),#199);
#195 = LINE('',#196,#197);
#196 = CARTESIAN_POINT('',(9.5,-1.687453682726));
#197 = VECTOR('',#198,1.);
#198 = DIRECTION('',(0.,-1.));
#199 = ( GEOMETRIC_REPRESENTATION_CONTEXT(2) 
PARAMETRIC_REPRESENTATION_CONTEXT() REPRESENTATION_CONTEXT('2D SPACE',''
  ) );
#200 = PCURVE('',#66,#201);
#201 = DEFINITIONAL_REPRESENTATION('',(#202),#206);
#202 = LINE('',#203,#204);
#203 = CARTESIAN_POINT('',(5.062361048179,5.));
#204 = VECTOR('',#205,1.);
#205 = DIRECTION('',(1.,0.));
#206 = ( GEOMETRIC_REPRESENTATION_CONTEXT(2) 
PARAMETRIC_REPRESENTATION_CONTEXT() REPRESENTATION_CONTEXT('2D SPACE',''
  ) );
#207 = ADVANCED_FACE('',(#208),#222,.T.);
#208 = FACE_BOUND('',#209,.T.);
#209 = EDGE_LOOP('',(#210,#262,#291,#336,#360));
#210 = ORIENTED_EDGE('',*,*,#211,.T.);
#211 = EDGE_CURVE('',#212,#214,#216,.T.);
#212 = VERTEX_POINT('',#213);
#213 = CARTESIAN_POINT('',(9.499999945077,31.874907365453,10.1));
#214 = VERTEX_POINT('',#215);
#215 = CARTESIAN_POINT('',(9.499999945077,31.361817556272,10.5));
#216 = SURFACE_CURVE('',#217,(#221,#255),.PCURVE_S1.);
#217 = ( BOUNDED_CURVE() B_SPLINE_CURVE(2,(#218,#219,#220),
.UNSPECIFIED.,.F.,.F.) B_SPLINE_CURVE_WITH_KNOTS((3,3),(0.650315765315,
0.749168246899),.PIECEWISE_BEZIER_KNOTS.) CURVE() 
GEOMETRIC_REPRESENTATION_ITEM() RATIONAL_B_SPLINE_CURVE((1.026371401449,
1.015190018177,1.)) REPRESENTATION_ITEM('') );
#218 = CARTESIAN_POINT('',(9.499999945077,31.874907365453,10.1));
#219 = CARTESIAN_POINT('',(9.499999945077,31.605535215633,
    10.316453822018));
#220 = CARTESIAN_POINT('',(9.499999945077,31.361817556272,10.5));
#221 = PCURVE('',#222,#227);
#222 = CONICAL_SURFACE('',#223,4.,0.785398163397);
#223 = AXIS2_PLACEMENT_3D('',#224,#225,#226);
#224 = CARTESIAN_POINT('',(12.,28.5,10.3));
#225 = DIRECTION('',(0.,0.,-1.));
#226 = DIRECTION('',(1.,4.206704429244E-16,0.));
#227 = DEFINITIONAL_REPRESENTATION('',(#228),#254);
#228 = B_SPLINE_CURVE_WITH_KNOTS('',3,(#229,#230,#231,#232,#233,#234,
    #235,#236,#237,#238,#239,#240,#241,#242,#243,#244,#245,#246,#247,
    #248,#249,#250,#251,#252,#253),.UNSPECIFIED.,.F.,.F.,(4,1,1,1,1,1,1,
    1,1,1,1,1,1,1,1,1,1,1,1,1,1,1,4),(0.650315765315,0.654809059932,
    0.65930235455,0.663795649167,0.668288943785,0.672782238402,
    0.677275533019,0.681768827637,0.686262122254,0.690755416872,
    0.695248711489,0.699742006107,0.704235300724,0.708728595342,
    0.713221889959,0.717715184577,0.722208479194,0.726701773812,
    0.731195068429,0.735688363047,0.740181657664,0.744674952282,
    0.749168246899),.QUASI_UNIFORM_KNOTS.);
#229 = CARTESIAN_POINT('',(4.074827043492,0.2));
#230 = CARTESIAN_POINT('',(4.073682787954,0.19351225064));
#231 = CARTESIAN_POINT('',(4.071387841404,0.180576886063));
#232 = CARTESIAN_POINT('',(4.067925970641,0.161293671893));
#233 = CARTESIAN_POINT('',(4.064444504882,0.142129717057));
#234 = CARTESIAN_POINT('',(4.060943298473,0.123084460906));
#235 = CARTESIAN_POINT('',(4.057422204703,0.104157351074));
#236 = CARTESIAN_POINT('',(4.053881075652,8.534784460931E-02));
#237 = CARTESIAN_POINT('',(4.050319762224,6.665540762289E-02));
#238 = CARTESIAN_POINT('',(4.046738114125,4.807951533461E-02));
#239 = CARTESIAN_POINT('',(4.043135979866,2.961965201529E-02));
#240 = CARTESIAN_POINT('',(4.039513206749,1.127531095962E-02));
#241 = CARTESIAN_POINT('',(4.035869640863,-6.954005546731E-03));
#242 = CARTESIAN_POINT('',(4.032205127079,-2.506878625603E-02));
#243 = CARTESIAN_POINT('',(4.028519509039,-4.306951098584E-02));
#244 = CARTESIAN_POINT('',(4.024812629156,-6.095665064421E-02));
#245 = CARTESIAN_POINT('',(4.0210843286,-7.873066725343E-02));
#246 = CARTESIAN_POINT('',(4.017334447297,-9.639201396963E-02));
#247 = CARTESIAN_POINT('',(4.013562823923,-0.113941135108));
#248 = CARTESIAN_POINT('',(4.009769295894,-0.131378466138));
#249 = CARTESIAN_POINT('',(4.005953699369,-0.148704433779));
#250 = CARTESIAN_POINT('',(4.002115869206,-0.165919455716));
#251 = CARTESIAN_POINT('',(3.998255639115,-0.183023941719));
#252 = CARTESIAN_POINT('',(3.995667107071,-0.194353506912));
#253 = CARTESIAN_POINT('',(3.994369051795,-0.2));
#254 = ( GEOMETRIC_REPRESENTATION_CONTEXT(2) 
PARAMETRIC_REPRESENTATION_CONTEXT() REPRESENTATION_CONTEXT('2D SPACE',''
  ) );
#255 = PCURVE('',#66,#256);
#256 = DEFINITIONAL_REPRESENTATION('',(#257),#261);
#257 = ( BOUNDED_CURVE() B_SPLINE_CURVE(2,(#258,#259,#260),
.UNSPECIFIED.,.F.,.F.) B_SPLINE_CURVE_WITH_KNOTS((3,3),(0.650315765315,
0.749168246899),.PIECEWISE_BEZIER_KNOTS.) CURVE() 
GEOMETRIC_REPRESENTATION_ITEM() RATIONAL_B_SPLINE_CURVE((1.026371401449,
1.015190018177,1.)) REPRESENTATION_ITEM('') );
#258 = CARTESIAN_POINT('',(0.,0.4));
#259 = CARTESIAN_POINT('',(0.26937214982,0.183546177982));
#260 = CARTESIAN_POINT('',(0.513089809181,0.));
#261 = ( GEOMETRIC_REPRESENTATION_CONTEXT(2) 
PARAMETRIC_REPRESENTATION_CONTEXT() REPRESENTATION_CONTEXT('2D SPACE',''
  ) );
#262 = ORIENTED_EDGE('',*,*,#263,.T.);
#263 = EDGE_CURVE('',#214,#264,#266,.T.);
#264 = VERTEX_POINT('',#265);
#265 = CARTESIAN_POINT('',(9.499999945077,25.638182443728,10.5));
#266 = SURFACE_CURVE('',#267,(#272,#279),.PCURVE_S1.);
#267 = CIRCLE('',#268,3.8);
#268 = AXIS2_PLACEMENT_3D('',#269,#270,#271);
#269 = CARTESIAN_POINT('',(12.,28.5,10.5));
#270 = DIRECTION('',(0.,0.,-1.));
#271 = DIRECTION('',(8.395331056209E-03,0.999964758587,0.));
#272 = PCURVE('',#222,#273);
#273 = DEFINITIONAL_REPRESENTATION('',(#274),#278);
#274 = LINE('',#275,#276);
#275 = CARTESIAN_POINT('',(-1.562400897116,-0.2));
#276 = VECTOR('',#277,1.);
#277 = DIRECTION('',(1.,-4.287403081696E-17));
#278 = ( GEOMETRIC_REPRESENTATION_CONTEXT(2) 
PARAMETRIC_REPRESENTATION_CONTEXT() REPRESENTATION_CONTEXT('2D SPACE',''
  ) );
#279 = PCURVE('',#280,#285);
#280 = PLANE('',#281);
#281 = AXIS2_PLACEMENT_3D('',#282,#283,#284);
#282 = CARTESIAN_POINT('',(12.,28.5,10.5));
#283 = DIRECTION('',(0.,0.,-1.));
#284 = DIRECTION('',(1.,0.,0.));
#285 = DEFINITIONAL_REPRESENTATION('',(#286),#290);
#286 = CIRCLE('',#287,3.8);
#287 = AXIS2_PLACEMENT_2D('',#288,#289);
#288 = CARTESIAN_POINT('',(0.,0.));
#289 = DIRECTION('',(8.395331056209E-03,-0.999964758587));
#290 = ( GEOMETRIC_REPRESENTATION_CONTEXT(2) 
PARAMETRIC_REPRESENTATION_CONTEXT() REPRESENTATION_CONTEXT('2D SPACE',''
  ) );
#291 = ORIENTED_EDGE('',*,*,#292,.T.);
#292 = EDGE_CURVE('',#264,#293,#295,.T.);
#293 = VERTEX_POINT('',#294);
#294 = CARTESIAN_POINT('',(9.499999945077,25.125092634547,10.1));
#295 = SURFACE_CURVE('',#296,(#300,#329),.PCURVE_S1.);
#296 = ( BOUNDED_CURVE() B_SPLINE_CURVE(2,(#297,#298,#299),
.UNSPECIFIED.,.F.,.F.) B_SPLINE_CURVE_WITH_KNOTS((3,3),(0.,
9.885248158438E-02),.PIECEWISE_BEZIER_KNOTS.) CURVE() 
GEOMETRIC_REPRESENTATION_ITEM() RATIONAL_B_SPLINE_CURVE((1.,
1.015190018177,1.026371401449)) REPRESENTATION_ITEM('') );
#297 = CARTESIAN_POINT('',(9.499999945077,25.638182443728,10.5));
#298 = CARTESIAN_POINT('',(9.499999945077,25.394464784367,
    10.316453822018));
#299 = CARTESIAN_POINT('',(9.499999945077,25.125092634547,10.1));
#300 = PCURVE('',#222,#301);
#301 = DEFINITIONAL_REPRESENTATION('',(#302),#328);
#302 = B_SPLINE_CURVE_WITH_KNOTS('',3,(#303,#304,#305,#306,#307,#308,
    #309,#310,#311,#312,#313,#314,#315,#316,#317,#318,#319,#320,#321,
    #322,#323,#324,#325,#326,#327),.UNSPECIFIED.,.F.,.F.,(4,1,1,1,1,1,1,
    1,1,1,1,1,1,1,1,1,1,1,1,1,1,1,4),(0.,4.493294617472E-03,
    8.986589234943E-03,1.347988385242E-02,1.797317846989E-02,
    2.246647308736E-02,2.695976770483E-02,3.14530623223E-02,
    3.594635693977E-02,4.043965155725E-02,4.493294617472E-02,
    4.942624079219E-02,5.391953540966E-02,5.841283002713E-02,
    6.29061246446E-02,6.739941926208E-02,7.189271387955E-02,
    7.638600849702E-02,8.087930311449E-02,8.537259773196E-02,
    8.986589234943E-02,9.435918696691E-02,9.885248158438E-02),
  .QUASI_UNIFORM_KNOTS.);
#303 = CARTESIAN_POINT('',(8.572001562565,-0.2));
#304 = CARTESIAN_POINT('',(8.570703507288,-0.194353506912));
#305 = CARTESIAN_POINT('',(8.568114975244,-0.183023941719));
#306 = CARTESIAN_POINT('',(8.564254745153,-0.165919455716));
#307 = CARTESIAN_POINT('',(8.56041691499,-0.148704433779));
#308 = CARTESIAN_POINT('',(8.556601318465,-0.131378466138));
#309 = CARTESIAN_POINT('',(8.552807790436,-0.113941135108));
#310 = CARTESIAN_POINT('',(8.549036167062,-9.639201396963E-02));
#311 = CARTESIAN_POINT('',(8.54528628576,-7.873066725343E-02));
#312 = CARTESIAN_POINT('',(8.541557985203,-6.095665064421E-02));
#313 = CARTESIAN_POINT('',(8.53785110532,-4.306951098583E-02));
#314 = CARTESIAN_POINT('',(8.53416548728,-2.506878625603E-02));
#315 = CARTESIAN_POINT('',(8.530500973496,-6.954005546727E-03));
#316 = CARTESIAN_POINT('',(8.52685740761,1.127531095962E-02));
#317 = CARTESIAN_POINT('',(8.523234634493,2.961965201529E-02));
#318 = CARTESIAN_POINT('',(8.519632500234,4.807951533461E-02));
#319 = CARTESIAN_POINT('',(8.516050852135,6.665540762289E-02));
#320 = CARTESIAN_POINT('',(8.512489538707,8.53478446093E-02));
#321 = CARTESIAN_POINT('',(8.508948409656,0.104157351074));
#322 = CARTESIAN_POINT('',(8.505427315886,0.123084460906));
#323 = CARTESIAN_POINT('',(8.501926109477,0.142129717057));
#324 = CARTESIAN_POINT('',(8.498444643719,0.161293671893));
#325 = CARTESIAN_POINT('',(8.494982772956,0.180576886063));
#326 = CARTESIAN_POINT('',(8.492687826405,0.19351225064));
#327 = CARTESIAN_POINT('',(8.491543570868,0.2));
#328 = ( GEOMETRIC_REPRESENTATION_CONTEXT(2) 
PARAMETRIC_REPRESENTATION_CONTEXT() REPRESENTATION_CONTEXT('2D SPACE',''
  ) );
#329 = PCURVE('',#66,#330);
#330 = DEFINITIONAL_REPRESENTATION('',(#331),#335);
#331 = ( BOUNDED_CURVE() B_SPLINE_CURVE(2,(#332,#333,#334),
.UNSPECIFIED.,.F.,.F.) B_SPLINE_CURVE_WITH_KNOTS((3,3),(0.,
9.885248158438E-02),.PIECEWISE_BEZIER_KNOTS.) CURVE() 
GEOMETRIC_REPRESENTATION_ITEM() RATIONAL_B_SPLINE_CURVE((1.,
1.015190018177,1.026371401449)) REPRESENTATION_ITEM('') );
#332 = CARTESIAN_POINT('',(6.236724921724,0.));
#333 = CARTESIAN_POINT('',(6.480442581085,0.183546177982));
#334 = CARTESIAN_POINT('',(6.749814730905,0.4));
#335 = ( GEOMETRIC_REPRESENTATION_CONTEXT(2) 
PARAMETRIC_REPRESENTATION_CONTEXT() REPRESENTATION_CONTEXT('2D SPACE',''
  ) );
#336 = ORIENTED_EDGE('',*,*,#337,.T.);
#337 = EDGE_CURVE('',#293,#338,#340,.T.);
#338 = VERTEX_POINT('',#339);
#339 = CARTESIAN_POINT('',(11.964739609564,24.300148013934,10.1));
#340 = SURFACE_CURVE('',#341,(#346,#353),.PCURVE_S1.);
#341 = CIRCLE('',#342,4.2);
#342 = AXIS2_PLACEMENT_3D('',#343,#344,#345);
#343 = CARTESIAN_POINT('',(12.,28.5,10.1));
#344 = DIRECTION('',(0.,0.,1.));
#345 = DIRECTION('',(8.395331056209E-03,0.999964758587,-0.));
#346 = PCURVE('',#222,#347);
#347 = DEFINITIONAL_REPRESENTATION('',(#348),#352);
#348 = LINE('',#349,#350);
#349 = CARTESIAN_POINT('',(11.003969717243,0.2));
#350 = VECTOR('',#351,1.);
#351 = DIRECTION('',(-1.,-1.434919299408E-15));
#352 = ( GEOMETRIC_REPRESENTATION_CONTEXT(2) 
PARAMETRIC_REPRESENTATION_CONTEXT() REPRESENTATION_CONTEXT('2D SPACE',''
  ) );
#353 = PCURVE('',#171,#354);
#354 = DEFINITIONAL_REPRESENTATION('',(#355),#359);
#355 = LINE('',#356,#357);
#356 = CARTESIAN_POINT('',(6.28318530718,10.1));
#357 = VECTOR('',#358,1.);
#358 = DIRECTION('',(1.,0.));
#359 = ( GEOMETRIC_REPRESENTATION_CONTEXT(2) 
PARAMETRIC_REPRESENTATION_CONTEXT() REPRESENTATION_CONTEXT('2D SPACE',''
  ) );
#360 = ORIENTED_EDGE('',*,*,#361,.T.);
#361 = EDGE_CURVE('',#338,#212,#362,.T.);
#362 = SURFACE_CURVE('',#363,(#368,#375),.PCURVE_S1.);
#363 = CIRCLE('',#364,4.2);
#364 = AXIS2_PLACEMENT_3D('',#365,#366,#367);
#365 = CARTESIAN_POINT('',(12.,28.5,10.1));
#366 = DIRECTION('',(0.,0.,1.));
#367 = DIRECTION('',(8.395331056209E-03,0.999964758587,-0.));
#368 = PCURVE('',#222,#369);
#369 = DEFINITIONAL_REPRESENTATION('',(#370),#374);
#370 = LINE('',#371,#372);
#371 = CARTESIAN_POINT('',(11.003969717243,0.2));
#372 = VECTOR('',#373,1.);
#373 = DIRECTION('',(-1.,-1.139986069728E-16));
#374 = ( GEOMETRIC_REPRESENTATION_CONTEXT(2) 
PARAMETRIC_REPRESENTATION_CONTEXT() REPRESENTATION_CONTEXT('2D SPACE',''
  ) );
#375 = PCURVE('',#171,#376);
#376 = DEFINITIONAL_REPRESENTATION('',(#377),#381);
#377 = LINE('',#378,#379);
#378 = CARTESIAN_POINT('',(0.,10.1));
#379 = VECTOR('',#380,1.);
#380 = DIRECTION('',(1.,0.));
#381 = ( GEOMETRIC_REPRESENTATION_CONTEXT(2) 
PARAMETRIC_REPRESENTATION_CONTEXT() REPRESENTATION_CONTEXT('2D SPACE',''
  ) );
#382 = ADVANCED_FACE('',(#383,#407),#280,.F.);
#383 = FACE_BOUND('',#384,.T.);
#384 = EDGE_LOOP('',(#385,#386));
#385 = ORIENTED_EDGE('',*,*,#263,.F.);
#386 = ORIENTED_EDGE('',*,*,#387,.T.);
#387 = EDGE_CURVE('',#214,#264,#388,.T.);
#388 = SURFACE_CURVE('',#389,(#393,#400),.PCURVE_S1.);
#389 = LINE('',#390,#391);
#390 = CARTESIAN_POINT('',(9.499999945077,30.187453682726,10.5));
#391 = VECTOR('',#392,1.);
#392 = DIRECTION('',(0.,-1.,0.));
#393 = PCURVE('',#280,#394);
#394 = DEFINITIONAL_REPRESENTATION('',(#395),#399);
#395 = LINE('',#396,#397);
#396 = CARTESIAN_POINT('',(-2.500000054923,-1.687453682726));
#397 = VECTOR('',#398,1.);
#398 = DIRECTION('',(0.,1.));
#399 = ( GEOMETRIC_REPRESENTATION_CONTEXT(2) 
PARAMETRIC_REPRESENTATION_CONTEXT() REPRESENTATION_CONTEXT('2D SPACE',''
  ) );
#400 = PCURVE('',#66,#401);
#401 = DEFINITIONAL_REPRESENTATION('',(#402),#406);
#402 = LINE('',#403,#404);
#403 = CARTESIAN_POINT('',(1.687453682726,0.));
#404 = VECTOR('',#405,1.);
#405 = DIRECTION('',(1.,0.));
#406 = ( GEOMETRIC_REPRESENTATION_CONTEXT(2) 
PARAMETRIC_REPRESENTATION_CONTEXT() REPRESENTATION_CONTEXT('2D SPACE',''
  ) );
#407 = FACE_BOUND('',#408,.T.);
#408 = EDGE_LOOP('',(#409));
#409 = ORIENTED_EDGE('',*,*,#410,.T.);
#410 = EDGE_CURVE('',#411,#411,#413,.T.);
#411 = VERTEX_POINT('',#412);
#412 = CARTESIAN_POINT('',(13.7,28.5,10.5));
#413 = SURFACE_CURVE('',#414,(#419,#426),.PCURVE_S1.);
#414 = CIRCLE('',#415,1.7);
#415 = AXIS2_PLACEMENT_3D('',#416,#417,#418);
#416 = CARTESIAN_POINT('',(12.,28.5,10.5));
#417 = DIRECTION('',(0.,0.,-1.));
#418 = DIRECTION('',(-1.,0.,0.));
#419 = PCURVE('',#280,#420);
#420 = DEFINITIONAL_REPRESENTATION('',(#421),#425);
#421 = CIRCLE('',#422,1.7);
#422 = AXIS2_PLACEMENT_2D('',#423,#424);
#423 = CARTESIAN_POINT('',(0.,0.));
#424 = DIRECTION('',(-1.,0.));
#425 = ( GEOMETRIC_REPRESENTATION_CONTEXT(2) 
PARAMETRIC_REPRESENTATION_CONTEXT() REPRESENTATION_CONTEXT('2D SPACE',''
  ) );
#426 = PCURVE('',#427,#432);
#427 = CYLINDRICAL_SURFACE('',#428,1.7);
#428 = AXIS2_PLACEMENT_3D('',#429,#430,#431);
#429 = CARTESIAN_POINT('',(12.,28.5,5.775));
#430 = DIRECTION('',(0.,0.,1.));
#431 = DIRECTION('',(-1.,0.,0.));
#432 = DEFINITIONAL_REPRESENTATION('',(#433),#437);
#433 = LINE('',#434,#435);
#434 = CARTESIAN_POINT('',(12.566370614359,4.725));
#435 = VECTOR('',#436,1.);
#436 = DIRECTION('',(-1.,0.));
#437 = ( GEOMETRIC_REPRESENTATION_CONTEXT(2) 
PARAMETRIC_REPRESENTATION_CONTEXT() REPRESENTATION_CONTEXT('2D SPACE',''
  ) );
#438 = ADVANCED_FACE('',(#439),#458,.T.);
#439 = FACE_BOUND('',#440,.T.);
#440 = EDGE_LOOP('',(#441,#525,#558,#635,#662,#686,#710));
#441 = ORIENTED_EDGE('',*,*,#442,.F.);
#442 = EDGE_CURVE('',#443,#445,#447,.T.);
#443 = VERTEX_POINT('',#444);
#444 = CARTESIAN_POINT('',(11.337205440163,33.051999930959,2.5));
#445 = VERTEX_POINT('',#446);
#446 = CARTESIAN_POINT('',(11.910080757382,32.705067889797,
    2.893970824162));
#447 = SURFACE_CURVE('',#448,(#457,#491),.PCURVE_S1.);
#448 = B_SPLINE_CURVE_WITH_KNOTS('',3,(#449,#450,#451,#452,#453,#454,
    #455,#456),.UNSPECIFIED.,.F.,.F.,(4,2,2,4),(-0.218423205765,
    -0.185016896723,-0.158540388797,-0.140999369948),.UNSPECIFIED.);
#449 = CARTESIAN_POINT('',(11.337205440164,33.051999930959,2.5));
#450 = CARTESIAN_POINT('',(11.386888072841,32.978496589959,2.57989490909
    ));
#451 = CARTESIAN_POINT('',(11.450276590737,32.911529097001,
    2.654867906475));
#452 = CARTESIAN_POINT('',(11.583104854012,32.813316115576,
    2.766915982268));
#453 = CARTESIAN_POINT('',(11.656428973815,32.772328347587,2.8146295378)
  );
#454 = CARTESIAN_POINT('',(11.792908751879,32.72512757489,2.870133900428
    ));
#455 = CARTESIAN_POINT('',(11.851198234877,32.711728505594,
    2.886052901569));
#456 = CARTESIAN_POINT('',(11.910080757381,32.705067889797,
    2.893970824162));
#457 = PCURVE('',#458,#463);
#458 = CONICAL_SURFACE('',#459,4.4,0.785398163397);
#459 = AXIS2_PLACEMENT_3D('',#460,#461,#462);
#460 = CARTESIAN_POINT('',(12.,28.5,2.7));
#461 = DIRECTION('',(0.,0.,-1.));
#462 = DIRECTION('',(-8.395331056209E-03,-0.999964758587,-0.));
#463 = DEFINITIONAL_REPRESENTATION('',(#464),#490);
#464 = B_SPLINE_CURVE_WITH_KNOTS('',3,(#465,#466,#467,#468,#469,#470,
    #471,#472,#473,#474,#475,#476,#477,#478,#479,#480,#481,#482,#483,
    #484,#485,#486,#487,#488,#489),.UNSPECIFIED.,.F.,.F.,(4,1,1,1,1,1,1,
    1,1,1,1,1,1,1,1,1,1,1,1,1,1,1,4),(-0.218423205765,-0.214903940501,
    -0.211384675236,-0.207865409972,-0.204346144708,-0.200826879443,
    -0.197307614179,-0.193788348914,-0.19026908365,-0.186749818385,
    -0.183230553121,-0.179711287857,-0.176192022592,-0.172672757328,
    -0.169153492063,-0.165634226799,-0.162114961535,-0.15859569627,
    -0.155076431006,-0.151557165741,-0.148037900477,-0.144518635212,
    -0.140999369948),.QUASI_UNIFORM_KNOTS.);
#465 = CARTESIAN_POINT('',(2.988608180168,0.2));
#466 = CARTESIAN_POINT('',(2.989491552327,0.191583309487));
#467 = CARTESIAN_POINT('',(2.991338060194,0.174859705303));
#468 = CARTESIAN_POINT('',(2.994346837148,0.150155767555));
#469 = CARTESIAN_POINT('',(2.997594460655,0.125885317048));
#470 = CARTESIAN_POINT('',(3.001080387995,0.102100789974));
#471 = CARTESIAN_POINT('',(3.004803826514,7.885475790826E-02));
#472 = CARTESIAN_POINT('',(3.008763513505,5.620042598458E-02));
#473 = CARTESIAN_POINT('',(3.01295826418,3.418981844902E-02));
#474 = CARTESIAN_POINT('',(3.017384789052,1.288042327472E-02));
#475 = CARTESIAN_POINT('',(3.022045664599,-7.689698711385E-03));
#476 = CARTESIAN_POINT('',(3.026919422219,-2.740913428355E-02));
#477 = CARTESIAN_POINT('',(3.032206757984,-4.691679129908E-02));
#478 = CARTESIAN_POINT('',(3.037874298968,-6.594643308944E-02));
#479 = CARTESIAN_POINT('',(3.043915397533,-8.434576315987E-02));
#480 = CARTESIAN_POINT('',(3.050314475235,-0.101931944899));
#481 = CARTESIAN_POINT('',(3.057056331446,-0.118530099145));
#482 = CARTESIAN_POINT('',(3.064123657347,-0.133964741825));
#483 = CARTESIAN_POINT('',(3.071496848848,-0.148056532846));
#484 = CARTESIAN_POINT('',(3.079156525806,-0.160644884581));
#485 = CARTESIAN_POINT('',(3.087062324734,-0.171653571091));
#486 = CARTESIAN_POINT('',(3.095169748275,-0.180988337411));
#487 = CARTESIAN_POINT('',(3.103433558262,-0.188562666445));
#488 = CARTESIAN_POINT('',(3.109015536098,-0.192382486448));
#489 = CARTESIAN_POINT('',(3.111816941031,-0.193970824162));
#490 = ( GEOMETRIC_REPRESENTATION_CONTEXT(2) 
PARAMETRIC_REPRESENTATION_CONTEXT() REPRESENTATION_CONTEXT('2D SPACE',''
  ) );
#491 = PCURVE('',#492,#497);
#492 = CYLINDRICAL_SURFACE('',#493,0.8000007);
#493 = AXIS2_PLACEMENT_3D('',#494,#495,#496);
#494 = CARTESIAN_POINT('',(12.000001,33.499999,0.));
#495 = DIRECTION('',(0.,0.,1.));
#496 = DIRECTION('',(-0.140774965192,-0.990041619921,0.));
#497 = DEFINITIONAL_REPRESENTATION('',(#498),#524);
#498 = B_SPLINE_CURVE_WITH_KNOTS('',3,(#499,#500,#501,#502,#503,#504,
    #505,#506,#507,#508,#509,#510,#511,#512,#513,#514,#515,#516,#517,
    #518,#519,#520,#521,#522,#523),.UNSPECIFIED.,.F.,.F.,(4,1,1,1,1,1,1,
    1,1,1,1,1,1,1,1,1,1,1,1,1,1,1,4),(-0.218423205765,-0.214903940501,
    -0.211384675236,-0.207865409972,-0.204346144708,-0.200826879443,
    -0.197307614179,-0.193788348914,-0.19026908365,-0.186749818385,
    -0.183230553121,-0.179711287857,-0.176192022592,-0.172672757328,
    -0.169153492063,-0.165634226799,-0.162114961535,-0.15859569627,
    -0.155076431006,-0.151557165741,-0.148037900477,-0.144518635212,
    -0.140999369948),.QUASI_UNIFORM_KNOTS.);
#499 = CARTESIAN_POINT('',(5.448016915805,2.5));
#500 = CARTESIAN_POINT('',(5.459699814463,2.508416714879));
#501 = CARTESIAN_POINT('',(5.483128375091,2.525140897522));
#502 = CARTESIAN_POINT('',(5.518448743253,2.549846509203));
#503 = CARTESIAN_POINT('',(5.553935862983,2.574118545403));
#504 = CARTESIAN_POINT('',(5.589579003887,2.597904065839));
#505 = CARTESIAN_POINT('',(5.625368158365,2.621150230818));
#506 = CARTESIAN_POINT('',(5.661293347377,2.643803825377));
#507 = CARTESIAN_POINT('',(5.697348800425,2.665813035048));
#508 = CARTESIAN_POINT('',(5.733518996419,2.687120818644));
#509 = CARTESIAN_POINT('',(5.769832352966,2.70768964136));
#510 = CARTESIAN_POINT('',(5.806162408768,2.727409169591));
#511 = CARTESIAN_POINT('',(5.843919516439,2.746916523154));
#512 = CARTESIAN_POINT('',(5.882809164138,2.765945632116));
#513 = CARTESIAN_POINT('',(5.922750714683,2.784344440555));
#514 = CARTESIAN_POINT('',(5.963613357865,2.801930415785));
#515 = CARTESIAN_POINT('',(6.005289017311,2.818528918161));
#516 = CARTESIAN_POINT('',(6.047677649174,2.833964212633));
#517 = CARTESIAN_POINT('',(6.090687020007,2.848057052737));
#518 = CARTESIAN_POINT('',(6.13426259427,2.860643333069));
#519 = CARTESIAN_POINT('',(6.178294676514,2.871649254218));
#520 = CARTESIAN_POINT('',(6.222646858979,2.880983909103));
#521 = CARTESIAN_POINT('',(6.267190119921,2.888560972018));
#522 = CARTESIAN_POINT('',(6.29693059039,2.892382246544));
#523 = CARTESIAN_POINT('',(6.311791204226,2.893970824162));
#524 = ( GEOMETRIC_REPRESENTATION_CONTEXT(2) 
PARAMETRIC_REPRESENTATION_CONTEXT() REPRESENTATION_CONTEXT('2D SPACE',''
  ) );
#525 = ORIENTED_EDGE('',*,*,#526,.T.);
#526 = EDGE_CURVE('',#443,#527,#529,.T.);
#527 = VERTEX_POINT('',#528);
#528 = CARTESIAN_POINT('',(11.413866351215,23.937495496357,2.5));
#529 = SURFACE_CURVE('',#530,(#535,#542),.PCURVE_S1.);
#530 = CIRCLE('',#531,4.6);
#531 = AXIS2_PLACEMENT_3D('',#532,#533,#534);
#532 = CARTESIAN_POINT('',(12.,28.5,2.5));
#533 = DIRECTION('',(0.,0.,1.));
#534 = DIRECTION('',(-8.395331056209E-03,-0.999964758587,0.));
#535 = PCURVE('',#458,#536);
#536 = DEFINITIONAL_REPRESENTATION('',(#537),#541);
#537 = LINE('',#538,#539);
#538 = CARTESIAN_POINT('',(6.28318530718,0.2));
#539 = VECTOR('',#540,1.);
#540 = DIRECTION('',(-1.,9.302675918522E-16));
#541 = ( GEOMETRIC_REPRESENTATION_CONTEXT(2) 
PARAMETRIC_REPRESENTATION_CONTEXT() REPRESENTATION_CONTEXT('2D SPACE',''
  ) );
#542 = PCURVE('',#543,#548);
#543 = PLANE('',#544);
#544 = AXIS2_PLACEMENT_3D('',#545,#546,#547);
#545 = CARTESIAN_POINT('',(4.440892098501E-15,25.7595,2.5));
#546 = DIRECTION('',(0.,0.,-1.));
#547 = DIRECTION('',(1.,0.,0.));
#548 = DEFINITIONAL_REPRESENTATION('',(#549),#557);
#549 = ( BOUNDED_CURVE() B_SPLINE_CURVE(2,(#550,#551,#552,#553,#554,#555
,#556),.UNSPECIFIED.,.T.,.F.) B_SPLINE_CURVE_WITH_KNOTS((1,2,2,2,2,1),(
    -2.094395102393,0.,2.094395102393,4.188790204786,6.28318530718,
8.377580409573),.UNSPECIFIED.) CURVE() GEOMETRIC_REPRESENTATION_ITEM() 
RATIONAL_B_SPLINE_CURVE((1.,0.5,1.,0.5,1.,0.5,1.)) REPRESENTATION_ITEM(
  '') );
#550 = CARTESIAN_POINT('',(11.961381477141,1.859337889501));
#551 = CARTESIAN_POINT('',(19.928534408338,1.926227133206));
#552 = CARTESIAN_POINT('',(16.002885727028,-5.006974322899));
#553 = CARTESIAN_POINT('',(12.077237045717,-11.940175779));
#554 = CARTESIAN_POINT('',(8.035732795831,-5.073863566603));
#555 = CARTESIAN_POINT('',(3.994228545945,1.792448645797));
#556 = CARTESIAN_POINT('',(11.961381477141,1.859337889501));
#557 = ( GEOMETRIC_REPRESENTATION_CONTEXT(2) 
PARAMETRIC_REPRESENTATION_CONTEXT() REPRESENTATION_CONTEXT('2D SPACE',''
  ) );
#558 = ORIENTED_EDGE('',*,*,#559,.F.);
#559 = EDGE_CURVE('',#560,#527,#562,.T.);
#560 = VERTEX_POINT('',#561);
#561 = CARTESIAN_POINT('',(11.996843821791,24.289314870974,
    2.889313688093));
#562 = SURFACE_CURVE('',#563,(#572,#601),.PCURVE_S1.);
#563 = B_SPLINE_CURVE_WITH_KNOTS('',3,(#564,#565,#566,#567,#568,#569,
    #570,#571),.UNSPECIFIED.,.F.,.F.,(4,2,2,4),(-0.145514339063,
    -0.128964571965,-9.67492329849E-02,-6.813383988069E-02),
  .UNSPECIFIED.);
#564 = CARTESIAN_POINT('',(11.996843821792,24.289314870972,
    2.889313688093));
#565 = CARTESIAN_POINT('',(11.942018349229,24.278478788265,
    2.878436513239));
#566 = CARTESIAN_POINT('',(11.888361242855,24.263017538195,
    2.861841841835));
#567 = CARTESIAN_POINT('',(11.738800362582,24.206529158649,
    2.799692075869));
#568 = CARTESIAN_POINT('',(11.65097953351,24.154674977513,2.741162071556
    ));
#569 = CARTESIAN_POINT('',(11.518357701895,24.052445498509,
    2.626812195589));
#570 = CARTESIAN_POINT('',(11.46227826416,23.997366016323,2.565551166991
    ));
#571 = CARTESIAN_POINT('',(11.413866351215,23.937495496357,2.5));
#572 = PCURVE('',#458,#573);
#573 = DEFINITIONAL_REPRESENTATION('',(#574),#600);
#574 = B_SPLINE_CURVE_WITH_KNOTS('',3,(#575,#576,#577,#578,#579,#580,
    #581,#582,#583,#584,#585,#586,#587,#588,#589,#590,#591,#592,#593,
    #594,#595,#596,#597,#598,#599),.UNSPECIFIED.,.F.,.F.,(4,1,1,1,1,1,1,
    1,1,1,1,1,1,1,1,1,1,1,1,1,1,1,4),(-0.145514339063,-0.141997043646,
    -0.138479748229,-0.134962452811,-0.131445157394,-0.127927861976,
    -0.124410566559,-0.120893271142,-0.117375975724,-0.113858680307,
    -0.110341384889,-0.106824089472,-0.103306794055,-9.978949863726E-02,
    -9.627220321987E-02,-9.275490780247E-02,-8.923761238507E-02,
    -8.572031696767E-02,-8.220302155028E-02,-7.868572613288E-02,
    -7.516843071548E-02,-7.165113529808E-02,-6.813383988069E-02),
  .QUASI_UNIFORM_KNOTS.);
#575 = CARTESIAN_POINT('',(-7.645865766806E-03,-0.189313688093));
#576 = CARTESIAN_POINT('',(-4.878955028428E-03,-0.187002125854));
#577 = CARTESIAN_POINT('',(6.202940431087E-04,-0.181862982431));
#578 = CARTESIAN_POINT('',(8.735308511163E-03,-0.172675168856));
#579 = CARTESIAN_POINT('',(1.668584082127E-02,-0.162076975153));
#580 = CARTESIAN_POINT('',(2.444295178758E-02,-0.150137959933));
#581 = CARTESIAN_POINT('',(3.197788089702E-02,-0.13693452223));
#582 = CARTESIAN_POINT('',(3.926653886943E-02,-0.122516711243));
#583 = CARTESIAN_POINT('',(4.629604777135E-02,-0.10700561849));
#584 = CARTESIAN_POINT('',(5.305335828583E-02,-9.052121078398E-02));
#585 = CARTESIAN_POINT('',(5.952712074722E-02,-7.318394918101E-02));
#586 = CARTESIAN_POINT('',(6.570684673359E-02,-5.511516011685E-02));
#587 = CARTESIAN_POINT('',(7.158396632461E-02,-3.643331928018E-02));
#588 = CARTESIAN_POINT('',(7.71479600724E-02,-1.726796204397E-02));
#589 = CARTESIAN_POINT('',(8.240025507541E-02,2.292793191017E-03));
#590 = CARTESIAN_POINT('',(8.730195841048E-02,2.200676687785E-02));
#591 = CARTESIAN_POINT('',(9.197643210908E-02,4.223723803241E-02));
#592 = CARTESIAN_POINT('',(9.647386650433E-02,6.314671295506E-02));
#593 = CARTESIAN_POINT('',(0.100778260463,8.464633520637E-02));
#594 = CARTESIAN_POINT('',(0.104891745866,0.106714722503));
#595 = CARTESIAN_POINT('',(0.108811966212,0.129312553243));
#596 = CARTESIAN_POINT('',(0.112538119628,0.152405476861));
#597 = CARTESIAN_POINT('',(0.116069289053,0.175957972368));
#598 = CARTESIAN_POINT('',(0.118293069117,0.191942713208));
#599 = CARTESIAN_POINT('',(0.119372270909,0.2));
#600 = ( GEOMETRIC_REPRESENTATION_CONTEXT(2) 
PARAMETRIC_REPRESENTATION_CONTEXT() REPRESENTATION_CONTEXT('2D SPACE',''
  ) );
#601 = PCURVE('',#602,#607);
#602 = CYLINDRICAL_SURFACE('',#603,0.9987686);
#603 = AXIS2_PLACEMENT_3D('',#604,#605,#606);
#604 = CARTESIAN_POINT('',(12.190501,23.3095008,0.));
#605 = DIRECTION('',(0.,0.,1.));
#606 = DIRECTION('',(-0.986191627415,-0.165608194291,0.));
#607 = DEFINITIONAL_REPRESENTATION('',(#608),#634);
#608 = B_SPLINE_CURVE_WITH_KNOTS('',3,(#609,#610,#611,#612,#613,#614,
    #615,#616,#617,#618,#619,#620,#621,#622,#623,#624,#625,#626,#627,
    #628,#629,#630,#631,#632,#633),.UNSPECIFIED.,.F.,.F.,(4,1,1,1,1,1,1,
    1,1,1,1,1,1,1,1,1,1,1,1,1,1,1,4),(-0.145514339063,-0.141997043646,
    -0.138479748229,-0.134962452811,-0.131445157394,-0.127927861976,
    -0.124410566559,-0.120893271142,-0.117375975724,-0.113858680307,
    -0.110341384889,-0.106824089472,-0.103306794055,-9.978949863726E-02,
    -9.627220321987E-02,-9.275490780247E-02,-8.923761238507E-02,
    -8.572031696767E-02,-8.220302155028E-02,-7.868572613288E-02,
    -7.516843071548E-02,-7.165113529808E-02,-6.813383988069E-02),
  .QUASI_UNIFORM_KNOTS.);
#609 = CARTESIAN_POINT('',(4.741146199279,2.889313688093));
#610 = CARTESIAN_POINT('',(4.753037981947,2.887001979593));
#611 = CARTESIAN_POINT('',(4.776799910819,2.88186207305));
#612 = CARTESIAN_POINT('',(4.81231228236,2.872672921784));
#613 = CARTESIAN_POINT('',(4.847628915781,2.862075011269));
#614 = CARTESIAN_POINT('',(4.882683208664,2.850137631149));
#615 = CARTESIAN_POINT('',(4.917401638668,2.836934686269));
#616 = CARTESIAN_POINT('',(4.951738065142,2.822516125621));
#617 = CARTESIAN_POINT('',(4.985656746807,2.807004424721));
#618 = CARTESIAN_POINT('',(5.019109113037,2.790519722781));
#619 = CARTESIAN_POINT('',(5.052043117943,2.773182587453));
#620 = CARTESIAN_POINT('',(5.08440032244,2.755114208942));
#621 = CARTESIAN_POINT('',(5.116123101966,2.736432858795));
#622 = CARTESIAN_POINT('',(5.147133542404,2.717267860642));
#623 = CARTESIAN_POINT('',(5.177415249789,2.697707248431));
#624 = CARTESIAN_POINT('',(5.206711473667,2.677993162766));
#625 = CARTESIAN_POINT('',(5.235700630489,2.657763035769));
#626 = CARTESIAN_POINT('',(5.264685650365,2.636854135524));
#627 = CARTESIAN_POINT('',(5.29358161486,2.615354986568));
#628 = CARTESIAN_POINT('',(5.322406715604,2.593286789467));
#629 = CARTESIAN_POINT('',(5.351150844352,2.570688784223));
#630 = CARTESIAN_POINT('',(5.379810945917,2.547595377067));
#631 = CARTESIAN_POINT('',(5.408381698457,2.524042269879));
#632 = CARTESIAN_POINT('',(5.427365984733,2.508057300433));
#633 = CARTESIAN_POINT('',(5.436841561773,2.5));
#634 = ( GEOMETRIC_REPRESENTATION_CONTEXT(2) 
PARAMETRIC_REPRESENTATION_CONTEXT() REPRESENTATION_CONTEXT('2D SPACE',''
  ) );
#635 = ORIENTED_EDGE('',*,*,#636,.T.);
#636 = EDGE_CURVE('',#560,#637,#639,.T.);
#637 = VERTEX_POINT('',#638);
#638 = CARTESIAN_POINT('',(12.084877506767,24.300857729387,2.9));
#639 = SURFACE_CURVE('',#640,(#644,#650),.PCURVE_S1.);
#640 = ( BOUNDED_CURVE() B_SPLINE_CURVE(2,(#641,#642,#643),
.UNSPECIFIED.,.F.,.F.) B_SPLINE_CURVE_WITH_KNOTS((3,3),(0.297034217349,
0.307730052337),.PIECEWISE_BEZIER_KNOTS.) CURVE() 
GEOMETRIC_REPRESENTATION_ITEM() RATIONAL_B_SPLINE_CURVE((1.141834423064,
1.142626376832,1.143291458231)) REPRESENTATION_ITEM('') );
#641 = CARTESIAN_POINT('',(11.996843821791,24.289314870976,
    2.889313688097));
#642 = CARTESIAN_POINT('',(12.040916590477,24.29509363315,2.895125484001
    ));
#643 = CARTESIAN_POINT('',(12.084877506768,24.300857729387,2.9));
#644 = PCURVE('',#458,#645);
#645 = DEFINITIONAL_REPRESENTATION('',(#646),#649);
#646 = B_SPLINE_CURVE_WITH_KNOTS('',1,(#647,#648),.UNSPECIFIED.,.F.,.F.,
  (2,2),(0.297034217349,0.307730052337),.PIECEWISE_BEZIER_KNOTS.);
#647 = CARTESIAN_POINT('',(-7.645865766568E-03,-0.189313688097));
#648 = CARTESIAN_POINT('',(-2.860573567174E-02,-0.2));
#649 = ( GEOMETRIC_REPRESENTATION_CONTEXT(2) 
PARAMETRIC_REPRESENTATION_CONTEXT() REPRESENTATION_CONTEXT('2D SPACE',''
  ) );
#650 = PCURVE('',#651,#656);
#651 = PLANE('',#652);
#652 = AXIS2_PLACEMENT_3D('',#653,#654,#655);
#653 = CARTESIAN_POINT('',(12.011326260814,24.291213788909,0.));
#654 = DIRECTION('',(0.130005880667,-0.991513222802,0.));
#655 = DIRECTION('',(0.991513222802,0.130005880667,0.));
#656 = DEFINITIONAL_REPRESENTATION('',(#657),#661);
#657 = ( BOUNDED_CURVE() B_SPLINE_CURVE(2,(#658,#659,#660),
.UNSPECIFIED.,.F.,.F.) B_SPLINE_CURVE_WITH_KNOTS((3,3),(0.297034217349,
0.307730052337),.PIECEWISE_BEZIER_KNOTS.) CURVE() 
GEOMETRIC_REPRESENTATION_ITEM() RATIONAL_B_SPLINE_CURVE((1.141834423064,
1.142626376832,1.143291458231)) REPRESENTATION_ITEM('') );
#658 = CARTESIAN_POINT('',(-1.460640028841E-02,2.889313688097));
#659 = CARTESIAN_POINT('',(2.98436056952E-02,2.895125484001));
#660 = CARTESIAN_POINT('',(7.418080189128E-02,2.9));
#661 = ( GEOMETRIC_REPRESENTATION_CONTEXT(2) 
PARAMETRIC_REPRESENTATION_CONTEXT() REPRESENTATION_CONTEXT('2D SPACE',''
  ) );
#662 = ORIENTED_EDGE('',*,*,#663,.T.);
#663 = EDGE_CURVE('',#637,#664,#666,.T.);
#664 = VERTEX_POINT('',#665);
#665 = CARTESIAN_POINT('',(11.964739609564,24.300148013934,2.9));
#666 = SURFACE_CURVE('',#667,(#672,#679),.PCURVE_S1.);
#667 = CIRCLE('',#668,4.2);
#668 = AXIS2_PLACEMENT_3D('',#669,#670,#671);
#669 = CARTESIAN_POINT('',(12.,28.5,2.9));
#670 = DIRECTION('',(0.,0.,-1.));
#671 = DIRECTION('',(-8.395331056209E-03,-0.999964758587,-0.));
#672 = PCURVE('',#458,#673);
#673 = DEFINITIONAL_REPRESENTATION('',(#674),#678);
#674 = LINE('',#675,#676);
#675 = CARTESIAN_POINT('',(-6.28318530718,-0.2));
#676 = VECTOR('',#677,1.);
#677 = DIRECTION('',(1.,0.));
#678 = ( GEOMETRIC_REPRESENTATION_CONTEXT(2) 
PARAMETRIC_REPRESENTATION_CONTEXT() REPRESENTATION_CONTEXT('2D SPACE',''
  ) );
#679 = PCURVE('',#171,#680);
#680 = DEFINITIONAL_REPRESENTATION('',(#681),#685);
#681 = LINE('',#682,#683);
#682 = CARTESIAN_POINT('',(9.424777960769,2.9));
#683 = VECTOR('',#684,1.);
#684 = DIRECTION('',(-1.,0.));
#685 = ( GEOMETRIC_REPRESENTATION_CONTEXT(2) 
PARAMETRIC_REPRESENTATION_CONTEXT() REPRESENTATION_CONTEXT('2D SPACE',''
  ) );
#686 = ORIENTED_EDGE('',*,*,#687,.T.);
#687 = EDGE_CURVE('',#664,#688,#690,.T.);
#688 = VERTEX_POINT('',#689);
#689 = CARTESIAN_POINT('',(12.028374286428,32.699904153653,2.9));
#690 = SURFACE_CURVE('',#691,(#696,#703),.PCURVE_S1.);
#691 = CIRCLE('',#692,4.2);
#692 = AXIS2_PLACEMENT_3D('',#693,#694,#695);
#693 = CARTESIAN_POINT('',(12.,28.5,2.9));
#694 = DIRECTION('',(0.,0.,-1.));
#695 = DIRECTION('',(-8.395331056209E-03,-0.999964758587,-0.));
#696 = PCURVE('',#458,#697);
#697 = DEFINITIONAL_REPRESENTATION('',(#698),#702);
#698 = LINE('',#699,#700);
#699 = CARTESIAN_POINT('',(0.,-0.2));
#700 = VECTOR('',#701,1.);
#701 = DIRECTION('',(1.,0.));
#702 = ( GEOMETRIC_REPRESENTATION_CONTEXT(2) 
PARAMETRIC_REPRESENTATION_CONTEXT() REPRESENTATION_CONTEXT('2D SPACE',''
  ) );
#703 = PCURVE('',#171,#704);
#704 = DEFINITIONAL_REPRESENTATION('',(#705),#709);
#705 = LINE('',#706,#707);
#706 = CARTESIAN_POINT('',(9.424777960769,2.9));
#707 = VECTOR('',#708,1.);
#708 = DIRECTION('',(-1.,0.));
#709 = ( GEOMETRIC_REPRESENTATION_CONTEXT(2) 
PARAMETRIC_REPRESENTATION_CONTEXT() REPRESENTATION_CONTEXT('2D SPACE',''
  ) );
#710 = ORIENTED_EDGE('',*,*,#711,.T.);
#711 = EDGE_CURVE('',#688,#445,#712,.T.);
#712 = SURFACE_CURVE('',#713,(#717,#723),.PCURVE_S1.);
#713 = ( BOUNDED_CURVE() B_SPLINE_CURVE(2,(#714,#715,#716),
.UNSPECIFIED.,.F.,.F.) B_SPLINE_CURVE_WITH_KNOTS((3,3),(0.37919751037,
0.393529483665),.PIECEWISE_BEZIER_KNOTS.) CURVE() 
GEOMETRIC_REPRESENTATION_ITEM() RATIONAL_B_SPLINE_CURVE((1.142905699433,
1.142608974426,1.142085678499)) REPRESENTATION_ITEM('') );
#714 = CARTESIAN_POINT('',(12.028374286428,32.699904153653,2.9));
#715 = CARTESIAN_POINT('',(11.96926994458,32.702484169895,2.897819338712
    ));
#716 = CARTESIAN_POINT('',(11.910080757382,32.705067889797,
    2.893970824162));
#717 = PCURVE('',#458,#718);
#718 = DEFINITIONAL_REPRESENTATION('',(#719),#722);
#719 = B_SPLINE_CURVE_WITH_KNOTS('',1,(#720,#721),.UNSPECIFIED.,.F.,.F.,
  (2,2),(0.37919751037,0.393529483665),.PIECEWISE_BEZIER_KNOTS.);
#720 = CARTESIAN_POINT('',(3.139953057785,-0.2));
#721 = CARTESIAN_POINT('',(3.111816941032,-0.193970824162));
#722 = ( GEOMETRIC_REPRESENTATION_CONTEXT(2) 
PARAMETRIC_REPRESENTATION_CONTEXT() REPRESENTATION_CONTEXT('2D SPACE',''
  ) );
#723 = PCURVE('',#724,#729);
#724 = PLANE('',#725);
#725 = AXIS2_PLACEMENT_3D('',#726,#727,#728);
#726 = CARTESIAN_POINT('',(12.021174378657,32.700218443236,0.));
#727 = DIRECTION('',(4.361036050338E-02,0.999048615662,0.));
#728 = DIRECTION('',(-0.999048615662,4.361036050338E-02,0.));
#729 = DEFINITIONAL_REPRESENTATION('',(#730),#734);
#730 = ( BOUNDED_CURVE() B_SPLINE_CURVE(2,(#731,#732,#733),
.UNSPECIFIED.,.F.,.F.) B_SPLINE_CURVE_WITH_KNOTS((3,3),(0.37919751037,
0.393529483665),.PIECEWISE_BEZIER_KNOTS.) CURVE() 
GEOMETRIC_REPRESENTATION_ITEM() RATIONAL_B_SPLINE_CURVE((1.142905699433,
1.142608974426,1.142085678499)) REPRESENTATION_ITEM('') );
#731 = CARTESIAN_POINT('',(-7.206764173556E-03,2.9));
#732 = CARTESIAN_POINT('',(5.195386216795E-02,2.897819338712));
#733 = CARTESIAN_POINT('',(0.111199414657,2.893970824162));
#734 = ( GEOMETRIC_REPRESENTATION_CONTEXT(2) 
PARAMETRIC_REPRESENTATION_CONTEXT() REPRESENTATION_CONTEXT('2D SPACE',''
  ) );
#735 = ADVANCED_FACE('',(#736),#171,.T.);
#736 = FACE_BOUND('',#737,.T.);
#737 = EDGE_LOOP('',(#738,#759,#760,#781,#782,#805,#838,#859,#860,#861,
    #862,#883));
#738 = ORIENTED_EDGE('',*,*,#739,.T.);
#739 = EDGE_CURVE('',#112,#212,#740,.T.);
#740 = SURFACE_CURVE('',#741,(#745,#752),.PCURVE_S1.);
#741 = LINE('',#742,#743);
#742 = CARTESIAN_POINT('',(9.499999945077,31.874907365453,0.));
#743 = VECTOR('',#744,1.);
#744 = DIRECTION('',(0.,0.,1.));
#745 = PCURVE('',#171,#746);
#746 = DEFINITIONAL_REPRESENTATION('',(#747),#751);
#747 = LINE('',#748,#749);
#748 = CARTESIAN_POINT('',(6.929142673751,0.));
#749 = VECTOR('',#750,1.);
#750 = DIRECTION('',(0.,1.));
#751 = ( GEOMETRIC_REPRESENTATION_CONTEXT(2) 
PARAMETRIC_REPRESENTATION_CONTEXT() REPRESENTATION_CONTEXT('2D SPACE',''
  ) );
#752 = PCURVE('',#66,#753);
#753 = DEFINITIONAL_REPRESENTATION('',(#754),#758);
#754 = LINE('',#755,#756);
#755 = CARTESIAN_POINT('',(0.,10.5));
#756 = VECTOR('',#757,1.);
#757 = DIRECTION('',(0.,-1.));
#758 = ( GEOMETRIC_REPRESENTATION_CONTEXT(2) 
PARAMETRIC_REPRESENTATION_CONTEXT() REPRESENTATION_CONTEXT('2D SPACE',''
  ) );
#759 = ORIENTED_EDGE('',*,*,#361,.F.);
#760 = ORIENTED_EDGE('',*,*,#761,.T.);
#761 = EDGE_CURVE('',#338,#664,#762,.T.);
#762 = SEAM_CURVE('',#763,(#767,#774),.PCURVE_S1.);
#763 = LINE('',#764,#765);
#764 = CARTESIAN_POINT('',(11.964739609564,24.300148013934,0.));
#765 = VECTOR('',#766,1.);
#766 = DIRECTION('',(0.,0.,-1.));
#767 = PCURVE('',#171,#768);
#768 = DEFINITIONAL_REPRESENTATION('',(#769),#773);
#769 = LINE('',#770,#771);
#770 = CARTESIAN_POINT('',(3.14159265359,0.));
#771 = VECTOR('',#772,1.);
#772 = DIRECTION('',(0.,-1.));
#773 = ( GEOMETRIC_REPRESENTATION_CONTEXT(2) 
PARAMETRIC_REPRESENTATION_CONTEXT() REPRESENTATION_CONTEXT('2D SPACE',''
  ) );
#774 = PCURVE('',#171,#775);
#775 = DEFINITIONAL_REPRESENTATION('',(#776),#780);
#776 = LINE('',#777,#778);
#777 = CARTESIAN_POINT('',(9.424777960769,0.));
#778 = VECTOR('',#779,1.);
#779 = DIRECTION('',(0.,-1.));
#780 = ( GEOMETRIC_REPRESENTATION_CONTEXT(2) 
PARAMETRIC_REPRESENTATION_CONTEXT() REPRESENTATION_CONTEXT('2D SPACE',''
  ) );
#781 = ORIENTED_EDGE('',*,*,#663,.F.);
#782 = ORIENTED_EDGE('',*,*,#783,.F.);
#783 = EDGE_CURVE('',#784,#637,#786,.T.);
#784 = VERTEX_POINT('',#785);
#785 = CARTESIAN_POINT('',(12.084877506767,24.300857729387,0.));
#786 = SURFACE_CURVE('',#787,(#791,#798),.PCURVE_S1.);
#787 = LINE('',#788,#789);
#788 = CARTESIAN_POINT('',(12.084877506767,24.300857729387,0.));
#789 = VECTOR('',#790,1.);
#790 = DIRECTION('',(0.,0.,1.));
#791 = PCURVE('',#171,#792);
#792 = DEFINITIONAL_REPRESENTATION('',(#793),#797);
#793 = LINE('',#794,#795);
#794 = CARTESIAN_POINT('',(3.170198389261,0.));
#795 = VECTOR('',#796,1.);
#796 = DIRECTION('',(0.,1.));
#797 = ( GEOMETRIC_REPRESENTATION_CONTEXT(2) 
PARAMETRIC_REPRESENTATION_CONTEXT() REPRESENTATION_CONTEXT('2D SPACE',''
  ) );
#798 = PCURVE('',#651,#799);
#799 = DEFINITIONAL_REPRESENTATION('',(#800),#804);
#800 = LINE('',#801,#802);
#801 = CARTESIAN_POINT('',(7.418080189079E-02,0.));
#802 = VECTOR('',#803,1.);
#803 = DIRECTION('',(0.,1.));
#804 = ( GEOMETRIC_REPRESENTATION_CONTEXT(2) 
PARAMETRIC_REPRESENTATION_CONTEXT() REPRESENTATION_CONTEXT('2D SPACE',''
  ) );
#805 = ORIENTED_EDGE('',*,*,#806,.F.);
#806 = EDGE_CURVE('',#807,#784,#809,.T.);
#807 = VERTEX_POINT('',#808);
#808 = CARTESIAN_POINT('',(12.028374286428,32.699904153653,0.));
#809 = SURFACE_CURVE('',#810,(#815,#822),.PCURVE_S1.);
#810 = CIRCLE('',#811,4.2);
#811 = AXIS2_PLACEMENT_3D('',#812,#813,#814);
#812 = CARTESIAN_POINT('',(12.,28.5,0.));
#813 = DIRECTION('',(0.,0.,-1.));
#814 = DIRECTION('',(8.395331056209E-03,0.999964758587,0.));
#815 = PCURVE('',#171,#816);
#816 = DEFINITIONAL_REPRESENTATION('',(#817),#821);
#817 = LINE('',#818,#819);
#818 = CARTESIAN_POINT('',(12.566370614359,0.));
#819 = VECTOR('',#820,1.);
#820 = DIRECTION('',(-1.,0.));
#821 = ( GEOMETRIC_REPRESENTATION_CONTEXT(2) 
PARAMETRIC_REPRESENTATION_CONTEXT() REPRESENTATION_CONTEXT('2D SPACE',''
  ) );
#822 = PCURVE('',#823,#828);
#823 = PLANE('',#824);
#824 = AXIS2_PLACEMENT_3D('',#825,#826,#827);
#825 = CARTESIAN_POINT('',(-4.440892098501E-15,4.440892098501E-15,0.));
#826 = DIRECTION('',(0.,0.,1.));
#827 = DIRECTION('',(1.,0.,-0.));
#828 = DEFINITIONAL_REPRESENTATION('',(#829),#837);
#829 = ( BOUNDED_CURVE() B_SPLINE_CURVE(2,(#830,#831,#832,#833,#834,#835
,#836),.UNSPECIFIED.,.T.,.F.) B_SPLINE_CURVE_WITH_KNOTS((1,2,2,2,2,1),(
    -2.094395102393,0.,2.094395102393,4.188790204786,6.28318530718,
8.377580409573),.UNSPECIFIED.) CURVE() GEOMETRIC_REPRESENTATION_ITEM() 
RATIONAL_B_SPLINE_CURVE((1.,0.5,1.,0.5,1.,0.5,1.)) REPRESENTATION_ITEM(
  '') );
#830 = CARTESIAN_POINT('',(12.035260390436,32.699851986066));
#831 = CARTESIAN_POINT('',(19.309617414572,32.638779198336));
#832 = CARTESIAN_POINT('',(15.61954831685,26.369537613102));
#833 = CARTESIAN_POINT('',(11.929479219128,20.100296027867));
#834 = CARTESIAN_POINT('',(8.345191292714,26.430610400832));
#835 = CARTESIAN_POINT('',(4.7609033663,32.760924773796));
#836 = CARTESIAN_POINT('',(12.035260390436,32.699851986066));
#837 = ( GEOMETRIC_REPRESENTATION_CONTEXT(2) 
PARAMETRIC_REPRESENTATION_CONTEXT() REPRESENTATION_CONTEXT('2D SPACE',''
  ) );
#838 = ORIENTED_EDGE('',*,*,#839,.F.);
#839 = EDGE_CURVE('',#688,#807,#840,.T.);
#840 = SURFACE_CURVE('',#841,(#845,#852),.PCURVE_S1.);
#841 = LINE('',#842,#843);
#842 = CARTESIAN_POINT('',(12.028374286428,32.699904153653,0.));
#843 = VECTOR('',#844,1.);
#844 = DIRECTION('',(0.,0.,-1.));
#845 = PCURVE('',#171,#846);
#846 = DEFINITIONAL_REPRESENTATION('',(#847),#851);
#847 = LINE('',#848,#849);
#848 = CARTESIAN_POINT('',(6.284824902985,0.));
#849 = VECTOR('',#850,1.);
#850 = DIRECTION('',(0.,-1.));
#851 = ( GEOMETRIC_REPRESENTATION_CONTEXT(2) 
PARAMETRIC_REPRESENTATION_CONTEXT() REPRESENTATION_CONTEXT('2D SPACE',''
  ) );
#852 = PCURVE('',#724,#853);
#853 = DEFINITIONAL_REPRESENTATION('',(#854),#858);
#854 = LINE('',#855,#856);
#855 = CARTESIAN_POINT('',(-7.206764173457E-03,0.));
#856 = VECTOR('',#857,1.);
#857 = DIRECTION('',(0.,-1.));
#858 = ( GEOMETRIC_REPRESENTATION_CONTEXT(2) 
PARAMETRIC_REPRESENTATION_CONTEXT() REPRESENTATION_CONTEXT('2D SPACE',''
  ) );
#859 = ORIENTED_EDGE('',*,*,#687,.F.);
#860 = ORIENTED_EDGE('',*,*,#761,.F.);
#861 = ORIENTED_EDGE('',*,*,#337,.F.);
#862 = ORIENTED_EDGE('',*,*,#863,.T.);
#863 = EDGE_CURVE('',#293,#24,#864,.T.);
#864 = SURFACE_CURVE('',#865,(#869,#876),.PCURVE_S1.);
#865 = LINE('',#866,#867);
#866 = CARTESIAN_POINT('',(9.499999945077,25.125092634547,0.));
#867 = VECTOR('',#868,1.);
#868 = DIRECTION('',(0.,0.,-1.));
#869 = PCURVE('',#171,#870);
#870 = DEFINITIONAL_REPRESENTATION('',(#871),#875);
#871 = LINE('',#872,#873);
#872 = CARTESIAN_POINT('',(8.795611453555,0.));
#873 = VECTOR('',#874,1.);
#874 = DIRECTION('',(0.,-1.));
#875 = ( GEOMETRIC_REPRESENTATION_CONTEXT(2) 
PARAMETRIC_REPRESENTATION_CONTEXT() REPRESENTATION_CONTEXT('2D SPACE',''
  ) );
#876 = PCURVE('',#66,#877);
#877 = DEFINITIONAL_REPRESENTATION('',(#878),#882);
#878 = LINE('',#879,#880);
#879 = CARTESIAN_POINT('',(6.749814730905,10.5));
#880 = VECTOR('',#881,1.);
#881 = DIRECTION('',(0.,1.));
#882 = ( GEOMETRIC_REPRESENTATION_CONTEXT(2) 
PARAMETRIC_REPRESENTATION_CONTEXT() REPRESENTATION_CONTEXT('2D SPACE',''
  ) );
#883 = ORIENTED_EDGE('',*,*,#156,.F.);
#884 = ADVANCED_FACE('',(#885),#899,.T.);
#885 = FACE_BOUND('',#886,.T.);
#886 = EDGE_LOOP('',(#887,#944,#977,#1022));
#887 = ORIENTED_EDGE('',*,*,#888,.F.);
#888 = EDGE_CURVE('',#889,#891,#893,.T.);
#889 = VERTEX_POINT('',#890);
#890 = CARTESIAN_POINT('',(-9.500000054923,31.36181765223,5.5));
#891 = VERTEX_POINT('',#892);
#892 = CARTESIAN_POINT('',(-9.500000054923,31.874907446822,5.1));
#893 = SURFACE_CURVE('',#894,(#898,#932),.PCURVE_S1.);
#894 = ( BOUNDED_CURVE() B_SPLINE_CURVE(2,(#895,#896,#897),
.UNSPECIFIED.,.F.,.F.) B_SPLINE_CURVE_WITH_KNOTS((3,3),(0.,
6.506051971998E-02),.PIECEWISE_BEZIER_KNOTS.) CURVE() 
GEOMETRIC_REPRESENTATION_ITEM() RATIONAL_B_SPLINE_CURVE((1.,
1.002063094656,1.)) REPRESENTATION_ITEM('') );
#895 = CARTESIAN_POINT('',(-9.500000054923,31.36181765223,5.5));
#896 = CARTESIAN_POINT('',(-9.500000054923,31.605535304661,
    5.316453821082));
#897 = CARTESIAN_POINT('',(-9.500000054923,31.874907446822,5.1));
#898 = PCURVE('',#899,#904);
#899 = CONICAL_SURFACE('',#900,4.,0.785398163397);
#900 = AXIS2_PLACEMENT_3D('',#901,#902,#903);
#901 = CARTESIAN_POINT('',(-12.,28.5,5.3));
#902 = DIRECTION('',(0.,0.,-1.));
#903 = DIRECTION('',(2.51110001118E-02,0.99968466912,0.));
#904 = DEFINITIONAL_REPRESENTATION('',(#905),#931);
#905 = B_SPLINE_CURVE_WITH_KNOTS('',3,(#906,#907,#908,#909,#910,#911,
    #912,#913,#914,#915,#916,#917,#918,#919,#920,#921,#922,#923,#924,
    #925,#926,#927,#928,#929,#930),.UNSPECIFIED.,.F.,.F.,(4,1,1,1,1,1,1,
    1,1,1,1,1,1,1,1,1,1,1,1,1,1,1,4),(0.,2.957296350908E-03,
    5.914592701817E-03,8.871889052725E-03,1.182918540363E-02,
    1.478648175454E-02,1.774377810545E-02,2.070107445636E-02,
    2.365837080727E-02,2.661566715817E-02,2.957296350908E-02,
    3.253025985999E-02,3.54875562109E-02,3.844485256181E-02,
    4.140214891272E-02,4.435944526362E-02,4.731674161453E-02,
    5.027403796544E-02,5.323133431635E-02,5.618863066726E-02,
    5.914592701817E-02,6.210322336907E-02,6.506051971998E-02),
  .QUASI_UNIFORM_KNOTS.);
#906 = CARTESIAN_POINT('',(0.692906250338,-0.2));
#907 = CARTESIAN_POINT('',(0.691624979592,-0.194426518592));
#908 = CARTESIAN_POINT('',(0.689068316042,-0.183237366235));
#909 = CARTESIAN_POINT('',(0.685250862122,-0.1663262651));
#910 = CARTESIAN_POINT('',(0.681450857059,-0.149286992323));
#911 = CARTESIAN_POINT('',(0.677668208765,-0.132118731584));
#912 = CARTESIAN_POINT('',(0.673902825464,-0.114820655071));
#913 = CARTESIAN_POINT('',(0.670154615735,-9.739192176392E-02));
#914 = CARTESIAN_POINT('',(0.666423488503,-7.983167772172E-02));
#915 = CARTESIAN_POINT('',(0.662709353048,-6.213905582917E-02));
#916 = CARTESIAN_POINT('',(0.659012119004,-4.431317568528E-02));
#917 = CARTESIAN_POINT('',(0.655331696363,-2.635314344896E-02));
#918 = CARTESIAN_POINT('',(0.651667995481,-8.258051691808E-03));
#919 = CARTESIAN_POINT('',(0.648020927075,9.973020755302E-03));
#920 = CARTESIAN_POINT('',(0.644390402229,2.834100895834E-02));
#921 = CARTESIAN_POINT('',(0.640776332397,4.684686204021E-02));
#922 = CARTESIAN_POINT('',(0.637178629402,6.549154334348E-02));
#923 = CARTESIAN_POINT('',(0.633597205443,8.427603060027E-02));
#924 = CARTESIAN_POINT('',(0.630031973091,0.103201316093));
#925 = CARTESIAN_POINT('',(0.626482845296,0.122268406867));
#926 = CARTESIAN_POINT('',(0.622949735384,0.141478324766));
#927 = CARTESIAN_POINT('',(0.619432557074,0.160832107149));
#928 = CARTESIAN_POINT('',(0.615931224426,0.180330805089));
#929 = CARTESIAN_POINT('',(0.613607509494,0.193427262338));
#930 = CARTESIAN_POINT('',(0.612448264476,0.2));
#931 = ( GEOMETRIC_REPRESENTATION_CONTEXT(2) 
PARAMETRIC_REPRESENTATION_CONTEXT() REPRESENTATION_CONTEXT('2D SPACE',''
  ) );
#932 = PCURVE('',#933,#938);
#933 = PLANE('',#934);
#934 = AXIS2_PLACEMENT_3D('',#935,#936,#937);
#935 = CARTESIAN_POINT('',(-9.500000054923,25.125092634547,10.5));
#936 = DIRECTION('',(-1.,0.,0.));
#937 = DIRECTION('',(0.,1.,0.));
#938 = DEFINITIONAL_REPRESENTATION('',(#939),#943);
#939 = ( BOUNDED_CURVE() B_SPLINE_CURVE(2,(#940,#941,#942),
.UNSPECIFIED.,.F.,.F.) B_SPLINE_CURVE_WITH_KNOTS((3,3),(0.,
6.506051971998E-02),.PIECEWISE_BEZIER_KNOTS.) CURVE() 
GEOMETRIC_REPRESENTATION_ITEM() RATIONAL_B_SPLINE_CURVE((1.,
1.002063094656,1.)) REPRESENTATION_ITEM('') );
#940 = CARTESIAN_POINT('',(6.236725017682,5.));
#941 = CARTESIAN_POINT('',(6.480442670114,5.183546178918));
#942 = CARTESIAN_POINT('',(6.749814812275,5.4));
#943 = ( GEOMETRIC_REPRESENTATION_CONTEXT(2) 
PARAMETRIC_REPRESENTATION_CONTEXT() REPRESENTATION_CONTEXT('2D SPACE',''
  ) );
#944 = ORIENTED_EDGE('',*,*,#945,.T.);
#945 = EDGE_CURVE('',#889,#946,#948,.T.);
#946 = VERTEX_POINT('',#947);
#947 = CARTESIAN_POINT('',(-9.500000054923,25.63818234777,5.5));
#948 = SURFACE_CURVE('',#949,(#954,#961),.PCURVE_S1.);
#949 = CIRCLE('',#950,3.8);
#950 = AXIS2_PLACEMENT_3D('',#951,#952,#953);
#951 = CARTESIAN_POINT('',(-12.,28.5,5.5));
#952 = DIRECTION('',(0.,0.,-1.));
#953 = DIRECTION('',(2.51110001118E-02,0.99968466912,0.));
#954 = PCURVE('',#899,#955);
#955 = DEFINITIONAL_REPRESENTATION('',(#956),#960);
#956 = LINE('',#957,#958);
#957 = CARTESIAN_POINT('',(0.,-0.2));
#958 = VECTOR('',#959,1.);
#959 = DIRECTION('',(1.,-3.912451530734E-16));
#960 = ( GEOMETRIC_REPRESENTATION_CONTEXT(2) 
PARAMETRIC_REPRESENTATION_CONTEXT() REPRESENTATION_CONTEXT('2D SPACE',''
  ) );
#961 = PCURVE('',#962,#967);
#962 = PLANE('',#963);
#963 = AXIS2_PLACEMENT_3D('',#964,#965,#966);
#964 = CARTESIAN_POINT('',(-5.49228629243E-08,28.5,5.5));
#965 = DIRECTION('',(0.,0.,1.));
#966 = DIRECTION('',(1.,0.,-0.));
#967 = DEFINITIONAL_REPRESENTATION('',(#968),#976);
#968 = ( BOUNDED_CURVE() B_SPLINE_CURVE(2,(#969,#970,#971,#972,#973,#974
,#975),.UNSPECIFIED.,.T.,.F.) B_SPLINE_CURVE_WITH_KNOTS((1,2,2,2,2,1),(
    -2.094395102393,0.,2.094395102393,4.188790204786,6.28318530718,
8.377580409573),.UNSPECIFIED.) CURVE() GEOMETRIC_REPRESENTATION_ITEM() 
RATIONAL_B_SPLINE_CURVE((1.,0.5,1.,0.5,1.,0.5,1.)) REPRESENTATION_ITEM(
  '') );
#969 = CARTESIAN_POINT('',(-11.90457814465,3.798801742656));
#970 = CARTESIAN_POINT('',(-5.324860518492,3.63352633617));
#971 = CARTESIAN_POINT('',(-8.757852032209,-1.982038574571));
#972 = CARTESIAN_POINT('',(-12.19084354592,-7.597603485311));
#973 = CARTESIAN_POINT('',(-15.33756965837,-1.816763168085));
#974 = CARTESIAN_POINT('',(-18.48429577081,3.964077149141));
#975 = CARTESIAN_POINT('',(-11.90457814465,3.798801742656));
#976 = ( GEOMETRIC_REPRESENTATION_CONTEXT(2) 
PARAMETRIC_REPRESENTATION_CONTEXT() REPRESENTATION_CONTEXT('2D SPACE',''
  ) );
#977 = ORIENTED_EDGE('',*,*,#978,.F.);
#978 = EDGE_CURVE('',#979,#946,#981,.T.);
#979 = VERTEX_POINT('',#980);
#980 = CARTESIAN_POINT('',(-9.500000054923,25.125092553178,5.1));
#981 = SURFACE_CURVE('',#982,(#986,#1015),.PCURVE_S1.);
#982 = ( BOUNDED_CURVE() B_SPLINE_CURVE(2,(#983,#984,#985),
.UNSPECIFIED.,.F.,.F.) B_SPLINE_CURVE_WITH_KNOTS((3,3),(0.,
6.506051971998E-02),.PIECEWISE_BEZIER_KNOTS.) CURVE() 
GEOMETRIC_REPRESENTATION_ITEM() RATIONAL_B_SPLINE_CURVE((1.,
1.002063094656,1.)) REPRESENTATION_ITEM('') );
#983 = CARTESIAN_POINT('',(-9.500000054923,25.125092553178,5.1));
#984 = CARTESIAN_POINT('',(-9.500000054923,25.394464695339,
    5.316453821082));
#985 = CARTESIAN_POINT('',(-9.500000054923,25.63818234777,5.5));
#986 = PCURVE('',#899,#987);
#987 = DEFINITIONAL_REPRESENTATION('',(#988),#1014);
#988 = B_SPLINE_CURVE_WITH_KNOTS('',3,(#989,#990,#991,#992,#993,#994,
    #995,#996,#997,#998,#999,#1000,#1001,#1002,#1003,#1004,#1005,#1006,
    #1007,#1008,#1009,#1010,#1011,#1012,#1013),.UNSPECIFIED.,.F.,.F.,(4,
    1,1,1,1,1,1,1,1,1,1,1,1,1,1,1,1,1,1,1,1,1,4),(0.,2.957296350908E-03,
    5.914592701817E-03,8.871889052725E-03,1.182918540363E-02,
    1.478648175454E-02,1.774377810545E-02,2.070107445636E-02,
    2.365837080727E-02,2.661566715817E-02,2.957296350908E-02,
    3.253025985999E-02,3.54875562109E-02,3.844485256181E-02,
    4.140214891272E-02,4.435944526362E-02,4.731674161453E-02,
    5.027403796544E-02,5.323133431635E-02,5.618863066726E-02,
    5.914592701817E-02,6.210322336907E-02,6.506051971998E-02),
  .QUASI_UNIFORM_KNOTS.);
#989 = CARTESIAN_POINT('',(2.478917109375,0.2));
#990 = CARTESIAN_POINT('',(2.477757864357,0.193427262338));
#991 = CARTESIAN_POINT('',(2.475434149425,0.180330805089));
#992 = CARTESIAN_POINT('',(2.471932816777,0.160832107149));
#993 = CARTESIAN_POINT('',(2.468415638467,0.141478324766));
#994 = CARTESIAN_POINT('',(2.464882528555,0.122268406867));
#995 = CARTESIAN_POINT('',(2.461333400761,0.103201316093));
#996 = CARTESIAN_POINT('',(2.457768168408,8.427603060028E-02));
#997 = CARTESIAN_POINT('',(2.454186744449,6.549154334348E-02));
#998 = CARTESIAN_POINT('',(2.450589041454,4.684686204022E-02));
#999 = CARTESIAN_POINT('',(2.446974971622,2.834100895834E-02));
#1000 = CARTESIAN_POINT('',(2.443344446776,9.973020755315E-03));
#1001 = CARTESIAN_POINT('',(2.43969737837,-8.258051691808E-03));
#1002 = CARTESIAN_POINT('',(2.436033677488,-2.635314344894E-02));
#1003 = CARTESIAN_POINT('',(2.432353254847,-4.431317568528E-02));
#1004 = CARTESIAN_POINT('',(2.428656020803,-6.213905582915E-02));
#1005 = CARTESIAN_POINT('',(2.424941885348,-7.983167772171E-02));
#1006 = CARTESIAN_POINT('',(2.421210758116,-9.73919217639E-02));
#1007 = CARTESIAN_POINT('',(2.417462548387,-0.114820655071));
#1008 = CARTESIAN_POINT('',(2.413697165086,-0.132118731584));
#1009 = CARTESIAN_POINT('',(2.409914516792,-0.149286992323));
#1010 = CARTESIAN_POINT('',(2.406114511729,-0.1663262651));
#1011 = CARTESIAN_POINT('',(2.40229705781,-0.183237366235));
#1012 = CARTESIAN_POINT('',(2.399740394259,-0.194426518592));
#1013 = CARTESIAN_POINT('',(2.398459123514,-0.2));
#1014 = ( GEOMETRIC_REPRESENTATION_CONTEXT(2) 
PARAMETRIC_REPRESENTATION_CONTEXT() REPRESENTATION_CONTEXT('2D SPACE',''
  ) );
#1015 = PCURVE('',#933,#1016);
#1016 = DEFINITIONAL_REPRESENTATION('',(#1017),#1021);
#1017 = ( BOUNDED_CURVE() B_SPLINE_CURVE(2,(#1018,#1019,#1020),
.UNSPECIFIED.,.F.,.F.) B_SPLINE_CURVE_WITH_KNOTS((3,3),(0.,
6.506051971998E-02),.PIECEWISE_BEZIER_KNOTS.) CURVE() 
GEOMETRIC_REPRESENTATION_ITEM() RATIONAL_B_SPLINE_CURVE((1.,
1.002063094656,1.)) REPRESENTATION_ITEM('') );
#1018 = CARTESIAN_POINT('',(-8.136949958271E-08,5.4));
#1019 = CARTESIAN_POINT('',(0.269372060791,5.183546178918));
#1020 = CARTESIAN_POINT('',(0.513089713223,5.));
#1021 = ( GEOMETRIC_REPRESENTATION_CONTEXT(2) 
PARAMETRIC_REPRESENTATION_CONTEXT() REPRESENTATION_CONTEXT('2D SPACE',''
  ) );
#1022 = ORIENTED_EDGE('',*,*,#1023,.T.);
#1023 = EDGE_CURVE('',#979,#891,#1024,.T.);
#1024 = SURFACE_CURVE('',#1025,(#1030,#1037),.PCURVE_S1.);
#1025 = CIRCLE('',#1026,4.2);
#1026 = AXIS2_PLACEMENT_3D('',#1027,#1028,#1029);
#1027 = CARTESIAN_POINT('',(-12.,28.5,5.1));
#1028 = DIRECTION('',(0.,0.,1.));
#1029 = DIRECTION('',(2.51110001118E-02,0.99968466912,-0.));
#1030 = PCURVE('',#899,#1031);
#1031 = DEFINITIONAL_REPRESENTATION('',(#1032),#1036);
#1032 = LINE('',#1033,#1034);
#1033 = CARTESIAN_POINT('',(6.28318530718,0.2));
#1034 = VECTOR('',#1035,1.);
#1035 = DIRECTION('',(-1.,2.313327797129E-16));
#1036 = ( GEOMETRIC_REPRESENTATION_CONTEXT(2) 
PARAMETRIC_REPRESENTATION_CONTEXT() REPRESENTATION_CONTEXT('2D SPACE',''
  ) );
#1037 = PCURVE('',#1038,#1043);
#1038 = CYLINDRICAL_SURFACE('',#1039,4.2);
#1039 = AXIS2_PLACEMENT_3D('',#1040,#1041,#1042);
#1040 = CARTESIAN_POINT('',(-12.,28.5,0.));
#1041 = DIRECTION('',(0.,0.,1.));
#1042 = DIRECTION('',(-2.51110001118E-02,-0.99968466912,0.));
#1043 = DEFINITIONAL_REPRESENTATION('',(#1044),#1048);
#1044 = LINE('',#1045,#1046);
#1045 = CARTESIAN_POINT('',(3.14159265359,5.1));
#1046 = VECTOR('',#1047,1.);
#1047 = DIRECTION('',(1.,0.));
#1048 = ( GEOMETRIC_REPRESENTATION_CONTEXT(2) 
PARAMETRIC_REPRESENTATION_CONTEXT() REPRESENTATION_CONTEXT('2D SPACE',''
  ) );
#1049 = ADVANCED_FACE('',(#1050),#962,.T.);
#1050 = FACE_BOUND('',#1051,.T.);
#1051 = EDGE_LOOP('',(#1052,#1053));
#1052 = ORIENTED_EDGE('',*,*,#945,.F.);
#1053 = ORIENTED_EDGE('',*,*,#1054,.F.);
#1054 = EDGE_CURVE('',#946,#889,#1055,.T.);
#1055 = SURFACE_CURVE('',#1056,(#1060,#1067),.PCURVE_S1.);
#1056 = LINE('',#1057,#1058);
#1057 = CARTESIAN_POINT('',(-9.500000054923,30.187453682726,5.5));
#1058 = VECTOR('',#1059,1.);
#1059 = DIRECTION('',(0.,1.,0.));
#1060 = PCURVE('',#962,#1061);
#1061 = DEFINITIONAL_REPRESENTATION('',(#1062),#1066);
#1062 = LINE('',#1063,#1064);
#1063 = CARTESIAN_POINT('',(-9.5,1.687453682726));
#1064 = VECTOR('',#1065,1.);
#1065 = DIRECTION('',(0.,1.));
#1066 = ( GEOMETRIC_REPRESENTATION_CONTEXT(2) 
PARAMETRIC_REPRESENTATION_CONTEXT() REPRESENTATION_CONTEXT('2D SPACE',''
  ) );
#1067 = PCURVE('',#933,#1068);
#1068 = DEFINITIONAL_REPRESENTATION('',(#1069),#1073);
#1069 = LINE('',#1070,#1071);
#1070 = CARTESIAN_POINT('',(5.062361048179,5.));
#1071 = VECTOR('',#1072,1.);
#1072 = DIRECTION('',(1.,0.));
#1073 = ( GEOMETRIC_REPRESENTATION_CONTEXT(2) 
PARAMETRIC_REPRESENTATION_CONTEXT() REPRESENTATION_CONTEXT('2D SPACE',''
  ) );
#1074 = ADVANCED_FACE('',(#1075),#1089,.T.);
#1075 = FACE_BOUND('',#1076,.T.);
#1076 = EDGE_LOOP('',(#1077,#1129,#1158,#1203,#1227));
#1077 = ORIENTED_EDGE('',*,*,#1078,.T.);
#1078 = EDGE_CURVE('',#1079,#1081,#1083,.T.);
#1079 = VERTEX_POINT('',#1080);
#1080 = CARTESIAN_POINT('',(-9.500000054923,25.125092553178,10.1));
#1081 = VERTEX_POINT('',#1082);
#1082 = CARTESIAN_POINT('',(-9.500000054923,25.63818234777,10.5));
#1083 = SURFACE_CURVE('',#1084,(#1088,#1122),.PCURVE_S1.);
#1084 = ( BOUNDED_CURVE() B_SPLINE_CURVE(2,(#1085,#1086,#1087),
.UNSPECIFIED.,.F.,.F.) B_SPLINE_CURVE_WITH_KNOTS((3,3),(0.650315762638,
0.749168242117),.PIECEWISE_BEZIER_KNOTS.) CURVE() 
GEOMETRIC_REPRESENTATION_ITEM() RATIONAL_B_SPLINE_CURVE((1.026371400408,
1.015190017543,1.)) REPRESENTATION_ITEM('') );
#1085 = CARTESIAN_POINT('',(-9.500000054923,25.125092553178,10.1));
#1086 = CARTESIAN_POINT('',(-9.500000054923,25.394464695339,
    10.316453821082));
#1087 = CARTESIAN_POINT('',(-9.500000054923,25.63818234777,10.5));
#1088 = PCURVE('',#1089,#1094);
#1089 = CONICAL_SURFACE('',#1090,4.,0.785398163397);
#1090 = AXIS2_PLACEMENT_3D('',#1091,#1092,#1093);
#1091 = CARTESIAN_POINT('',(-12.,28.5,10.3));
#1092 = DIRECTION('',(0.,0.,-1.));
#1093 = DIRECTION('',(-1.,-3.382710778155E-16,-0.));
#1094 = DEFINITIONAL_REPRESENTATION('',(#1095),#1121);
#1095 = B_SPLINE_CURVE_WITH_KNOTS('',3,(#1096,#1097,#1098,#1099,#1100,
    #1101,#1102,#1103,#1104,#1105,#1106,#1107,#1108,#1109,#1110,#1111,
    #1112,#1113,#1114,#1115,#1116,#1117,#1118,#1119,#1120),
  .UNSPECIFIED.,.F.,.F.,(4,1,1,1,1,1,1,1,1,1,1,1,1,1,1,1,1,1,1,1,1,1,4),
  (0.650315762638,0.65480905716,0.659302351682,0.663795646204,
    0.668288940725,0.672782235247,0.677275529769,0.681768824291,
    0.686262118812,0.690755413334,0.695248707856,0.699742002378,
    0.7042352969,0.708728591421,0.713221885943,0.717715180465,
    0.722208474987,0.726701769508,0.73119506403,0.735688358552,
    0.740181653074,0.744674947595,0.749168242117),
  .QUASI_UNIFORM_KNOTS.);
#1096 = CARTESIAN_POINT('',(-2.20835823114,0.2));
#1097 = CARTESIAN_POINT('',(-2.209502486596,0.193512250666));
#1098 = CARTESIAN_POINT('',(-2.211797432981,0.180576886137));
#1099 = CARTESIAN_POINT('',(-2.215259303494,0.161293672034));
#1100 = CARTESIAN_POINT('',(-2.218740769002,0.142129717256));
#1101 = CARTESIAN_POINT('',(-2.222241975158,0.123084461157));
#1102 = CARTESIAN_POINT('',(-2.225763068674,0.10415735137));
#1103 = CARTESIAN_POINT('',(-2.229304197468,8.534784494313E-02));
#1104 = CARTESIAN_POINT('',(-2.232865510639,6.665540798769E-02));
#1105 = CARTESIAN_POINT('',(-2.236447158479,4.807951572343E-02));
#1106 = CARTESIAN_POINT('',(-2.240049292477,2.96196524212E-02));
#1107 = CARTESIAN_POINT('',(-2.243672065332,1.12753113757E-02));
#1108 = CARTESIAN_POINT('',(-2.247315630953,-6.954005127403E-03));
#1109 = CARTESIAN_POINT('',(-2.250980144472,-2.506878584034E-02));
#1110 = CARTESIAN_POINT('',(-2.254665762244,-4.306951058068E-02));
#1111 = CARTESIAN_POINT('',(-2.258372641858,-6.095665025648E-02));
#1112 = CARTESIAN_POINT('',(-2.262100942143,-7.873066688998E-02));
#1113 = CARTESIAN_POINT('',(-2.265850823173,-9.639201363735E-02));
#1114 = CARTESIAN_POINT('',(-2.269622446272,-0.113941134814));
#1115 = CARTESIAN_POINT('',(-2.273415974026,-0.131378465889));
#1116 = CARTESIAN_POINT('',(-2.277231570273,-0.148704433581));
#1117 = CARTESIAN_POINT('',(-2.281069400156,-0.165919455577));
#1118 = CARTESIAN_POINT('',(-2.284929629965,-0.183023941646));
#1119 = CARTESIAN_POINT('',(-2.28751816182,-0.194353506887));
#1120 = CARTESIAN_POINT('',(-2.288816217002,-0.2));
#1121 = ( GEOMETRIC_REPRESENTATION_CONTEXT(2) 
PARAMETRIC_REPRESENTATION_CONTEXT() REPRESENTATION_CONTEXT('2D SPACE',''
  ) );
#1122 = PCURVE('',#933,#1123);
#1123 = DEFINITIONAL_REPRESENTATION('',(#1124),#1128);
#1124 = ( BOUNDED_CURVE() B_SPLINE_CURVE(2,(#1125,#1126,#1127),
.UNSPECIFIED.,.F.,.F.) B_SPLINE_CURVE_WITH_KNOTS((3,3),(0.650315762638,
0.749168242117),.PIECEWISE_BEZIER_KNOTS.) CURVE() 
GEOMETRIC_REPRESENTATION_ITEM() RATIONAL_B_SPLINE_CURVE((1.026371400408,
1.015190017543,1.)) REPRESENTATION_ITEM('') );
#1125 = CARTESIAN_POINT('',(-8.136949958271E-08,0.4));
#1126 = CARTESIAN_POINT('',(0.269372060791,0.183546178918));
#1127 = CARTESIAN_POINT('',(0.513089713223,0.));
#1128 = ( GEOMETRIC_REPRESENTATION_CONTEXT(2) 
PARAMETRIC_REPRESENTATION_CONTEXT() REPRESENTATION_CONTEXT('2D SPACE',''
  ) );
#1129 = ORIENTED_EDGE('',*,*,#1130,.T.);
#1130 = EDGE_CURVE('',#1081,#1131,#1133,.T.);
#1131 = VERTEX_POINT('',#1132);
#1132 = CARTESIAN_POINT('',(-9.500000054923,31.36181765223,10.5));
#1133 = SURFACE_CURVE('',#1134,(#1139,#1146),.PCURVE_S1.);
#1134 = CIRCLE('',#1135,3.8);
#1135 = AXIS2_PLACEMENT_3D('',#1136,#1137,#1138);
#1136 = CARTESIAN_POINT('',(-12.,28.5,10.5));
#1137 = DIRECTION('',(0.,0.,-1.));
#1138 = DIRECTION('',(-2.51110001118E-02,-0.99968466912,-0.));
#1139 = PCURVE('',#1089,#1140);
#1140 = DEFINITIONAL_REPRESENTATION('',(#1141),#1145);
#1141 = LINE('',#1142,#1143);
#1142 = CARTESIAN_POINT('',(-7.828867994105,-0.2));
#1143 = VECTOR('',#1144,1.);
#1144 = DIRECTION('',(1.,9.43228693791E-17));
#1145 = ( GEOMETRIC_REPRESENTATION_CONTEXT(2) 
PARAMETRIC_REPRESENTATION_CONTEXT() REPRESENTATION_CONTEXT('2D SPACE',''
  ) );
#1146 = PCURVE('',#1147,#1152);
#1147 = PLANE('',#1148);
#1148 = AXIS2_PLACEMENT_3D('',#1149,#1150,#1151);
#1149 = CARTESIAN_POINT('',(-12.,28.5,10.5));
#1150 = DIRECTION('',(0.,0.,-1.));
#1151 = DIRECTION('',(1.,0.,0.));
#1152 = DEFINITIONAL_REPRESENTATION('',(#1153),#1157);
#1153 = CIRCLE('',#1154,3.8);
#1154 = AXIS2_PLACEMENT_2D('',#1155,#1156);
#1155 = CARTESIAN_POINT('',(0.,0.));
#1156 = DIRECTION('',(-2.51110001118E-02,0.99968466912));
#1157 = ( GEOMETRIC_REPRESENTATION_CONTEXT(2) 
PARAMETRIC_REPRESENTATION_CONTEXT() REPRESENTATION_CONTEXT('2D SPACE',''
  ) );
#1158 = ORIENTED_EDGE('',*,*,#1159,.T.);
#1159 = EDGE_CURVE('',#1131,#1160,#1162,.T.);
#1160 = VERTEX_POINT('',#1161);
#1161 = CARTESIAN_POINT('',(-9.500000054923,31.874907446822,10.1));
#1162 = SURFACE_CURVE('',#1163,(#1167,#1196),.PCURVE_S1.);
#1163 = ( BOUNDED_CURVE() B_SPLINE_CURVE(2,(#1164,#1165,#1166),
.UNSPECIFIED.,.F.,.F.) B_SPLINE_CURVE_WITH_KNOTS((3,3),(0.,
9.885247947902E-02),.PIECEWISE_BEZIER_KNOTS.) CURVE() 
GEOMETRIC_REPRESENTATION_ITEM() RATIONAL_B_SPLINE_CURVE((1.,
1.015190017543,1.026371400408)) REPRESENTATION_ITEM('') );
#1164 = CARTESIAN_POINT('',(-9.500000054923,31.36181765223,10.5));
#1165 = CARTESIAN_POINT('',(-9.500000054923,31.605535304661,
    10.316453821082));
#1166 = CARTESIAN_POINT('',(-9.500000054923,31.874907446822,10.1));
#1167 = PCURVE('',#1089,#1168);
#1168 = DEFINITIONAL_REPRESENTATION('',(#1169),#1195);
#1169 = B_SPLINE_CURVE_WITH_KNOTS('',3,(#1170,#1171,#1172,#1173,#1174,
    #1175,#1176,#1177,#1178,#1179,#1180,#1181,#1182,#1183,#1184,#1185,
    #1186,#1187,#1188,#1189,#1190,#1191,#1192,#1193,#1194),
  .UNSPECIFIED.,.F.,.F.,(4,1,1,1,1,1,1,1,1,1,1,1,1,1,1,1,1,1,1,1,1,1,4),
  (0.,4.493294521774E-03,8.986589043547E-03,1.347988356532E-02,
    1.797317808709E-02,2.246647260887E-02,2.695976713064E-02,
    3.145306165242E-02,3.594635617419E-02,4.043965069596E-02,
    4.493294521774E-02,4.942623973951E-02,5.391953426128E-02,
    5.841282878306E-02,6.290612330483E-02,6.739941782661E-02,
    7.189271234838E-02,7.638600687015E-02,8.087930139193E-02,
    8.53725959137E-02,8.986589043547E-02,9.435918495725E-02,
    9.885247947902E-02),.QUASI_UNIFORM_KNOTS.);
#1170 = CARTESIAN_POINT('',(2.288816217002,-0.2));
#1171 = CARTESIAN_POINT('',(2.28751816182,-0.194353506887));
#1172 = CARTESIAN_POINT('',(2.284929629965,-0.183023941646));
#1173 = CARTESIAN_POINT('',(2.281069400156,-0.165919455577));
#1174 = CARTESIAN_POINT('',(2.277231570273,-0.148704433582));
#1175 = CARTESIAN_POINT('',(2.273415974026,-0.131378465889));
#1176 = CARTESIAN_POINT('',(2.269622446272,-0.113941134814));
#1177 = CARTESIAN_POINT('',(2.265850823173,-9.639201363737E-02));
#1178 = CARTESIAN_POINT('',(2.262100942143,-7.873066689E-02));
#1179 = CARTESIAN_POINT('',(2.258372641858,-6.095665025649E-02));
#1180 = CARTESIAN_POINT('',(2.254665762244,-4.306951058069E-02));
#1181 = CARTESIAN_POINT('',(2.250980144472,-2.506878584035E-02));
#1182 = CARTESIAN_POINT('',(2.247315630953,-6.954005127412E-03));
#1183 = CARTESIAN_POINT('',(2.243672065332,1.127531137569E-02));
#1184 = CARTESIAN_POINT('',(2.240049292477,2.961965242119E-02));
#1185 = CARTESIAN_POINT('',(2.236447158479,4.807951572343E-02));
#1186 = CARTESIAN_POINT('',(2.232865510639,6.665540798768E-02));
#1187 = CARTESIAN_POINT('',(2.229304197468,8.534784494313E-02));
#1188 = CARTESIAN_POINT('',(2.225763068674,0.10415735137));
#1189 = CARTESIAN_POINT('',(2.222241975158,0.123084461157));
#1190 = CARTESIAN_POINT('',(2.218740769002,0.142129717256));
#1191 = CARTESIAN_POINT('',(2.215259303494,0.161293672034));
#1192 = CARTESIAN_POINT('',(2.211797432981,0.180576886137));
#1193 = CARTESIAN_POINT('',(2.209502486596,0.193512250666));
#1194 = CARTESIAN_POINT('',(2.20835823114,0.2));
#1195 = ( GEOMETRIC_REPRESENTATION_CONTEXT(2) 
PARAMETRIC_REPRESENTATION_CONTEXT() REPRESENTATION_CONTEXT('2D SPACE',''
  ) );
#1196 = PCURVE('',#933,#1197);
#1197 = DEFINITIONAL_REPRESENTATION('',(#1198),#1202);
#1198 = ( BOUNDED_CURVE() B_SPLINE_CURVE(2,(#1199,#1200,#1201),
.UNSPECIFIED.,.F.,.F.) B_SPLINE_CURVE_WITH_KNOTS((3,3),(0.,
9.885247947902E-02),.PIECEWISE_BEZIER_KNOTS.) CURVE() 
GEOMETRIC_REPRESENTATION_ITEM() RATIONAL_B_SPLINE_CURVE((1.,
1.015190017543,1.026371400408)) REPRESENTATION_ITEM('') );
#1199 = CARTESIAN_POINT('',(6.236725017682,0.));
#1200 = CARTESIAN_POINT('',(6.480442670114,0.183546178918));
#1201 = CARTESIAN_POINT('',(6.749814812275,0.4));
#1202 = ( GEOMETRIC_REPRESENTATION_CONTEXT(2) 
PARAMETRIC_REPRESENTATION_CONTEXT() REPRESENTATION_CONTEXT('2D SPACE',''
  ) );
#1203 = ORIENTED_EDGE('',*,*,#1204,.T.);
#1204 = EDGE_CURVE('',#1160,#1205,#1207,.T.);
#1205 = VERTEX_POINT('',#1206);
#1206 = CARTESIAN_POINT('',(-11.89453379953,32.698675610304,10.1));
#1207 = SURFACE_CURVE('',#1208,(#1213,#1220),.PCURVE_S1.);
#1208 = CIRCLE('',#1209,4.2);
#1209 = AXIS2_PLACEMENT_3D('',#1210,#1211,#1212);
#1210 = CARTESIAN_POINT('',(-12.,28.5,10.1));
#1211 = DIRECTION('',(0.,0.,1.));
#1212 = DIRECTION('',(-2.51110001118E-02,-0.99968466912,0.));
#1213 = PCURVE('',#1089,#1214);
#1214 = DEFINITIONAL_REPRESENTATION('',(#1215),#1219);
#1215 = LINE('',#1216,#1217);
#1216 = CARTESIAN_POINT('',(4.737502620254,0.2));
#1217 = VECTOR('',#1218,1.);
#1218 = DIRECTION('',(-1.,1.474088859596E-15));
#1219 = ( GEOMETRIC_REPRESENTATION_CONTEXT(2) 
PARAMETRIC_REPRESENTATION_CONTEXT() REPRESENTATION_CONTEXT('2D SPACE',''
  ) );
#1220 = PCURVE('',#1038,#1221);
#1221 = DEFINITIONAL_REPRESENTATION('',(#1222),#1226);
#1222 = LINE('',#1223,#1224);
#1223 = CARTESIAN_POINT('',(6.28318530718,10.1));
#1224 = VECTOR('',#1225,1.);
#1225 = DIRECTION('',(1.,0.));
#1226 = ( GEOMETRIC_REPRESENTATION_CONTEXT(2) 
PARAMETRIC_REPRESENTATION_CONTEXT() REPRESENTATION_CONTEXT('2D SPACE',''
  ) );
#1227 = ORIENTED_EDGE('',*,*,#1228,.T.);
#1228 = EDGE_CURVE('',#1205,#1079,#1229,.T.);
#1229 = SURFACE_CURVE('',#1230,(#1235,#1242),.PCURVE_S1.);
#1230 = CIRCLE('',#1231,4.2);
#1231 = AXIS2_PLACEMENT_3D('',#1232,#1233,#1234);
#1232 = CARTESIAN_POINT('',(-12.,28.5,10.1));
#1233 = DIRECTION('',(0.,0.,1.));
#1234 = DIRECTION('',(-2.51110001118E-02,-0.99968466912,0.));
#1235 = PCURVE('',#1089,#1236);
#1236 = DEFINITIONAL_REPRESENTATION('',(#1237),#1241);
#1237 = LINE('',#1238,#1239);
#1238 = CARTESIAN_POINT('',(4.737502620254,0.2));
#1239 = VECTOR('',#1240,1.);
#1240 = DIRECTION('',(-1.,-3.508108578284E-16));
#1241 = ( GEOMETRIC_REPRESENTATION_CONTEXT(2) 
PARAMETRIC_REPRESENTATION_CONTEXT() REPRESENTATION_CONTEXT('2D SPACE',''
  ) );
#1242 = PCURVE('',#1038,#1243);
#1243 = DEFINITIONAL_REPRESENTATION('',(#1244),#1248);
#1244 = LINE('',#1245,#1246);
#1245 = CARTESIAN_POINT('',(0.,10.1));
#1246 = VECTOR('',#1247,1.);
#1247 = DIRECTION('',(1.,0.));
#1248 = ( GEOMETRIC_REPRESENTATION_CONTEXT(2) 
PARAMETRIC_REPRESENTATION_CONTEXT() REPRESENTATION_CONTEXT('2D SPACE',''
  ) );
#1249 = ADVANCED_FACE('',(#1250,#1274),#1147,.F.);
#1250 = FACE_BOUND('',#1251,.T.);
#1251 = EDGE_LOOP('',(#1252,#1253));
#1252 = ORIENTED_EDGE('',*,*,#1130,.F.);
#1253 = ORIENTED_EDGE('',*,*,#1254,.T.);
#1254 = EDGE_CURVE('',#1081,#1131,#1255,.T.);
#1255 = SURFACE_CURVE('',#1256,(#1260,#1267),.PCURVE_S1.);
#1256 = LINE('',#1257,#1258);
#1257 = CARTESIAN_POINT('',(-9.500000054923,26.812546317274,10.5));
#1258 = VECTOR('',#1259,1.);
#1259 = DIRECTION('',(0.,1.,0.));
#1260 = PCURVE('',#1147,#1261);
#1261 = DEFINITIONAL_REPRESENTATION('',(#1262),#1266);
#1262 = LINE('',#1263,#1264);
#1263 = CARTESIAN_POINT('',(2.499999945077,1.687453682726));
#1264 = VECTOR('',#1265,1.);
#1265 = DIRECTION('',(0.,-1.));
#1266 = ( GEOMETRIC_REPRESENTATION_CONTEXT(2) 
PARAMETRIC_REPRESENTATION_CONTEXT() REPRESENTATION_CONTEXT('2D SPACE',''
  ) );
#1267 = PCURVE('',#933,#1268);
#1268 = DEFINITIONAL_REPRESENTATION('',(#1269),#1273);
#1269 = LINE('',#1270,#1271);
#1270 = CARTESIAN_POINT('',(1.687453682726,0.));
#1271 = VECTOR('',#1272,1.);
#1272 = DIRECTION('',(1.,0.));
#1273 = ( GEOMETRIC_REPRESENTATION_CONTEXT(2) 
PARAMETRIC_REPRESENTATION_CONTEXT() REPRESENTATION_CONTEXT('2D SPACE',''
  ) );
#1274 = FACE_BOUND('',#1275,.T.);
#1275 = EDGE_LOOP('',(#1276));
#1276 = ORIENTED_EDGE('',*,*,#1277,.T.);
#1277 = EDGE_CURVE('',#1278,#1278,#1280,.T.);
#1278 = VERTEX_POINT('',#1279);
#1279 = CARTESIAN_POINT('',(-10.3,28.5,10.5));
#1280 = SURFACE_CURVE('',#1281,(#1286,#1293),.PCURVE_S1.);
#1281 = CIRCLE('',#1282,1.7);
#1282 = AXIS2_PLACEMENT_3D('',#1283,#1284,#1285);
#1283 = CARTESIAN_POINT('',(-12.,28.5,10.5));
#1284 = DIRECTION('',(0.,0.,-1.));
#1285 = DIRECTION('',(-1.,0.,0.));
#1286 = PCURVE('',#1147,#1287);
#1287 = DEFINITIONAL_REPRESENTATION('',(#1288),#1292);
#1288 = CIRCLE('',#1289,1.7);
#1289 = AXIS2_PLACEMENT_2D('',#1290,#1291);
#1290 = CARTESIAN_POINT('',(0.,0.));
#1291 = DIRECTION('',(-1.,0.));
#1292 = ( GEOMETRIC_REPRESENTATION_CONTEXT(2) 
PARAMETRIC_REPRESENTATION_CONTEXT() REPRESENTATION_CONTEXT('2D SPACE',''
  ) );
#1293 = PCURVE('',#1294,#1299);
#1294 = CYLINDRICAL_SURFACE('',#1295,1.7);
#1295 = AXIS2_PLACEMENT_3D('',#1296,#1297,#1298);
#1296 = CARTESIAN_POINT('',(-12.,28.5,5.775));
#1297 = DIRECTION('',(0.,0.,1.));
#1298 = DIRECTION('',(-1.,0.,0.));
#1299 = DEFINITIONAL_REPRESENTATION('',(#1300),#1304);
#1300 = LINE('',#1301,#1302);
#1301 = CARTESIAN_POINT('',(12.566370614359,4.725));
#1302 = VECTOR('',#1303,1.);
#1303 = DIRECTION('',(-1.,0.));
#1304 = ( GEOMETRIC_REPRESENTATION_CONTEXT(2) 
PARAMETRIC_REPRESENTATION_CONTEXT() REPRESENTATION_CONTEXT('2D SPACE',''
  ) );
#1305 = ADVANCED_FACE('',(#1306),#1325,.T.);
#1306 = FACE_BOUND('',#1307,.T.);
#1307 = EDGE_LOOP('',(#1308,#1392,#1420,#1497,#1524,#1548,#1572));
#1308 = ORIENTED_EDGE('',*,*,#1309,.F.);
#1309 = EDGE_CURVE('',#1310,#1312,#1314,.T.);
#1310 = VERTEX_POINT('',#1311);
#1311 = CARTESIAN_POINT('',(-11.41386635121,23.937495496357,2.5));
#1312 = VERTEX_POINT('',#1313);
#1313 = CARTESIAN_POINT('',(-11.99684373627,24.28931485407,
    2.889313671127));
#1314 = SURFACE_CURVE('',#1315,(#1324,#1358),.PCURVE_S1.);
#1315 = B_SPLINE_CURVE_WITH_KNOTS('',3,(#1316,#1317,#1318,#1319,#1320,
    #1321,#1322,#1323),.UNSPECIFIED.,.F.,.F.,(4,2,2,4),(-0.254225982009,
    -0.225610588904,-0.193395249925,-0.176845491426),.UNSPECIFIED.);
#1316 = CARTESIAN_POINT('',(-11.41386635121,23.937495496357,2.5));
#1317 = CARTESIAN_POINT('',(-11.46227826416,23.997366016323,
    2.565551166991));
#1318 = CARTESIAN_POINT('',(-11.51835770189,24.052445498509,
    2.626812195589));
#1319 = CARTESIAN_POINT('',(-11.65097953351,24.154674977513,
    2.741162071556));
#1320 = CARTESIAN_POINT('',(-11.73880036258,24.206529158649,
    2.799692075869));
#1321 = CARTESIAN_POINT('',(-11.88836121647,24.263017528233,
    2.861841830875));
#1322 = CARTESIAN_POINT('',(-11.94201829338,24.278478772256,
    2.878436496074));
#1323 = CARTESIAN_POINT('',(-11.99684373627,24.28931485407,
    2.889313671127));
#1324 = PCURVE('',#1325,#1330);
#1325 = CONICAL_SURFACE('',#1326,4.4,0.785398163397);
#1326 = AXIS2_PLACEMENT_3D('',#1327,#1328,#1329);
#1327 = CARTESIAN_POINT('',(-12.,28.5,2.7));
#1328 = DIRECTION('',(0.,0.,-1.));
#1329 = DIRECTION('',(2.51110001118E-02,0.99968466912,0.));
#1330 = DEFINITIONAL_REPRESENTATION('',(#1331),#1357);
#1331 = B_SPLINE_CURVE_WITH_KNOTS('',3,(#1332,#1333,#1334,#1335,#1336,
    #1337,#1338,#1339,#1340,#1341,#1342,#1343,#1344,#1345,#1346,#1347,
    #1348,#1349,#1350,#1351,#1352,#1353,#1354,#1355,#1356),
  .UNSPECIFIED.,.F.,.F.,(4,1,1,1,1,1,1,1,1,1,1,1,1,1,1,1,1,1,1,1,1,1,4),
  (-0.254225982009,-0.250708686982,-0.247191391956,-0.243674096929,
    -0.240156801903,-0.236639506876,-0.23312221185,-0.229604916823,
    -0.226087621797,-0.22257032677,-0.219053031744,-0.215535736717,
    -0.212018441691,-0.208501146665,-0.204983851638,-0.201466556612,
    -0.197949261585,-0.194431966559,-0.190914671532,-0.187397376506,
    -0.183880081479,-0.180362786453,-0.176845491426),
  .QUASI_UNIFORM_KNOTS.);
#1332 = CARTESIAN_POINT('',(2.988711313133,0.2));
#1333 = CARTESIAN_POINT('',(2.989790514805,0.191942714104));
#1334 = CARTESIAN_POINT('',(2.992014294614,0.175957975026));
#1335 = CARTESIAN_POINT('',(2.995545463614,0.152405482063));
#1336 = CARTESIAN_POINT('',(2.999271616562,0.129312560881));
#1337 = CARTESIAN_POINT('',(3.003191836397,0.106714732453));
#1338 = CARTESIAN_POINT('',(3.007305321246,8.464634733906E-02));
#1339 = CARTESIAN_POINT('',(3.011609714612,6.314672711112E-02));
#1340 = CARTESIAN_POINT('',(3.01610714836,4.223725410496E-02));
#1341 = CARTESIAN_POINT('',(3.020781621424,2.200678450875E-02));
#1342 = CARTESIAN_POINT('',(3.025683323889,2.292812903024E-03));
#1343 = CARTESIAN_POINT('',(3.030935617972,-1.726794049872E-02));
#1344 = CARTESIAN_POINT('',(3.036499610732,-3.643329609864E-02));
#1345 = CARTESIAN_POINT('',(3.042376729277,-5.511513556083E-02));
#1346 = CARTESIAN_POINT('',(3.048556454162,-7.318392354622E-02));
#1347 = CARTESIAN_POINT('',(3.05503021547,-9.052118440767E-02));
#1348 = CARTESIAN_POINT('',(3.061787524785,-0.107005591751));
#1349 = CARTESIAN_POINT('',(3.068817032447,-0.122516684553));
#1350 = CARTESIAN_POINT('',(3.076105689145,-0.136934496065));
#1351 = CARTESIAN_POINT('',(3.083640616955,-0.150137934716));
#1352 = CARTESIAN_POINT('',(3.091397726628,-0.162076951299));
#1353 = CARTESIAN_POINT('',(3.09934825766,-0.172675146818));
#1354 = CARTESIAN_POINT('',(3.107463270882,-0.18186296266));
#1355 = CARTESIAN_POINT('',(3.112962519154,-0.187002107902));
#1356 = CARTESIAN_POINT('',(3.115729429502,-0.189313671127));
#1357 = ( GEOMETRIC_REPRESENTATION_CONTEXT(2) 
PARAMETRIC_REPRESENTATION_CONTEXT() REPRESENTATION_CONTEXT('2D SPACE',''
  ) );
#1358 = PCURVE('',#1359,#1364);
#1359 = CYLINDRICAL_SURFACE('',#1360,0.9987686);
#1360 = AXIS2_PLACEMENT_3D('',#1361,#1362,#1363);
#1361 = CARTESIAN_POINT('',(-12.190501,23.3095008,0.));
#1362 = DIRECTION('',(0.,0.,1.));
#1363 = DIRECTION('',(0.21239000045,0.977184981316,-0.));
#1364 = DEFINITIONAL_REPRESENTATION('',(#1365),#1391);
#1365 = B_SPLINE_CURVE_WITH_KNOTS('',3,(#1366,#1367,#1368,#1369,#1370,
    #1371,#1372,#1373,#1374,#1375,#1376,#1377,#1378,#1379,#1380,#1381,
    #1382,#1383,#1384,#1385,#1386,#1387,#1388,#1389,#1390),
  .UNSPECIFIED.,.F.,.F.,(4,1,1,1,1,1,1,1,1,1,1,1,1,1,1,1,1,1,1,1,1,1,4),
  (-0.254225982009,-0.250708686982,-0.247191391956,-0.243674096929,
    -0.240156801903,-0.236639506876,-0.23312221185,-0.229604916823,
    -0.226087621797,-0.22257032677,-0.219053031744,-0.215535736717,
    -0.212018441691,-0.208501146665,-0.204983851638,-0.201466556612,
    -0.197949261585,-0.194431966559,-0.190914671532,-0.187397376506,
    -0.183880081479,-0.180362786453,-0.176845491426),
  .QUASI_UNIFORM_KNOTS.);
#1366 = CARTESIAN_POINT('',(5.606378150231,2.5));
#1367 = CARTESIAN_POINT('',(5.615853726218,2.508057299538));
#1368 = CARTESIAN_POINT('',(5.63483801038,2.524042267222));
#1369 = CARTESIAN_POINT('',(5.66340875973,2.547595371865));
#1370 = CARTESIAN_POINT('',(5.692068858084,2.570688776585));
#1371 = CARTESIAN_POINT('',(5.720812983607,2.593286779517));
#1372 = CARTESIAN_POINT('',(5.749638081104,2.615354974435));
#1373 = CARTESIAN_POINT('',(5.778534042358,2.636854121368));
#1374 = CARTESIAN_POINT('',(5.8075190589,2.657763019697));
#1375 = CARTESIAN_POINT('',(5.836508212674,2.677993145136));
#1376 = CARTESIAN_POINT('',(5.865804432377,2.697707228718));
#1377 = CARTESIAN_POINT('',(5.896086135572,2.717267839097));
#1378 = CARTESIAN_POINT('',(5.927096571697,2.736432835614));
#1379 = CARTESIAN_POINT('',(5.958819346843,2.755114184387));
#1380 = CARTESIAN_POINT('',(5.991176546899,2.773182561819));
#1381 = CARTESIAN_POINT('',(6.024110547323,2.790519696405));
#1382 = CARTESIAN_POINT('',(6.057562909042,2.80700439798));
#1383 = CARTESIAN_POINT('',(6.091481586174,2.82251609893));
#1384 = CARTESIAN_POINT('',(6.125818008107,2.836934660102));
#1385 = CARTESIAN_POINT('',(6.160536433532,2.850137605936));
#1386 = CARTESIAN_POINT('',(6.195590721892,2.862074987421));
#1387 = CARTESIAN_POINT('',(6.230907350871,2.872672899751));
#1388 = CARTESIAN_POINT('',(6.26641971808,2.88186205328));
#1389 = CARTESIAN_POINT('',(6.290181644152,2.887001961641));
#1390 = CARTESIAN_POINT('',(6.302073425447,2.889313671127));
#1391 = ( GEOMETRIC_REPRESENTATION_CONTEXT(2) 
PARAMETRIC_REPRESENTATION_CONTEXT() REPRESENTATION_CONTEXT('2D SPACE',''
  ) );
#1392 = ORIENTED_EDGE('',*,*,#1393,.T.);
#1393 = EDGE_CURVE('',#1310,#1394,#1396,.T.);
#1394 = VERTEX_POINT('',#1395);
#1395 = CARTESIAN_POINT('',(-11.33720544016,33.051999930959,2.5));
#1396 = SURFACE_CURVE('',#1397,(#1402,#1409),.PCURVE_S1.);
#1397 = CIRCLE('',#1398,4.6);
#1398 = AXIS2_PLACEMENT_3D('',#1399,#1400,#1401);
#1399 = CARTESIAN_POINT('',(-12.,28.5,2.5));
#1400 = DIRECTION('',(0.,0.,1.));
#1401 = DIRECTION('',(2.51110001118E-02,0.99968466912,-0.));
#1402 = PCURVE('',#1325,#1403);
#1403 = DEFINITIONAL_REPRESENTATION('',(#1404),#1408);
#1404 = LINE('',#1405,#1406);
#1405 = CARTESIAN_POINT('',(6.28318530718,0.2));
#1406 = VECTOR('',#1407,1.);
#1407 = DIRECTION('',(-1.,3.009689267757E-16));
#1408 = ( GEOMETRIC_REPRESENTATION_CONTEXT(2) 
PARAMETRIC_REPRESENTATION_CONTEXT() REPRESENTATION_CONTEXT('2D SPACE',''
  ) );
#1409 = PCURVE('',#543,#1410);
#1410 = DEFINITIONAL_REPRESENTATION('',(#1411),#1419);
#1411 = ( BOUNDED_CURVE() B_SPLINE_CURVE(2,(#1412,#1413,#1414,#1415,
#1416,#1417,#1418),.UNSPECIFIED.,.T.,.F.) B_SPLINE_CURVE_WITH_KNOTS((1,2
    ,2,2,2,1),(-2.094395102393,0.,2.094395102393,4.188790204786,
6.28318530718,8.377580409573),.UNSPECIFIED.) CURVE() 
GEOMETRIC_REPRESENTATION_ITEM() RATIONAL_B_SPLINE_CURVE((1.,0.5,1.,0.5,
1.,0.5,1.)) REPRESENTATION_ITEM('') );
#1412 = CARTESIAN_POINT('',(-11.88448939948,-7.339049477952));
#1413 = CARTESIAN_POINT('',(-19.84941073641,-7.539119706855));
#1414 = CARTESIAN_POINT('',(-16.04021596872,-0.541260375476));
#1415 = CARTESIAN_POINT('',(-12.23102120102,6.456598955903));
#1416 = CARTESIAN_POINT('',(-8.075294631791,-0.341190146572));
#1417 = CARTESIAN_POINT('',(-3.919568062554,-7.138979249048));
#1418 = CARTESIAN_POINT('',(-11.88448939948,-7.339049477952));
#1419 = ( GEOMETRIC_REPRESENTATION_CONTEXT(2) 
PARAMETRIC_REPRESENTATION_CONTEXT() REPRESENTATION_CONTEXT('2D SPACE',''
  ) );
#1420 = ORIENTED_EDGE('',*,*,#1421,.F.);
#1421 = EDGE_CURVE('',#1422,#1394,#1424,.T.);
#1422 = VERTEX_POINT('',#1423);
#1423 = CARTESIAN_POINT('',(-11.91008076292,32.705067888696,
    2.89397082491));
#1424 = SURFACE_CURVE('',#1425,(#1434,#1463),.PCURVE_S1.);
#1425 = B_SPLINE_CURVE_WITH_KNOTS('',3,(#1426,#1427,#1428,#1429,#1430,
    #1431,#1432,#1433),.UNSPECIFIED.,.F.,.F.,(4,2,2,4),(-0.12312839235,
    -0.105587372945,-7.911086501956E-02,-4.570455597719E-02),
  .UNSPECIFIED.);
#1426 = CARTESIAN_POINT('',(-11.91008076297,32.705067889164,
    2.893970824915));
#1427 = CARTESIAN_POINT('',(-11.85119823857,32.711728504755,
    2.886052902564));
#1428 = CARTESIAN_POINT('',(-11.7929087536,32.725127574294,
    2.870133901129));
#1429 = CARTESIAN_POINT('',(-11.65642897381,32.772328347587,2.8146295378
    ));
#1430 = CARTESIAN_POINT('',(-11.58310485401,32.813316115576,
    2.766915982268));
#1431 = CARTESIAN_POINT('',(-11.45027659073,32.911529097001,
    2.654867906475));
#1432 = CARTESIAN_POINT('',(-11.38688807284,32.978496589959,
    2.57989490909));
#1433 = CARTESIAN_POINT('',(-11.33720544016,33.051999930959,2.5));
#1434 = PCURVE('',#1325,#1435);
#1435 = DEFINITIONAL_REPRESENTATION('',(#1436),#1462);
#1436 = B_SPLINE_CURVE_WITH_KNOTS('',3,(#1437,#1438,#1439,#1440,#1441,
    #1442,#1443,#1444,#1445,#1446,#1447,#1448,#1449,#1450,#1451,#1452,
    #1453,#1454,#1455,#1456,#1457,#1458,#1459,#1460,#1461),
  .UNSPECIFIED.,.F.,.F.,(4,1,1,1,1,1,1,1,1,1,1,1,1,1,1,1,1,1,1,1,1,1,4),
  (-0.12312839235,-0.11960912706,-0.116089861771,-0.112570596481,
    -0.109051331191,-0.105532065902,-0.102012800612,-9.849353532231E-02,
    -9.497427003264E-02,-9.145500474296E-02,-8.793573945329E-02,
    -8.441647416361E-02,-8.089720887394E-02,-7.737794358426E-02,
    -7.385867829459E-02,-7.033941300491E-02,-6.682014771524E-02,
    -6.330088242556E-02,-5.978161713589E-02,-5.626235184621E-02,
    -5.274308655654E-02,-4.922382126686E-02,-4.570455597719E-02),
  .QUASI_UNIFORM_KNOTS.);
#1437 = CARTESIAN_POINT('',(-3.733358317017E-03,-0.193970824915));
#1438 = CARTESIAN_POINT('',(-9.319533603396E-04,-0.192382487289));
#1439 = CARTESIAN_POINT('',(4.650024524525E-03,-0.188562667449));
#1440 = CARTESIAN_POINT('',(1.291383459019E-02,-0.180988338626));
#1441 = CARTESIAN_POINT('',(2.102125821459E-02,-0.17165357248));
#1442 = CARTESIAN_POINT('',(2.892705723024E-02,-0.16064488611));
#1443 = CARTESIAN_POINT('',(3.658673427674E-02,-0.148056534479));
#1444 = CARTESIAN_POINT('',(4.395992586579E-02,-0.133964743527));
#1445 = CARTESIAN_POINT('',(5.102725185254E-02,-0.118530100875));
#1446 = CARTESIAN_POINT('',(5.776910814757E-02,-0.101931946622));
#1447 = CARTESIAN_POINT('',(6.416818592952E-02,-8.434576484314E-02));
#1448 = CARTESIAN_POINT('',(7.020928457083E-02,-6.594643470486E-02));
#1449 = CARTESIAN_POINT('',(7.587682562542E-02,-4.691679282429E-02));
#1450 = CARTESIAN_POINT('',(8.116416145954E-02,-2.740913569077E-02));
#1451 = CARTESIAN_POINT('',(8.603791913622E-02,-7.689700011061E-03));
#1452 = CARTESIAN_POINT('',(9.06987947294E-02,1.288042206923E-02));
#1453 = CARTESIAN_POINT('',(9.512531964561E-02,3.418981735916E-02));
#1454 = CARTESIAN_POINT('',(9.932007036186E-02,5.620042502102E-02));
#1455 = CARTESIAN_POINT('',(0.103279757391,7.885475708308E-02));
#1456 = CARTESIAN_POINT('',(0.107003195944,0.102100789297));
#1457 = CARTESIAN_POINT('',(0.110489123315,0.125885316529));
#1458 = CARTESIAN_POINT('',(0.113736746849,0.150155767202));
#1459 = CARTESIAN_POINT('',(0.116745523828,0.174859705124));
#1460 = CARTESIAN_POINT('',(0.118592031708,0.191583309426));
#1461 = CARTESIAN_POINT('',(0.119475403874,0.2));
#1462 = ( GEOMETRIC_REPRESENTATION_CONTEXT(2) 
PARAMETRIC_REPRESENTATION_CONTEXT() REPRESENTATION_CONTEXT('2D SPACE',''
  ) );
#1463 = PCURVE('',#1464,#1469);
#1464 = CYLINDRICAL_SURFACE('',#1465,0.8000007);
#1465 = AXIS2_PLACEMENT_3D('',#1466,#1467,#1468);
#1466 = CARTESIAN_POINT('',(-12.000001,33.499999,0.));
#1467 = DIRECTION('',(0.,0.,1.));
#1468 = DIRECTION('',(1.,3.53589793723E-07,-0.));
#1469 = DEFINITIONAL_REPRESENTATION('',(#1470),#1496);
#1470 = B_SPLINE_CURVE_WITH_KNOTS('',3,(#1471,#1472,#1473,#1474,#1475,
    #1476,#1477,#1478,#1479,#1480,#1481,#1482,#1483,#1484,#1485,#1486,
    #1487,#1488,#1489,#1490,#1491,#1492,#1493,#1494,#1495),
  .UNSPECIFIED.,.F.,.F.,(4,1,1,1,1,1,1,1,1,1,1,1,1,1,1,1,1,1,1,1,1,1,4),
  (-0.12312839235,-0.11960912706,-0.116089861771,-0.112570596481,
    -0.109051331191,-0.105532065902,-0.102012800612,-9.849353532231E-02,
    -9.497427003264E-02,-9.145500474296E-02,-8.793573945329E-02,
    -8.441647416361E-02,-8.089720887394E-02,-7.737794358426E-02,
    -7.385867829459E-02,-7.033941300491E-02,-6.682014771524E-02,
    -6.330088242556E-02,-5.978161713589E-02,-5.626235184621E-02,
    -5.274308655654E-02,-4.922382126686E-02,-4.570455597719E-02),
  .QUASI_UNIFORM_KNOTS.);
#1471 = CARTESIAN_POINT('',(4.825026854156,2.893970824915));
#1472 = CARTESIAN_POINT('',(4.839887468095,2.892382247384));
#1473 = CARTESIAN_POINT('',(4.869627938778,2.888560973022));
#1474 = CARTESIAN_POINT('',(4.914171200059,2.880983910317));
#1475 = CARTESIAN_POINT('',(4.958523382881,2.871649255607));
#1476 = CARTESIAN_POINT('',(5.002555465492,2.860643334597));
#1477 = CARTESIAN_POINT('',(5.046131040136,2.84805705437));
#1478 = CARTESIAN_POINT('',(5.089140411346,2.833964214336));
#1479 = CARTESIAN_POINT('',(5.131529043589,2.818528919891));
#1480 = CARTESIAN_POINT('',(5.173204703413,2.801930417507));
#1481 = CARTESIAN_POINT('',(5.214067346971,2.784344442239));
#1482 = CARTESIAN_POINT('',(5.254008897893,2.765945633732));
#1483 = CARTESIAN_POINT('',(5.292898545959,2.746916524679));
#1484 = CARTESIAN_POINT('',(5.330655654005,2.727409170999));
#1485 = CARTESIAN_POINT('',(5.366985710119,2.707689642659));
#1486 = CARTESIAN_POINT('',(5.403299066922,2.68712081985));
#1487 = CARTESIAN_POINT('',(5.439469263185,2.665813036137));
#1488 = CARTESIAN_POINT('',(5.475524716497,2.64380382634));
#1489 = CARTESIAN_POINT('',(5.511449905772,2.621150231644));
#1490 = CARTESIAN_POINT('',(5.547239060512,2.597904066515));
#1491 = CARTESIAN_POINT('',(5.582882201675,2.574118545922));
#1492 = CARTESIAN_POINT('',(5.618369321663,2.549846509556));
#1493 = CARTESIAN_POINT('',(5.65368969008,2.525140897701));
#1494 = CARTESIAN_POINT('',(5.677118250877,2.508416714939));
#1495 = CARTESIAN_POINT('',(5.688801149619,2.5));
#1496 = ( GEOMETRIC_REPRESENTATION_CONTEXT(2) 
PARAMETRIC_REPRESENTATION_CONTEXT() REPRESENTATION_CONTEXT('2D SPACE',''
  ) );
#1497 = ORIENTED_EDGE('',*,*,#1498,.T.);
#1498 = EDGE_CURVE('',#1422,#1499,#1501,.T.);
#1499 = VERTEX_POINT('',#1500);
#1500 = CARTESIAN_POINT('',(-12.0283744597,32.699904152482,2.9));
#1501 = SURFACE_CURVE('',#1502,(#1506,#1512),.PCURVE_S1.);
#1502 = ( BOUNDED_CURVE() B_SPLINE_CURVE(2,(#1503,#1504,#1505),
.UNSPECIFIED.,.F.,.F.) B_SPLINE_CURVE_WITH_KNOTS((3,3),(0.327326286135,
0.34165827977),.PIECEWISE_BEZIER_KNOTS.) CURVE() 
GEOMETRIC_REPRESENTATION_ITEM() RATIONAL_B_SPLINE_CURVE((1.142085678449,
1.142608974582,1.142905699152)) REPRESENTATION_ITEM('') );
#1503 = CARTESIAN_POINT('',(-11.91008076284,32.705067888226,
    2.89397082585));
#1504 = CARTESIAN_POINT('',(-11.969270034,32.702484168525,2.897819341918
    ));
#1505 = CARTESIAN_POINT('',(-12.0283744597,32.699904152482,2.9));
#1506 = PCURVE('',#1325,#1507);
#1507 = DEFINITIONAL_REPRESENTATION('',(#1508),#1511);
#1508 = B_SPLINE_CURVE_WITH_KNOTS('',1,(#1509,#1510),.UNSPECIFIED.,.F.,
  .F.,(2,2),(0.327326286135,0.34165827977),.PIECEWISE_BEZIER_KNOTS.);
#1509 = CARTESIAN_POINT('',(-3.733358280279E-03,-0.19397082585));
#1510 = CARTESIAN_POINT('',(-3.186951500126E-02,-0.2));
#1511 = ( GEOMETRIC_REPRESENTATION_CONTEXT(2) 
PARAMETRIC_REPRESENTATION_CONTEXT() REPRESENTATION_CONTEXT('2D SPACE',''
  ) );
#1512 = PCURVE('',#1513,#1518);
#1513 = PLANE('',#1514);
#1514 = AXIS2_PLACEMENT_3D('',#1515,#1516,#1517);
#1515 = CARTESIAN_POINT('',(-11.92624680003,32.704362211201,0.));
#1516 = DIRECTION('',(-4.361029537831E-02,0.999048618505,0.));
#1517 = DIRECTION('',(-0.999048618505,-4.361029537831E-02,0.));
#1518 = DEFINITIONAL_REPRESENTATION('',(#1519),#1523);
#1519 = ( BOUNDED_CURVE() B_SPLINE_CURVE(2,(#1520,#1521,#1522),
.UNSPECIFIED.,.F.,.F.) B_SPLINE_CURVE_WITH_KNOTS((3,3),(0.327326286135,
0.34165827977),.PIECEWISE_BEZIER_KNOTS.) CURVE() 
GEOMETRIC_REPRESENTATION_ITEM() RATIONAL_B_SPLINE_CURVE((1.142085678449,
1.142608974582,1.142905699152)) REPRESENTATION_ITEM('') );
#1520 = CARTESIAN_POINT('',(-1.618143190878E-02,2.89397082585));
#1521 = CARTESIAN_POINT('',(4.30642044492E-02,2.897819341918));
#1522 = CARTESIAN_POINT('',(0.102224914563,2.9));
#1523 = ( GEOMETRIC_REPRESENTATION_CONTEXT(2) 
PARAMETRIC_REPRESENTATION_CONTEXT() REPRESENTATION_CONTEXT('2D SPACE',''
  ) );
#1524 = ORIENTED_EDGE('',*,*,#1525,.T.);
#1525 = EDGE_CURVE('',#1499,#1526,#1528,.T.);
#1526 = VERTEX_POINT('',#1527);
#1527 = CARTESIAN_POINT('',(-11.89453379953,32.698675610304,2.9));
#1528 = SURFACE_CURVE('',#1529,(#1534,#1541),.PCURVE_S1.);
#1529 = CIRCLE('',#1530,4.2);
#1530 = AXIS2_PLACEMENT_3D('',#1531,#1532,#1533);
#1531 = CARTESIAN_POINT('',(-12.,28.5,2.9));
#1532 = DIRECTION('',(0.,0.,-1.));
#1533 = DIRECTION('',(2.51110001118E-02,0.99968466912,0.));
#1534 = PCURVE('',#1325,#1535);
#1535 = DEFINITIONAL_REPRESENTATION('',(#1536),#1540);
#1536 = LINE('',#1537,#1538);
#1537 = CARTESIAN_POINT('',(-6.28318530718,-0.2));
#1538 = VECTOR('',#1539,1.);
#1539 = DIRECTION('',(1.,1.35482270791E-14));
#1540 = ( GEOMETRIC_REPRESENTATION_CONTEXT(2) 
PARAMETRIC_REPRESENTATION_CONTEXT() REPRESENTATION_CONTEXT('2D SPACE',''
  ) );
#1541 = PCURVE('',#1038,#1542);
#1542 = DEFINITIONAL_REPRESENTATION('',(#1543),#1547);
#1543 = LINE('',#1544,#1545);
#1544 = CARTESIAN_POINT('',(9.424777960769,2.9));
#1545 = VECTOR('',#1546,1.);
#1546 = DIRECTION('',(-1.,0.));
#1547 = ( GEOMETRIC_REPRESENTATION_CONTEXT(2) 
PARAMETRIC_REPRESENTATION_CONTEXT() REPRESENTATION_CONTEXT('2D SPACE',''
  ) );
#1548 = ORIENTED_EDGE('',*,*,#1549,.T.);
#1549 = EDGE_CURVE('',#1526,#1550,#1552,.T.);
#1550 = VERTEX_POINT('',#1551);
#1551 = CARTESIAN_POINT('',(-12.08487760667,24.300857731407,2.9));
#1552 = SURFACE_CURVE('',#1553,(#1558,#1565),.PCURVE_S1.);
#1553 = CIRCLE('',#1554,4.2);
#1554 = AXIS2_PLACEMENT_3D('',#1555,#1556,#1557);
#1555 = CARTESIAN_POINT('',(-12.,28.5,2.9));
#1556 = DIRECTION('',(0.,0.,-1.));
#1557 = DIRECTION('',(2.51110001118E-02,0.99968466912,0.));
#1558 = PCURVE('',#1325,#1559);
#1559 = DEFINITIONAL_REPRESENTATION('',(#1560),#1564);
#1560 = LINE('',#1561,#1562);
#1561 = CARTESIAN_POINT('',(0.,-0.2));
#1562 = VECTOR('',#1563,1.);
#1563 = DIRECTION('',(1.,5.631268584748E-16));
#1564 = ( GEOMETRIC_REPRESENTATION_CONTEXT(2) 
PARAMETRIC_REPRESENTATION_CONTEXT() REPRESENTATION_CONTEXT('2D SPACE',''
  ) );
#1565 = PCURVE('',#1038,#1566);
#1566 = DEFINITIONAL_REPRESENTATION('',(#1567),#1571);
#1567 = LINE('',#1568,#1569);
#1568 = CARTESIAN_POINT('',(9.424777960769,2.9));
#1569 = VECTOR('',#1570,1.);
#1570 = DIRECTION('',(-1.,0.));
#1571 = ( GEOMETRIC_REPRESENTATION_CONTEXT(2) 
PARAMETRIC_REPRESENTATION_CONTEXT() REPRESENTATION_CONTEXT('2D SPACE',''
  ) );
#1572 = ORIENTED_EDGE('',*,*,#1573,.T.);
#1573 = EDGE_CURVE('',#1550,#1312,#1574,.T.);
#1574 = SURFACE_CURVE('',#1575,(#1579,#1585),.PCURVE_S1.);
#1575 = ( BOUNDED_CURVE() B_SPLINE_CURVE(2,(#1576,#1577,#1578),
.UNSPECIFIED.,.F.,.F.) B_SPLINE_CURVE_WITH_KNOTS((3,3),(0.419867910863,
0.430563768336),.PIECEWISE_BEZIER_KNOTS.) CURVE() 
GEOMETRIC_REPRESENTATION_ITEM() RATIONAL_B_SPLINE_CURVE((1.143291457567,
1.142626375283,1.141834420098)) REPRESENTATION_ITEM('') );
#1576 = CARTESIAN_POINT('',(-12.08487760667,24.300857731407,2.9));
#1577 = CARTESIAN_POINT('',(-12.04091659787,24.29509362573,
    2.895125477482));
#1578 = CARTESIAN_POINT('',(-11.99684373627,24.28931485407,
    2.889313671127));
#1579 = PCURVE('',#1325,#1580);
#1580 = DEFINITIONAL_REPRESENTATION('',(#1581),#1584);
#1581 = B_SPLINE_CURVE_WITH_KNOTS('',1,(#1582,#1583),.UNSPECIFIED.,.F.,
  .F.,(2,2),(0.419867910863,0.430563768336),.PIECEWISE_BEZIER_KNOTS.);
#1582 = CARTESIAN_POINT('',(3.136689343505,-0.2));
#1583 = CARTESIAN_POINT('',(3.115729429503,-0.189313671127));
#1584 = ( GEOMETRIC_REPRESENTATION_CONTEXT(2) 
PARAMETRIC_REPRESENTATION_CONTEXT() REPRESENTATION_CONTEXT('2D SPACE',''
  ) );
#1585 = PCURVE('',#1586,#1591);
#1586 = PLANE('',#1587);
#1587 = AXIS2_PLACEMENT_3D('',#1588,#1589,#1590);
#1588 = CARTESIAN_POINT('',(-12.0635082721,24.298055814297,0.));
#1589 = DIRECTION('',(-0.13000582103,-0.991513230622,0.));
#1590 = DIRECTION('',(0.991513230622,-0.13000582103,0.));
#1591 = DEFINITIONAL_REPRESENTATION('',(#1592),#1596);
#1592 = ( BOUNDED_CURVE() B_SPLINE_CURVE(2,(#1593,#1594,#1595),
.UNSPECIFIED.,.F.,.F.) B_SPLINE_CURVE_WITH_KNOTS((3,3),(0.419867910863,
0.430563768336),.PIECEWISE_BEZIER_KNOTS.) CURVE() 
GEOMETRIC_REPRESENTATION_ITEM() RATIONAL_B_SPLINE_CURVE((1.143291457567,
1.142626375283,1.141834420098)) REPRESENTATION_ITEM('') );
#1593 = CARTESIAN_POINT('',(-2.155224348796E-02,2.9));
#1594 = CARTESIAN_POINT('',(2.278504565212E-02,2.895125477482));
#1595 = CARTESIAN_POINT('',(6.723514499518E-02,2.889313671127));
#1596 = ( GEOMETRIC_REPRESENTATION_CONTEXT(2) 
PARAMETRIC_REPRESENTATION_CONTEXT() REPRESENTATION_CONTEXT('2D SPACE',''
  ) );
#1597 = ADVANCED_FACE('',(#1598),#1038,.T.);
#1598 = FACE_BOUND('',#1599,.T.);
#1599 = EDGE_LOOP('',(#1600,#1621,#1622,#1643,#1644,#1667,#1695,#1716,
    #1717,#1718,#1719,#1740));
#1600 = ORIENTED_EDGE('',*,*,#1601,.T.);
#1601 = EDGE_CURVE('',#979,#1079,#1602,.T.);
#1602 = SURFACE_CURVE('',#1603,(#1607,#1614),.PCURVE_S1.);
#1603 = LINE('',#1604,#1605);
#1604 = CARTESIAN_POINT('',(-9.500000054923,25.125092553178,0.));
#1605 = VECTOR('',#1606,1.);
#1606 = DIRECTION('',(0.,0.,1.));
#1607 = PCURVE('',#1038,#1608);
#1608 = DEFINITIONAL_REPRESENTATION('',(#1609),#1613);
#1609 = LINE('',#1610,#1611);
#1610 = CARTESIAN_POINT('',(6.945860851394,0.));
#1611 = VECTOR('',#1612,1.);
#1612 = DIRECTION('',(0.,1.));
#1613 = ( GEOMETRIC_REPRESENTATION_CONTEXT(2) 
PARAMETRIC_REPRESENTATION_CONTEXT() REPRESENTATION_CONTEXT('2D SPACE',''
  ) );
#1614 = PCURVE('',#933,#1615);
#1615 = DEFINITIONAL_REPRESENTATION('',(#1616),#1620);
#1616 = LINE('',#1617,#1618);
#1617 = CARTESIAN_POINT('',(-8.136949958271E-08,10.5));
#1618 = VECTOR('',#1619,1.);
#1619 = DIRECTION('',(0.,-1.));
#1620 = ( GEOMETRIC_REPRESENTATION_CONTEXT(2) 
PARAMETRIC_REPRESENTATION_CONTEXT() REPRESENTATION_CONTEXT('2D SPACE',''
  ) );
#1621 = ORIENTED_EDGE('',*,*,#1228,.F.);
#1622 = ORIENTED_EDGE('',*,*,#1623,.T.);
#1623 = EDGE_CURVE('',#1205,#1526,#1624,.T.);
#1624 = SEAM_CURVE('',#1625,(#1629,#1636),.PCURVE_S1.);
#1625 = LINE('',#1626,#1627);
#1626 = CARTESIAN_POINT('',(-11.89453379953,32.698675610304,0.));
#1627 = VECTOR('',#1628,1.);
#1628 = DIRECTION('',(0.,0.,-1.));
#1629 = PCURVE('',#1038,#1630);
#1630 = DEFINITIONAL_REPRESENTATION('',(#1631),#1635);
#1631 = LINE('',#1632,#1633);
#1632 = CARTESIAN_POINT('',(3.14159265359,0.));
#1633 = VECTOR('',#1634,1.);
#1634 = DIRECTION('',(0.,-1.));
#1635 = ( GEOMETRIC_REPRESENTATION_CONTEXT(2) 
PARAMETRIC_REPRESENTATION_CONTEXT() REPRESENTATION_CONTEXT('2D SPACE',''
  ) );
#1636 = PCURVE('',#1038,#1637);
#1637 = DEFINITIONAL_REPRESENTATION('',(#1638),#1642);
#1638 = LINE('',#1639,#1640);
#1639 = CARTESIAN_POINT('',(9.424777960769,0.));
#1640 = VECTOR('',#1641,1.);
#1641 = DIRECTION('',(0.,-1.));
#1642 = ( GEOMETRIC_REPRESENTATION_CONTEXT(2) 
PARAMETRIC_REPRESENTATION_CONTEXT() REPRESENTATION_CONTEXT('2D SPACE',''
  ) );
#1643 = ORIENTED_EDGE('',*,*,#1525,.F.);
#1644 = ORIENTED_EDGE('',*,*,#1645,.F.);
#1645 = EDGE_CURVE('',#1646,#1499,#1648,.T.);
#1646 = VERTEX_POINT('',#1647);
#1647 = CARTESIAN_POINT('',(-12.0283744597,32.699904152482,0.));
#1648 = SURFACE_CURVE('',#1649,(#1653,#1660),.PCURVE_S1.);
#1649 = LINE('',#1650,#1651);
#1650 = CARTESIAN_POINT('',(-12.0283744597,32.699904152482,0.));
#1651 = VECTOR('',#1652,1.);
#1652 = DIRECTION('',(0.,0.,1.));
#1653 = PCURVE('',#1038,#1654);
#1654 = DEFINITIONAL_REPRESENTATION('',(#1655),#1659);
#1655 = LINE('',#1656,#1657);
#1656 = CARTESIAN_POINT('',(3.173462168591,0.));
#1657 = VECTOR('',#1658,1.);
#1658 = DIRECTION('',(0.,1.));
#1659 = ( GEOMETRIC_REPRESENTATION_CONTEXT(2) 
PARAMETRIC_REPRESENTATION_CONTEXT() REPRESENTATION_CONTEXT('2D SPACE',''
  ) );
#1660 = PCURVE('',#1513,#1661);
#1661 = DEFINITIONAL_REPRESENTATION('',(#1662),#1666);
#1662 = LINE('',#1663,#1664);
#1663 = CARTESIAN_POINT('',(0.102224914563,0.));
#1664 = VECTOR('',#1665,1.);
#1665 = DIRECTION('',(0.,1.));
#1666 = ( GEOMETRIC_REPRESENTATION_CONTEXT(2) 
PARAMETRIC_REPRESENTATION_CONTEXT() REPRESENTATION_CONTEXT('2D SPACE',''
  ) );
#1667 = ORIENTED_EDGE('',*,*,#1668,.F.);
#1668 = EDGE_CURVE('',#1669,#1646,#1671,.T.);
#1669 = VERTEX_POINT('',#1670);
#1670 = CARTESIAN_POINT('',(-12.08487760667,24.300857731407,0.));
#1671 = SURFACE_CURVE('',#1672,(#1677,#1684),.PCURVE_S1.);
#1672 = CIRCLE('',#1673,4.2);
#1673 = AXIS2_PLACEMENT_3D('',#1674,#1675,#1676);
#1674 = CARTESIAN_POINT('',(-12.,28.5,0.));
#1675 = DIRECTION('',(0.,0.,-1.));
#1676 = DIRECTION('',(-2.51110001118E-02,-0.99968466912,-0.));
#1677 = PCURVE('',#1038,#1678);
#1678 = DEFINITIONAL_REPRESENTATION('',(#1679),#1683);
#1679 = LINE('',#1680,#1681);
#1680 = CARTESIAN_POINT('',(12.566370614359,0.));
#1681 = VECTOR('',#1682,1.);
#1682 = DIRECTION('',(-1.,0.));
#1683 = ( GEOMETRIC_REPRESENTATION_CONTEXT(2) 
PARAMETRIC_REPRESENTATION_CONTEXT() REPRESENTATION_CONTEXT('2D SPACE',''
  ) );
#1684 = PCURVE('',#823,#1685);
#1685 = DEFINITIONAL_REPRESENTATION('',(#1686),#1694);
#1686 = ( BOUNDED_CURVE() B_SPLINE_CURVE(2,(#1687,#1688,#1689,#1690,
#1691,#1692,#1693),.UNSPECIFIED.,.T.,.F.) B_SPLINE_CURVE_WITH_KNOTS((1,2
    ,2,2,2,1),(-2.094395102393,0.,2.094395102393,4.188790204786,
6.28318530718,8.377580409573),.UNSPECIFIED.) CURVE() 
GEOMETRIC_REPRESENTATION_ITEM() RATIONAL_B_SPLINE_CURVE((1.,0.5,1.,0.5,
1.,0.5,1.)) REPRESENTATION_ITEM('') );
#1687 = CARTESIAN_POINT('',(-12.10546620047,24.301324389696));
#1688 = CARTESIAN_POINT('',(-19.37778568201,24.483997207391));
#1689 = CARTESIAN_POINT('',(-15.58342664053,30.690674213999));
#1690 = CARTESIAN_POINT('',(-11.78906759906,36.897351220607));
#1691 = CARTESIAN_POINT('',(-8.311107158992,30.508001396305));
#1692 = CARTESIAN_POINT('',(-4.833146718923,24.118651572002));
#1693 = CARTESIAN_POINT('',(-12.10546620047,24.301324389696));
#1694 = ( GEOMETRIC_REPRESENTATION_CONTEXT(2) 
PARAMETRIC_REPRESENTATION_CONTEXT() REPRESENTATION_CONTEXT('2D SPACE',''
  ) );
#1695 = ORIENTED_EDGE('',*,*,#1696,.F.);
#1696 = EDGE_CURVE('',#1550,#1669,#1697,.T.);
#1697 = SURFACE_CURVE('',#1698,(#1702,#1709),.PCURVE_S1.);
#1698 = LINE('',#1699,#1700);
#1699 = CARTESIAN_POINT('',(-12.08487760667,24.300857731407,0.));
#1700 = VECTOR('',#1701,1.);
#1701 = DIRECTION('',(0.,0.,-1.));
#1702 = PCURVE('',#1038,#1703);
#1703 = DEFINITIONAL_REPRESENTATION('',(#1704),#1708);
#1704 = LINE('',#1705,#1706);
#1705 = CARTESIAN_POINT('',(6.288088617265,0.));
#1706 = VECTOR('',#1707,1.);
#1707 = DIRECTION('',(0.,-1.));
#1708 = ( GEOMETRIC_REPRESENTATION_CONTEXT(2) 
PARAMETRIC_REPRESENTATION_CONTEXT() REPRESENTATION_CONTEXT('2D SPACE',''
  ) );
#1709 = PCURVE('',#1586,#1710);
#1710 = DEFINITIONAL_REPRESENTATION('',(#1711),#1715);
#1711 = LINE('',#1712,#1713);
#1712 = CARTESIAN_POINT('',(-2.155224348746E-02,0.));
#1713 = VECTOR('',#1714,1.);
#1714 = DIRECTION('',(0.,-1.));
#1715 = ( GEOMETRIC_REPRESENTATION_CONTEXT(2) 
PARAMETRIC_REPRESENTATION_CONTEXT() REPRESENTATION_CONTEXT('2D SPACE',''
  ) );
#1716 = ORIENTED_EDGE('',*,*,#1549,.F.);
#1717 = ORIENTED_EDGE('',*,*,#1623,.F.);
#1718 = ORIENTED_EDGE('',*,*,#1204,.F.);
#1719 = ORIENTED_EDGE('',*,*,#1720,.T.);
#1720 = EDGE_CURVE('',#1160,#891,#1721,.T.);
#1721 = SURFACE_CURVE('',#1722,(#1726,#1733),.PCURVE_S1.);
#1722 = LINE('',#1723,#1724);
#1723 = CARTESIAN_POINT('',(-9.500000054923,31.874907446822,0.));
#1724 = VECTOR('',#1725,1.);
#1725 = DIRECTION('',(0.,0.,-1.));
#1726 = PCURVE('',#1038,#1727);
#1727 = DEFINITIONAL_REPRESENTATION('',(#1728),#1732);
#1728 = LINE('',#1729,#1730);
#1729 = CARTESIAN_POINT('',(8.812329696293,0.));
#1730 = VECTOR('',#1731,1.);
#1731 = DIRECTION('',(0.,-1.));
#1732 = ( GEOMETRIC_REPRESENTATION_CONTEXT(2) 
PARAMETRIC_REPRESENTATION_CONTEXT() REPRESENTATION_CONTEXT('2D SPACE',''
  ) );
#1733 = PCURVE('',#933,#1734);
#1734 = DEFINITIONAL_REPRESENTATION('',(#1735),#1739);
#1735 = LINE('',#1736,#1737);
#1736 = CARTESIAN_POINT('',(6.749814812275,10.5));
#1737 = VECTOR('',#1738,1.);
#1738 = DIRECTION('',(0.,1.));
#1739 = ( GEOMETRIC_REPRESENTATION_CONTEXT(2) 
PARAMETRIC_REPRESENTATION_CONTEXT() REPRESENTATION_CONTEXT('2D SPACE',''
  ) );
#1740 = ORIENTED_EDGE('',*,*,#1023,.F.);
#1741 = ADVANCED_FACE('',(#1742),#933,.F.);
#1742 = FACE_BOUND('',#1743,.T.);
#1743 = EDGE_LOOP('',(#1744,#1745,#1746,#1747,#1748,#1749,#1750,#1751));
#1744 = ORIENTED_EDGE('',*,*,#1159,.F.);
#1745 = ORIENTED_EDGE('',*,*,#1254,.F.);
#1746 = ORIENTED_EDGE('',*,*,#1078,.F.);
#1747 = ORIENTED_EDGE('',*,*,#1601,.F.);
#1748 = ORIENTED_EDGE('',*,*,#978,.T.);
#1749 = ORIENTED_EDGE('',*,*,#1054,.T.);
#1750 = ORIENTED_EDGE('',*,*,#888,.T.);
#1751 = ORIENTED_EDGE('',*,*,#1720,.F.);
#1752 = ADVANCED_FACE('',(#1753),#66,.F.);
#1753 = FACE_BOUND('',#1754,.T.);
#1754 = EDGE_LOOP('',(#1755,#1756,#1757,#1758,#1759,#1760,#1761,#1762));
#1755 = ORIENTED_EDGE('',*,*,#292,.F.);
#1756 = ORIENTED_EDGE('',*,*,#387,.F.);
#1757 = ORIENTED_EDGE('',*,*,#211,.F.);
#1758 = ORIENTED_EDGE('',*,*,#739,.F.);
#1759 = ORIENTED_EDGE('',*,*,#111,.T.);
#1760 = ORIENTED_EDGE('',*,*,#187,.T.);
#1761 = ORIENTED_EDGE('',*,*,#21,.T.);
#1762 = ORIENTED_EDGE('',*,*,#863,.F.);
#1763 = ADVANCED_FACE('',(#1764,#1800),#1777,.F.);
#1764 = FACE_BOUND('',#1765,.T.);
#1765 = EDGE_LOOP('',(#1766));
#1766 = ORIENTED_EDGE('',*,*,#1767,.F.);
#1767 = EDGE_CURVE('',#1768,#1768,#1770,.T.);
#1768 = VERTEX_POINT('',#1769);
#1769 = CARTESIAN_POINT('',(15.25,28.5,3.));
#1770 = SURFACE_CURVE('',#1771,(#1776,#1788),.PCURVE_S1.);
#1771 = CIRCLE('',#1772,3.25);
#1772 = AXIS2_PLACEMENT_3D('',#1773,#1774,#1775);
#1773 = CARTESIAN_POINT('',(12.,28.5,3.));
#1774 = DIRECTION('',(0.,0.,1.));
#1775 = DIRECTION('',(-1.,0.,0.));
#1776 = PCURVE('',#1777,#1782);
#1777 = PLANE('',#1778);
#1778 = AXIS2_PLACEMENT_3D('',#1779,#1780,#1781);
#1779 = CARTESIAN_POINT('',(12.,28.5,3.));
#1780 = DIRECTION('',(0.,0.,1.));
#1781 = DIRECTION('',(-1.,0.,0.));
#1782 = DEFINITIONAL_REPRESENTATION('',(#1783),#1787);
#1783 = CIRCLE('',#1784,3.25);
#1784 = AXIS2_PLACEMENT_2D('',#1785,#1786);
#1785 = CARTESIAN_POINT('',(0.,0.));
#1786 = DIRECTION('',(1.,0.));
#1787 = ( GEOMETRIC_REPRESENTATION_CONTEXT(2) 
PARAMETRIC_REPRESENTATION_CONTEXT() REPRESENTATION_CONTEXT('2D SPACE',''
  ) );
#1788 = PCURVE('',#1789,#1794);
#1789 = CYLINDRICAL_SURFACE('',#1790,3.25);
#1790 = AXIS2_PLACEMENT_3D('',#1791,#1792,#1793);
#1791 = CARTESIAN_POINT('',(12.,28.5,1.5));
#1792 = DIRECTION('',(0.,0.,1.));
#1793 = DIRECTION('',(-1.,0.,0.));
#1794 = DEFINITIONAL_REPRESENTATION('',(#1795),#1799);
#1795 = LINE('',#1796,#1797);
#1796 = CARTESIAN_POINT('',(0.,1.5));
#1797 = VECTOR('',#1798,1.);
#1798 = DIRECTION('',(1.,0.));
#1799 = ( GEOMETRIC_REPRESENTATION_CONTEXT(2) 
PARAMETRIC_REPRESENTATION_CONTEXT() REPRESENTATION_CONTEXT('2D SPACE',''
  ) );
#1800 = FACE_BOUND('',#1801,.T.);
#1801 = EDGE_LOOP('',(#1802));
#1802 = ORIENTED_EDGE('',*,*,#1803,.T.);
#1803 = EDGE_CURVE('',#1804,#1804,#1806,.T.);
#1804 = VERTEX_POINT('',#1805);
#1805 = CARTESIAN_POINT('',(13.7,28.5,3.));
#1806 = SURFACE_CURVE('',#1807,(#1812,#1819),.PCURVE_S1.);
#1807 = CIRCLE('',#1808,1.7);
#1808 = AXIS2_PLACEMENT_3D('',#1809,#1810,#1811);
#1809 = CARTESIAN_POINT('',(12.,28.5,3.));
#1810 = DIRECTION('',(0.,0.,1.));
#1811 = DIRECTION('',(-1.,0.,0.));
#1812 = PCURVE('',#1777,#1813);
#1813 = DEFINITIONAL_REPRESENTATION('',(#1814),#1818);
#1814 = CIRCLE('',#1815,1.7);
#1815 = AXIS2_PLACEMENT_2D('',#1816,#1817);
#1816 = CARTESIAN_POINT('',(0.,0.));
#1817 = DIRECTION('',(1.,0.));
#1818 = ( GEOMETRIC_REPRESENTATION_CONTEXT(2) 
PARAMETRIC_REPRESENTATION_CONTEXT() REPRESENTATION_CONTEXT('2D SPACE',''
  ) );
#1819 = PCURVE('',#427,#1820);
#1820 = DEFINITIONAL_REPRESENTATION('',(#1821),#1825);
#1821 = LINE('',#1822,#1823);
#1822 = CARTESIAN_POINT('',(0.,-2.775));
#1823 = VECTOR('',#1824,1.);
#1824 = DIRECTION('',(1.,0.));
#1825 = ( GEOMETRIC_REPRESENTATION_CONTEXT(2) 
PARAMETRIC_REPRESENTATION_CONTEXT() REPRESENTATION_CONTEXT('2D SPACE',''
  ) );
#1826 = ADVANCED_FACE('',(#1827),#1789,.F.);
#1827 = FACE_BOUND('',#1828,.F.);
#1828 = EDGE_LOOP('',(#1829,#1852,#1853,#1854));
#1829 = ORIENTED_EDGE('',*,*,#1830,.T.);
#1830 = EDGE_CURVE('',#1831,#1768,#1833,.T.);
#1831 = VERTEX_POINT('',#1832);
#1832 = CARTESIAN_POINT('',(15.25,28.5,0.));
#1833 = SEAM_CURVE('',#1834,(#1838,#1845),.PCURVE_S1.);
#1834 = LINE('',#1835,#1836);
#1835 = CARTESIAN_POINT('',(15.25,28.5,1.5));
#1836 = VECTOR('',#1837,1.);
#1837 = DIRECTION('',(0.,0.,1.));
#1838 = PCURVE('',#1789,#1839);
#1839 = DEFINITIONAL_REPRESENTATION('',(#1840),#1844);
#1840 = LINE('',#1841,#1842);
#1841 = CARTESIAN_POINT('',(9.424777960769,0.));
#1842 = VECTOR('',#1843,1.);
#1843 = DIRECTION('',(0.,1.));
#1844 = ( GEOMETRIC_REPRESENTATION_CONTEXT(2) 
PARAMETRIC_REPRESENTATION_CONTEXT() REPRESENTATION_CONTEXT('2D SPACE',''
  ) );
#1845 = PCURVE('',#1789,#1846);
#1846 = DEFINITIONAL_REPRESENTATION('',(#1847),#1851);
#1847 = LINE('',#1848,#1849);
#1848 = CARTESIAN_POINT('',(3.14159265359,0.));
#1849 = VECTOR('',#1850,1.);
#1850 = DIRECTION('',(0.,1.));
#1851 = ( GEOMETRIC_REPRESENTATION_CONTEXT(2) 
PARAMETRIC_REPRESENTATION_CONTEXT() REPRESENTATION_CONTEXT('2D SPACE',''
  ) );
#1852 = ORIENTED_EDGE('',*,*,#1767,.F.);
#1853 = ORIENTED_EDGE('',*,*,#1830,.F.);
#1854 = ORIENTED_EDGE('',*,*,#1855,.T.);
#1855 = EDGE_CURVE('',#1831,#1831,#1856,.T.);
#1856 = SURFACE_CURVE('',#1857,(#1862,#1869),.PCURVE_S1.);
#1857 = CIRCLE('',#1858,3.25);
#1858 = AXIS2_PLACEMENT_3D('',#1859,#1860,#1861);
#1859 = CARTESIAN_POINT('',(12.,28.5,0.));
#1860 = DIRECTION('',(0.,0.,1.));
#1861 = DIRECTION('',(-1.,0.,0.));
#1862 = PCURVE('',#1789,#1863);
#1863 = DEFINITIONAL_REPRESENTATION('',(#1864),#1868);
#1864 = LINE('',#1865,#1866);
#1865 = CARTESIAN_POINT('',(0.,-1.5));
#1866 = VECTOR('',#1867,1.);
#1867 = DIRECTION('',(1.,0.));
#1868 = ( GEOMETRIC_REPRESENTATION_CONTEXT(2) 
PARAMETRIC_REPRESENTATION_CONTEXT() REPRESENTATION_CONTEXT('2D SPACE',''
  ) );
#1869 = PCURVE('',#823,#1870);
#1870 = DEFINITIONAL_REPRESENTATION('',(#1871),#1875);
#1871 = CIRCLE('',#1872,3.25);
#1872 = AXIS2_PLACEMENT_2D('',#1873,#1874);
#1873 = CARTESIAN_POINT('',(12.,28.5));
#1874 = DIRECTION('',(-1.,0.));
#1875 = ( GEOMETRIC_REPRESENTATION_CONTEXT(2) 
PARAMETRIC_REPRESENTATION_CONTEXT() REPRESENTATION_CONTEXT('2D SPACE',''
  ) );
#1876 = ADVANCED_FACE('',(#1877),#427,.F.);
#1877 = FACE_BOUND('',#1878,.F.);
#1878 = EDGE_LOOP('',(#1879,#1900,#1901,#1902));
#1879 = ORIENTED_EDGE('',*,*,#1880,.T.);
#1880 = EDGE_CURVE('',#1804,#411,#1881,.T.);
#1881 = SEAM_CURVE('',#1882,(#1886,#1893),.PCURVE_S1.);
#1882 = LINE('',#1883,#1884);
#1883 = CARTESIAN_POINT('',(13.7,28.5,5.775));
#1884 = VECTOR('',#1885,1.);
#1885 = DIRECTION('',(0.,0.,1.));
#1886 = PCURVE('',#427,#1887);
#1887 = DEFINITIONAL_REPRESENTATION('',(#1888),#1892);
#1888 = LINE('',#1889,#1890);
#1889 = CARTESIAN_POINT('',(9.424777960769,0.));
#1890 = VECTOR('',#1891,1.);
#1891 = DIRECTION('',(0.,1.));
#1892 = ( GEOMETRIC_REPRESENTATION_CONTEXT(2) 
PARAMETRIC_REPRESENTATION_CONTEXT() REPRESENTATION_CONTEXT('2D SPACE',''
  ) );
#1893 = PCURVE('',#427,#1894);
#1894 = DEFINITIONAL_REPRESENTATION('',(#1895),#1899);
#1895 = LINE('',#1896,#1897);
#1896 = CARTESIAN_POINT('',(3.14159265359,0.));
#1897 = VECTOR('',#1898,1.);
#1898 = DIRECTION('',(0.,1.));
#1899 = ( GEOMETRIC_REPRESENTATION_CONTEXT(2) 
PARAMETRIC_REPRESENTATION_CONTEXT() REPRESENTATION_CONTEXT('2D SPACE',''
  ) );
#1900 = ORIENTED_EDGE('',*,*,#410,.T.);
#1901 = ORIENTED_EDGE('',*,*,#1880,.F.);
#1902 = ORIENTED_EDGE('',*,*,#1803,.T.);
#1903 = ADVANCED_FACE('',(#1904,#1940),#1917,.F.);
#1904 = FACE_BOUND('',#1905,.T.);
#1905 = EDGE_LOOP('',(#1906));
#1906 = ORIENTED_EDGE('',*,*,#1907,.F.);
#1907 = EDGE_CURVE('',#1908,#1908,#1910,.T.);
#1908 = VERTEX_POINT('',#1909);
#1909 = CARTESIAN_POINT('',(-8.75,28.5,3.));
#1910 = SURFACE_CURVE('',#1911,(#1916,#1928),.PCURVE_S1.);
#1911 = CIRCLE('',#1912,3.25);
#1912 = AXIS2_PLACEMENT_3D('',#1913,#1914,#1915);
#1913 = CARTESIAN_POINT('',(-12.,28.5,3.));
#1914 = DIRECTION('',(0.,0.,1.));
#1915 = DIRECTION('',(-1.,0.,0.));
#1916 = PCURVE('',#1917,#1922);
#1917 = PLANE('',#1918);
#1918 = AXIS2_PLACEMENT_3D('',#1919,#1920,#1921);
#1919 = CARTESIAN_POINT('',(-12.,28.5,3.));
#1920 = DIRECTION('',(0.,0.,1.));
#1921 = DIRECTION('',(-1.,0.,0.));
#1922 = DEFINITIONAL_REPRESENTATION('',(#1923),#1927);
#1923 = CIRCLE('',#1924,3.25);
#1924 = AXIS2_PLACEMENT_2D('',#1925,#1926);
#1925 = CARTESIAN_POINT('',(0.,0.));
#1926 = DIRECTION('',(1.,0.));
#1927 = ( GEOMETRIC_REPRESENTATION_CONTEXT(2) 
PARAMETRIC_REPRESENTATION_CONTEXT() REPRESENTATION_CONTEXT('2D SPACE',''
  ) );
#1928 = PCURVE('',#1929,#1934);
#1929 = CYLINDRICAL_SURFACE('',#1930,3.25);
#1930 = AXIS2_PLACEMENT_3D('',#1931,#1932,#1933);
#1931 = CARTESIAN_POINT('',(-12.,28.5,1.5));
#1932 = DIRECTION('',(0.,0.,1.));
#1933 = DIRECTION('',(-1.,0.,0.));
#1934 = DEFINITIONAL_REPRESENTATION('',(#1935),#1939);
#1935 = LINE('',#1936,#1937);
#1936 = CARTESIAN_POINT('',(0.,1.5));
#1937 = VECTOR('',#1938,1.);
#1938 = DIRECTION('',(1.,0.));
#1939 = ( GEOMETRIC_REPRESENTATION_CONTEXT(2) 
PARAMETRIC_REPRESENTATION_CONTEXT() REPRESENTATION_CONTEXT('2D SPACE',''
  ) );
#1940 = FACE_BOUND('',#1941,.T.);
#1941 = EDGE_LOOP('',(#1942));
#1942 = ORIENTED_EDGE('',*,*,#1943,.T.);
#1943 = EDGE_CURVE('',#1944,#1944,#1946,.T.);
#1944 = VERTEX_POINT('',#1945);
#1945 = CARTESIAN_POINT('',(-10.3,28.5,3.));
#1946 = SURFACE_CURVE('',#1947,(#1952,#1959),.PCURVE_S1.);
#1947 = CIRCLE('',#1948,1.7);
#1948 = AXIS2_PLACEMENT_3D('',#1949,#1950,#1951);
#1949 = CARTESIAN_POINT('',(-12.,28.5,3.));
#1950 = DIRECTION('',(0.,0.,1.));
#1951 = DIRECTION('',(-1.,0.,0.));
#1952 = PCURVE('',#1917,#1953);
#1953 = DEFINITIONAL_REPRESENTATION('',(#1954),#1958);
#1954 = CIRCLE('',#1955,1.7);
#1955 = AXIS2_PLACEMENT_2D('',#1956,#1957);
#1956 = CARTESIAN_POINT('',(0.,0.));
#1957 = DIRECTION('',(1.,0.));
#1958 = ( GEOMETRIC_REPRESENTATION_CONTEXT(2) 
PARAMETRIC_REPRESENTATION_CONTEXT() REPRESENTATION_CONTEXT('2D SPACE',''
  ) );
#1959 = PCURVE('',#1294,#1960);
#1960 = DEFINITIONAL_REPRESENTATION('',(#1961),#1965);
#1961 = LINE('',#1962,#1963);
#1962 = CARTESIAN_POINT('',(0.,-2.775));
#1963 = VECTOR('',#1964,1.);
#1964 = DIRECTION('',(1.,0.));
#1965 = ( GEOMETRIC_REPRESENTATION_CONTEXT(2) 
PARAMETRIC_REPRESENTATION_CONTEXT() REPRESENTATION_CONTEXT('2D SPACE',''
  ) );
#1966 = ADVANCED_FACE('',(#1967),#1929,.F.);
#1967 = FACE_BOUND('',#1968,.F.);
#1968 = EDGE_LOOP('',(#1969,#1992,#1993,#1994));
#1969 = ORIENTED_EDGE('',*,*,#1970,.T.);
#1970 = EDGE_CURVE('',#1971,#1908,#1973,.T.);
#1971 = VERTEX_POINT('',#1972);
#1972 = CARTESIAN_POINT('',(-8.75,28.5,0.));
#1973 = SEAM_CURVE('',#1974,(#1978,#1985),.PCURVE_S1.);
#1974 = LINE('',#1975,#1976);
#1975 = CARTESIAN_POINT('',(-8.75,28.5,1.5));
#1976 = VECTOR('',#1977,1.);
#1977 = DIRECTION('',(0.,0.,1.));
#1978 = PCURVE('',#1929,#1979);
#1979 = DEFINITIONAL_REPRESENTATION('',(#1980),#1984);
#1980 = LINE('',#1981,#1982);
#1981 = CARTESIAN_POINT('',(9.424777960769,0.));
#1982 = VECTOR('',#1983,1.);
#1983 = DIRECTION('',(0.,1.));
#1984 = ( GEOMETRIC_REPRESENTATION_CONTEXT(2) 
PARAMETRIC_REPRESENTATION_CONTEXT() REPRESENTATION_CONTEXT('2D SPACE',''
  ) );
#1985 = PCURVE('',#1929,#1986);
#1986 = DEFINITIONAL_REPRESENTATION('',(#1987),#1991);
#1987 = LINE('',#1988,#1989);
#1988 = CARTESIAN_POINT('',(3.14159265359,0.));
#1989 = VECTOR('',#1990,1.);
#1990 = DIRECTION('',(0.,1.));
#1991 = ( GEOMETRIC_REPRESENTATION_CONTEXT(2) 
PARAMETRIC_REPRESENTATION_CONTEXT() REPRESENTATION_CONTEXT('2D SPACE',''
  ) );
#1992 = ORIENTED_EDGE('',*,*,#1907,.F.);
#1993 = ORIENTED_EDGE('',*,*,#1970,.F.);
#1994 = ORIENTED_EDGE('',*,*,#1995,.T.);
#1995 = EDGE_CURVE('',#1971,#1971,#1996,.T.);
#1996 = SURFACE_CURVE('',#1997,(#2002,#2009),.PCURVE_S1.);
#1997 = CIRCLE('',#1998,3.25);
#1998 = AXIS2_PLACEMENT_3D('',#1999,#2000,#2001);
#1999 = CARTESIAN_POINT('',(-12.,28.5,0.));
#2000 = DIRECTION('',(0.,0.,1.));
#2001 = DIRECTION('',(-1.,0.,0.));
#2002 = PCURVE('',#1929,#2003);
#2003 = DEFINITIONAL_REPRESENTATION('',(#2004),#2008);
#2004 = LINE('',#2005,#2006);
#2005 = CARTESIAN_POINT('',(0.,-1.5));
#2006 = VECTOR('',#2007,1.);
#2007 = DIRECTION('',(1.,0.));
#2008 = ( GEOMETRIC_REPRESENTATION_CONTEXT(2) 
PARAMETRIC_REPRESENTATION_CONTEXT() REPRESENTATION_CONTEXT('2D SPACE',''
  ) );
#2009 = PCURVE('',#823,#2010);
#2010 = DEFINITIONAL_REPRESENTATION('',(#2011),#2015);
#2011 = CIRCLE('',#2012,3.25);
#2012 = AXIS2_PLACEMENT_2D('',#2013,#2014);
#2013 = CARTESIAN_POINT('',(-12.,28.5));
#2014 = DIRECTION('',(-1.,0.));
#2015 = ( GEOMETRIC_REPRESENTATION_CONTEXT(2) 
PARAMETRIC_REPRESENTATION_CONTEXT() REPRESENTATION_CONTEXT('2D SPACE',''
  ) );
#2016 = ADVANCED_FACE('',(#2017),#1294,.F.);
#2017 = FACE_BOUND('',#2018,.F.);
#2018 = EDGE_LOOP('',(#2019,#2040,#2041,#2042));
#2019 = ORIENTED_EDGE('',*,*,#2020,.T.);
#2020 = EDGE_CURVE('',#1944,#1278,#2021,.T.);
#2021 = SEAM_CURVE('',#2022,(#2026,#2033),.PCURVE_S1.);
#2022 = LINE('',#2023,#2024);
#2023 = CARTESIAN_POINT('',(-10.3,28.5,5.775));
#2024 = VECTOR('',#2025,1.);
#2025 = DIRECTION('',(0.,0.,1.));
#2026 = PCURVE('',#1294,#2027);
#2027 = DEFINITIONAL_REPRESENTATION('',(#2028),#2032);
#2028 = LINE('',#2029,#2030);
#2029 = CARTESIAN_POINT('',(9.424777960769,0.));
#2030 = VECTOR('',#2031,1.);
#2031 = DIRECTION('',(0.,1.));
#2032 = ( GEOMETRIC_REPRESENTATION_CONTEXT(2) 
PARAMETRIC_REPRESENTATION_CONTEXT() REPRESENTATION_CONTEXT('2D SPACE',''
  ) );
#2033 = PCURVE('',#1294,#2034);
#2034 = DEFINITIONAL_REPRESENTATION('',(#2035),#2039);
#2035 = LINE('',#2036,#2037);
#2036 = CARTESIAN_POINT('',(3.14159265359,0.));
#2037 = VECTOR('',#2038,1.);
#2038 = DIRECTION('',(0.,1.));
#2039 = ( GEOMETRIC_REPRESENTATION_CONTEXT(2) 
PARAMETRIC_REPRESENTATION_CONTEXT() REPRESENTATION_CONTEXT('2D SPACE',''
  ) );
#2040 = ORIENTED_EDGE('',*,*,#1277,.T.);
#2041 = ORIENTED_EDGE('',*,*,#2020,.F.);
#2042 = ORIENTED_EDGE('',*,*,#1943,.T.);
#2043 = ADVANCED_FACE('',(#2044,#2494,#2497),#823,.F.);
#2044 = FACE_BOUND('',#2045,.T.);
#2045 = EDGE_LOOP('',(#2046,#2069,#2093,#2121,#2154,#2182,#2215,#2243,
    #2267,#2288,#2289,#2312,#2336,#2364,#2392,#2420,#2448,#2472,#2493));
#2046 = ORIENTED_EDGE('',*,*,#2047,.T.);
#2047 = EDGE_CURVE('',#784,#2048,#2050,.T.);
#2048 = VERTEX_POINT('',#2049);
#2049 = CARTESIAN_POINT('',(11.996843821859,24.289314870985,0.));
#2050 = SURFACE_CURVE('',#2051,(#2055,#2062),.PCURVE_S1.);
#2051 = LINE('',#2052,#2053);
#2052 = CARTESIAN_POINT('',(4.541568323383,23.311789171372,0.));
#2053 = VECTOR('',#2054,1.);
#2054 = DIRECTION('',(-0.991513222802,-0.130005880667,0.));
#2055 = PCURVE('',#823,#2056);
#2056 = DEFINITIONAL_REPRESENTATION('',(#2057),#2061);
#2057 = LINE('',#2058,#2059);
#2058 = CARTESIAN_POINT('',(4.541568323383,23.311789171372));
#2059 = VECTOR('',#2060,1.);
#2060 = DIRECTION('',(-0.991513222802,-0.130005880667));
#2061 = ( GEOMETRIC_REPRESENTATION_CONTEXT(2) 
PARAMETRIC_REPRESENTATION_CONTEXT() REPRESENTATION_CONTEXT('2D SPACE',''
  ) );
#2062 = PCURVE('',#651,#2063);
#2063 = DEFINITIONAL_REPRESENTATION('',(#2064),#2068);
#2064 = LINE('',#2065,#2066);
#2065 = CARTESIAN_POINT('',(-7.533694726046,0.));
#2066 = VECTOR('',#2067,1.);
#2067 = DIRECTION('',(-1.,0.));
#2068 = ( GEOMETRIC_REPRESENTATION_CONTEXT(2) 
PARAMETRIC_REPRESENTATION_CONTEXT() REPRESENTATION_CONTEXT('2D SPACE',''
  ) );
#2069 = ORIENTED_EDGE('',*,*,#2070,.T.);
#2070 = EDGE_CURVE('',#2048,#2071,#2073,.T.);
#2071 = VERTEX_POINT('',#2072);
#2072 = CARTESIAN_POINT('',(11.200000417916,23.181253721138,0.));
#2073 = SURFACE_CURVE('',#2074,(#2079,#2086),.PCURVE_S1.);
#2074 = CIRCLE('',#2075,0.9987686);
#2075 = AXIS2_PLACEMENT_3D('',#2076,#2077,#2078);
#2076 = CARTESIAN_POINT('',(12.190501,23.3095008,0.));
#2077 = DIRECTION('',(0.,0.,1.));
#2078 = DIRECTION('',(-0.986191627415,-0.165608194291,0.));
#2079 = PCURVE('',#823,#2080);
#2080 = DEFINITIONAL_REPRESENTATION('',(#2081),#2085);
#2081 = CIRCLE('',#2082,0.9987686);
#2082 = AXIS2_PLACEMENT_2D('',#2083,#2084);
#2083 = CARTESIAN_POINT('',(12.190501,23.3095008));
#2084 = DIRECTION('',(-0.986191627415,-0.165608194291));
#2085 = ( GEOMETRIC_REPRESENTATION_CONTEXT(2) 
PARAMETRIC_REPRESENTATION_CONTEXT() REPRESENTATION_CONTEXT('2D SPACE',''
  ) );
#2086 = PCURVE('',#602,#2087);
#2087 = DEFINITIONAL_REPRESENTATION('',(#2088),#2092);
#2088 = LINE('',#2089,#2090);
#2089 = CARTESIAN_POINT('',(0.,0.));
#2090 = VECTOR('',#2091,1.);
#2091 = DIRECTION('',(1.,0.));
#2092 = ( GEOMETRIC_REPRESENTATION_CONTEXT(2) 
PARAMETRIC_REPRESENTATION_CONTEXT() REPRESENTATION_CONTEXT('2D SPACE',''
  ) );
#2093 = ORIENTED_EDGE('',*,*,#2094,.T.);
#2094 = EDGE_CURVE('',#2071,#2095,#2097,.T.);
#2095 = VERTEX_POINT('',#2096);
#2096 = CARTESIAN_POINT('',(11.2,17.118999824455,0.));
#2097 = SURFACE_CURVE('',#2098,(#2102,#2109),.PCURVE_S1.);
#2098 = LINE('',#2099,#2100);
#2099 = CARTESIAN_POINT('',(11.199999409931,8.559499526178,0.));
#2100 = VECTOR('',#2101,1.);
#2101 = DIRECTION('',(-6.89373590174E-08,-1.,0.));
#2102 = PCURVE('',#823,#2103);
#2103 = DEFINITIONAL_REPRESENTATION('',(#2104),#2108);
#2104 = LINE('',#2105,#2106);
#2105 = CARTESIAN_POINT('',(11.199999409931,8.559499526178));
#2106 = VECTOR('',#2107,1.);
#2107 = DIRECTION('',(-6.89373590174E-08,-1.));
#2108 = ( GEOMETRIC_REPRESENTATION_CONTEXT(2) 
PARAMETRIC_REPRESENTATION_CONTEXT() REPRESENTATION_CONTEXT('2D SPACE',''
  ) );
#2109 = PCURVE('',#2110,#2115);
#2110 = PLANE('',#2111);
#2111 = AXIS2_PLACEMENT_3D('',#2112,#2113,#2114);
#2112 = CARTESIAN_POINT('',(11.2,17.118999824455,0.));
#2113 = DIRECTION('',(1.,-6.89373590174E-08,0.));
#2114 = DIRECTION('',(6.89373590174E-08,1.,0.));
#2115 = DEFINITIONAL_REPRESENTATION('',(#2116),#2120);
#2116 = LINE('',#2117,#2118);
#2117 = CARTESIAN_POINT('',(-8.559500298277,0.));
#2118 = VECTOR('',#2119,1.);
#2119 = DIRECTION('',(-1.,0.));
#2120 = ( GEOMETRIC_REPRESENTATION_CONTEXT(2) 
PARAMETRIC_REPRESENTATION_CONTEXT() REPRESENTATION_CONTEXT('2D SPACE',''
  ) );
#2121 = ORIENTED_EDGE('',*,*,#2122,.T.);
#2122 = EDGE_CURVE('',#2095,#2123,#2125,.T.);
#2123 = VERTEX_POINT('',#2124);
#2124 = CARTESIAN_POINT('',(7.999999929385,13.919,0.));
#2125 = SURFACE_CURVE('',#2126,(#2131,#2142),.PCURVE_S1.);
#2126 = CIRCLE('',#2127,3.2);
#2127 = AXIS2_PLACEMENT_3D('',#2128,#2129,#2130);
#2128 = CARTESIAN_POINT('',(8.,17.119,0.));
#2129 = DIRECTION('',(0.,0.,-1.));
#2130 = DIRECTION('',(1.,-5.642227364334E-08,0.));
#2131 = PCURVE('',#823,#2132);
#2132 = DEFINITIONAL_REPRESENTATION('',(#2133),#2141);
#2133 = ( BOUNDED_CURVE() B_SPLINE_CURVE(2,(#2134,#2135,#2136,#2137,
#2138,#2139,#2140),.UNSPECIFIED.,.T.,.F.) B_SPLINE_CURVE_WITH_KNOTS((1,2
    ,2,2,2,1),(-2.094395102393,0.,2.094395102393,4.188790204786,
6.28318530718,8.377580409573),.UNSPECIFIED.) CURVE() 
GEOMETRIC_REPRESENTATION_ITEM() RATIONAL_B_SPLINE_CURVE((1.,0.5,1.,0.5,
1.,0.5,1.)) REPRESENTATION_ITEM('') );
#2134 = CARTESIAN_POINT('',(11.2,17.118999819449));
#2135 = CARTESIAN_POINT('',(11.199999687276,11.576437235228));
#2136 = CARTESIAN_POINT('',(6.399999843638,14.347718798165));
#2137 = CARTESIAN_POINT('',(1.6,17.119000361103));
#2138 = CARTESIAN_POINT('',(6.400000156362,19.890281382386));
#2139 = CARTESIAN_POINT('',(11.200000312724,22.661562403669));
#2140 = CARTESIAN_POINT('',(11.2,17.118999819449));
#2141 = ( GEOMETRIC_REPRESENTATION_CONTEXT(2) 
PARAMETRIC_REPRESENTATION_CONTEXT() REPRESENTATION_CONTEXT('2D SPACE',''
  ) );
#2142 = PCURVE('',#2143,#2148);
#2143 = CYLINDRICAL_SURFACE('',#2144,3.2);
#2144 = AXIS2_PLACEMENT_3D('',#2145,#2146,#2147);
#2145 = CARTESIAN_POINT('',(8.,17.119,0.));
#2146 = DIRECTION('',(0.,0.,1.));
#2147 = DIRECTION('',(1.,-5.642227364334E-08,0.));
#2148 = DEFINITIONAL_REPRESENTATION('',(#2149),#2153);
#2149 = LINE('',#2150,#2151);
#2150 = CARTESIAN_POINT('',(6.28318530718,0.));
#2151 = VECTOR('',#2152,1.);
#2152 = DIRECTION('',(-1.,0.));
#2153 = ( GEOMETRIC_REPRESENTATION_CONTEXT(2) 
PARAMETRIC_REPRESENTATION_CONTEXT() REPRESENTATION_CONTEXT('2D SPACE',''
  ) );
#2154 = ORIENTED_EDGE('',*,*,#2155,.T.);
#2155 = EDGE_CURVE('',#2123,#2156,#2158,.T.);
#2156 = VERTEX_POINT('',#2157);
#2157 = CARTESIAN_POINT('',(-8.000000039231,13.919,0.));
#2158 = SURFACE_CURVE('',#2159,(#2163,#2170),.PCURVE_S1.);
#2159 = LINE('',#2160,#2161);
#2160 = CARTESIAN_POINT('',(-4.000000019615,13.919,0.));
#2161 = VECTOR('',#2162,1.);
#2162 = DIRECTION('',(-1.,-1.387778783504E-16,0.));
#2163 = PCURVE('',#823,#2164);
#2164 = DEFINITIONAL_REPRESENTATION('',(#2165),#2169);
#2165 = LINE('',#2166,#2167);
#2166 = CARTESIAN_POINT('',(-4.000000019615,13.919));
#2167 = VECTOR('',#2168,1.);
#2168 = DIRECTION('',(-1.,-1.387778783504E-16));
#2169 = ( GEOMETRIC_REPRESENTATION_CONTEXT(2) 
PARAMETRIC_REPRESENTATION_CONTEXT() REPRESENTATION_CONTEXT('2D SPACE',''
  ) );
#2170 = PCURVE('',#2171,#2176);
#2171 = PLANE('',#2172);
#2172 = AXIS2_PLACEMENT_3D('',#2173,#2174,#2175);
#2173 = CARTESIAN_POINT('',(-8.000000039231,13.919,0.));
#2174 = DIRECTION('',(1.387778783504E-16,-1.,0.));
#2175 = DIRECTION('',(1.,1.387778783504E-16,0.));
#2176 = DEFINITIONAL_REPRESENTATION('',(#2177),#2181);
#2177 = LINE('',#2178,#2179);
#2178 = CARTESIAN_POINT('',(4.000000019615,0.));
#2179 = VECTOR('',#2180,1.);
#2180 = DIRECTION('',(-1.,0.));
#2181 = ( GEOMETRIC_REPRESENTATION_CONTEXT(2) 
PARAMETRIC_REPRESENTATION_CONTEXT() REPRESENTATION_CONTEXT('2D SPACE',''
  ) );
#2182 = ORIENTED_EDGE('',*,*,#2183,.T.);
#2183 = EDGE_CURVE('',#2156,#2184,#2186,.T.);
#2184 = VERTEX_POINT('',#2185);
#2185 = CARTESIAN_POINT('',(-11.2,17.119000002227,0.));
#2186 = SURFACE_CURVE('',#2187,(#2192,#2203),.PCURVE_S1.);
#2187 = CIRCLE('',#2188,3.2);
#2188 = AXIS2_PLACEMENT_3D('',#2189,#2190,#2191);
#2189 = CARTESIAN_POINT('',(-8.,17.119,0.));
#2190 = DIRECTION('',(0.,0.,-1.));
#2191 = DIRECTION('',(-1.0897394715E-08,-1.,-0.));
#2192 = PCURVE('',#823,#2193);
#2193 = DEFINITIONAL_REPRESENTATION('',(#2194),#2202);
#2194 = ( BOUNDED_CURVE() B_SPLINE_CURVE(2,(#2195,#2196,#2197,#2198,
#2199,#2200,#2201),.UNSPECIFIED.,.T.,.F.) B_SPLINE_CURVE_WITH_KNOTS((1,2
    ,2,2,2,1),(-2.094395102393,0.,2.094395102393,4.188790204786,
6.28318530718,8.377580409573),.UNSPECIFIED.) CURVE() 
GEOMETRIC_REPRESENTATION_ITEM() RATIONAL_B_SPLINE_CURVE((1.,0.5,1.,0.5,
1.,0.5,1.)) REPRESENTATION_ITEM('') );
#2195 = CARTESIAN_POINT('',(-8.000000034872,13.919));
#2196 = CARTESIAN_POINT('',(-13.54256261909,13.919000060399));
#2197 = CARTESIAN_POINT('',(-10.77128127467,18.7190000302));
#2198 = CARTESIAN_POINT('',(-7.999999930257,23.519));
#2199 = CARTESIAN_POINT('',(-5.228718690454,18.7189999698));
#2200 = CARTESIAN_POINT('',(-2.457437450651,13.918999939601));
#2201 = CARTESIAN_POINT('',(-8.000000034872,13.919));
#2202 = ( GEOMETRIC_REPRESENTATION_CONTEXT(2) 
PARAMETRIC_REPRESENTATION_CONTEXT() REPRESENTATION_CONTEXT('2D SPACE',''
  ) );
#2203 = PCURVE('',#2204,#2209);
#2204 = CYLINDRICAL_SURFACE('',#2205,3.2);
#2205 = AXIS2_PLACEMENT_3D('',#2206,#2207,#2208);
#2206 = CARTESIAN_POINT('',(-8.,17.119,0.));
#2207 = DIRECTION('',(0.,0.,1.));
#2208 = DIRECTION('',(-1.0897394715E-08,-1.,0.));
#2209 = DEFINITIONAL_REPRESENTATION('',(#2210),#2214);
#2210 = LINE('',#2211,#2212);
#2211 = CARTESIAN_POINT('',(6.28318530718,0.));
#2212 = VECTOR('',#2213,1.);
#2213 = DIRECTION('',(-1.,0.));
#2214 = ( GEOMETRIC_REPRESENTATION_CONTEXT(2) 
PARAMETRIC_REPRESENTATION_CONTEXT() REPRESENTATION_CONTEXT('2D SPACE',''
  ) );
#2215 = ORIENTED_EDGE('',*,*,#2216,.T.);
#2216 = EDGE_CURVE('',#2184,#2217,#2219,.T.);
#2217 = VERTEX_POINT('',#2218);
#2218 = CARTESIAN_POINT('',(-11.20000042546,23.181253662818,0.));
#2219 = SURFACE_CURVE('',#2220,(#2224,#2231),.PCURVE_S1.);
#2220 = LINE('',#2221,#2222);
#2221 = CARTESIAN_POINT('',(-11.20000459004,19.000001654845,0.));
#2222 = VECTOR('',#2223,1.);
#2223 = DIRECTION('',(3.064525618689E-07,1.,0.));
#2224 = PCURVE('',#823,#2225);
#2225 = DEFINITIONAL_REPRESENTATION('',(#2226),#2230);
#2226 = LINE('',#2227,#2228);
#2227 = CARTESIAN_POINT('',(-11.20000459004,19.000001654845));
#2228 = VECTOR('',#2229,1.);
#2229 = DIRECTION('',(3.064525618689E-07,1.));
#2230 = ( GEOMETRIC_REPRESENTATION_CONTEXT(2) 
PARAMETRIC_REPRESENTATION_CONTEXT() REPRESENTATION_CONTEXT('2D SPACE',''
  ) );
#2231 = PCURVE('',#2232,#2237);
#2232 = PLANE('',#2233);
#2233 = AXIS2_PLACEMENT_3D('',#2234,#2235,#2236);
#2234 = CARTESIAN_POINT('',(-11.2000004275,23.210339796247,0.));
#2235 = DIRECTION('',(-1.,-7.018293822257E-08,0.));
#2236 = DIRECTION('',(7.018293822257E-08,-1.,0.));
#2237 = DEFINITIONAL_REPRESENTATION('',(#2238),#2242);
#2238 = LINE('',#2239,#2240);
#2239 = CARTESIAN_POINT('',(4.210338141402,0.));
#2240 = VECTOR('',#2241,1.);
#2241 = DIRECTION('',(-1.,0.));
#2242 = ( GEOMETRIC_REPRESENTATION_CONTEXT(2) 
PARAMETRIC_REPRESENTATION_CONTEXT() REPRESENTATION_CONTEXT('2D SPACE',''
  ) );
#2243 = ORIENTED_EDGE('',*,*,#2244,.T.);
#2244 = EDGE_CURVE('',#2217,#2245,#2247,.T.);
#2245 = VERTEX_POINT('',#2246);
#2246 = CARTESIAN_POINT('',(-11.99684373627,24.28931485407,0.));
#2247 = SURFACE_CURVE('',#2248,(#2253,#2260),.PCURVE_S1.);
#2248 = CIRCLE('',#2249,0.9987686);
#2249 = AXIS2_PLACEMENT_3D('',#2250,#2251,#2252);
#2250 = CARTESIAN_POINT('',(-12.190501,23.3095008,0.));
#2251 = DIRECTION('',(0.,0.,1.));
#2252 = DIRECTION('',(0.21239000045,0.977184981316,-0.));
#2253 = PCURVE('',#823,#2254);
#2254 = DEFINITIONAL_REPRESENTATION('',(#2255),#2259);
#2255 = CIRCLE('',#2256,0.9987686);
#2256 = AXIS2_PLACEMENT_2D('',#2257,#2258);
#2257 = CARTESIAN_POINT('',(-12.190501,23.3095008));
#2258 = DIRECTION('',(0.21239000045,0.977184981316));
#2259 = ( GEOMETRIC_REPRESENTATION_CONTEXT(2) 
PARAMETRIC_REPRESENTATION_CONTEXT() REPRESENTATION_CONTEXT('2D SPACE',''
  ) );
#2260 = PCURVE('',#1359,#2261);
#2261 = DEFINITIONAL_REPRESENTATION('',(#2262),#2266);
#2262 = LINE('',#2263,#2264);
#2263 = CARTESIAN_POINT('',(0.,0.));
#2264 = VECTOR('',#2265,1.);
#2265 = DIRECTION('',(1.,0.));
#2266 = ( GEOMETRIC_REPRESENTATION_CONTEXT(2) 
PARAMETRIC_REPRESENTATION_CONTEXT() REPRESENTATION_CONTEXT('2D SPACE',''
  ) );
#2267 = ORIENTED_EDGE('',*,*,#2268,.T.);
#2268 = EDGE_CURVE('',#2245,#1669,#2269,.T.);
#2269 = SURFACE_CURVE('',#2270,(#2274,#2281),.PCURVE_S1.);
#2270 = LINE('',#2271,#2272);
#2271 = CARTESIAN_POINT('',(-4.567659942162,23.315210718183,0.));
#2272 = VECTOR('',#2273,1.);
#2273 = DIRECTION('',(-0.991513230622,0.13000582103,0.));
#2274 = PCURVE('',#823,#2275);
#2275 = DEFINITIONAL_REPRESENTATION('',(#2276),#2280);
#2276 = LINE('',#2277,#2278);
#2277 = CARTESIAN_POINT('',(-4.567659942162,23.315210718183));
#2278 = VECTOR('',#2279,1.);
#2279 = DIRECTION('',(-0.991513230622,0.13000582103));
#2280 = ( GEOMETRIC_REPRESENTATION_CONTEXT(2) 
PARAMETRIC_REPRESENTATION_CONTEXT() REPRESENTATION_CONTEXT('2D SPACE',''
  ) );
#2281 = PCURVE('',#1586,#2282);
#2282 = DEFINITIONAL_REPRESENTATION('',(#2283),#2287);
#2283 = LINE('',#2284,#2285);
#2284 = CARTESIAN_POINT('',(7.560008377536,0.));
#2285 = VECTOR('',#2286,1.);
#2286 = DIRECTION('',(-1.,0.));
#2287 = ( GEOMETRIC_REPRESENTATION_CONTEXT(2) 
PARAMETRIC_REPRESENTATION_CONTEXT() REPRESENTATION_CONTEXT('2D SPACE',''
  ) );
#2288 = ORIENTED_EDGE('',*,*,#1668,.T.);
#2289 = ORIENTED_EDGE('',*,*,#2290,.T.);
#2290 = EDGE_CURVE('',#1646,#2291,#2293,.T.);
#2291 = VERTEX_POINT('',#2292);
#2292 = CARTESIAN_POINT('',(-11.91008077656,32.705067887628,0.));
#2293 = SURFACE_CURVE('',#2294,(#2298,#2305),.PCURVE_S1.);
#2294 = LINE('',#2295,#2296);
#2295 = CARTESIAN_POINT('',(-6.686909408788,32.933068849684,0.));
#2296 = VECTOR('',#2297,1.);
#2297 = DIRECTION('',(0.999048618505,4.361029537831E-02,0.));
#2298 = PCURVE('',#823,#2299);
#2299 = DEFINITIONAL_REPRESENTATION('',(#2300),#2304);
#2300 = LINE('',#2301,#2302);
#2301 = CARTESIAN_POINT('',(-6.686909408788,32.933068849684));
#2302 = VECTOR('',#2303,1.);
#2303 = DIRECTION('',(0.999048618505,4.361029537831E-02));
#2304 = ( GEOMETRIC_REPRESENTATION_CONTEXT(2) 
PARAMETRIC_REPRESENTATION_CONTEXT() REPRESENTATION_CONTEXT('2D SPACE',''
  ) );
#2305 = PCURVE('',#1513,#2306);
#2306 = DEFINITIONAL_REPRESENTATION('',(#2307),#2311);
#2307 = LINE('',#2308,#2309);
#2308 = CARTESIAN_POINT('',(-5.24432674667,0.));
#2309 = VECTOR('',#2310,1.);
#2310 = DIRECTION('',(-1.,0.));
#2311 = ( GEOMETRIC_REPRESENTATION_CONTEXT(2) 
PARAMETRIC_REPRESENTATION_CONTEXT() REPRESENTATION_CONTEXT('2D SPACE',''
  ) );
#2312 = ORIENTED_EDGE('',*,*,#2313,.T.);
#2313 = EDGE_CURVE('',#2291,#2314,#2316,.T.);
#2314 = VERTEX_POINT('',#2315);
#2315 = CARTESIAN_POINT('',(-11.2000003,33.499998890391,0.));
#2316 = SURFACE_CURVE('',#2317,(#2322,#2329),.PCURVE_S1.);
#2317 = CIRCLE('',#2318,0.8000007);
#2318 = AXIS2_PLACEMENT_3D('',#2319,#2320,#2321);
#2319 = CARTESIAN_POINT('',(-12.000001,33.499999,0.));
#2320 = DIRECTION('',(0.,0.,1.));
#2321 = DIRECTION('',(1.,3.53589793723E-07,-0.));
#2322 = PCURVE('',#823,#2323);
#2323 = DEFINITIONAL_REPRESENTATION('',(#2324),#2328);
#2324 = CIRCLE('',#2325,0.8000007);
#2325 = AXIS2_PLACEMENT_2D('',#2326,#2327);
#2326 = CARTESIAN_POINT('',(-12.000001,33.499999));
#2327 = DIRECTION('',(1.,3.53589793723E-07));
#2328 = ( GEOMETRIC_REPRESENTATION_CONTEXT(2) 
PARAMETRIC_REPRESENTATION_CONTEXT() REPRESENTATION_CONTEXT('2D SPACE',''
  ) );
#2329 = PCURVE('',#1464,#2330);
#2330 = DEFINITIONAL_REPRESENTATION('',(#2331),#2335);
#2331 = LINE('',#2332,#2333);
#2332 = CARTESIAN_POINT('',(8.881784197001E-16,0.));
#2333 = VECTOR('',#2334,1.);
#2334 = DIRECTION('',(1.,0.));
#2335 = ( GEOMETRIC_REPRESENTATION_CONTEXT(2) 
PARAMETRIC_REPRESENTATION_CONTEXT() REPRESENTATION_CONTEXT('2D SPACE',''
  ) );
#2336 = ORIENTED_EDGE('',*,*,#2337,.T.);
#2337 = EDGE_CURVE('',#2314,#2338,#2340,.T.);
#2338 = VERTEX_POINT('',#2339);
#2339 = CARTESIAN_POINT('',(-11.2,33.978000753139,0.));
#2340 = SURFACE_CURVE('',#2341,(#2345,#2352),.PCURVE_S1.);
#2341 = LINE('',#2342,#2343);
#2342 = CARTESIAN_POINT('',(-11.20000459004,19.000001654845,0.));
#2343 = VECTOR('',#2344,1.);
#2344 = DIRECTION('',(3.064525618689E-07,1.,0.));
#2345 = PCURVE('',#823,#2346);
#2346 = DEFINITIONAL_REPRESENTATION('',(#2347),#2351);
#2347 = LINE('',#2348,#2349);
#2348 = CARTESIAN_POINT('',(-11.20000459004,19.000001654845));
#2349 = VECTOR('',#2350,1.);
#2350 = DIRECTION('',(3.064525618689E-07,1.));
#2351 = ( GEOMETRIC_REPRESENTATION_CONTEXT(2) 
PARAMETRIC_REPRESENTATION_CONTEXT() REPRESENTATION_CONTEXT('2D SPACE',''
  ) );
#2352 = PCURVE('',#2353,#2358);
#2353 = PLANE('',#2354);
#2354 = AXIS2_PLACEMENT_3D('',#2355,#2356,#2357);
#2355 = CARTESIAN_POINT('',(-11.2,33.978000753139,0.));
#2356 = DIRECTION('',(-1.,6.276133238905E-07,0.));
#2357 = DIRECTION('',(-6.276133238905E-07,-1.,0.));
#2358 = DEFINITIONAL_REPRESENTATION('',(#2359),#2363);
#2359 = LINE('',#2360,#2361);
#2360 = CARTESIAN_POINT('',(14.977999098293,0.));
#2361 = VECTOR('',#2362,1.);
#2362 = DIRECTION('',(-1.,0.));
#2363 = ( GEOMETRIC_REPRESENTATION_CONTEXT(2) 
PARAMETRIC_REPRESENTATION_CONTEXT() REPRESENTATION_CONTEXT('2D SPACE',''
  ) );
#2364 = ORIENTED_EDGE('',*,*,#2365,.T.);
#2365 = EDGE_CURVE('',#2338,#2366,#2368,.T.);
#2366 = VERTEX_POINT('',#2367);
#2367 = CARTESIAN_POINT('',(-11.19999999325,34.,0.));
#2368 = SURFACE_CURVE('',#2369,(#2373,#2380),.PCURVE_S1.);
#2369 = LINE('',#2370,#2371);
#2370 = CARTESIAN_POINT('',(-11.20000459004,19.000001654845,0.));
#2371 = VECTOR('',#2372,1.);
#2372 = DIRECTION('',(3.064525618689E-07,1.,0.));
#2373 = PCURVE('',#823,#2374);
#2374 = DEFINITIONAL_REPRESENTATION('',(#2375),#2379);
#2375 = LINE('',#2376,#2377);
#2376 = CARTESIAN_POINT('',(-11.20000459004,19.000001654845));
#2377 = VECTOR('',#2378,1.);
#2378 = DIRECTION('',(3.064525618689E-07,1.));
#2379 = ( GEOMETRIC_REPRESENTATION_CONTEXT(2) 
PARAMETRIC_REPRESENTATION_CONTEXT() REPRESENTATION_CONTEXT('2D SPACE',''
  ) );
#2380 = PCURVE('',#2381,#2386);
#2381 = PLANE('',#2382);
#2382 = AXIS2_PLACEMENT_3D('',#2383,#2384,#2385);
#2383 = CARTESIAN_POINT('',(-11.19999876744,37.999999877419,0.));
#2384 = DIRECTION('',(-1.,3.064525618689E-07,0.));
#2385 = DIRECTION('',(-3.064525618689E-07,-1.,0.));
#2386 = DEFINITIONAL_REPRESENTATION('',(#2387),#2391);
#2387 = LINE('',#2388,#2389);
#2388 = CARTESIAN_POINT('',(18.999998222574,0.));
#2389 = VECTOR('',#2390,1.);
#2390 = DIRECTION('',(-1.,0.));
#2391 = ( GEOMETRIC_REPRESENTATION_CONTEXT(2) 
PARAMETRIC_REPRESENTATION_CONTEXT() REPRESENTATION_CONTEXT('2D SPACE',''
  ) );
#2392 = ORIENTED_EDGE('',*,*,#2393,.F.);
#2393 = EDGE_CURVE('',#2394,#2366,#2396,.T.);
#2394 = VERTEX_POINT('',#2395);
#2395 = CARTESIAN_POINT('',(11.200000076119,34.,0.));
#2396 = SURFACE_CURVE('',#2397,(#2401,#2408),.PCURVE_S1.);
#2397 = LINE('',#2398,#2399);
#2398 = CARTESIAN_POINT('',(11.,34.,0.));
#2399 = VECTOR('',#2400,1.);
#2400 = DIRECTION('',(-1.,0.,0.));
#2401 = PCURVE('',#823,#2402);
#2402 = DEFINITIONAL_REPRESENTATION('',(#2403),#2407);
#2403 = LINE('',#2404,#2405);
#2404 = CARTESIAN_POINT('',(11.,34.));
#2405 = VECTOR('',#2406,1.);
#2406 = DIRECTION('',(-1.,0.));
#2407 = ( GEOMETRIC_REPRESENTATION_CONTEXT(2) 
PARAMETRIC_REPRESENTATION_CONTEXT() REPRESENTATION_CONTEXT('2D SPACE',''
  ) );
#2408 = PCURVE('',#2409,#2414);
#2409 = CYLINDRICAL_SURFACE('',#2410,4.);
#2410 = AXIS2_PLACEMENT_3D('',#2411,#2412,#2413);
#2411 = CARTESIAN_POINT('',(11.,34.,4.));
#2412 = DIRECTION('',(-1.,0.,0.));
#2413 = DIRECTION('',(0.,0.707106781187,-0.707106781187));
#2414 = DEFINITIONAL_REPRESENTATION('',(#2415),#2419);
#2415 = LINE('',#2416,#2417);
#2416 = CARTESIAN_POINT('',(7.068583470577,0.));
#2417 = VECTOR('',#2418,1.);
#2418 = DIRECTION('',(0.,1.));
#2419 = ( GEOMETRIC_REPRESENTATION_CONTEXT(2) 
PARAMETRIC_REPRESENTATION_CONTEXT() REPRESENTATION_CONTEXT('2D SPACE',''
  ) );
#2420 = ORIENTED_EDGE('',*,*,#2421,.T.);
#2421 = EDGE_CURVE('',#2394,#2422,#2424,.T.);
#2422 = VERTEX_POINT('',#2423);
#2423 = CARTESIAN_POINT('',(11.200000300003,33.500000322955,0.));
#2424 = SURFACE_CURVE('',#2425,(#2429,#2436),.PCURVE_S1.);
#2425 = LINE('',#2426,#2427);
#2426 = CARTESIAN_POINT('',(11.200007800006,16.750002668946,0.));
#2427 = VECTOR('',#2428,1.);
#2428 = DIRECTION('',(4.477616355152E-07,-1.,0.));
#2429 = PCURVE('',#823,#2430);
#2430 = DEFINITIONAL_REPRESENTATION('',(#2431),#2435);
#2431 = LINE('',#2432,#2433);
#2432 = CARTESIAN_POINT('',(11.200007800006,16.750002668946));
#2433 = VECTOR('',#2434,1.);
#2434 = DIRECTION('',(4.477616355152E-07,-1.));
#2435 = ( GEOMETRIC_REPRESENTATION_CONTEXT(2) 
PARAMETRIC_REPRESENTATION_CONTEXT() REPRESENTATION_CONTEXT('2D SPACE',''
  ) );
#2436 = PCURVE('',#2437,#2442);
#2437 = PLANE('',#2438);
#2438 = AXIS2_PLACEMENT_3D('',#2439,#2440,#2441);
#2439 = CARTESIAN_POINT('',(11.2000003,33.500000322955,0.));
#2440 = DIRECTION('',(1.,4.477616355152E-07,0.));
#2441 = DIRECTION('',(-4.477616355152E-07,1.,0.));
#2442 = DEFINITIONAL_REPRESENTATION('',(#2443),#2447);
#2443 = LINE('',#2444,#2445);
#2444 = CARTESIAN_POINT('',(-16.74999765401,0.));
#2445 = VECTOR('',#2446,1.);
#2446 = DIRECTION('',(-1.,0.));
#2447 = ( GEOMETRIC_REPRESENTATION_CONTEXT(2) 
PARAMETRIC_REPRESENTATION_CONTEXT() REPRESENTATION_CONTEXT('2D SPACE',''
  ) );
#2448 = ORIENTED_EDGE('',*,*,#2449,.T.);
#2449 = EDGE_CURVE('',#2422,#2450,#2452,.T.);
#2450 = VERTEX_POINT('',#2451);
#2451 = CARTESIAN_POINT('',(11.910080757382,32.705067889797,0.));
#2452 = SURFACE_CURVE('',#2453,(#2458,#2465),.PCURVE_S1.);
#2453 = CIRCLE('',#2454,0.8000007);
#2454 = AXIS2_PLACEMENT_3D('',#2455,#2456,#2457);
#2455 = CARTESIAN_POINT('',(12.000001,33.499999,0.));
#2456 = DIRECTION('',(0.,0.,1.));
#2457 = DIRECTION('',(-0.140774965192,-0.990041619921,0.));
#2458 = PCURVE('',#823,#2459);
#2459 = DEFINITIONAL_REPRESENTATION('',(#2460),#2464);
#2460 = CIRCLE('',#2461,0.8000007);
#2461 = AXIS2_PLACEMENT_2D('',#2462,#2463);
#2462 = CARTESIAN_POINT('',(12.000001,33.499999));
#2463 = DIRECTION('',(-0.140774965192,-0.990041619921));
#2464 = ( GEOMETRIC_REPRESENTATION_CONTEXT(2) 
PARAMETRIC_REPRESENTATION_CONTEXT() REPRESENTATION_CONTEXT('2D SPACE',''
  ) );
#2465 = PCURVE('',#492,#2466);
#2466 = DEFINITIONAL_REPRESENTATION('',(#2467),#2471);
#2467 = LINE('',#2468,#2469);
#2468 = CARTESIAN_POINT('',(2.6645352591E-15,0.));
#2469 = VECTOR('',#2470,1.);
#2470 = DIRECTION('',(1.,0.));
#2471 = ( GEOMETRIC_REPRESENTATION_CONTEXT(2) 
PARAMETRIC_REPRESENTATION_CONTEXT() REPRESENTATION_CONTEXT('2D SPACE',''
  ) );
#2472 = ORIENTED_EDGE('',*,*,#2473,.T.);
#2473 = EDGE_CURVE('',#2450,#807,#2474,.T.);
#2474 = SURFACE_CURVE('',#2475,(#2479,#2486),.PCURVE_S1.);
#2475 = LINE('',#2476,#2477);
#2476 = CARTESIAN_POINT('',(6.734374293872,32.930997260195,0.));
#2477 = VECTOR('',#2478,1.);
#2478 = DIRECTION('',(0.999048615662,-4.361036050338E-02,0.));
#2479 = PCURVE('',#823,#2480);
#2480 = DEFINITIONAL_REPRESENTATION('',(#2481),#2485);
#2481 = LINE('',#2482,#2483);
#2482 = CARTESIAN_POINT('',(6.734374293872,32.930997260195));
#2483 = VECTOR('',#2484,1.);
#2484 = DIRECTION('',(0.999048615662,-4.361036050338E-02));
#2485 = ( GEOMETRIC_REPRESENTATION_CONTEXT(2) 
PARAMETRIC_REPRESENTATION_CONTEXT() REPRESENTATION_CONTEXT('2D SPACE',''
  ) );
#2486 = PCURVE('',#724,#2487);
#2487 = DEFINITIONAL_REPRESENTATION('',(#2488),#2492);
#2488 = LINE('',#2489,#2490);
#2489 = CARTESIAN_POINT('',(5.291834653392,0.));
#2490 = VECTOR('',#2491,1.);
#2491 = DIRECTION('',(-1.,0.));
#2492 = ( GEOMETRIC_REPRESENTATION_CONTEXT(2) 
PARAMETRIC_REPRESENTATION_CONTEXT() REPRESENTATION_CONTEXT('2D SPACE',''
  ) );
#2493 = ORIENTED_EDGE('',*,*,#806,.T.);
#2494 = FACE_BOUND('',#2495,.T.);
#2495 = EDGE_LOOP('',(#2496));
#2496 = ORIENTED_EDGE('',*,*,#1855,.T.);
#2497 = FACE_BOUND('',#2498,.T.);
#2498 = EDGE_LOOP('',(#2499));
#2499 = ORIENTED_EDGE('',*,*,#1995,.T.);
#2500 = ADVANCED_FACE('',(#2501),#543,.F.);
#2501 = FACE_BOUND('',#2502,.T.);
#2502 = EDGE_LOOP('',(#2503,#2504,#2532,#2555,#2583,#2611,#2634,#2657,
    #2683,#2684,#2712,#2735,#2759,#2782,#2806,#2829));
#2503 = ORIENTED_EDGE('',*,*,#526,.F.);
#2504 = ORIENTED_EDGE('',*,*,#2505,.F.);
#2505 = EDGE_CURVE('',#2506,#443,#2508,.T.);
#2506 = VERTEX_POINT('',#2507);
#2507 = CARTESIAN_POINT('',(11.200000300003,33.500000322955,2.5));
#2508 = SURFACE_CURVE('',#2509,(#2514,#2525),.PCURVE_S1.);
#2509 = CIRCLE('',#2510,0.8000007);
#2510 = AXIS2_PLACEMENT_3D('',#2511,#2512,#2513);
#2511 = CARTESIAN_POINT('',(12.000001,33.499999,2.5));
#2512 = DIRECTION('',(0.,0.,1.));
#2513 = DIRECTION('',(-0.140774965192,-0.990041619921,0.));
#2514 = PCURVE('',#543,#2515);
#2515 = DEFINITIONAL_REPRESENTATION('',(#2516),#2524);
#2516 = ( BOUNDED_CURVE() B_SPLINE_CURVE(2,(#2517,#2518,#2519,#2520,
#2521,#2522,#2523),.UNSPECIFIED.,.T.,.F.) B_SPLINE_CURVE_WITH_KNOTS((1,2
    ,2,2,2,1),(-2.094395102393,0.,2.094395102393,4.188790204786,
6.28318530718,8.377580409573),.UNSPECIFIED.) CURVE() 
GEOMETRIC_REPRESENTATION_ITEM() RATIONAL_B_SPLINE_CURVE((1.,0.5,1.,0.5,
1.,0.5,1.)) REPRESENTATION_ITEM('') );
#2517 = CARTESIAN_POINT('',(11.887380929304,-6.948465011034));
#2518 = CARTESIAN_POINT('',(13.259224039514,-6.753401326637));
#2519 = CARTESIAN_POINT('',(12.742232590453,-8.038984152284));
#2520 = CARTESIAN_POINT('',(12.225241141392,-9.324566977931));
#2521 = CARTESIAN_POINT('',(11.370389480243,-8.234047836682));
#2522 = CARTESIAN_POINT('',(10.515537819094,-7.143528695432));
#2523 = CARTESIAN_POINT('',(11.887380929304,-6.948465011034));
#2524 = ( GEOMETRIC_REPRESENTATION_CONTEXT(2) 
PARAMETRIC_REPRESENTATION_CONTEXT() REPRESENTATION_CONTEXT('2D SPACE',''
  ) );
#2525 = PCURVE('',#492,#2526);
#2526 = DEFINITIONAL_REPRESENTATION('',(#2527),#2531);
#2527 = LINE('',#2528,#2529);
#2528 = CARTESIAN_POINT('',(2.6645352591E-15,2.5));
#2529 = VECTOR('',#2530,1.);
#2530 = DIRECTION('',(1.,0.));
#2531 = ( GEOMETRIC_REPRESENTATION_CONTEXT(2) 
PARAMETRIC_REPRESENTATION_CONTEXT() REPRESENTATION_CONTEXT('2D SPACE',''
  ) );
#2532 = ORIENTED_EDGE('',*,*,#2533,.T.);
#2533 = EDGE_CURVE('',#2506,#2534,#2536,.T.);
#2534 = VERTEX_POINT('',#2535);
#2535 = CARTESIAN_POINT('',(11.2,34.169999658274,2.5));
#2536 = SURFACE_CURVE('',#2537,(#2541,#2548),.PCURVE_S1.);
#2537 = LINE('',#2538,#2539);
#2538 = CARTESIAN_POINT('',(11.200000070734,29.964749808093,2.5));
#2539 = VECTOR('',#2540,1.);
#2540 = DIRECTION('',(2.048074052112E-08,1.,0.));
#2541 = PCURVE('',#543,#2542);
#2542 = DEFINITIONAL_REPRESENTATION('',(#2543),#2547);
#2543 = LINE('',#2544,#2545);
#2544 = CARTESIAN_POINT('',(11.200000070734,-4.205249808093));
#2545 = VECTOR('',#2546,1.);
#2546 = DIRECTION('',(2.048074052112E-08,-1.));
#2547 = ( GEOMETRIC_REPRESENTATION_CONTEXT(2) 
PARAMETRIC_REPRESENTATION_CONTEXT() REPRESENTATION_CONTEXT('2D SPACE',''
  ) );
#2548 = PCURVE('',#2437,#2549);
#2549 = DEFINITIONAL_REPRESENTATION('',(#2550),#2554);
#2550 = LINE('',#2551,#2552);
#2551 = CARTESIAN_POINT('',(-3.535250514861,2.5));
#2552 = VECTOR('',#2553,1.);
#2553 = DIRECTION('',(1.,0.));
#2554 = ( GEOMETRIC_REPRESENTATION_CONTEXT(2) 
PARAMETRIC_REPRESENTATION_CONTEXT() REPRESENTATION_CONTEXT('2D SPACE',''
  ) );
#2555 = ORIENTED_EDGE('',*,*,#2556,.F.);
#2556 = EDGE_CURVE('',#2557,#2534,#2559,.T.);
#2557 = VERTEX_POINT('',#2558);
#2558 = CARTESIAN_POINT('',(11.200000190245,35.8,2.5));
#2559 = SURFACE_CURVE('',#2560,(#2564,#2571),.PCURVE_S1.);
#2560 = LINE('',#2561,#2562);
#2561 = CARTESIAN_POINT('',(11.200000070734,29.964749808093,2.5));
#2562 = VECTOR('',#2563,1.);
#2563 = DIRECTION('',(-2.048074052112E-08,-1.,0.));
#2564 = PCURVE('',#543,#2565);
#2565 = DEFINITIONAL_REPRESENTATION('',(#2566),#2570);
#2566 = LINE('',#2567,#2568);
#2567 = CARTESIAN_POINT('',(11.200000070734,-4.205249808093));
#2568 = VECTOR('',#2569,1.);
#2569 = DIRECTION('',(-2.048074052112E-08,1.));
#2570 = ( GEOMETRIC_REPRESENTATION_CONTEXT(2) 
PARAMETRIC_REPRESENTATION_CONTEXT() REPRESENTATION_CONTEXT('2D SPACE',''
  ) );
#2571 = PCURVE('',#2572,#2577);
#2572 = PLANE('',#2573);
#2573 = AXIS2_PLACEMENT_3D('',#2574,#2575,#2576);
#2574 = CARTESIAN_POINT('',(11.200000156861,34.169999845571,0.));
#2575 = DIRECTION('',(1.,-2.048074052112E-08,0.));
#2576 = DIRECTION('',(2.048074052112E-08,1.,0.));
#2577 = DEFINITIONAL_REPRESENTATION('',(#2578),#2582);
#2578 = LINE('',#2579,#2580);
#2579 = CARTESIAN_POINT('',(-4.205250037478,2.5));
#2580 = VECTOR('',#2581,1.);
#2581 = DIRECTION('',(-1.,0.));
#2582 = ( GEOMETRIC_REPRESENTATION_CONTEXT(2) 
PARAMETRIC_REPRESENTATION_CONTEXT() REPRESENTATION_CONTEXT('2D SPACE',''
  ) );
#2583 = ORIENTED_EDGE('',*,*,#2584,.F.);
#2584 = EDGE_CURVE('',#2585,#2557,#2587,.T.);
#2585 = VERTEX_POINT('',#2586);
#2586 = CARTESIAN_POINT('',(-11.19999944164,35.8,2.5));
#2587 = SURFACE_CURVE('',#2588,(#2592,#2599),.PCURVE_S1.);
#2588 = LINE('',#2589,#2590);
#2589 = CARTESIAN_POINT('',(11.,35.8,2.5));
#2590 = VECTOR('',#2591,1.);
#2591 = DIRECTION('',(1.,0.,0.));
#2592 = PCURVE('',#543,#2593);
#2593 = DEFINITIONAL_REPRESENTATION('',(#2594),#2598);
#2594 = LINE('',#2595,#2596);
#2595 = CARTESIAN_POINT('',(11.,-10.0405));
#2596 = VECTOR('',#2597,1.);
#2597 = DIRECTION('',(1.,0.));
#2598 = ( GEOMETRIC_REPRESENTATION_CONTEXT(2) 
PARAMETRIC_REPRESENTATION_CONTEXT() REPRESENTATION_CONTEXT('2D SPACE',''
  ) );
#2599 = PCURVE('',#2600,#2605);
#2600 = PLANE('',#2601);
#2601 = AXIS2_PLACEMENT_3D('',#2602,#2603,#2604);
#2602 = CARTESIAN_POINT('',(22.,35.8,5.));
#2603 = DIRECTION('',(0.,1.,0.));
#2604 = DIRECTION('',(-1.,0.,0.));
#2605 = DEFINITIONAL_REPRESENTATION('',(#2606),#2610);
#2606 = LINE('',#2607,#2608);
#2607 = CARTESIAN_POINT('',(11.,-2.5));
#2608 = VECTOR('',#2609,1.);
#2609 = DIRECTION('',(-1.,0.));
#2610 = ( GEOMETRIC_REPRESENTATION_CONTEXT(2) 
PARAMETRIC_REPRESENTATION_CONTEXT() REPRESENTATION_CONTEXT('2D SPACE',''
  ) );
#2611 = ORIENTED_EDGE('',*,*,#2612,.F.);
#2612 = EDGE_CURVE('',#2613,#2585,#2615,.T.);
#2613 = VERTEX_POINT('',#2614);
#2614 = CARTESIAN_POINT('',(-11.2,33.978000753139,2.5));
#2615 = SURFACE_CURVE('',#2616,(#2620,#2627),.PCURVE_S1.);
#2616 = LINE('',#2617,#2618);
#2617 = CARTESIAN_POINT('',(-11.20000064301,31.879751654844,2.5));
#2618 = VECTOR('',#2619,1.);
#2619 = DIRECTION('',(3.064525618689E-07,1.,0.));
#2620 = PCURVE('',#543,#2621);
#2621 = DEFINITIONAL_REPRESENTATION('',(#2622),#2626);
#2622 = LINE('',#2623,#2624);
#2623 = CARTESIAN_POINT('',(-11.20000064301,-6.120251654844));
#2624 = VECTOR('',#2625,1.);
#2625 = DIRECTION('',(3.064525618689E-07,-1.));
#2626 = ( GEOMETRIC_REPRESENTATION_CONTEXT(2) 
PARAMETRIC_REPRESENTATION_CONTEXT() REPRESENTATION_CONTEXT('2D SPACE',''
  ) );
#2627 = PCURVE('',#2381,#2628);
#2628 = DEFINITIONAL_REPRESENTATION('',(#2629),#2633);
#2629 = LINE('',#2630,#2631);
#2630 = CARTESIAN_POINT('',(6.120248222575,2.5));
#2631 = VECTOR('',#2632,1.);
#2632 = DIRECTION('',(-1.,0.));
#2633 = ( GEOMETRIC_REPRESENTATION_CONTEXT(2) 
PARAMETRIC_REPRESENTATION_CONTEXT() REPRESENTATION_CONTEXT('2D SPACE',''
  ) );
#2634 = ORIENTED_EDGE('',*,*,#2635,.F.);
#2635 = EDGE_CURVE('',#2636,#2613,#2638,.T.);
#2636 = VERTEX_POINT('',#2637);
#2637 = CARTESIAN_POINT('',(-11.2000003,33.499998890391,2.5));
#2638 = SURFACE_CURVE('',#2639,(#2643,#2650),.PCURVE_S1.);
#2639 = LINE('',#2640,#2641);
#2640 = CARTESIAN_POINT('',(-11.20000257901,29.868753891206,2.5));
#2641 = VECTOR('',#2642,1.);
#2642 = DIRECTION('',(6.276133238905E-07,1.,0.));
#2643 = PCURVE('',#543,#2644);
#2644 = DEFINITIONAL_REPRESENTATION('',(#2645),#2649);
#2645 = LINE('',#2646,#2647);
#2646 = CARTESIAN_POINT('',(-11.20000257901,-4.109253891206));
#2647 = VECTOR('',#2648,1.);
#2648 = DIRECTION('',(6.276133238905E-07,-1.));
#2649 = ( GEOMETRIC_REPRESENTATION_CONTEXT(2) 
PARAMETRIC_REPRESENTATION_CONTEXT() REPRESENTATION_CONTEXT('2D SPACE',''
  ) );
#2650 = PCURVE('',#2353,#2651);
#2651 = DEFINITIONAL_REPRESENTATION('',(#2652),#2656);
#2652 = LINE('',#2653,#2654);
#2653 = CARTESIAN_POINT('',(4.109246861934,2.5));
#2654 = VECTOR('',#2655,1.);
#2655 = DIRECTION('',(-1.,0.));
#2656 = ( GEOMETRIC_REPRESENTATION_CONTEXT(2) 
PARAMETRIC_REPRESENTATION_CONTEXT() REPRESENTATION_CONTEXT('2D SPACE',''
  ) );
#2657 = ORIENTED_EDGE('',*,*,#2658,.F.);
#2658 = EDGE_CURVE('',#1394,#2636,#2659,.T.);
#2659 = SURFACE_CURVE('',#2660,(#2665,#2676),.PCURVE_S1.);
#2660 = CIRCLE('',#2661,0.8000007);
#2661 = AXIS2_PLACEMENT_3D('',#2662,#2663,#2664);
#2662 = CARTESIAN_POINT('',(-12.000001,33.499999,2.5));
#2663 = DIRECTION('',(0.,0.,1.));
#2664 = DIRECTION('',(1.,3.53589793723E-07,-0.));
#2665 = PCURVE('',#543,#2666);
#2666 = DEFINITIONAL_REPRESENTATION('',(#2667),#2675);
#2667 = ( BOUNDED_CURVE() B_SPLINE_CURVE(2,(#2668,#2669,#2670,#2671,
#2672,#2673,#2674),.UNSPECIFIED.,.T.,.F.) B_SPLINE_CURVE_WITH_KNOTS((1,2
    ,2,2,2,1),(-2.094395102393,0.,2.094395102393,4.188790204786,
6.28318530718,8.377580409573),.UNSPECIFIED.) CURVE() 
GEOMETRIC_REPRESENTATION_ITEM() RATIONAL_B_SPLINE_CURVE((1.,0.5,1.,0.5,
1.,0.5,1.)) REPRESENTATION_ITEM('') );
#2668 = CARTESIAN_POINT('',(-11.2000003,-7.740499282872));
#2669 = CARTESIAN_POINT('',(-11.20000078994,-9.126141141363));
#2670 = CARTESIAN_POINT('',(-12.40000159497,-8.433319787809));
#2671 = CARTESIAN_POINT('',(-13.6000024,-7.740498434256));
#2672 = CARTESIAN_POINT('',(-12.40000110502,-7.047677929319));
#2673 = CARTESIAN_POINT('',(-11.19999981005,-6.354857424382));
#2674 = CARTESIAN_POINT('',(-11.2000003,-7.740499282872));
#2675 = ( GEOMETRIC_REPRESENTATION_CONTEXT(2) 
PARAMETRIC_REPRESENTATION_CONTEXT() REPRESENTATION_CONTEXT('2D SPACE',''
  ) );
#2676 = PCURVE('',#1464,#2677);
#2677 = DEFINITIONAL_REPRESENTATION('',(#2678),#2682);
#2678 = LINE('',#2679,#2680);
#2679 = CARTESIAN_POINT('',(5.329070518201E-15,2.5));
#2680 = VECTOR('',#2681,1.);
#2681 = DIRECTION('',(1.,0.));
#2682 = ( GEOMETRIC_REPRESENTATION_CONTEXT(2) 
PARAMETRIC_REPRESENTATION_CONTEXT() REPRESENTATION_CONTEXT('2D SPACE',''
  ) );
#2683 = ORIENTED_EDGE('',*,*,#1393,.F.);
#2684 = ORIENTED_EDGE('',*,*,#2685,.F.);
#2685 = EDGE_CURVE('',#2686,#1310,#2688,.T.);
#2686 = VERTEX_POINT('',#2687);
#2687 = CARTESIAN_POINT('',(-11.20000042546,23.181253662818,2.5));
#2688 = SURFACE_CURVE('',#2689,(#2694,#2705),.PCURVE_S1.);
#2689 = CIRCLE('',#2690,0.9987686);
#2690 = AXIS2_PLACEMENT_3D('',#2691,#2692,#2693);
#2691 = CARTESIAN_POINT('',(-12.190501,23.3095008,2.5));
#2692 = DIRECTION('',(0.,0.,1.));
#2693 = DIRECTION('',(0.21239000045,0.977184981316,-0.));
#2694 = PCURVE('',#543,#2695);
#2695 = DEFINITIONAL_REPRESENTATION('',(#2696),#2704);
#2696 = ( BOUNDED_CURVE() B_SPLINE_CURVE(2,(#2697,#2698,#2699,#2700,
#2701,#2702,#2703),.UNSPECIFIED.,.T.,.F.) B_SPLINE_CURVE_WITH_KNOTS((1,2
    ,2,2,2,1),(-2.094395102393,0.,2.094395102393,4.188790204786,
6.28318530718,8.377580409573),.UNSPECIFIED.) CURVE() 
GEOMETRIC_REPRESENTATION_ITEM() RATIONAL_B_SPLINE_CURVE((1.,0.5,1.,0.5,
1.,0.5,1.)) REPRESENTATION_ITEM('') );
#2697 = CARTESIAN_POINT('',(-11.97837253659,1.47401752427));
#2698 = CARTESIAN_POINT('',(-13.66882238621,1.106600247925));
#2699 = CARTESIAN_POINT('',(-13.14179015651,2.754281399692));
#2700 = CARTESIAN_POINT('',(-12.6147579268,4.401962551459));
#2701 = CARTESIAN_POINT('',(-11.45134030689,3.121698676038));
#2702 = CARTESIAN_POINT('',(-10.28792268697,1.841434800616));
#2703 = CARTESIAN_POINT('',(-11.97837253659,1.47401752427));
#2704 = ( GEOMETRIC_REPRESENTATION_CONTEXT(2) 
PARAMETRIC_REPRESENTATION_CONTEXT() REPRESENTATION_CONTEXT('2D SPACE',''
  ) );
#2705 = PCURVE('',#1359,#2706);
#2706 = DEFINITIONAL_REPRESENTATION('',(#2707),#2711);
#2707 = LINE('',#2708,#2709);
#2708 = CARTESIAN_POINT('',(0.,2.5));
#2709 = VECTOR('',#2710,1.);
#2710 = DIRECTION('',(1.,0.));
#2711 = ( GEOMETRIC_REPRESENTATION_CONTEXT(2) 
PARAMETRIC_REPRESENTATION_CONTEXT() REPRESENTATION_CONTEXT('2D SPACE',''
  ) );
#2712 = ORIENTED_EDGE('',*,*,#2713,.F.);
#2713 = EDGE_CURVE('',#2714,#2686,#2716,.T.);
#2714 = VERTEX_POINT('',#2715);
#2715 = CARTESIAN_POINT('',(-11.2,17.119000002227,2.5));
#2716 = SURFACE_CURVE('',#2717,(#2721,#2728),.PCURVE_S1.);
#2717 = LINE('',#2718,#2719);
#2718 = CARTESIAN_POINT('',(-11.20000051696,24.484919505099,2.5));
#2719 = VECTOR('',#2720,1.);
#2720 = DIRECTION('',(-7.018293822257E-08,1.,0.));
#2721 = PCURVE('',#543,#2722);
#2722 = DEFINITIONAL_REPRESENTATION('',(#2723),#2727);
#2723 = LINE('',#2724,#2725);
#2724 = CARTESIAN_POINT('',(-11.20000051696,1.274580494901));
#2725 = VECTOR('',#2726,1.);
#2726 = DIRECTION('',(-7.018293822257E-08,-1.));
#2727 = ( GEOMETRIC_REPRESENTATION_CONTEXT(2) 
PARAMETRIC_REPRESENTATION_CONTEXT() REPRESENTATION_CONTEXT('2D SPACE',''
  ) );
#2728 = PCURVE('',#2232,#2729);
#2729 = DEFINITIONAL_REPRESENTATION('',(#2730),#2734);
#2730 = LINE('',#2731,#2732);
#2731 = CARTESIAN_POINT('',(-1.274579708852,2.5));
#2732 = VECTOR('',#2733,1.);
#2733 = DIRECTION('',(-1.,0.));
#2734 = ( GEOMETRIC_REPRESENTATION_CONTEXT(2) 
PARAMETRIC_REPRESENTATION_CONTEXT() REPRESENTATION_CONTEXT('2D SPACE',''
  ) );
#2735 = ORIENTED_EDGE('',*,*,#2736,.F.);
#2736 = EDGE_CURVE('',#2737,#2714,#2739,.T.);
#2737 = VERTEX_POINT('',#2738);
#2738 = CARTESIAN_POINT('',(-8.000000039231,13.919,2.5));
#2739 = SURFACE_CURVE('',#2740,(#2745,#2752),.PCURVE_S1.);
#2740 = CIRCLE('',#2741,3.2);
#2741 = AXIS2_PLACEMENT_3D('',#2742,#2743,#2744);
#2742 = CARTESIAN_POINT('',(-8.,17.119,2.5));
#2743 = DIRECTION('',(0.,0.,-1.));
#2744 = DIRECTION('',(-1.0897394715E-08,-1.,-0.));
#2745 = PCURVE('',#543,#2746);
#2746 = DEFINITIONAL_REPRESENTATION('',(#2747),#2751);
#2747 = CIRCLE('',#2748,3.2);
#2748 = AXIS2_PLACEMENT_2D('',#2749,#2750);
#2749 = CARTESIAN_POINT('',(-8.,8.6405));
#2750 = DIRECTION('',(-1.0897394715E-08,1.));
#2751 = ( GEOMETRIC_REPRESENTATION_CONTEXT(2) 
PARAMETRIC_REPRESENTATION_CONTEXT() REPRESENTATION_CONTEXT('2D SPACE',''
  ) );
#2752 = PCURVE('',#2204,#2753);
#2753 = DEFINITIONAL_REPRESENTATION('',(#2754),#2758);
#2754 = LINE('',#2755,#2756);
#2755 = CARTESIAN_POINT('',(6.28318530718,2.5));
#2756 = VECTOR('',#2757,1.);
#2757 = DIRECTION('',(-1.,0.));
#2758 = ( GEOMETRIC_REPRESENTATION_CONTEXT(2) 
PARAMETRIC_REPRESENTATION_CONTEXT() REPRESENTATION_CONTEXT('2D SPACE',''
  ) );
#2759 = ORIENTED_EDGE('',*,*,#2760,.F.);
#2760 = EDGE_CURVE('',#2761,#2737,#2763,.T.);
#2761 = VERTEX_POINT('',#2762);
#2762 = CARTESIAN_POINT('',(7.999999929385,13.919,2.5));
#2763 = SURFACE_CURVE('',#2764,(#2768,#2775),.PCURVE_S1.);
#2764 = LINE('',#2765,#2766);
#2765 = CARTESIAN_POINT('',(-4.000000019615,13.919,2.5));
#2766 = VECTOR('',#2767,1.);
#2767 = DIRECTION('',(-1.,-1.387778783504E-16,0.));
#2768 = PCURVE('',#543,#2769);
#2769 = DEFINITIONAL_REPRESENTATION('',(#2770),#2774);
#2770 = LINE('',#2771,#2772);
#2771 = CARTESIAN_POINT('',(-4.000000019615,11.8405));
#2772 = VECTOR('',#2773,1.);
#2773 = DIRECTION('',(-1.,1.387778783504E-16));
#2774 = ( GEOMETRIC_REPRESENTATION_CONTEXT(2) 
PARAMETRIC_REPRESENTATION_CONTEXT() REPRESENTATION_CONTEXT('2D SPACE',''
  ) );
#2775 = PCURVE('',#2171,#2776);
#2776 = DEFINITIONAL_REPRESENTATION('',(#2777),#2781);
#2777 = LINE('',#2778,#2779);
#2778 = CARTESIAN_POINT('',(4.000000019615,2.5));
#2779 = VECTOR('',#2780,1.);
#2780 = DIRECTION('',(-1.,0.));
#2781 = ( GEOMETRIC_REPRESENTATION_CONTEXT(2) 
PARAMETRIC_REPRESENTATION_CONTEXT() REPRESENTATION_CONTEXT('2D SPACE',''
  ) );
#2782 = ORIENTED_EDGE('',*,*,#2783,.F.);
#2783 = EDGE_CURVE('',#2784,#2761,#2786,.T.);
#2784 = VERTEX_POINT('',#2785);
#2785 = CARTESIAN_POINT('',(11.2,17.118999824455,2.5));
#2786 = SURFACE_CURVE('',#2787,(#2792,#2799),.PCURVE_S1.);
#2787 = CIRCLE('',#2788,3.2);
#2788 = AXIS2_PLACEMENT_3D('',#2789,#2790,#2791);
#2789 = CARTESIAN_POINT('',(8.,17.119,2.5));
#2790 = DIRECTION('',(0.,0.,-1.));
#2791 = DIRECTION('',(1.,-5.642227364334E-08,0.));
#2792 = PCURVE('',#543,#2793);
#2793 = DEFINITIONAL_REPRESENTATION('',(#2794),#2798);
#2794 = CIRCLE('',#2795,3.2);
#2795 = AXIS2_PLACEMENT_2D('',#2796,#2797);
#2796 = CARTESIAN_POINT('',(8.,8.6405));
#2797 = DIRECTION('',(1.,5.642227364334E-08));
#2798 = ( GEOMETRIC_REPRESENTATION_CONTEXT(2) 
PARAMETRIC_REPRESENTATION_CONTEXT() REPRESENTATION_CONTEXT('2D SPACE',''
  ) );
#2799 = PCURVE('',#2143,#2800);
#2800 = DEFINITIONAL_REPRESENTATION('',(#2801),#2805);
#2801 = LINE('',#2802,#2803);
#2802 = CARTESIAN_POINT('',(6.28318530718,2.5));
#2803 = VECTOR('',#2804,1.);
#2804 = DIRECTION('',(-1.,0.));
#2805 = ( GEOMETRIC_REPRESENTATION_CONTEXT(2) 
PARAMETRIC_REPRESENTATION_CONTEXT() REPRESENTATION_CONTEXT('2D SPACE',''
  ) );
#2806 = ORIENTED_EDGE('',*,*,#2807,.T.);
#2807 = EDGE_CURVE('',#2784,#2808,#2810,.T.);
#2808 = VERTEX_POINT('',#2809);
#2809 = CARTESIAN_POINT('',(11.200000417916,23.181253721138,2.5));
#2810 = SURFACE_CURVE('',#2811,(#2815,#2822),.PCURVE_S1.);
#2811 = LINE('',#2812,#2813);
#2812 = CARTESIAN_POINT('',(11.200000070734,29.964749808093,2.5));
#2813 = VECTOR('',#2814,1.);
#2814 = DIRECTION('',(2.048074052112E-08,1.,0.));
#2815 = PCURVE('',#543,#2816);
#2816 = DEFINITIONAL_REPRESENTATION('',(#2817),#2821);
#2817 = LINE('',#2818,#2819);
#2818 = CARTESIAN_POINT('',(11.200000070734,-4.205249808093));
#2819 = VECTOR('',#2820,1.);
#2820 = DIRECTION('',(2.048074052112E-08,-1.));
#2821 = ( GEOMETRIC_REPRESENTATION_CONTEXT(2) 
PARAMETRIC_REPRESENTATION_CONTEXT() REPRESENTATION_CONTEXT('2D SPACE',''
  ) );
#2822 = PCURVE('',#2110,#2823);
#2823 = DEFINITIONAL_REPRESENTATION('',(#2824),#2828);
#2824 = LINE('',#2825,#2826);
#2825 = CARTESIAN_POINT('',(12.845749983638,2.5));
#2826 = VECTOR('',#2827,1.);
#2827 = DIRECTION('',(1.,0.));
#2828 = ( GEOMETRIC_REPRESENTATION_CONTEXT(2) 
PARAMETRIC_REPRESENTATION_CONTEXT() REPRESENTATION_CONTEXT('2D SPACE',''
  ) );
#2829 = ORIENTED_EDGE('',*,*,#2830,.F.);
#2830 = EDGE_CURVE('',#527,#2808,#2831,.T.);
#2831 = SURFACE_CURVE('',#2832,(#2837,#2848),.PCURVE_S1.);
#2832 = CIRCLE('',#2833,0.9987686);
#2833 = AXIS2_PLACEMENT_3D('',#2834,#2835,#2836);
#2834 = CARTESIAN_POINT('',(12.190501,23.3095008,2.5));
#2835 = DIRECTION('',(0.,0.,1.));
#2836 = DIRECTION('',(-0.986191627415,-0.165608194291,0.));
#2837 = PCURVE('',#543,#2838);
#2838 = DEFINITIONAL_REPRESENTATION('',(#2839),#2847);
#2839 = ( BOUNDED_CURVE() B_SPLINE_CURVE(2,(#2840,#2841,#2842,#2843,
#2844,#2845,#2846),.UNSPECIFIED.,.T.,.F.) B_SPLINE_CURVE_WITH_KNOTS((1,2
    ,2,2,2,1),(-2.094395102393,0.,2.094395102393,4.188790204786,
6.28318530718,8.377580409573),.UNSPECIFIED.) CURVE() 
GEOMETRIC_REPRESENTATION_ITEM() RATIONAL_B_SPLINE_CURVE((1.,0.5,1.,0.5,
1.,0.5,1.)) REPRESENTATION_ITEM('') );
#2840 = CARTESIAN_POINT('',(11.205523768955,2.61540346436));
#2841 = CARTESIAN_POINT('',(11.492012358615,4.321434072829));
#2842 = CARTESIAN_POINT('',(12.826233910353,3.220312372054));
#2843 = CARTESIAN_POINT('',(14.16045546209,2.11919067128));
#2844 = CARTESIAN_POINT('',(12.539745320692,1.514281763586));
#2845 = CARTESIAN_POINT('',(10.919035179294,0.909372855891));
#2846 = CARTESIAN_POINT('',(11.205523768955,2.61540346436));
#2847 = ( GEOMETRIC_REPRESENTATION_CONTEXT(2) 
PARAMETRIC_REPRESENTATION_CONTEXT() REPRESENTATION_CONTEXT('2D SPACE',''
  ) );
#2848 = PCURVE('',#602,#2849);
#2849 = DEFINITIONAL_REPRESENTATION('',(#2850),#2854);
#2850 = LINE('',#2851,#2852);
#2851 = CARTESIAN_POINT('',(8.881784197001E-16,2.5));
#2852 = VECTOR('',#2853,1.);
#2853 = DIRECTION('',(1.,0.));
#2854 = ( GEOMETRIC_REPRESENTATION_CONTEXT(2) 
PARAMETRIC_REPRESENTATION_CONTEXT() REPRESENTATION_CONTEXT('2D SPACE',''
  ) );
#2855 = ADVANCED_FACE('',(#2856),#2870,.F.);
#2856 = FACE_BOUND('',#2857,.F.);
#2857 = EDGE_LOOP('',(#2858,#2892,#2921,#2971,#2998,#3027,#3066,#3095));
#2858 = ORIENTED_EDGE('',*,*,#2859,.F.);
#2859 = EDGE_CURVE('',#2860,#2862,#2864,.T.);
#2860 = VERTEX_POINT('',#2861);
#2861 = CARTESIAN_POINT('',(-5.013096135181,37.15,5.));
#2862 = VERTEX_POINT('',#2863);
#2863 = CARTESIAN_POINT('',(-4.87,37.0075,5.));
#2864 = SURFACE_CURVE('',#2865,(#2869,#2880),.PCURVE_S1.);
#2865 = ( BOUNDED_CURVE() B_SPLINE_CURVE(2,(#2866,#2867,#2868),
.UNSPECIFIED.,.F.,.F.) B_SPLINE_CURVE_WITH_KNOTS((3,3),(0.,
1.050591861309E-02),.PIECEWISE_BEZIER_KNOTS.) CURVE() 
GEOMETRIC_REPRESENTATION_ITEM() RATIONAL_B_SPLINE_CURVE((1.,
1.014273801518,1.026989198616)) REPRESENTATION_ITEM('') );
#2866 = CARTESIAN_POINT('',(-5.013096135181,37.15,5.));
#2867 = CARTESIAN_POINT('',(-4.938599231833,37.075788828069,5.));
#2868 = CARTESIAN_POINT('',(-4.87,37.0075,5.));
#2869 = PCURVE('',#2870,#2875);
#2870 = CONICAL_SURFACE('',#2871,2.15,0.785398163397);
#2871 = AXIS2_PLACEMENT_3D('',#2872,#2873,#2874);
#2872 = CARTESIAN_POINT('',(-3.22,37.5,4.8425));
#2873 = DIRECTION('',(0.,1.,0.));
#2874 = DIRECTION('',(1.00929365875E-15,0.,-1.));
#2875 = DEFINITIONAL_REPRESENTATION('',(#2876),#2879);
#2876 = B_SPLINE_CURVE_WITH_KNOTS('',1,(#2877,#2878),.UNSPECIFIED.,.F.,
  .F.,(2,2),(0.,1.050591861309E-02),.PIECEWISE_BEZIER_KNOTS.);
#2877 = CARTESIAN_POINT('',(1.658408366885,-0.35));
#2878 = CARTESIAN_POINT('',(1.665962533349,-0.4925));
#2879 = ( GEOMETRIC_REPRESENTATION_CONTEXT(2) 
PARAMETRIC_REPRESENTATION_CONTEXT() REPRESENTATION_CONTEXT('2D SPACE',''
  ) );
#2880 = PCURVE('',#2881,#2886);
#2881 = PLANE('',#2882);
#2882 = AXIS2_PLACEMENT_3D('',#2883,#2884,#2885);
#2883 = CARTESIAN_POINT('',(-4.440892098501E-15,4.440892098501E-15,5.));
#2884 = DIRECTION('',(0.,0.,1.));
#2885 = DIRECTION('',(-1.,0.,0.));
#2886 = DEFINITIONAL_REPRESENTATION('',(#2887),#2891);
#2887 = ( BOUNDED_CURVE() B_SPLINE_CURVE(2,(#2888,#2889,#2890),
.UNSPECIFIED.,.F.,.F.) B_SPLINE_CURVE_WITH_KNOTS((3,3),(0.,
1.050591861309E-02),.PIECEWISE_BEZIER_KNOTS.) CURVE() 
GEOMETRIC_REPRESENTATION_ITEM() RATIONAL_B_SPLINE_CURVE((1.,
1.014273801518,1.026989198616)) REPRESENTATION_ITEM('') );
#2888 = CARTESIAN_POINT('',(5.013096135181,-37.15));
#2889 = CARTESIAN_POINT('',(4.938599231833,-37.07578882806));
#2890 = CARTESIAN_POINT('',(4.87,-37.0075));
#2891 = ( GEOMETRIC_REPRESENTATION_CONTEXT(2) 
PARAMETRIC_REPRESENTATION_CONTEXT() REPRESENTATION_CONTEXT('2D SPACE',''
  ) );
#2892 = ORIENTED_EDGE('',*,*,#2893,.F.);
#2893 = EDGE_CURVE('',#2894,#2860,#2896,.T.);
#2894 = VERTEX_POINT('',#2895);
#2895 = CARTESIAN_POINT('',(-5.003590129486,37.15,4.6));
#2896 = SURFACE_CURVE('',#2897,(#2902,#2909),.PCURVE_S1.);
#2897 = CIRCLE('',#2898,1.8);
#2898 = AXIS2_PLACEMENT_3D('',#2899,#2900,#2901);
#2899 = CARTESIAN_POINT('',(-3.22,37.15,4.8425));
#2900 = DIRECTION('',(0.,1.,0.));
#2901 = DIRECTION('',(1.00929365875E-15,0.,-1.));
#2902 = PCURVE('',#2870,#2903);
#2903 = DEFINITIONAL_REPRESENTATION('',(#2904),#2908);
#2904 = LINE('',#2905,#2906);
#2905 = CARTESIAN_POINT('',(-2.22044604925E-16,-0.35));
#2906 = VECTOR('',#2907,1.);
#2907 = DIRECTION('',(1.,-5.286621375793E-16));
#2908 = ( GEOMETRIC_REPRESENTATION_CONTEXT(2) 
PARAMETRIC_REPRESENTATION_CONTEXT() REPRESENTATION_CONTEXT('2D SPACE',''
  ) );
#2909 = PCURVE('',#2910,#2915);
#2910 = PLANE('',#2911);
#2911 = AXIS2_PLACEMENT_3D('',#2912,#2913,#2914);
#2912 = CARTESIAN_POINT('',(-22.,37.15,5.));
#2913 = DIRECTION('',(0.,1.,0.));
#2914 = DIRECTION('',(1.,0.,0.));
#2915 = DEFINITIONAL_REPRESENTATION('',(#2916),#2920);
#2916 = CIRCLE('',#2917,1.8);
#2917 = AXIS2_PLACEMENT_2D('',#2918,#2919);
#2918 = CARTESIAN_POINT('',(18.78,0.1575));
#2919 = DIRECTION('',(1.00929365875E-15,1.));
#2920 = ( GEOMETRIC_REPRESENTATION_CONTEXT(2) 
PARAMETRIC_REPRESENTATION_CONTEXT() REPRESENTATION_CONTEXT('2D SPACE',''
  ) );
#2921 = ORIENTED_EDGE('',*,*,#2922,.F.);
#2922 = EDGE_CURVE('',#2923,#2894,#2925,.T.);
#2923 = VERTEX_POINT('',#2924);
#2924 = CARTESIAN_POINT('',(-5.657969185613,37.8,4.6));
#2925 = SURFACE_CURVE('',#2926,(#2930,#2959),.PCURVE_S1.);
#2926 = ( BOUNDED_CURVE() B_SPLINE_CURVE(2,(#2927,#2928,#2929),
.UNSPECIFIED.,.F.,.F.) B_SPLINE_CURVE_WITH_KNOTS((3,3),(0.,
9.223405697396E-02),.PIECEWISE_BEZIER_KNOTS.) CURVE() 
GEOMETRIC_REPRESENTATION_ITEM() RATIONAL_B_SPLINE_CURVE((1.,
1.012068635136,1.000000005323)) REPRESENTATION_ITEM('') );
#2927 = CARTESIAN_POINT('',(-5.657969185613,37.8,4.6));
#2928 = CARTESIAN_POINT('',(-5.280738906203,37.42462212364,4.6));
#2929 = CARTESIAN_POINT('',(-5.003590129486,37.15,4.6));
#2930 = PCURVE('',#2870,#2931);
#2931 = DEFINITIONAL_REPRESENTATION('',(#2932),#2958);
#2932 = B_SPLINE_CURVE_WITH_KNOTS('',3,(#2933,#2934,#2935,#2936,#2937,
    #2938,#2939,#2940,#2941,#2942,#2943,#2944,#2945,#2946,#2947,#2948,
    #2949,#2950,#2951,#2952,#2953,#2954,#2955,#2956,#2957),
  .UNSPECIFIED.,.F.,.F.,(4,1,1,1,1,1,1,1,1,1,1,1,1,1,1,1,1,1,1,1,1,1,4),
  (0.,4.19245713518E-03,8.38491427036E-03,1.257737140554E-02,
    1.676982854072E-02,2.09622856759E-02,2.515474281108E-02,
    2.934719994626E-02,3.353965708144E-02,3.773211421662E-02,
    4.19245713518E-02,4.611702848698E-02,5.030948562216E-02,
    5.450194275734E-02,5.869439989252E-02,6.28868570277E-02,
    6.707931416288E-02,7.127177129806E-02,7.546422843324E-02,
    7.965668556842E-02,8.38491427036E-02,8.804159983878E-02,
    9.223405697396E-02),.QUASI_UNIFORM_KNOTS.);
#2933 = CARTESIAN_POINT('',(1.471654401757,0.3));
#2934 = CARTESIAN_POINT('',(1.471187008029,0.288487660524));
#2935 = CARTESIAN_POINT('',(1.470246147633,0.26563939307));
#2936 = CARTESIAN_POINT('',(1.468816269146,0.23188472073));
#2937 = CARTESIAN_POINT('',(1.467367437483,0.198636135922));
#2938 = CARTESIAN_POINT('',(1.465899274075,0.165882472138));
#2939 = CARTESIAN_POINT('',(1.464411391235,0.133612858013));
#2940 = CARTESIAN_POINT('',(1.46290339062,0.101816750087));
#2941 = CARTESIAN_POINT('',(1.461374863202,7.048390931955E-02));
#2942 = CARTESIAN_POINT('',(1.459825388819,3.960439331459E-02));
#2943 = CARTESIAN_POINT('',(1.458254535822,9.168544940555E-03));
#2944 = CARTESIAN_POINT('',(1.45666186067,-2.08330175064E-02));
#2945 = CARTESIAN_POINT('',(1.455046907524,-5.040941000524E-02));
#2946 = CARTESIAN_POINT('',(1.453409207822,-7.956949202732E-02));
#2947 = CARTESIAN_POINT('',(1.451748279828,-0.108321875389));
#2948 = CARTESIAN_POINT('',(1.450063628175,-0.136674932726));
#2949 = CARTESIAN_POINT('',(1.448354743375,-0.164636805632));
#2950 = CARTESIAN_POINT('',(1.44662110132,-0.192215412419));
#2951 = CARTESIAN_POINT('',(1.444862162761,-0.219418455711));
#2952 = CARTESIAN_POINT('',(1.443077372719,-0.246253429178));
#2953 = CARTESIAN_POINT('',(1.441266160081,-0.272727626041));
#2954 = CARTESIAN_POINT('',(1.439427936368,-0.298848139626));
#2955 = CARTESIAN_POINT('',(1.437562097479,-0.324621892287));
#2956 = CARTESIAN_POINT('',(1.436299375299,-0.341577668911));
#2957 = CARTESIAN_POINT('',(1.435663203139,-0.35));
#2958 = ( GEOMETRIC_REPRESENTATION_CONTEXT(2) 
PARAMETRIC_REPRESENTATION_CONTEXT() REPRESENTATION_CONTEXT('2D SPACE',''
  ) );
#2959 = PCURVE('',#2960,#2965);
#2960 = PLANE('',#2961);
#2961 = AXIS2_PLACEMENT_3D('',#2962,#2963,#2964);
#2962 = CARTESIAN_POINT('',(-3.721375435894E-04,-2.566835632933E-12,4.6)
  );
#2963 = DIRECTION('',(0.,0.,1.));
#2964 = DIRECTION('',(1.,0.,-0.));
#2965 = DEFINITIONAL_REPRESENTATION('',(#2966),#2970);
#2966 = ( BOUNDED_CURVE() B_SPLINE_CURVE(2,(#2967,#2968,#2969),
.UNSPECIFIED.,.F.,.F.) B_SPLINE_CURVE_WITH_KNOTS((3,3),(0.,
9.223405697396E-02),.PIECEWISE_BEZIER_KNOTS.) CURVE() 
GEOMETRIC_REPRESENTATION_ITEM() RATIONAL_B_SPLINE_CURVE((1.,
1.012068635136,1.000000005323)) REPRESENTATION_ITEM('') );
#2967 = CARTESIAN_POINT('',(-5.65759704807,37.800000000003));
#2968 = CARTESIAN_POINT('',(-5.280366768659,37.424622123642));
#2969 = CARTESIAN_POINT('',(-5.003217991942,37.150000000003));
#2970 = ( GEOMETRIC_REPRESENTATION_CONTEXT(2) 
PARAMETRIC_REPRESENTATION_CONTEXT() REPRESENTATION_CONTEXT('2D SPACE',''
  ) );
#2971 = ORIENTED_EDGE('',*,*,#2972,.F.);
#2972 = EDGE_CURVE('',#2973,#2923,#2975,.T.);
#2973 = VERTEX_POINT('',#2974);
#2974 = CARTESIAN_POINT('',(-5.832794241803,38.,4.4));
#2975 = SURFACE_CURVE('',#2976,(#2980,#2986),.PCURVE_S1.);
#2976 = B_SPLINE_CURVE_WITH_KNOTS('',2,(#2977,#2978,#2979),
  .UNSPECIFIED.,.F.,.F.,(3,3),(0.,3.325213128759E-02),
  .PIECEWISE_BEZIER_KNOTS.);
#2977 = CARTESIAN_POINT('',(-5.832794241803,38.,4.4));
#2978 = CARTESIAN_POINT('',(-5.745381713708,37.896538640966,
    4.503461359034));
#2979 = CARTESIAN_POINT('',(-5.657969185613,37.8,4.6));
#2980 = PCURVE('',#2870,#2981);
#2981 = DEFINITIONAL_REPRESENTATION('',(#2982),#2985);
#2982 = B_SPLINE_CURVE_WITH_KNOTS('',1,(#2983,#2984),.UNSPECIFIED.,.F.,
  .F.,(2,2),(0.,3.325213128759E-02),.PIECEWISE_BEZIER_KNOTS.);
#2983 = CARTESIAN_POINT('',(1.403029312839,0.5));
#2984 = CARTESIAN_POINT('',(1.471654401757,0.3));
#2985 = ( GEOMETRIC_REPRESENTATION_CONTEXT(2) 
PARAMETRIC_REPRESENTATION_CONTEXT() REPRESENTATION_CONTEXT('2D SPACE',''
  ) );
#2986 = PCURVE('',#2987,#2992);
#2987 = PLANE('',#2988);
#2988 = AXIS2_PLACEMENT_3D('',#2989,#2990,#2991);
#2989 = CARTESIAN_POINT('',(10.999813931228,37.9,4.5));
#2990 = DIRECTION('',(0.,0.707106781187,0.707106781187));
#2991 = DIRECTION('',(1.,0.,-0.));
#2992 = DEFINITIONAL_REPRESENTATION('',(#2993),#2997);
#2993 = B_SPLINE_CURVE_WITH_KNOTS('',2,(#2994,#2995,#2996),
  .UNSPECIFIED.,.F.,.F.,(3,3),(0.,3.325213128759E-02),
  .PIECEWISE_BEZIER_KNOTS.);
#2994 = CARTESIAN_POINT('',(-16.83260817303,0.141421356237));
#2995 = CARTESIAN_POINT('',(-16.74519564493,-4.895100890387E-03));
#2996 = CARTESIAN_POINT('',(-16.65778311684,-0.141421356237));
#2997 = ( GEOMETRIC_REPRESENTATION_CONTEXT(2) 
PARAMETRIC_REPRESENTATION_CONTEXT() REPRESENTATION_CONTEXT('2D SPACE',''
  ) );
#2998 = ORIENTED_EDGE('',*,*,#2999,.F.);
#2999 = EDGE_CURVE('',#3000,#2973,#3002,.T.);
#3000 = VERTEX_POINT('',#3001);
#3001 = CARTESIAN_POINT('',(-5.732507462675,38.,4.));
#3002 = SURFACE_CURVE('',#3003,(#3008,#3015),.PCURVE_S1.);
#3003 = CIRCLE('',#3004,2.65);
#3004 = AXIS2_PLACEMENT_3D('',#3005,#3006,#3007);
#3005 = CARTESIAN_POINT('',(-3.22,38.,4.8425));
#3006 = DIRECTION('',(0.,1.,0.));
#3007 = DIRECTION('',(1.00929365875E-15,0.,-1.));
#3008 = PCURVE('',#2870,#3009);
#3009 = DEFINITIONAL_REPRESENTATION('',(#3010),#3014);
#3010 = LINE('',#3011,#3012);
#3011 = CARTESIAN_POINT('',(0.,0.5));
#3012 = VECTOR('',#3013,1.);
#3013 = DIRECTION('',(1.,1.511907996299E-15));
#3014 = ( GEOMETRIC_REPRESENTATION_CONTEXT(2) 
PARAMETRIC_REPRESENTATION_CONTEXT() REPRESENTATION_CONTEXT('2D SPACE',''
  ) );
#3015 = PCURVE('',#3016,#3021);
#3016 = PLANE('',#3017);
#3017 = AXIS2_PLACEMENT_3D('',#3018,#3019,#3020);
#3018 = CARTESIAN_POINT('',(22.,38.,0.));
#3019 = DIRECTION('',(0.,1.,0.));
#3020 = DIRECTION('',(-1.,0.,0.));
#3021 = DEFINITIONAL_REPRESENTATION('',(#3022),#3026);
#3022 = CIRCLE('',#3023,2.65);
#3023 = AXIS2_PLACEMENT_2D('',#3024,#3025);
#3024 = CARTESIAN_POINT('',(25.22,4.8425));
#3025 = DIRECTION('',(-1.00929365875E-15,-1.));
#3026 = ( GEOMETRIC_REPRESENTATION_CONTEXT(2) 
PARAMETRIC_REPRESENTATION_CONTEXT() REPRESENTATION_CONTEXT('2D SPACE',''
  ) );
#3027 = ORIENTED_EDGE('',*,*,#3028,.F.);
#3028 = EDGE_CURVE('',#3029,#3000,#3031,.T.);
#3029 = VERTEX_POINT('',#3030);
#3030 = CARTESIAN_POINT('',(-4.784391439024,37.,4.317924528302));
#3031 = SURFACE_CURVE('',#3032,(#3036,#3043),.PCURVE_S1.);
#3032 = LINE('',#3033,#3034);
#3033 = CARTESIAN_POINT('',(-4.784391439024,37.,4.317924528302));
#3034 = VECTOR('',#3035,1.);
#3035 = DIRECTION('',(-0.670419269675,0.707106781187,-0.224806589868));
#3036 = PCURVE('',#2870,#3037);
#3037 = DEFINITIONAL_REPRESENTATION('',(#3038),#3042);
#3038 = LINE('',#3039,#3040);
#3039 = CARTESIAN_POINT('',(1.247256693487,-0.5));
#3040 = VECTOR('',#3041,1.);
#3041 = DIRECTION('',(2.22044604925E-16,1.));
#3042 = ( GEOMETRIC_REPRESENTATION_CONTEXT(2) 
PARAMETRIC_REPRESENTATION_CONTEXT() REPRESENTATION_CONTEXT('2D SPACE',''
  ) );
#3043 = PCURVE('',#3044,#3061);
#3044 = B_SPLINE_SURFACE_WITH_KNOTS('',3,3,(
    (#3045,#3046,#3047,#3048)
    ,(#3049,#3050,#3051,#3052)
    ,(#3053,#3054,#3055,#3056)
    ,(#3057,#3058,#3059,#3060
    )),.UNSPECIFIED.,.F.,.F.,.F.,(4,4),(4,4),(0.,1.),(-1.247256693487,
    -1.034906810479),.PIECEWISE_BEZIER_KNOTS.);
#3045 = CARTESIAN_POINT('',(-5.732507462675,38.,4.));
#3046 = CARTESIAN_POINT('',(-5.672872537197,38.,3.822156444748));
#3047 = CARTESIAN_POINT('',(-5.594389691313,37.988009015341,
    3.650569026566));
#3048 = CARTESIAN_POINT('',(-5.498049662301,37.967311437186,
    3.489666814354));
#3049 = CARTESIAN_POINT('',(-5.416468788125,37.666666666667,
    4.105974842767));
#3050 = CARTESIAN_POINT('',(-5.364335111135,37.666666666667,
    3.950501546038));
#3051 = CARTESIAN_POINT('',(-5.295702896758,37.658672676894,
    3.800519305053));
#3052 = CARTESIAN_POINT('',(-5.211597902257,37.644874291457,
    3.659777876236));
#3053 = CARTESIAN_POINT('',(-5.100430113575,37.333333333333,
    4.211949685535));
#3054 = CARTESIAN_POINT('',(-5.055797685072,37.333333333333,
    4.078846647327));
#3055 = CARTESIAN_POINT('',(-4.997016102203,37.329336338447,
    3.950469583539));
#3056 = CARTESIAN_POINT('',(-4.925146142214,37.322437145729,
    3.829888938118));
#3057 = CARTESIAN_POINT('',(-4.784391439024,37.,4.317924528302));
#3058 = CARTESIAN_POINT('',(-4.74726025901,37.,4.207191748617));
#3059 = CARTESIAN_POINT('',(-4.698329307648,37.,4.100419862026));
#3060 = CARTESIAN_POINT('',(-4.63869438217,37.,4.));
#3061 = DEFINITIONAL_REPRESENTATION('',(#3062),#3065);
#3062 = B_SPLINE_CURVE_WITH_KNOTS('',1,(#3063,#3064),.UNSPECIFIED.,.F.,
  .F.,(2,2),(0.,1.414213562373),.PIECEWISE_BEZIER_KNOTS.);
#3063 = CARTESIAN_POINT('',(1.,-1.247256693487));
#3064 = CARTESIAN_POINT('',(-6.887650654662E-16,-1.247256693487));
#3065 = ( GEOMETRIC_REPRESENTATION_CONTEXT(2) 
PARAMETRIC_REPRESENTATION_CONTEXT() REPRESENTATION_CONTEXT('2D SPACE',''
  ) );
#3066 = ORIENTED_EDGE('',*,*,#3067,.F.);
#3067 = EDGE_CURVE('',#3068,#3029,#3070,.T.);
#3068 = VERTEX_POINT('',#3069);
#3069 = CARTESIAN_POINT('',(-4.87,37.,4.8425));
#3070 = SURFACE_CURVE('',#3071,(#3076,#3083),.PCURVE_S1.);
#3071 = CIRCLE('',#3072,1.65);
#3072 = AXIS2_PLACEMENT_3D('',#3073,#3074,#3075);
#3073 = CARTESIAN_POINT('',(-3.22,37.,4.8425));
#3074 = DIRECTION('',(0.,-1.,0.));
#3075 = DIRECTION('',(1.00929365875E-15,0.,-1.));
#3076 = PCURVE('',#2870,#3077);
#3077 = DEFINITIONAL_REPRESENTATION('',(#3078),#3082);
#3078 = LINE('',#3079,#3080);
#3079 = CARTESIAN_POINT('',(6.28318530718,-0.5));
#3080 = VECTOR('',#3081,1.);
#3081 = DIRECTION('',(-1.,1.213214933385E-15));
#3082 = ( GEOMETRIC_REPRESENTATION_CONTEXT(2) 
PARAMETRIC_REPRESENTATION_CONTEXT() REPRESENTATION_CONTEXT('2D SPACE',''
  ) );
#3083 = PCURVE('',#3084,#3089);
#3084 = CYLINDRICAL_SURFACE('',#3085,1.65);
#3085 = AXIS2_PLACEMENT_3D('',#3086,#3087,#3088);
#3086 = CARTESIAN_POINT('',(-3.22,38.,4.8425));
#3087 = DIRECTION('',(0.,-1.,0.));
#3088 = DIRECTION('',(1.00929365875E-15,0.,-1.));
#3089 = DEFINITIONAL_REPRESENTATION('',(#3090),#3094);
#3090 = LINE('',#3091,#3092);
#3091 = CARTESIAN_POINT('',(0.,1.));
#3092 = VECTOR('',#3093,1.);
#3093 = DIRECTION('',(1.,0.));
#3094 = ( GEOMETRIC_REPRESENTATION_CONTEXT(2) 
PARAMETRIC_REPRESENTATION_CONTEXT() REPRESENTATION_CONTEXT('2D SPACE',''
  ) );
#3095 = ORIENTED_EDGE('',*,*,#3096,.F.);
#3096 = EDGE_CURVE('',#2862,#3068,#3097,.T.);
#3097 = SURFACE_CURVE('',#3098,(#3102,#3108),.PCURVE_S1.);
#3098 = ( BOUNDED_CURVE() B_SPLINE_CURVE(2,(#3099,#3100,#3101),
.UNSPECIFIED.,.F.,.F.) B_SPLINE_CURVE_WITH_KNOTS((3,3),(
    5.670277781997E-02,7.348469228349E-02),.PIECEWISE_BEZIER_KNOTS.) 
CURVE() GEOMETRIC_REPRESENTATION_ITEM() RATIONAL_B_SPLINE_CURVE((
1.043083900227,1.045454545455,1.045454545455)) REPRESENTATION_ITEM('') 
  );
#3099 = CARTESIAN_POINT('',(-4.87,37.0075,5.));
#3100 = CARTESIAN_POINT('',(-4.87,37.,4.921071428571));
#3101 = CARTESIAN_POINT('',(-4.87,37.,4.8425));
#3102 = PCURVE('',#2870,#3103);
#3103 = DEFINITIONAL_REPRESENTATION('',(#3104),#3107);
#3104 = B_SPLINE_CURVE_WITH_KNOTS('',1,(#3105,#3106),.UNSPECIFIED.,.F.,
  .F.,(2,2),(5.670277781997E-02,7.348469228349E-02),
  .PIECEWISE_BEZIER_KNOTS.);
#3105 = CARTESIAN_POINT('',(1.665962533349,-0.4925));
#3106 = CARTESIAN_POINT('',(1.570796326795,-0.5));
#3107 = ( GEOMETRIC_REPRESENTATION_CONTEXT(2) 
PARAMETRIC_REPRESENTATION_CONTEXT() REPRESENTATION_CONTEXT('2D SPACE',''
  ) );
#3108 = PCURVE('',#3109,#3114);
#3109 = PLANE('',#3110);
#3110 = AXIS2_PLACEMENT_3D('',#3111,#3112,#3113);
#3111 = CARTESIAN_POINT('',(-4.87,38.,5.5525));
#3112 = DIRECTION('',(-1.,0.,0.));
#3113 = DIRECTION('',(0.,0.,-1.));
#3114 = DEFINITIONAL_REPRESENTATION('',(#3115),#3119);
#3115 = ( BOUNDED_CURVE() B_SPLINE_CURVE(2,(#3116,#3117,#3118),
.UNSPECIFIED.,.F.,.F.) B_SPLINE_CURVE_WITH_KNOTS((3,3),(
    5.670277781997E-02,7.348469228349E-02),.PIECEWISE_BEZIER_KNOTS.) 
CURVE() GEOMETRIC_REPRESENTATION_ITEM() RATIONAL_B_SPLINE_CURVE((
1.043083900227,1.045454545455,1.045454545455)) REPRESENTATION_ITEM('') 
  );
#3116 = CARTESIAN_POINT('',(0.5525,0.9925));
#3117 = CARTESIAN_POINT('',(0.631428571429,1.));
#3118 = CARTESIAN_POINT('',(0.71,1.));
#3119 = ( GEOMETRIC_REPRESENTATION_CONTEXT(2) 
PARAMETRIC_REPRESENTATION_CONTEXT() REPRESENTATION_CONTEXT('2D SPACE',''
  ) );
#3120 = ADVANCED_FACE('',(#3121),#3135,.T.);
#3121 = FACE_BOUND('',#3122,.T.);
#3122 = EDGE_LOOP('',(#3123,#3181,#3230,#3251));
#3123 = ORIENTED_EDGE('',*,*,#3124,.T.);
#3124 = EDGE_CURVE('',#3125,#3127,#3129,.T.);
#3125 = VERTEX_POINT('',#3126);
#3126 = CARTESIAN_POINT('',(-3.22,36.917645179186,3.1925));
#3127 = VERTEX_POINT('',#3128);
#3128 = CARTESIAN_POINT('',(-3.22,37.594927125116,2.24600485602));
#3129 = SURFACE_CURVE('',#3130,(#3134,#3169),.PCURVE_S1.);
#3130 = LINE('',#3131,#3132);
#3131 = CARTESIAN_POINT('',(-3.22,36.917645179186,3.1925));
#3132 = VECTOR('',#3133,1.);
#3133 = DIRECTION('',(0.,0.581928666561,-0.81323983365));
#3134 = PCURVE('',#3135,#3164);
#3135 = B_SPLINE_SURFACE_WITH_KNOTS('',3,3,(
    (#3136,#3137,#3138,#3139,#3140,#3141,#3142)
    ,(#3143,#3144,#3145,#3146,#3147,#3148,#3149)
    ,(#3150,#3151,#3152,#3153,#3154,#3155,#3156)
    ,(#3157,#3158,#3159,#3160,#3161,#3162,#3163
  )),.UNSPECIFIED.,.F.,.F.,.F.,(4,4),(4,2,1,4),(0.,1.),(0.346962734245,
    0.386224722718,0.461389411485,0.511499203996),.UNSPECIFIED.);
#3136 = CARTESIAN_POINT('',(-5.498049662301,37.967311437186,
    3.489666814354));
#3137 = CARTESIAN_POINT('',(-5.384869264195,37.942995894006,
    3.300638674949));
#3138 = CARTESIAN_POINT('',(-5.248812810625,37.907227919314,
    3.130524424464));
#3139 = CARTESIAN_POINT('',(-4.819800072725,37.797063865552,
    2.709378283291));
#3140 = CARTESIAN_POINT('',(-4.199165144018,37.645273703231,
    2.342370625012));
#3141 = CARTESIAN_POINT('',(-3.489581914537,37.594927125116,
    2.24600485602));
#3142 = CARTESIAN_POINT('',(-3.22,37.594927125116,2.24600485602));
#3143 = CARTESIAN_POINT('',(-5.211597902257,37.644874291457,
    3.659777876236));
#3144 = CARTESIAN_POINT('',(-5.11713791983,37.628722255248,
    3.501828692225));
#3145 = CARTESIAN_POINT('',(-5.002872282505,37.603283921325,
    3.356379513125));
#3146 = CARTESIAN_POINT('',(-4.639329414637,37.523567319864,
    2.991698991691));
#3147 = CARTESIAN_POINT('',(-4.100655970638,37.408509162051,
    2.654953414086));
#3148 = CARTESIAN_POINT('',(-3.462176163171,37.369198812739,
    2.561078172003));
#3149 = CARTESIAN_POINT('',(-3.22,37.369166476473,2.561503237347));
#3150 = CARTESIAN_POINT('',(-4.925146142214,37.322437145729,
    3.829888938118));
#3151 = CARTESIAN_POINT('',(-4.84909921124,37.314273638759,
    3.702277276256));
#3152 = CARTESIAN_POINT('',(-4.757322074869,37.299539157705,
    3.582904036447));
#3153 = CARTESIAN_POINT('',(-4.458297577855,37.249670102284,
    3.272992451933));
#3154 = CARTESIAN_POINT('',(-4.001898829738,37.171624323806,
    2.967358983347));
#3155 = CARTESIAN_POINT('',(-3.435304183306,37.143373491564,
    2.877426684017));
#3156 = CARTESIAN_POINT('',(-3.22,37.143405827829,2.877001618673));
#3157 = CARTESIAN_POINT('',(-4.63869438217,37.,4.));
#3158 = CARTESIAN_POINT('',(-4.581367866874,37.,3.903467293533));
#3159 = CARTESIAN_POINT('',(-4.511381546749,36.995595159716,
    3.808759125108));
#3160 = CARTESIAN_POINT('',(-4.277826919768,36.976173556596,
    3.555313160333));
#3161 = CARTESIAN_POINT('',(-3.903389656358,36.934859782626,
    3.279941772421));
#3162 = CARTESIAN_POINT('',(-3.40789843194,36.917645179186,3.1925));
#3163 = CARTESIAN_POINT('',(-3.22,36.917645179186,3.1925));
#3164 = DEFINITIONAL_REPRESENTATION('',(#3165),#3168);
#3165 = B_SPLINE_CURVE_WITH_KNOTS('',1,(#3166,#3167),.UNSPECIFIED.,.F.,
  .F.,(2,2),(0.,1.163857333121),.PIECEWISE_BEZIER_KNOTS.);
#3166 = CARTESIAN_POINT('',(1.,0.511499203996));
#3167 = CARTESIAN_POINT('',(-2.100395994569E-15,0.511499203996));
#3168 = ( GEOMETRIC_REPRESENTATION_CONTEXT(2) 
PARAMETRIC_REPRESENTATION_CONTEXT() REPRESENTATION_CONTEXT('2D SPACE',''
  ) );
#3169 = PCURVE('',#3170,#3175);
#3170 = PLANE('',#3171);
#3171 = AXIS2_PLACEMENT_3D('',#3172,#3173,#3174);
#3172 = CARTESIAN_POINT('',(11.,37.256286152151,2.719252428011));
#3173 = DIRECTION('',(-5.517683732425E-16,0.813239833649,0.581928666561)
  );
#3174 = DIRECTION('',(1.,2.73701851651E-31,9.48171837801E-16));
#3175 = DEFINITIONAL_REPRESENTATION('',(#3176),#3180);
#3176 = LINE('',#3177,#3178);
#3177 = CARTESIAN_POINT('',(-14.22,-0.58192866656));
#3178 = VECTOR('',#3179,1.);
#3179 = DIRECTION('',(-7.710911076448E-16,1.));
#3180 = ( GEOMETRIC_REPRESENTATION_CONTEXT(2) 
PARAMETRIC_REPRESENTATION_CONTEXT() REPRESENTATION_CONTEXT('2D SPACE',''
  ) );
#3181 = ORIENTED_EDGE('',*,*,#3182,.T.);
#3182 = EDGE_CURVE('',#3127,#3183,#3185,.T.);
#3183 = VERTEX_POINT('',#3184);
#3184 = CARTESIAN_POINT('',(-5.498049662301,37.967311437186,
    3.489666814354));
#3185 = SURFACE_CURVE('',#3186,(#3194,#3201),.PCURVE_S1.);
#3186 = B_SPLINE_CURVE_WITH_KNOTS('',3,(#3187,#3188,#3189,#3190,#3191,
    #3192,#3193),.UNSPECIFIED.,.F.,.F.,(4,1,2,4),(-0.511499203996,
    -0.461389411485,-0.386224722718,-0.346962734245),.UNSPECIFIED.);
#3187 = CARTESIAN_POINT('',(-3.22,37.594927125116,2.24600485602));
#3188 = CARTESIAN_POINT('',(-3.489581914537,37.594927125116,
    2.24600485602));
#3189 = CARTESIAN_POINT('',(-4.199165144018,37.645273703231,
    2.342370625012));
#3190 = CARTESIAN_POINT('',(-4.819800072725,37.797063865552,
    2.709378283291));
#3191 = CARTESIAN_POINT('',(-5.248812810625,37.907227919314,
    3.130524424464));
#3192 = CARTESIAN_POINT('',(-5.384869264195,37.942995894006,
    3.300638674949));
#3193 = CARTESIAN_POINT('',(-5.498049662301,37.967311437186,
    3.489666814354));
#3194 = PCURVE('',#3135,#3195);
#3195 = DEFINITIONAL_REPRESENTATION('',(#3196),#3200);
#3196 = LINE('',#3197,#3198);
#3197 = CARTESIAN_POINT('',(2.201379463162E-15,0.));
#3198 = VECTOR('',#3199,1.);
#3199 = DIRECTION('',(5.983498024983E-15,-1.));
#3200 = ( GEOMETRIC_REPRESENTATION_CONTEXT(2) 
PARAMETRIC_REPRESENTATION_CONTEXT() REPRESENTATION_CONTEXT('2D SPACE',''
  ) );
#3201 = PCURVE('',#2409,#3202);
#3202 = DEFINITIONAL_REPRESENTATION('',(#3203),#3229);
#3203 = B_SPLINE_CURVE_WITH_KNOTS('',3,(#3204,#3205,#3206,#3207,#3208,
    #3209,#3210,#3211,#3212,#3213,#3214,#3215,#3216,#3217,#3218,#3219,
    #3220,#3221,#3222,#3223,#3224,#3225,#3226,#3227,#3228),
  .UNSPECIFIED.,.F.,.F.,(4,1,1,1,1,1,1,1,1,1,1,1,1,1,1,1,1,1,1,1,1,1,4),
  (-0.511499203996,-0.504020273553,-0.496541343109,-0.489062412666,
    -0.481583482223,-0.47410455178,-0.466625621336,-0.459146690893,
    -0.45166776045,-0.444188830007,-0.436709899564,-0.42923096912,
    -0.421752038677,-0.414273108234,-0.406794177791,-0.399315247348,
    -0.391836316904,-0.384357386461,-0.376878456018,-0.369399525575,
    -0.361920595132,-0.354441664688,-0.346962734245),
  .QUASI_UNIFORM_KNOTS.);
#3204 = CARTESIAN_POINT('',(5.951714765848,14.22));
#3205 = CARTESIAN_POINT('',(5.951714760944,14.260235336978));
#3206 = CARTESIAN_POINT('',(5.951230555147,14.341340930474));
#3207 = CARTESIAN_POINT('',(5.94903896371,14.464335920246));
#3208 = CARTESIAN_POINT('',(5.945369434001,14.588099249484));
#3209 = CARTESIAN_POINT('',(5.940209173159,14.712063011522));
#3210 = CARTESIAN_POINT('',(5.933544344987,14.835657987076));
#3211 = CARTESIAN_POINT('',(5.925362856732,14.958319853933));
#3212 = CARTESIAN_POINT('',(5.915643719469,15.079466014221));
#3213 = CARTESIAN_POINT('',(5.904399832698,15.198588065331));
#3214 = CARTESIAN_POINT('',(5.891728638793,15.31536300559));
#3215 = CARTESIAN_POINT('',(5.877712867887,15.429438659697));
#3216 = CARTESIAN_POINT('',(5.862437624377,15.540470376792));
#3217 = CARTESIAN_POINT('',(5.845985354569,15.648112581883));
#3218 = CARTESIAN_POINT('',(5.828437996195,15.752015872058));
#3219 = CARTESIAN_POINT('',(5.809872322814,15.85184708022));
#3220 = CARTESIAN_POINT('',(5.790375077473,15.94721192393));
#3221 = CARTESIAN_POINT('',(5.769985479843,16.037944346306));
#3222 = CARTESIAN_POINT('',(5.74890817403,16.123026503579));
#3223 = CARTESIAN_POINT('',(5.726608516822,16.205169642415));
#3224 = CARTESIAN_POINT('',(5.703067386454,16.284382956638));
#3225 = CARTESIAN_POINT('',(5.678387261055,16.360047158298));
#3226 = CARTESIAN_POINT('',(5.652633725396,16.431711418479));
#3227 = CARTESIAN_POINT('',(5.634794787821,16.476490175431));
#3228 = CARTESIAN_POINT('',(5.625719123138,16.498049662301));
#3229 = ( GEOMETRIC_REPRESENTATION_CONTEXT(2) 
PARAMETRIC_REPRESENTATION_CONTEXT() REPRESENTATION_CONTEXT('2D SPACE',''
  ) );
#3230 = ORIENTED_EDGE('',*,*,#3231,.T.);
#3231 = EDGE_CURVE('',#3183,#3232,#3234,.T.);
#3232 = VERTEX_POINT('',#3233);
#3233 = CARTESIAN_POINT('',(-4.63869438217,37.,4.));
#3234 = SURFACE_CURVE('',#3235,(#3239,#3245),.PCURVE_S1.);
#3235 = LINE('',#3236,#3237);
#3236 = CARTESIAN_POINT('',(-5.498049662301,37.967311437186,
    3.489666814354));
#3237 = VECTOR('',#3238,1.);
#3238 = DIRECTION('',(0.617837963796,-0.695453606356,0.36690670735));
#3239 = PCURVE('',#3135,#3240);
#3240 = DEFINITIONAL_REPRESENTATION('',(#3241),#3244);
#3241 = B_SPLINE_CURVE_WITH_KNOTS('',1,(#3242,#3243),.UNSPECIFIED.,.F.,
  .F.,(2,2),(0.,1.390907212711),.PIECEWISE_BEZIER_KNOTS.);
#3242 = CARTESIAN_POINT('',(1.253286280633E-16,0.346962734245));
#3243 = CARTESIAN_POINT('',(1.,0.346962734245));
#3244 = ( GEOMETRIC_REPRESENTATION_CONTEXT(2) 
PARAMETRIC_REPRESENTATION_CONTEXT() REPRESENTATION_CONTEXT('2D SPACE',''
  ) );
#3245 = PCURVE('',#3044,#3246);
#3246 = DEFINITIONAL_REPRESENTATION('',(#3247),#3250);
#3247 = B_SPLINE_CURVE_WITH_KNOTS('',1,(#3248,#3249),.UNSPECIFIED.,.F.,
  .F.,(2,2),(0.,1.390907212711),.PIECEWISE_BEZIER_KNOTS.);
#3248 = CARTESIAN_POINT('',(-5.058068319821E-16,-1.034906810479));
#3249 = CARTESIAN_POINT('',(1.,-1.034906810479));
#3250 = ( GEOMETRIC_REPRESENTATION_CONTEXT(2) 
PARAMETRIC_REPRESENTATION_CONTEXT() REPRESENTATION_CONTEXT('2D SPACE',''
  ) );
#3251 = ORIENTED_EDGE('',*,*,#3252,.T.);
#3252 = EDGE_CURVE('',#3232,#3125,#3253,.T.);
#3253 = SURFACE_CURVE('',#3254,(#3262,#3269),.PCURVE_S1.);
#3254 = B_SPLINE_CURVE_WITH_KNOTS('',3,(#3255,#3256,#3257,#3258,#3259,
    #3260,#3261),.UNSPECIFIED.,.F.,.F.,(4,2,1,4),(0.346962734245,
    0.386224722718,0.461389411485,0.511499203996),.UNSPECIFIED.);
#3255 = CARTESIAN_POINT('',(-4.63869438217,37.,4.));
#3256 = CARTESIAN_POINT('',(-4.581367866874,37.,3.903467293533));
#3257 = CARTESIAN_POINT('',(-4.511381546749,36.995595159716,
    3.808759125108));
#3258 = CARTESIAN_POINT('',(-4.277826919768,36.976173556596,
    3.555313160333));
#3259 = CARTESIAN_POINT('',(-3.903389656358,36.934859782626,
    3.279941772421));
#3260 = CARTESIAN_POINT('',(-3.40789843194,36.917645179186,3.1925));
#3261 = CARTESIAN_POINT('',(-3.22,36.917645179186,3.1925));
#3262 = PCURVE('',#3135,#3263);
#3263 = DEFINITIONAL_REPRESENTATION('',(#3264),#3268);
#3264 = LINE('',#3265,#3266);
#3265 = CARTESIAN_POINT('',(1.,0.));
#3266 = VECTOR('',#3267,1.);
#3267 = DIRECTION('',(4.723306136418E-15,1.));
#3268 = ( GEOMETRIC_REPRESENTATION_CONTEXT(2) 
PARAMETRIC_REPRESENTATION_CONTEXT() REPRESENTATION_CONTEXT('2D SPACE',''
  ) );
#3269 = PCURVE('',#3084,#3270);
#3270 = DEFINITIONAL_REPRESENTATION('',(#3271),#3297);
#3271 = B_SPLINE_CURVE_WITH_KNOTS('',3,(#3272,#3273,#3274,#3275,#3276,
    #3277,#3278,#3279,#3280,#3281,#3282,#3283,#3284,#3285,#3286,#3287,
    #3288,#3289,#3290,#3291,#3292,#3293,#3294,#3295,#3296),
  .UNSPECIFIED.,.F.,.F.,(4,1,1,1,1,1,1,1,1,1,1,1,1,1,1,1,1,1,1,1,1,1,4),
  (0.346962734245,0.354441664688,0.361920595132,0.369399525575,
    0.376878456018,0.384357386461,0.391836316904,0.399315247348,
    0.406794177791,0.414273108234,0.421752038677,0.42923096912,
    0.436709899564,0.444188830007,0.45166776045,0.459146690893,
    0.466625621336,0.47410455178,0.481583482223,0.489062412666,
    0.496541343109,0.504020273553,0.511499203996),
  .QUASI_UNIFORM_KNOTS.);
#3272 = CARTESIAN_POINT('',(5.2482784967,1.));
#3273 = CARTESIAN_POINT('',(5.26123989623,1.));
#3274 = CARTESIAN_POINT('',(5.287377960806,1.000319634361));
#3275 = CARTESIAN_POINT('',(5.327135414448,1.001669272934));
#3276 = CARTESIAN_POINT('',(5.367340360514,1.003799293276));
#3277 = CARTESIAN_POINT('',(5.407915920707,1.006623702363));
#3278 = CARTESIAN_POINT('',(5.448695352621,1.010042347429));
#3279 = CARTESIAN_POINT('',(5.489863474731,1.014007902441));
#3280 = CARTESIAN_POINT('',(5.532908370118,1.0186380994));
#3281 = CARTESIAN_POINT('',(5.577326486289,1.023757517888));
#3282 = CARTESIAN_POINT('',(5.623072743844,1.029257983513));
#3283 = CARTESIAN_POINT('',(5.669984932108,1.035013300563));
#3284 = CARTESIAN_POINT('',(5.717941630984,1.040902112583));
#3285 = CARTESIAN_POINT('',(5.766824298697,1.046801727407));
#3286 = CARTESIAN_POINT('',(5.816531368136,1.052589956463));
#3287 = CARTESIAN_POINT('',(5.866981306852,1.058143932504));
#3288 = CARTESIAN_POINT('',(5.918108001784,1.063342999395));
#3289 = CARTESIAN_POINT('',(5.969897238966,1.068058335227));
#3290 = CARTESIAN_POINT('',(6.022199333161,1.072212828309));
#3291 = CARTESIAN_POINT('',(6.074783180731,1.075750055357));
#3292 = CARTESIAN_POINT('',(6.127420819095,1.078608497196));
#3293 = CARTESIAN_POINT('',(6.179876307984,1.080728000128));
#3294 = CARTESIAN_POINT('',(6.231916862898,1.08204804445));
#3295 = CARTESIAN_POINT('',(6.26619034707,1.082354820814));
#3296 = CARTESIAN_POINT('',(6.28318530718,1.082354820814));
#3297 = ( GEOMETRIC_REPRESENTATION_CONTEXT(2) 
PARAMETRIC_REPRESENTATION_CONTEXT() REPRESENTATION_CONTEXT('2D SPACE',''
  ) );
#3298 = ADVANCED_FACE('',(#3299),#3170,.T.);
#3299 = FACE_BOUND('',#3300,.T.);
#3300 = EDGE_LOOP('',(#3301,#3354,#3375,#3376));
#3301 = ORIENTED_EDGE('',*,*,#3302,.T.);
#3302 = EDGE_CURVE('',#3303,#3305,#3307,.T.);
#3303 = VERTEX_POINT('',#3304);
#3304 = CARTESIAN_POINT('',(3.22,36.917645179186,3.1925));
#3305 = VERTEX_POINT('',#3306);
#3306 = CARTESIAN_POINT('',(3.22,37.594927125117,2.246004856021));
#3307 = SURFACE_CURVE('',#3308,(#3312,#3319),.PCURVE_S1.);
#3308 = LINE('',#3309,#3310);
#3309 = CARTESIAN_POINT('',(3.22,36.917645179186,3.1925));
#3310 = VECTOR('',#3311,1.);
#3311 = DIRECTION('',(0.,0.581928666561,-0.813239833649));
#3312 = PCURVE('',#3170,#3313);
#3313 = DEFINITIONAL_REPRESENTATION('',(#3314),#3318);
#3314 = LINE('',#3315,#3316);
#3315 = CARTESIAN_POINT('',(-7.78,-0.58192866656));
#3316 = VECTOR('',#3317,1.);
#3317 = DIRECTION('',(-7.710911076444E-16,1.));
#3318 = ( GEOMETRIC_REPRESENTATION_CONTEXT(2) 
PARAMETRIC_REPRESENTATION_CONTEXT() REPRESENTATION_CONTEXT('2D SPACE',''
  ) );
#3319 = PCURVE('',#3320,#3349);
#3320 = B_SPLINE_SURFACE_WITH_KNOTS('',3,3,(
    (#3321,#3322,#3323,#3324,#3325,#3326,#3327)
    ,(#3328,#3329,#3330,#3331,#3332,#3333,#3334)
    ,(#3335,#3336,#3337,#3338,#3339,#3340,#3341)
    ,(#3342,#3343,#3344,#3345,#3346,#3347,#3348
  )),.UNSPECIFIED.,.F.,.F.,.F.,(4,4),(4,1,2,4),(0.,1.),(0.511528220351,
    0.561638012862,0.636802701629,0.676064690102),.UNSPECIFIED.);
#3321 = CARTESIAN_POINT('',(3.22,37.594927125116,2.24600485602));
#3322 = CARTESIAN_POINT('',(3.489581914537,37.594927125116,2.24600485602
    ));
#3323 = CARTESIAN_POINT('',(4.199165144018,37.645273703231,
    2.342370625012));
#3324 = CARTESIAN_POINT('',(4.819800072725,37.797063865553,
    2.709378283291));
#3325 = CARTESIAN_POINT('',(5.248812810625,37.907227919314,
    3.130524424464));
#3326 = CARTESIAN_POINT('',(5.384869264195,37.942995894006,
    3.300638674949));
#3327 = CARTESIAN_POINT('',(5.498049662301,37.967311437186,
    3.489666814354));
#3328 = CARTESIAN_POINT('',(3.22,37.369166476473,2.561503237347));
#3329 = CARTESIAN_POINT('',(3.462176163171,37.369198812739,
    2.561078172003));
#3330 = CARTESIAN_POINT('',(4.100655970638,37.408509162051,
    2.654953414086));
#3331 = CARTESIAN_POINT('',(4.639329414637,37.523567319864,
    2.991698991691));
#3332 = CARTESIAN_POINT('',(5.002872282505,37.603283921325,
    3.356379513125));
#3333 = CARTESIAN_POINT('',(5.11713791983,37.628722255248,3.501828692225
    ));
#3334 = CARTESIAN_POINT('',(5.211597902257,37.644874291457,
    3.659777876236));
#3335 = CARTESIAN_POINT('',(3.22,37.143405827829,2.877001618673));
#3336 = CARTESIAN_POINT('',(3.435304183306,37.143373491564,
    2.877426684017));
#3337 = CARTESIAN_POINT('',(4.001898829738,37.171624323806,
    2.967358983347));
#3338 = CARTESIAN_POINT('',(4.458297577855,37.249670102284,
    3.272992451933));
#3339 = CARTESIAN_POINT('',(4.757322074869,37.299539157705,
    3.582904036447));
#3340 = CARTESIAN_POINT('',(4.84909921124,37.314273638759,3.702277276256
    ));
#3341 = CARTESIAN_POINT('',(4.925146142214,37.322437145729,
    3.829888938118));
#3342 = CARTESIAN_POINT('',(3.22,36.917645179186,3.1925));
#3343 = CARTESIAN_POINT('',(3.40789843194,36.917645179186,3.1925));
#3344 = CARTESIAN_POINT('',(3.903389656358,36.934859782626,
    3.279941772421));
#3345 = CARTESIAN_POINT('',(4.277826919768,36.976173556596,
    3.555313160333));
#3346 = CARTESIAN_POINT('',(4.511381546749,36.995595159716,
    3.808759125108));
#3347 = CARTESIAN_POINT('',(4.581367866874,37.,3.903467293533));
#3348 = CARTESIAN_POINT('',(4.63869438217,37.,4.));
#3349 = DEFINITIONAL_REPRESENTATION('',(#3350),#3353);
#3350 = B_SPLINE_CURVE_WITH_KNOTS('',1,(#3351,#3352),.UNSPECIFIED.,.F.,
  .F.,(2,2),(0.,1.163857333121),.PIECEWISE_BEZIER_KNOTS.);
#3351 = CARTESIAN_POINT('',(1.,0.511528220351));
#3352 = CARTESIAN_POINT('',(4.170945016838E-13,0.511528220351));
#3353 = ( GEOMETRIC_REPRESENTATION_CONTEXT(2) 
PARAMETRIC_REPRESENTATION_CONTEXT() REPRESENTATION_CONTEXT('2D SPACE',''
  ) );
#3354 = ORIENTED_EDGE('',*,*,#3355,.T.);
#3355 = EDGE_CURVE('',#3305,#3127,#3356,.T.);
#3356 = SURFACE_CURVE('',#3357,(#3361,#3368),.PCURVE_S1.);
#3357 = LINE('',#3358,#3359);
#3358 = CARTESIAN_POINT('',(11.,37.594927125117,2.246004856021));
#3359 = VECTOR('',#3360,1.);
#3360 = DIRECTION('',(-1.,0.,0.));
#3361 = PCURVE('',#3170,#3362);
#3362 = DEFINITIONAL_REPRESENTATION('',(#3363),#3367);
#3363 = LINE('',#3364,#3365);
#3364 = CARTESIAN_POINT('',(-4.487200200681E-16,0.58192866656));
#3365 = VECTOR('',#3366,1.);
#3366 = DIRECTION('',(-1.,-7.710911076444E-16));
#3367 = ( GEOMETRIC_REPRESENTATION_CONTEXT(2) 
PARAMETRIC_REPRESENTATION_CONTEXT() REPRESENTATION_CONTEXT('2D SPACE',''
  ) );
#3368 = PCURVE('',#2409,#3369);
#3369 = DEFINITIONAL_REPRESENTATION('',(#3370),#3374);
#3370 = LINE('',#3371,#3372);
#3371 = CARTESIAN_POINT('',(5.951714765847,0.));
#3372 = VECTOR('',#3373,1.);
#3373 = DIRECTION('',(0.,1.));
#3374 = ( GEOMETRIC_REPRESENTATION_CONTEXT(2) 
PARAMETRIC_REPRESENTATION_CONTEXT() REPRESENTATION_CONTEXT('2D SPACE',''
  ) );
#3375 = ORIENTED_EDGE('',*,*,#3124,.F.);
#3376 = ORIENTED_EDGE('',*,*,#3377,.T.);
#3377 = EDGE_CURVE('',#3125,#3303,#3378,.T.);
#3378 = SURFACE_CURVE('',#3379,(#3383,#3390),.PCURVE_S1.);
#3379 = LINE('',#3380,#3381);
#3380 = CARTESIAN_POINT('',(11.,36.917645179186,3.1925));
#3381 = VECTOR('',#3382,1.);
#3382 = DIRECTION('',(1.,0.,9.48171837801E-16));
#3383 = PCURVE('',#3170,#3384);
#3384 = DEFINITIONAL_REPRESENTATION('',(#3385),#3389);
#3385 = LINE('',#3386,#3387);
#3386 = CARTESIAN_POINT('',(4.48720020068E-16,-0.58192866656));
#3387 = VECTOR('',#3388,1.);
#3388 = DIRECTION('',(1.,-1.022113879548E-31));
#3389 = ( GEOMETRIC_REPRESENTATION_CONTEXT(2) 
PARAMETRIC_REPRESENTATION_CONTEXT() REPRESENTATION_CONTEXT('2D SPACE',''
  ) );
#3390 = PCURVE('',#3391,#3396);
#3391 = PLANE('',#3392);
#3392 = AXIS2_PLACEMENT_3D('',#3393,#3394,#3395);
#3393 = CARTESIAN_POINT('',(-3.22,38.,3.1925));
#3394 = DIRECTION('',(9.48171837801E-16,0.,-1.));
#3395 = DIRECTION('',(1.,0.,9.48171837801E-16));
#3396 = DEFINITIONAL_REPRESENTATION('',(#3397),#3401);
#3397 = LINE('',#3398,#3399);
#3398 = CARTESIAN_POINT('',(14.22,1.082354820814));
#3399 = VECTOR('',#3400,1.);
#3400 = DIRECTION('',(1.,0.));
#3401 = ( GEOMETRIC_REPRESENTATION_CONTEXT(2) 
PARAMETRIC_REPRESENTATION_CONTEXT() REPRESENTATION_CONTEXT('2D SPACE',''
  ) );
#3402 = ADVANCED_FACE('',(#3403),#3320,.T.);
#3403 = FACE_BOUND('',#3404,.T.);
#3404 = EDGE_LOOP('',(#3405,#3445,#3492,#3493));
#3405 = ORIENTED_EDGE('',*,*,#3406,.T.);
#3406 = EDGE_CURVE('',#3407,#3409,#3411,.T.);
#3407 = VERTEX_POINT('',#3408);
#3408 = CARTESIAN_POINT('',(4.63869438217,37.,4.));
#3409 = VERTEX_POINT('',#3410);
#3410 = CARTESIAN_POINT('',(5.498049662301,37.967311437186,
    3.489666814354));
#3411 = SURFACE_CURVE('',#3412,(#3416,#3422),.PCURVE_S1.);
#3412 = LINE('',#3413,#3414);
#3413 = CARTESIAN_POINT('',(4.63869438217,37.,4.));
#3414 = VECTOR('',#3415,1.);
#3415 = DIRECTION('',(0.617837963796,0.695453606356,-0.36690670735));
#3416 = PCURVE('',#3320,#3417);
#3417 = DEFINITIONAL_REPRESENTATION('',(#3418),#3421);
#3418 = B_SPLINE_CURVE_WITH_KNOTS('',1,(#3419,#3420),.UNSPECIFIED.,.F.,
  .F.,(2,2),(0.,1.390907212711),.PIECEWISE_BEZIER_KNOTS.);
#3419 = CARTESIAN_POINT('',(1.,0.676064690102));
#3420 = CARTESIAN_POINT('',(-3.684662966391E-15,0.676064690102));
#3421 = ( GEOMETRIC_REPRESENTATION_CONTEXT(2) 
PARAMETRIC_REPRESENTATION_CONTEXT() REPRESENTATION_CONTEXT('2D SPACE',''
  ) );
#3422 = PCURVE('',#3423,#3440);
#3423 = B_SPLINE_SURFACE_WITH_KNOTS('',3,3,(
    (#3424,#3425,#3426,#3427)
    ,(#3428,#3429,#3430,#3431)
    ,(#3432,#3433,#3434,#3435)
    ,(#3436,#3437,#3438,#3439
    )),.UNSPECIFIED.,.F.,.F.,.F.,(4,4),(4,4),(0.,1.),(-0.535889516315,
    -0.323539633308),.PIECEWISE_BEZIER_KNOTS.);
#3424 = CARTESIAN_POINT('',(5.498049662301,37.967311437186,
    3.489666814354));
#3425 = CARTESIAN_POINT('',(5.594389691313,37.988009015341,
    3.650569026566));
#3426 = CARTESIAN_POINT('',(5.672872537197,38.,3.822156444748));
#3427 = CARTESIAN_POINT('',(5.732507462675,38.,4.));
#3428 = CARTESIAN_POINT('',(5.211597902257,37.644874291457,
    3.659777876236));
#3429 = CARTESIAN_POINT('',(5.295702896758,37.658672676894,
    3.800519305053));
#3430 = CARTESIAN_POINT('',(5.364335111135,37.666666666667,
    3.950501546038));
#3431 = CARTESIAN_POINT('',(5.416468788125,37.666666666667,
    4.105974842767));
#3432 = CARTESIAN_POINT('',(4.925146142214,37.322437145729,
    3.829888938118));
#3433 = CARTESIAN_POINT('',(4.997016102203,37.329336338447,
    3.950469583539));
#3434 = CARTESIAN_POINT('',(5.055797685072,37.333333333333,
    4.078846647327));
#3435 = CARTESIAN_POINT('',(5.100430113575,37.333333333333,
    4.211949685535));
#3436 = CARTESIAN_POINT('',(4.63869438217,37.,4.));
#3437 = CARTESIAN_POINT('',(4.698329307648,37.,4.100419862026));
#3438 = CARTESIAN_POINT('',(4.74726025901,37.,4.207191748617));
#3439 = CARTESIAN_POINT('',(4.784391439024,37.,4.317924528302));
#3440 = DEFINITIONAL_REPRESENTATION('',(#3441),#3444);
#3441 = B_SPLINE_CURVE_WITH_KNOTS('',1,(#3442,#3443),.UNSPECIFIED.,.F.,
  .F.,(2,2),(0.,1.390907212711),.PIECEWISE_BEZIER_KNOTS.);
#3442 = CARTESIAN_POINT('',(1.,-0.535889516315));
#3443 = CARTESIAN_POINT('',(-2.82332136312E-15,-0.535889516315));
#3444 = ( GEOMETRIC_REPRESENTATION_CONTEXT(2) 
PARAMETRIC_REPRESENTATION_CONTEXT() REPRESENTATION_CONTEXT('2D SPACE',''
  ) );
#3445 = ORIENTED_EDGE('',*,*,#3446,.T.);
#3446 = EDGE_CURVE('',#3409,#3305,#3447,.T.);
#3447 = SURFACE_CURVE('',#3448,(#3456,#3463),.PCURVE_S1.);
#3448 = B_SPLINE_CURVE_WITH_KNOTS('',3,(#3449,#3450,#3451,#3452,#3453,
    #3454,#3455),.UNSPECIFIED.,.F.,.F.,(4,2,1,4),(-0.676064690102,
    -0.636802701629,-0.561638012862,-0.511528220351),.UNSPECIFIED.);
#3449 = CARTESIAN_POINT('',(5.498049662301,37.967311437186,
    3.489666814354));
#3450 = CARTESIAN_POINT('',(5.384869264195,37.942995894006,
    3.300638674949));
#3451 = CARTESIAN_POINT('',(5.248812810625,37.907227919314,
    3.130524424464));
#3452 = CARTESIAN_POINT('',(4.819800072725,37.797063865553,
    2.709378283291));
#3453 = CARTESIAN_POINT('',(4.199165144018,37.645273703231,
    2.342370625012));
#3454 = CARTESIAN_POINT('',(3.489581914537,37.594927125116,2.24600485602
    ));
#3455 = CARTESIAN_POINT('',(3.22,37.594927125116,2.24600485602));
#3456 = PCURVE('',#3320,#3457);
#3457 = DEFINITIONAL_REPRESENTATION('',(#3458),#3462);
#3458 = LINE('',#3459,#3460);
#3459 = CARTESIAN_POINT('',(2.611380960368E-14,0.));
#3460 = VECTOR('',#3461,1.);
#3461 = DIRECTION('',(4.181056792302E-14,-1.));
#3462 = ( GEOMETRIC_REPRESENTATION_CONTEXT(2) 
PARAMETRIC_REPRESENTATION_CONTEXT() REPRESENTATION_CONTEXT('2D SPACE',''
  ) );
#3463 = PCURVE('',#2409,#3464);
#3464 = DEFINITIONAL_REPRESENTATION('',(#3465),#3491);
#3465 = B_SPLINE_CURVE_WITH_KNOTS('',3,(#3466,#3467,#3468,#3469,#3470,
    #3471,#3472,#3473,#3474,#3475,#3476,#3477,#3478,#3479,#3480,#3481,
    #3482,#3483,#3484,#3485,#3486,#3487,#3488,#3489,#3490),
  .UNSPECIFIED.,.F.,.F.,(4,1,1,1,1,1,1,1,1,1,1,1,1,1,1,1,1,1,1,1,1,1,4),
  (-0.676064690102,-0.668585759659,-0.661106829216,-0.653627898772,
    -0.646148968329,-0.638670037886,-0.631191107443,-0.623712177,
    -0.616233246556,-0.608754316113,-0.60127538567,-0.593796455227,
    -0.586317524784,-0.57883859434,-0.571359663897,-0.563880733454,
    -0.556401803011,-0.548922872567,-0.541443942124,-0.533965011681,
    -0.526486081238,-0.519007150795,-0.511528220351),
  .QUASI_UNIFORM_KNOTS.);
#3466 = CARTESIAN_POINT('',(5.625719123138,5.501950337699));
#3467 = CARTESIAN_POINT('',(5.634794787821,5.523509824569));
#3468 = CARTESIAN_POINT('',(5.652633725396,5.568288581521));
#3469 = CARTESIAN_POINT('',(5.678387261055,5.639952841702));
#3470 = CARTESIAN_POINT('',(5.703067386454,5.715617043362));
#3471 = CARTESIAN_POINT('',(5.726608516822,5.794830357585));
#3472 = CARTESIAN_POINT('',(5.74890817403,5.876973496421));
#3473 = CARTESIAN_POINT('',(5.769985479843,5.962055653694));
#3474 = CARTESIAN_POINT('',(5.790375077473,6.05278807607));
#3475 = CARTESIAN_POINT('',(5.809872322814,6.14815291978));
#3476 = CARTESIAN_POINT('',(5.828437996195,6.247984127942));
#3477 = CARTESIAN_POINT('',(5.845985354569,6.351887418117));
#3478 = CARTESIAN_POINT('',(5.862437624377,6.459529623208));
#3479 = CARTESIAN_POINT('',(5.877712867887,6.570561340303));
#3480 = CARTESIAN_POINT('',(5.891728638793,6.68463699441));
#3481 = CARTESIAN_POINT('',(5.904399832698,6.801411934669));
#3482 = CARTESIAN_POINT('',(5.915643719469,6.920533985779));
#3483 = CARTESIAN_POINT('',(5.925362856732,7.041680146067));
#3484 = CARTESIAN_POINT('',(5.933544344987,7.164342012924));
#3485 = CARTESIAN_POINT('',(5.940209173159,7.287936988478));
#3486 = CARTESIAN_POINT('',(5.945369434001,7.411900750516));
#3487 = CARTESIAN_POINT('',(5.94903896371,7.535664079754));
#3488 = CARTESIAN_POINT('',(5.951230555147,7.658659069526));
#3489 = CARTESIAN_POINT('',(5.951714760944,7.739764663022));
#3490 = CARTESIAN_POINT('',(5.951714765848,7.78));
#3491 = ( GEOMETRIC_REPRESENTATION_CONTEXT(2) 
PARAMETRIC_REPRESENTATION_CONTEXT() REPRESENTATION_CONTEXT('2D SPACE',''
  ) );
#3492 = ORIENTED_EDGE('',*,*,#3302,.F.);
#3493 = ORIENTED_EDGE('',*,*,#3494,.T.);
#3494 = EDGE_CURVE('',#3303,#3407,#3495,.T.);
#3495 = SURFACE_CURVE('',#3496,(#3504,#3511),.PCURVE_S1.);
#3496 = B_SPLINE_CURVE_WITH_KNOTS('',3,(#3497,#3498,#3499,#3500,#3501,
    #3502,#3503),.UNSPECIFIED.,.F.,.F.,(4,1,2,4),(0.511528220351,
    0.561638012862,0.636802701629,0.676064690102),.UNSPECIFIED.);
#3497 = CARTESIAN_POINT('',(3.22,36.917645179186,3.1925));
#3498 = CARTESIAN_POINT('',(3.40789843194,36.917645179186,3.1925));
#3499 = CARTESIAN_POINT('',(3.903389656358,36.934859782626,
    3.279941772421));
#3500 = CARTESIAN_POINT('',(4.277826919768,36.976173556596,
    3.555313160333));
#3501 = CARTESIAN_POINT('',(4.511381546749,36.995595159716,
    3.808759125108));
#3502 = CARTESIAN_POINT('',(4.581367866874,37.,3.903467293533));
#3503 = CARTESIAN_POINT('',(4.63869438217,37.,4.));
#3504 = PCURVE('',#3320,#3505);
#3505 = DEFINITIONAL_REPRESENTATION('',(#3506),#3510);
#3506 = LINE('',#3507,#3508);
#3507 = CARTESIAN_POINT('',(1.,0.));
#3508 = VECTOR('',#3509,1.);
#3509 = DIRECTION('',(-2.159225662362E-14,1.));
#3510 = ( GEOMETRIC_REPRESENTATION_CONTEXT(2) 
PARAMETRIC_REPRESENTATION_CONTEXT() REPRESENTATION_CONTEXT('2D SPACE',''
  ) );
#3511 = PCURVE('',#3512,#3517);
#3512 = CYLINDRICAL_SURFACE('',#3513,1.65);
#3513 = AXIS2_PLACEMENT_3D('',#3514,#3515,#3516);
#3514 = CARTESIAN_POINT('',(3.22,38.,4.8425));
#3515 = DIRECTION('',(0.,-1.,0.));
#3516 = DIRECTION('',(1.,0.,2.0185873175E-15));
#3517 = DEFINITIONAL_REPRESENTATION('',(#3518),#3544);
#3518 = B_SPLINE_CURVE_WITH_KNOTS('',3,(#3519,#3520,#3521,#3522,#3523,
    #3524,#3525,#3526,#3527,#3528,#3529,#3530,#3531,#3532,#3533,#3534,
    #3535,#3536,#3537,#3538,#3539,#3540,#3541,#3542,#3543),
  .UNSPECIFIED.,.F.,.F.,(4,1,1,1,1,1,1,1,1,1,1,1,1,1,1,1,1,1,1,1,1,1,4),
  (0.511528220351,0.519007150795,0.526486081238,0.533965011681,
    0.541443942124,0.548922872567,0.556401803011,0.563880733454,
    0.571359663897,0.57883859434,0.586317524784,0.593796455227,
    0.60127538567,0.608754316113,0.616233246556,0.623712177,
    0.631191107443,0.638670037886,0.646148968329,0.653627898772,
    0.661106829216,0.668585759659,0.676064690102),
  .QUASI_UNIFORM_KNOTS.);
#3519 = CARTESIAN_POINT('',(4.712388980385,1.082354820814));
#3520 = CARTESIAN_POINT('',(4.729383940494,1.082354820814));
#3521 = CARTESIAN_POINT('',(4.763657424666,1.08204804445));
#3522 = CARTESIAN_POINT('',(4.815697979581,1.080728000128));
#3523 = CARTESIAN_POINT('',(4.86815346847,1.078608497196));
#3524 = CARTESIAN_POINT('',(4.920791106833,1.075750055357));
#3525 = CARTESIAN_POINT('',(4.973374954403,1.072212828309));
#3526 = CARTESIAN_POINT('',(5.025677048598,1.068058335227));
#3527 = CARTESIAN_POINT('',(5.077466285781,1.063342999395));
#3528 = CARTESIAN_POINT('',(5.128592980712,1.058143932504));
#3529 = CARTESIAN_POINT('',(5.179042919429,1.052589956463));
#3530 = CARTESIAN_POINT('',(5.228749988867,1.046801727407));
#3531 = CARTESIAN_POINT('',(5.27763265658,1.040902112583));
#3532 = CARTESIAN_POINT('',(5.325589355456,1.035013300563));
#3533 = CARTESIAN_POINT('',(5.372501543721,1.029257983513));
#3534 = CARTESIAN_POINT('',(5.418247801275,1.023757517888));
#3535 = CARTESIAN_POINT('',(5.462665917446,1.0186380994));
#3536 = CARTESIAN_POINT('',(5.505710812833,1.014007902441));
#3537 = CARTESIAN_POINT('',(5.546878934944,1.010042347429));
#3538 = CARTESIAN_POINT('',(5.587658366857,1.006623702363));
#3539 = CARTESIAN_POINT('',(5.628233927051,1.003799293276));
#3540 = CARTESIAN_POINT('',(5.668438873116,1.001669272934));
#3541 = CARTESIAN_POINT('',(5.708196326759,1.000319634361));
#3542 = CARTESIAN_POINT('',(5.734334391334,1.));
#3543 = CARTESIAN_POINT('',(5.747295790864,1.));
#3544 = ( GEOMETRIC_REPRESENTATION_CONTEXT(2) 
PARAMETRIC_REPRESENTATION_CONTEXT() REPRESENTATION_CONTEXT('2D SPACE',''
  ) );
#3545 = ADVANCED_FACE('',(#3546),#3044,.T.);
#3546 = FACE_BOUND('',#3547,.T.);
#3547 = EDGE_LOOP('',(#3548,#3549,#3593,#3594));
#3548 = ORIENTED_EDGE('',*,*,#3231,.F.);
#3549 = ORIENTED_EDGE('',*,*,#3550,.T.);
#3550 = EDGE_CURVE('',#3183,#3000,#3551,.T.);
#3551 = SURFACE_CURVE('',#3552,(#3557,#3564),.PCURVE_S1.);
#3552 = B_SPLINE_CURVE_WITH_KNOTS('',3,(#3553,#3554,#3555,#3556),
  .UNSPECIFIED.,.F.,.F.,(4,4),(1.034906810479,1.247256693487),
  .PIECEWISE_BEZIER_KNOTS.);
#3553 = CARTESIAN_POINT('',(-5.498049662301,37.967311437186,
    3.489666814354));
#3554 = CARTESIAN_POINT('',(-5.594389691313,37.988009015341,
    3.650569026566));
#3555 = CARTESIAN_POINT('',(-5.672872537197,38.,3.822156444748));
#3556 = CARTESIAN_POINT('',(-5.732507462675,38.,4.));
#3557 = PCURVE('',#3044,#3558);
#3558 = DEFINITIONAL_REPRESENTATION('',(#3559),#3563);
#3559 = LINE('',#3560,#3561);
#3560 = CARTESIAN_POINT('',(3.065406090789E-15,0.));
#3561 = VECTOR('',#3562,1.);
#3562 = DIRECTION('',(-2.957372506435E-15,-1.));
#3563 = ( GEOMETRIC_REPRESENTATION_CONTEXT(2) 
PARAMETRIC_REPRESENTATION_CONTEXT() REPRESENTATION_CONTEXT('2D SPACE',''
  ) );
#3564 = PCURVE('',#2409,#3565);
#3565 = DEFINITIONAL_REPRESENTATION('',(#3566),#3592);
#3566 = B_SPLINE_CURVE_WITH_KNOTS('',3,(#3567,#3568,#3569,#3570,#3571,
    #3572,#3573,#3574,#3575,#3576,#3577,#3578,#3579,#3580,#3581,#3582,
    #3583,#3584,#3585,#3586,#3587,#3588,#3589,#3590,#3591),
  .UNSPECIFIED.,.F.,.F.,(4,1,1,1,1,1,1,1,1,1,1,1,1,1,1,1,1,1,1,1,1,1,4),
  (1.034906810479,1.044559077889,1.054211345298,1.063863612708,
    1.073515880117,1.083168147527,1.092820414936,1.102472682346,
    1.112124949755,1.121777217164,1.131429484574,1.141081751983,
    1.150734019393,1.160386286802,1.170038554212,1.179690821621,
    1.189343089031,1.19899535644,1.208647623849,1.218299891259,
    1.227952158668,1.237604426078,1.247256693487),
  .QUASI_UNIFORM_KNOTS.);
#3567 = CARTESIAN_POINT('',(5.625719123138,16.498049662301));
#3568 = CARTESIAN_POINT('',(5.6238756233,16.502428754529));
#3569 = CARTESIAN_POINT('',(5.620178823956,16.511113148972));
#3570 = CARTESIAN_POINT('',(5.614604722868,16.52391781233));
#3571 = CARTESIAN_POINT('',(5.609002217954,16.536499989117));
#3572 = CARTESIAN_POINT('',(5.603371802891,16.548859121064));
#3573 = CARTESIAN_POINT('',(5.597713968167,16.560994649906));
#3574 = CARTESIAN_POINT('',(5.592029200515,16.572906017376));
#3575 = CARTESIAN_POINT('',(5.586317982862,16.584592665207));
#3576 = CARTESIAN_POINT('',(5.580580794133,16.596054035133));
#3577 = CARTESIAN_POINT('',(5.574818109088,16.607289568886));
#3578 = CARTESIAN_POINT('',(5.569030398154,16.6182987082));
#3579 = CARTESIAN_POINT('',(5.563218127243,16.629080894809));
#3580 = CARTESIAN_POINT('',(5.557381757579,16.639635570445));
#3581 = CARTESIAN_POINT('',(5.551521745513,16.649962176842));
#3582 = CARTESIAN_POINT('',(5.545638542341,16.660060155734));
#3583 = CARTESIAN_POINT('',(5.539732594118,16.669928948853));
#3584 = CARTESIAN_POINT('',(5.533804341468,16.679567997933));
#3585 = CARTESIAN_POINT('',(5.5278542194,16.688976744708));
#3586 = CARTESIAN_POINT('',(5.521882657094,16.69815463091));
#3587 = CARTESIAN_POINT('',(5.515890077778,16.707101098273));
#3588 = CARTESIAN_POINT('',(5.509876898292,16.71581558853));
#3589 = CARTESIAN_POINT('',(5.503843529759,16.724297543414));
#3590 = CARTESIAN_POINT('',(5.499808092711,16.729796784245));
#3591 = CARTESIAN_POINT('',(5.497787143782,16.732507462675));
#3592 = ( GEOMETRIC_REPRESENTATION_CONTEXT(2) 
PARAMETRIC_REPRESENTATION_CONTEXT() REPRESENTATION_CONTEXT('2D SPACE',''
  ) );
#3593 = ORIENTED_EDGE('',*,*,#3028,.F.);
#3594 = ORIENTED_EDGE('',*,*,#3595,.T.);
#3595 = EDGE_CURVE('',#3029,#3232,#3596,.T.);
#3596 = SURFACE_CURVE('',#3597,(#3602,#3609),.PCURVE_S1.);
#3597 = B_SPLINE_CURVE_WITH_KNOTS('',3,(#3598,#3599,#3600,#3601),
  .UNSPECIFIED.,.F.,.F.,(4,4),(-1.247256693487,-1.034906810479),
  .PIECEWISE_BEZIER_KNOTS.);
#3598 = CARTESIAN_POINT('',(-4.784391439024,37.,4.317924528302));
#3599 = CARTESIAN_POINT('',(-4.74726025901,37.,4.207191748617));
#3600 = CARTESIAN_POINT('',(-4.698329307648,37.,4.100419862026));
#3601 = CARTESIAN_POINT('',(-4.63869438217,37.,4.));
#3602 = PCURVE('',#3044,#3603);
#3603 = DEFINITIONAL_REPRESENTATION('',(#3604),#3608);
#3604 = LINE('',#3605,#3606);
#3605 = CARTESIAN_POINT('',(1.,-4.440892098501E-16));
#3606 = VECTOR('',#3607,1.);
#3607 = DIRECTION('',(3.659790654131E-15,1.));
#3608 = ( GEOMETRIC_REPRESENTATION_CONTEXT(2) 
PARAMETRIC_REPRESENTATION_CONTEXT() REPRESENTATION_CONTEXT('2D SPACE',''
  ) );
#3609 = PCURVE('',#3084,#3610);
#3610 = DEFINITIONAL_REPRESENTATION('',(#3611),#3615);
#3611 = LINE('',#3612,#3613);
#3612 = CARTESIAN_POINT('',(6.28318530718,1.));
#3613 = VECTOR('',#3614,1.);
#3614 = DIRECTION('',(1.,0.));
#3615 = ( GEOMETRIC_REPRESENTATION_CONTEXT(2) 
PARAMETRIC_REPRESENTATION_CONTEXT() REPRESENTATION_CONTEXT('2D SPACE',''
  ) );
#3616 = ADVANCED_FACE('',(#3617),#3631,.F.);
#3617 = FACE_BOUND('',#3618,.F.);
#3618 = EDGE_LOOP('',(#3619,#3676,#3705,#3732,#3759,#3783,#3805,#3834));
#3619 = ORIENTED_EDGE('',*,*,#3620,.F.);
#3620 = EDGE_CURVE('',#3621,#3623,#3625,.T.);
#3621 = VERTEX_POINT('',#3622);
#3622 = CARTESIAN_POINT('',(5.003590129486,37.15,4.6));
#3623 = VERTEX_POINT('',#3624);
#3624 = CARTESIAN_POINT('',(5.657969185613,37.8,4.6));
#3625 = SURFACE_CURVE('',#3626,(#3630,#3664),.PCURVE_S1.);
#3626 = ( BOUNDED_CURVE() B_SPLINE_CURVE(2,(#3627,#3628,#3629),
.UNSPECIFIED.,.F.,.F.) B_SPLINE_CURVE_WITH_KNOTS((3,3),(0.,
9.223406006487E-02),.PIECEWISE_BEZIER_KNOTS.) CURVE() 
GEOMETRIC_REPRESENTATION_ITEM() RATIONAL_B_SPLINE_CURVE((1.,
1.012068632595,1.00000000026)) REPRESENTATION_ITEM('') );
#3627 = CARTESIAN_POINT('',(5.003590129486,37.15,4.6));
#3628 = CARTESIAN_POINT('',(5.280738906189,37.424622123626,4.6));
#3629 = CARTESIAN_POINT('',(5.657969185613,37.8,4.6));
#3630 = PCURVE('',#3631,#3636);
#3631 = CONICAL_SURFACE('',#3632,2.15,0.785398163397);
#3632 = AXIS2_PLACEMENT_3D('',#3633,#3634,#3635);
#3633 = CARTESIAN_POINT('',(3.22,37.5,4.8425));
#3634 = DIRECTION('',(0.,1.,0.));
#3635 = DIRECTION('',(1.,-0.,2.0185873175E-15));
#3636 = DEFINITIONAL_REPRESENTATION('',(#3637),#3663);
#3637 = B_SPLINE_CURVE_WITH_KNOTS('',3,(#3638,#3639,#3640,#3641,#3642,
    #3643,#3644,#3645,#3646,#3647,#3648,#3649,#3650,#3651,#3652,#3653,
    #3654,#3655,#3656,#3657,#3658,#3659,#3660,#3661,#3662),
  .UNSPECIFIED.,.F.,.F.,(4,1,1,1,1,1,1,1,1,1,1,1,1,1,1,1,1,1,1,1,1,1,4),
  (0.,4.192457275676E-03,8.384914551352E-03,1.257737182703E-02,
    1.67698291027E-02,2.096228637838E-02,2.515474365406E-02,
    2.934720092973E-02,3.353965820541E-02,3.773211548108E-02,
    4.192457275676E-02,4.611703003244E-02,5.030948730811E-02,
    5.450194458379E-02,5.869440185946E-02,6.288685913514E-02,
    6.707931641082E-02,7.127177368649E-02,7.546423096217E-02,
    7.965668823784E-02,8.384914551352E-02,8.804160278919E-02,
    9.223406006487E-02),.QUASI_UNIFORM_KNOTS.);
#3638 = CARTESIAN_POINT('',(0.135133123656,-0.35));
#3639 = CARTESIAN_POINT('',(0.134496951495,-0.341577668888));
#3640 = CARTESIAN_POINT('',(0.13323422931,-0.324621892219));
#3641 = CARTESIAN_POINT('',(0.131368390417,-0.298848139495));
#3642 = CARTESIAN_POINT('',(0.129530166701,-0.272727625852));
#3643 = CARTESIAN_POINT('',(0.127718954059,-0.246253428936));
#3644 = CARTESIAN_POINT('',(0.125934164015,-0.219418455422));
#3645 = CARTESIAN_POINT('',(0.124175225454,-0.192215412089));
#3646 = CARTESIAN_POINT('',(0.122441583397,-0.164636805266));
#3647 = CARTESIAN_POINT('',(0.120732698596,-0.136674932331));
#3648 = CARTESIAN_POINT('',(0.119048046942,-0.10832187497));
#3649 = CARTESIAN_POINT('',(0.117387118948,-7.956949159208E-02));
#3650 = CARTESIAN_POINT('',(0.115749419246,-5.04094095603E-02));
#3651 = CARTESIAN_POINT('',(0.114134466101,-2.083301705899E-02));
#3652 = CARTESIAN_POINT('',(0.11254179095,9.168545382961E-03));
#3653 = CARTESIAN_POINT('',(0.110970937954,3.960439374412E-02));
#3654 = CARTESIAN_POINT('',(0.109421463573,7.048390972808E-02));
#3655 = CARTESIAN_POINT('',(0.107892936157,0.101816750466));
#3656 = CARTESIAN_POINT('',(0.106384935544,0.133612858354));
#3657 = CARTESIAN_POINT('',(0.104897052707,0.165882472431));
#3658 = CARTESIAN_POINT('',(0.103428889301,0.198636136158));
#3659 = CARTESIAN_POINT('',(0.101980057642,0.231884720899));
#3660 = CARTESIAN_POINT('',(0.100550179158,0.26563939316));
#3661 = CARTESIAN_POINT('',(9.960931876502E-02,0.288487660555));
#3662 = CARTESIAN_POINT('',(9.914192503776E-02,0.3));
#3663 = ( GEOMETRIC_REPRESENTATION_CONTEXT(2) 
PARAMETRIC_REPRESENTATION_CONTEXT() REPRESENTATION_CONTEXT('2D SPACE',''
  ) );
#3664 = PCURVE('',#3665,#3670);
#3665 = PLANE('',#3666);
#3666 = AXIS2_PLACEMENT_3D('',#3667,#3668,#3669);
#3667 = CARTESIAN_POINT('',(-3.721375435894E-04,-2.566835632933E-12,4.6)
  );
#3668 = DIRECTION('',(0.,0.,1.));
#3669 = DIRECTION('',(1.,0.,-0.));
#3670 = DEFINITIONAL_REPRESENTATION('',(#3671),#3675);
#3671 = ( BOUNDED_CURVE() B_SPLINE_CURVE(2,(#3672,#3673,#3674),
.UNSPECIFIED.,.F.,.F.) B_SPLINE_CURVE_WITH_KNOTS((3,3),(0.,
9.223406006487E-02),.PIECEWISE_BEZIER_KNOTS.) CURVE() 
GEOMETRIC_REPRESENTATION_ITEM() RATIONAL_B_SPLINE_CURVE((1.,
1.012068632595,1.00000000026)) REPRESENTATION_ITEM('') );
#3672 = CARTESIAN_POINT('',(5.00396226703,37.150000000003));
#3673 = CARTESIAN_POINT('',(5.281111043733,37.424622123628));
#3674 = CARTESIAN_POINT('',(5.658341323157,37.800000000003));
#3675 = ( GEOMETRIC_REPRESENTATION_CONTEXT(2) 
PARAMETRIC_REPRESENTATION_CONTEXT() REPRESENTATION_CONTEXT('2D SPACE',''
  ) );
#3676 = ORIENTED_EDGE('',*,*,#3677,.F.);
#3677 = EDGE_CURVE('',#3678,#3621,#3680,.T.);
#3678 = VERTEX_POINT('',#3679);
#3679 = CARTESIAN_POINT('',(5.013096135181,37.15,5.));
#3680 = SURFACE_CURVE('',#3681,(#3686,#3693),.PCURVE_S1.);
#3681 = CIRCLE('',#3682,1.8);
#3682 = AXIS2_PLACEMENT_3D('',#3683,#3684,#3685);
#3683 = CARTESIAN_POINT('',(3.22,37.15,4.8425));
#3684 = DIRECTION('',(0.,1.,0.));
#3685 = DIRECTION('',(1.,-0.,2.0185873175E-15));
#3686 = PCURVE('',#3631,#3687);
#3687 = DEFINITIONAL_REPRESENTATION('',(#3688),#3692);
#3688 = LINE('',#3689,#3690);
#3689 = CARTESIAN_POINT('',(-6.28318530718,-0.35));
#3690 = VECTOR('',#3691,1.);
#3691 = DIRECTION('',(1.,8.811035626322E-16));
#3692 = ( GEOMETRIC_REPRESENTATION_CONTEXT(2) 
PARAMETRIC_REPRESENTATION_CONTEXT() REPRESENTATION_CONTEXT('2D SPACE',''
  ) );
#3693 = PCURVE('',#3694,#3699);
#3694 = PLANE('',#3695);
#3695 = AXIS2_PLACEMENT_3D('',#3696,#3697,#3698);
#3696 = CARTESIAN_POINT('',(-22.,37.15,5.));
#3697 = DIRECTION('',(0.,1.,0.));
#3698 = DIRECTION('',(1.,0.,0.));
#3699 = DEFINITIONAL_REPRESENTATION('',(#3700),#3704);
#3700 = CIRCLE('',#3701,1.8);
#3701 = AXIS2_PLACEMENT_2D('',#3702,#3703);
#3702 = CARTESIAN_POINT('',(25.22,0.1575));
#3703 = DIRECTION('',(1.,-2.0185873175E-15));
#3704 = ( GEOMETRIC_REPRESENTATION_CONTEXT(2) 
PARAMETRIC_REPRESENTATION_CONTEXT() REPRESENTATION_CONTEXT('2D SPACE',''
  ) );
#3705 = ORIENTED_EDGE('',*,*,#3706,.F.);
#3706 = EDGE_CURVE('',#3707,#3678,#3709,.T.);
#3707 = VERTEX_POINT('',#3708);
#3708 = CARTESIAN_POINT('',(4.87,37.0075,5.));
#3709 = SURFACE_CURVE('',#3710,(#3714,#3720),.PCURVE_S1.);
#3710 = ( BOUNDED_CURVE() B_SPLINE_CURVE(2,(#3711,#3712,#3713),
.UNSPECIFIED.,.F.,.F.) B_SPLINE_CURVE_WITH_KNOTS((3,3),(0.181946541486,
0.192452461638),.PIECEWISE_BEZIER_KNOTS.) CURVE() 
GEOMETRIC_REPRESENTATION_ITEM() RATIONAL_B_SPLINE_CURVE((1.026989194581,
1.014273800314,1.000000001554)) REPRESENTATION_ITEM('') );
#3711 = CARTESIAN_POINT('',(4.87,37.0075,5.));
#3712 = CARTESIAN_POINT('',(4.938599231833,37.075788828069,5.));
#3713 = CARTESIAN_POINT('',(5.013096135181,37.15,5.));
#3714 = PCURVE('',#3631,#3715);
#3715 = DEFINITIONAL_REPRESENTATION('',(#3716),#3719);
#3716 = B_SPLINE_CURVE_WITH_KNOTS('',1,(#3717,#3718),.UNSPECIFIED.,.F.,
  .F.,(2,2),(0.181946541486,0.192452461638),.PIECEWISE_BEZIER_KNOTS.);
#3717 = CARTESIAN_POINT('',(-9.516620655395E-02,-0.4925));
#3718 = CARTESIAN_POINT('',(-8.761204008981E-02,-0.35));
#3719 = ( GEOMETRIC_REPRESENTATION_CONTEXT(2) 
PARAMETRIC_REPRESENTATION_CONTEXT() REPRESENTATION_CONTEXT('2D SPACE',''
  ) );
#3720 = PCURVE('',#3721,#3726);
#3721 = PLANE('',#3722);
#3722 = AXIS2_PLACEMENT_3D('',#3723,#3724,#3725);
#3723 = CARTESIAN_POINT('',(-4.440892098501E-15,4.440892098501E-15,5.));
#3724 = DIRECTION('',(0.,0.,1.));
#3725 = DIRECTION('',(-1.,0.,0.));
#3726 = DEFINITIONAL_REPRESENTATION('',(#3727),#3731);
#3727 = ( BOUNDED_CURVE() B_SPLINE_CURVE(2,(#3728,#3729,#3730),
.UNSPECIFIED.,.F.,.F.) B_SPLINE_CURVE_WITH_KNOTS((3,3),(0.181946541486,
0.192452461638),.PIECEWISE_BEZIER_KNOTS.) CURVE() 
GEOMETRIC_REPRESENTATION_ITEM() RATIONAL_B_SPLINE_CURVE((1.026989194581,
1.014273800314,1.000000001554)) REPRESENTATION_ITEM('') );
#3728 = CARTESIAN_POINT('',(-4.87,-37.0075));
#3729 = CARTESIAN_POINT('',(-4.938599231833,-37.07578882806));
#3730 = CARTESIAN_POINT('',(-5.013096135181,-37.15));
#3731 = ( GEOMETRIC_REPRESENTATION_CONTEXT(2) 
PARAMETRIC_REPRESENTATION_CONTEXT() REPRESENTATION_CONTEXT('2D SPACE',''
  ) );
#3732 = ORIENTED_EDGE('',*,*,#3733,.F.);
#3733 = EDGE_CURVE('',#3734,#3707,#3736,.T.);
#3734 = VERTEX_POINT('',#3735);
#3735 = CARTESIAN_POINT('',(4.87,37.,4.8425));
#3736 = SURFACE_CURVE('',#3737,(#3741,#3747),.PCURVE_S1.);
#3737 = ( BOUNDED_CURVE() B_SPLINE_CURVE(2,(#3738,#3739,#3740),
.UNSPECIFIED.,.F.,.F.) B_SPLINE_CURVE_WITH_KNOTS((3,3),(
    7.34846922835E-02,9.026660674702E-02),.PIECEWISE_BEZIER_KNOTS.) 
CURVE() GEOMETRIC_REPRESENTATION_ITEM() RATIONAL_B_SPLINE_CURVE((
1.045454545455,1.045454545455,1.043083900227)) REPRESENTATION_ITEM('') 
  );
#3738 = CARTESIAN_POINT('',(4.87,37.,4.8425));
#3739 = CARTESIAN_POINT('',(4.87,37.,4.921071428571));
#3740 = CARTESIAN_POINT('',(4.87,37.0075,5.));
#3741 = PCURVE('',#3631,#3742);
#3742 = DEFINITIONAL_REPRESENTATION('',(#3743),#3746);
#3743 = B_SPLINE_CURVE_WITH_KNOTS('',1,(#3744,#3745),.UNSPECIFIED.,.F.,
  .F.,(2,2),(7.34846922835E-02,9.026660674702E-02),
  .PIECEWISE_BEZIER_KNOTS.);
#3744 = CARTESIAN_POINT('',(0.,-0.5));
#3745 = CARTESIAN_POINT('',(-9.516620655395E-02,-0.4925));
#3746 = ( GEOMETRIC_REPRESENTATION_CONTEXT(2) 
PARAMETRIC_REPRESENTATION_CONTEXT() REPRESENTATION_CONTEXT('2D SPACE',''
  ) );
#3747 = PCURVE('',#3748,#3753);
#3748 = PLANE('',#3749);
#3749 = AXIS2_PLACEMENT_3D('',#3750,#3751,#3752);
#3750 = CARTESIAN_POINT('',(4.87,38.,4.8425));
#3751 = DIRECTION('',(1.,0.,1.563694400881E-15));
#3752 = DIRECTION('',(-1.563694400881E-15,0.,1.));
#3753 = DEFINITIONAL_REPRESENTATION('',(#3754),#3758);
#3754 = ( BOUNDED_CURVE() B_SPLINE_CURVE(2,(#3755,#3756,#3757),
.UNSPECIFIED.,.F.,.F.) B_SPLINE_CURVE_WITH_KNOTS((3,3),(
    7.34846922835E-02,9.026660674702E-02),.PIECEWISE_BEZIER_KNOTS.) 
CURVE() GEOMETRIC_REPRESENTATION_ITEM() RATIONAL_B_SPLINE_CURVE((
1.045454545455,1.045454545455,1.043083900227)) REPRESENTATION_ITEM('') 
  );
#3755 = CARTESIAN_POINT('',(0.,1.));
#3756 = CARTESIAN_POINT('',(7.857142857141E-02,1.));
#3757 = CARTESIAN_POINT('',(0.1575,0.9925));
#3758 = ( GEOMETRIC_REPRESENTATION_CONTEXT(2) 
PARAMETRIC_REPRESENTATION_CONTEXT() REPRESENTATION_CONTEXT('2D SPACE',''
  ) );
#3759 = ORIENTED_EDGE('',*,*,#3760,.F.);
#3760 = EDGE_CURVE('',#3761,#3734,#3763,.T.);
#3761 = VERTEX_POINT('',#3762);
#3762 = CARTESIAN_POINT('',(4.784391439024,37.,4.317924528302));
#3763 = SURFACE_CURVE('',#3764,(#3769,#3776),.PCURVE_S1.);
#3764 = CIRCLE('',#3765,1.65);
#3765 = AXIS2_PLACEMENT_3D('',#3766,#3767,#3768);
#3766 = CARTESIAN_POINT('',(3.22,37.,4.8425));
#3767 = DIRECTION('',(0.,-1.,0.));
#3768 = DIRECTION('',(1.,0.,2.0185873175E-15));
#3769 = PCURVE('',#3631,#3770);
#3770 = DEFINITIONAL_REPRESENTATION('',(#3771),#3775);
#3771 = LINE('',#3772,#3773);
#3772 = CARTESIAN_POINT('',(6.28318530718,-0.5));
#3773 = VECTOR('',#3774,1.);
#3774 = DIRECTION('',(-1.,-4.852859733542E-16));
#3775 = ( GEOMETRIC_REPRESENTATION_CONTEXT(2) 
PARAMETRIC_REPRESENTATION_CONTEXT() REPRESENTATION_CONTEXT('2D SPACE',''
  ) );
#3776 = PCURVE('',#3512,#3777);
#3777 = DEFINITIONAL_REPRESENTATION('',(#3778),#3782);
#3778 = LINE('',#3779,#3780);
#3779 = CARTESIAN_POINT('',(0.,1.));
#3780 = VECTOR('',#3781,1.);
#3781 = DIRECTION('',(1.,0.));
#3782 = ( GEOMETRIC_REPRESENTATION_CONTEXT(2) 
PARAMETRIC_REPRESENTATION_CONTEXT() REPRESENTATION_CONTEXT('2D SPACE',''
  ) );
#3783 = ORIENTED_EDGE('',*,*,#3784,.F.);
#3784 = EDGE_CURVE('',#3785,#3761,#3787,.T.);
#3785 = VERTEX_POINT('',#3786);
#3786 = CARTESIAN_POINT('',(5.732507462675,38.,4.));
#3787 = SURFACE_CURVE('',#3788,(#3792,#3799),.PCURVE_S1.);
#3788 = LINE('',#3789,#3790);
#3789 = CARTESIAN_POINT('',(5.732507462675,38.,4.));
#3790 = VECTOR('',#3791,1.);
#3791 = DIRECTION('',(-0.670419269675,-0.707106781187,0.224806589868));
#3792 = PCURVE('',#3631,#3793);
#3793 = DEFINITIONAL_REPRESENTATION('',(#3794),#3798);
#3794 = LINE('',#3795,#3796);
#3795 = CARTESIAN_POINT('',(0.323539633308,0.5));
#3796 = VECTOR('',#3797,1.);
#3797 = DIRECTION('',(-3.330669073875E-16,-1.));
#3798 = ( GEOMETRIC_REPRESENTATION_CONTEXT(2) 
PARAMETRIC_REPRESENTATION_CONTEXT() REPRESENTATION_CONTEXT('2D SPACE',''
  ) );
#3799 = PCURVE('',#3423,#3800);
#3800 = DEFINITIONAL_REPRESENTATION('',(#3801),#3804);
#3801 = B_SPLINE_CURVE_WITH_KNOTS('',1,(#3802,#3803),.UNSPECIFIED.,.F.,
  .F.,(2,2),(0.,1.414213562373),.PIECEWISE_BEZIER_KNOTS.);
#3802 = CARTESIAN_POINT('',(-5.916188391263E-16,-0.323539633308));
#3803 = CARTESIAN_POINT('',(1.,-0.323539633308));
#3804 = ( GEOMETRIC_REPRESENTATION_CONTEXT(2) 
PARAMETRIC_REPRESENTATION_CONTEXT() REPRESENTATION_CONTEXT('2D SPACE',''
  ) );
#3805 = ORIENTED_EDGE('',*,*,#3806,.F.);
#3806 = EDGE_CURVE('',#3807,#3785,#3809,.T.);
#3807 = VERTEX_POINT('',#3808);
#3808 = CARTESIAN_POINT('',(5.832794241803,38.,4.4));
#3809 = SURFACE_CURVE('',#3810,(#3815,#3822),.PCURVE_S1.);
#3810 = CIRCLE('',#3811,2.65);
#3811 = AXIS2_PLACEMENT_3D('',#3812,#3813,#3814);
#3812 = CARTESIAN_POINT('',(3.22,38.,4.8425));
#3813 = DIRECTION('',(0.,1.,0.));
#3814 = DIRECTION('',(1.,-0.,2.0185873175E-15));
#3815 = PCURVE('',#3631,#3816);
#3816 = DEFINITIONAL_REPRESENTATION('',(#3817),#3821);
#3817 = LINE('',#3818,#3819);
#3818 = CARTESIAN_POINT('',(-1.665334536938E-16,0.5));
#3819 = VECTOR('',#3820,1.);
#3820 = DIRECTION('',(1.,0.));
#3821 = ( GEOMETRIC_REPRESENTATION_CONTEXT(2) 
PARAMETRIC_REPRESENTATION_CONTEXT() REPRESENTATION_CONTEXT('2D SPACE',''
  ) );
#3822 = PCURVE('',#3823,#3828);
#3823 = PLANE('',#3824);
#3824 = AXIS2_PLACEMENT_3D('',#3825,#3826,#3827);
#3825 = CARTESIAN_POINT('',(22.,38.,0.));
#3826 = DIRECTION('',(0.,1.,0.));
#3827 = DIRECTION('',(-1.,0.,0.));
#3828 = DEFINITIONAL_REPRESENTATION('',(#3829),#3833);
#3829 = CIRCLE('',#3830,2.65);
#3830 = AXIS2_PLACEMENT_2D('',#3831,#3832);
#3831 = CARTESIAN_POINT('',(18.78,4.8425));
#3832 = DIRECTION('',(-1.,2.0185873175E-15));
#3833 = ( GEOMETRIC_REPRESENTATION_CONTEXT(2) 
PARAMETRIC_REPRESENTATION_CONTEXT() REPRESENTATION_CONTEXT('2D SPACE',''
  ) );
#3834 = ORIENTED_EDGE('',*,*,#3835,.F.);
#3835 = EDGE_CURVE('',#3623,#3807,#3836,.T.);
#3836 = SURFACE_CURVE('',#3837,(#3841,#3847),.PCURVE_S1.);
#3837 = B_SPLINE_CURVE_WITH_KNOTS('',2,(#3838,#3839,#3840),
  .UNSPECIFIED.,.F.,.F.,(3,3),(0.,3.325213222606E-02),
  .PIECEWISE_BEZIER_KNOTS.);
#3838 = CARTESIAN_POINT('',(5.657969185613,37.8,4.6));
#3839 = CARTESIAN_POINT('',(5.745381715439,37.896538642877,
    4.503461357123));
#3840 = CARTESIAN_POINT('',(5.832794245264,38.000000004096,
    4.399999995904));
#3841 = PCURVE('',#3631,#3842);
#3842 = DEFINITIONAL_REPRESENTATION('',(#3843),#3846);
#3843 = B_SPLINE_CURVE_WITH_KNOTS('',1,(#3844,#3845),.UNSPECIFIED.,.F.,
  .F.,(2,2),(0.,3.325213222606E-02),.PIECEWISE_BEZIER_KNOTS.);
#3844 = CARTESIAN_POINT('',(9.914192503776E-02,0.3));
#3845 = CARTESIAN_POINT('',(0.167767015262,0.500000004096));
#3846 = ( GEOMETRIC_REPRESENTATION_CONTEXT(2) 
PARAMETRIC_REPRESENTATION_CONTEXT() REPRESENTATION_CONTEXT('2D SPACE',''
  ) );
#3847 = PCURVE('',#3848,#3853);
#3848 = PLANE('',#3849);
#3849 = AXIS2_PLACEMENT_3D('',#3850,#3851,#3852);
#3850 = CARTESIAN_POINT('',(10.999813931228,37.9,4.5));
#3851 = DIRECTION('',(0.,0.707106781187,0.707106781187));
#3852 = DIRECTION('',(1.,0.,-0.));
#3853 = DEFINITIONAL_REPRESENTATION('',(#3854),#3858);
#3854 = B_SPLINE_CURVE_WITH_KNOTS('',2,(#3855,#3856,#3857),
  .UNSPECIFIED.,.F.,.F.,(3,3),(0.,3.325213222606E-02),
  .PIECEWISE_BEZIER_KNOTS.);
#3855 = CARTESIAN_POINT('',(-5.341844745615,-0.141421356237));
#3856 = CARTESIAN_POINT('',(-5.25443221579,-4.895098187738E-03));
#3857 = CARTESIAN_POINT('',(-5.167019685964,0.14142136203));
#3858 = ( GEOMETRIC_REPRESENTATION_CONTEXT(2) 
PARAMETRIC_REPRESENTATION_CONTEXT() REPRESENTATION_CONTEXT('2D SPACE',''
  ) );
#3859 = ADVANCED_FACE('',(#3860),#3423,.T.);
#3860 = FACE_BOUND('',#3861,.T.);
#3861 = EDGE_LOOP('',(#3862,#3863,#3907,#3908));
#3862 = ORIENTED_EDGE('',*,*,#3784,.F.);
#3863 = ORIENTED_EDGE('',*,*,#3864,.T.);
#3864 = EDGE_CURVE('',#3785,#3409,#3865,.T.);
#3865 = SURFACE_CURVE('',#3866,(#3871,#3878),.PCURVE_S1.);
#3866 = B_SPLINE_CURVE_WITH_KNOTS('',3,(#3867,#3868,#3869,#3870),
  .UNSPECIFIED.,.F.,.F.,(4,4),(0.323539633308,0.535889516315),
  .PIECEWISE_BEZIER_KNOTS.);
#3867 = CARTESIAN_POINT('',(5.732507462675,38.,4.));
#3868 = CARTESIAN_POINT('',(5.672872537197,38.,3.822156444748));
#3869 = CARTESIAN_POINT('',(5.594389691313,37.988009015341,
    3.650569026566));
#3870 = CARTESIAN_POINT('',(5.498049662301,37.967311437186,
    3.489666814354));
#3871 = PCURVE('',#3423,#3872);
#3872 = DEFINITIONAL_REPRESENTATION('',(#3873),#3877);
#3873 = LINE('',#3874,#3875);
#3874 = CARTESIAN_POINT('',(3.975661682026E-15,3.330669073875E-16));
#3875 = VECTOR('',#3876,1.);
#3876 = DIRECTION('',(-1.259703164466E-14,-1.));
#3877 = ( GEOMETRIC_REPRESENTATION_CONTEXT(2) 
PARAMETRIC_REPRESENTATION_CONTEXT() REPRESENTATION_CONTEXT('2D SPACE',''
  ) );
#3878 = PCURVE('',#2409,#3879);
#3879 = DEFINITIONAL_REPRESENTATION('',(#3880),#3906);
#3880 = B_SPLINE_CURVE_WITH_KNOTS('',3,(#3881,#3882,#3883,#3884,#3885,
    #3886,#3887,#3888,#3889,#3890,#3891,#3892,#3893,#3894,#3895,#3896,
    #3897,#3898,#3899,#3900,#3901,#3902,#3903,#3904,#3905),
  .UNSPECIFIED.,.F.,.F.,(4,1,1,1,1,1,1,1,1,1,1,1,1,1,1,1,1,1,1,1,1,1,4),
  (0.323539633308,0.333191900717,0.342844168127,0.352496435536,
    0.362148702945,0.371800970355,0.381453237764,0.391105505174,
    0.400757772583,0.410410039993,0.420062307402,0.429714574812,
    0.439366842221,0.44901910963,0.45867137704,0.468323644449,
    0.477975911859,0.487628179268,0.497280446678,0.506932714087,
    0.516584981497,0.526237248906,0.535889516315),
  .QUASI_UNIFORM_KNOTS.);
#3881 = CARTESIAN_POINT('',(5.497787143782,5.267492537325));
#3882 = CARTESIAN_POINT('',(5.499808092711,5.270203215755));
#3883 = CARTESIAN_POINT('',(5.503843529759,5.275702456586));
#3884 = CARTESIAN_POINT('',(5.509876898292,5.28418441147));
#3885 = CARTESIAN_POINT('',(5.515890077778,5.292898901727));
#3886 = CARTESIAN_POINT('',(5.521882657094,5.30184536909));
#3887 = CARTESIAN_POINT('',(5.5278542194,5.311023255292));
#3888 = CARTESIAN_POINT('',(5.533804341468,5.320432002067));
#3889 = CARTESIAN_POINT('',(5.539732594118,5.330071051147));
#3890 = CARTESIAN_POINT('',(5.545638542341,5.339939844266));
#3891 = CARTESIAN_POINT('',(5.551521745513,5.350037823158));
#3892 = CARTESIAN_POINT('',(5.557381757579,5.360364429555));
#3893 = CARTESIAN_POINT('',(5.563218127243,5.370919105191));
#3894 = CARTESIAN_POINT('',(5.569030398154,5.3817012918));
#3895 = CARTESIAN_POINT('',(5.574818109088,5.392710431114));
#3896 = CARTESIAN_POINT('',(5.580580794133,5.403945964867));
#3897 = CARTESIAN_POINT('',(5.586317982862,5.415407334793));
#3898 = CARTESIAN_POINT('',(5.592029200515,5.427093982624));
#3899 = CARTESIAN_POINT('',(5.597713968167,5.439005350094));
#3900 = CARTESIAN_POINT('',(5.603371802891,5.451140878936));
#3901 = CARTESIAN_POINT('',(5.609002217954,5.463500010883));
#3902 = CARTESIAN_POINT('',(5.614604722868,5.47608218767));
#3903 = CARTESIAN_POINT('',(5.620178823956,5.488886851028));
#3904 = CARTESIAN_POINT('',(5.6238756233,5.497571245471));
#3905 = CARTESIAN_POINT('',(5.625719123138,5.501950337699));
#3906 = ( GEOMETRIC_REPRESENTATION_CONTEXT(2) 
PARAMETRIC_REPRESENTATION_CONTEXT() REPRESENTATION_CONTEXT('2D SPACE',''
  ) );
#3907 = ORIENTED_EDGE('',*,*,#3406,.F.);
#3908 = ORIENTED_EDGE('',*,*,#3909,.T.);
#3909 = EDGE_CURVE('',#3407,#3761,#3910,.T.);
#3910 = SURFACE_CURVE('',#3911,(#3916,#3923),.PCURVE_S1.);
#3911 = B_SPLINE_CURVE_WITH_KNOTS('',3,(#3912,#3913,#3914,#3915),
  .UNSPECIFIED.,.F.,.F.,(4,4),(-0.535889516315,-0.323539633308),
  .PIECEWISE_BEZIER_KNOTS.);
#3912 = CARTESIAN_POINT('',(4.63869438217,37.,4.));
#3913 = CARTESIAN_POINT('',(4.698329307648,37.,4.100419862026));
#3914 = CARTESIAN_POINT('',(4.74726025901,37.,4.207191748617));
#3915 = CARTESIAN_POINT('',(4.784391439024,37.,4.317924528302));
#3916 = PCURVE('',#3423,#3917);
#3917 = DEFINITIONAL_REPRESENTATION('',(#3918),#3922);
#3918 = LINE('',#3919,#3920);
#3919 = CARTESIAN_POINT('',(1.,-3.330669073875E-16));
#3920 = VECTOR('',#3921,1.);
#3921 = DIRECTION('',(-5.228272363044E-15,1.));
#3922 = ( GEOMETRIC_REPRESENTATION_CONTEXT(2) 
PARAMETRIC_REPRESENTATION_CONTEXT() REPRESENTATION_CONTEXT('2D SPACE',''
  ) );
#3923 = PCURVE('',#3512,#3924);
#3924 = DEFINITIONAL_REPRESENTATION('',(#3925),#3929);
#3925 = LINE('',#3926,#3927);
#3926 = CARTESIAN_POINT('',(6.28318530718,1.));
#3927 = VECTOR('',#3928,1.);
#3928 = DIRECTION('',(1.,0.));
#3929 = ( GEOMETRIC_REPRESENTATION_CONTEXT(2) 
PARAMETRIC_REPRESENTATION_CONTEXT() REPRESENTATION_CONTEXT('2D SPACE',''
  ) );
#3930 = ADVANCED_FACE('',(#3931),#3109,.F.);
#3931 = FACE_BOUND('',#3932,.T.);
#3932 = EDGE_LOOP('',(#3933,#3934,#3957,#3980));
#3933 = ORIENTED_EDGE('',*,*,#3096,.F.);
#3934 = ORIENTED_EDGE('',*,*,#3935,.F.);
#3935 = EDGE_CURVE('',#3936,#2862,#3938,.T.);
#3936 = VERTEX_POINT('',#3937);
#3937 = CARTESIAN_POINT('',(-4.87,35.8,5.));
#3938 = SURFACE_CURVE('',#3939,(#3943,#3950),.PCURVE_S1.);
#3939 = LINE('',#3940,#3941);
#3940 = CARTESIAN_POINT('',(-4.87,19.,5.));
#3941 = VECTOR('',#3942,1.);
#3942 = DIRECTION('',(0.,1.,0.));
#3943 = PCURVE('',#3109,#3944);
#3944 = DEFINITIONAL_REPRESENTATION('',(#3945),#3949);
#3945 = LINE('',#3946,#3947);
#3946 = CARTESIAN_POINT('',(0.5525,19.));
#3947 = VECTOR('',#3948,1.);
#3948 = DIRECTION('',(0.,-1.));
#3949 = ( GEOMETRIC_REPRESENTATION_CONTEXT(2) 
PARAMETRIC_REPRESENTATION_CONTEXT() REPRESENTATION_CONTEXT('2D SPACE',''
  ) );
#3950 = PCURVE('',#2881,#3951);
#3951 = DEFINITIONAL_REPRESENTATION('',(#3952),#3956);
#3952 = LINE('',#3953,#3954);
#3953 = CARTESIAN_POINT('',(4.87,-19.));
#3954 = VECTOR('',#3955,1.);
#3955 = DIRECTION('',(0.,-1.));
#3956 = ( GEOMETRIC_REPRESENTATION_CONTEXT(2) 
PARAMETRIC_REPRESENTATION_CONTEXT() REPRESENTATION_CONTEXT('2D SPACE',''
  ) );
#3957 = ORIENTED_EDGE('',*,*,#3958,.F.);
#3958 = EDGE_CURVE('',#3959,#3936,#3961,.T.);
#3959 = VERTEX_POINT('',#3960);
#3960 = CARTESIAN_POINT('',(-4.87,35.8,4.8425));
#3961 = SURFACE_CURVE('',#3962,(#3966,#3973),.PCURVE_S1.);
#3962 = LINE('',#3963,#3964);
#3963 = CARTESIAN_POINT('',(-4.87,35.8,5.27625));
#3964 = VECTOR('',#3965,1.);
#3965 = DIRECTION('',(0.,0.,1.));
#3966 = PCURVE('',#3109,#3967);
#3967 = DEFINITIONAL_REPRESENTATION('',(#3968),#3972);
#3968 = LINE('',#3969,#3970);
#3969 = CARTESIAN_POINT('',(0.27625,2.2));
#3970 = VECTOR('',#3971,1.);
#3971 = DIRECTION('',(-1.,-0.));
#3972 = ( GEOMETRIC_REPRESENTATION_CONTEXT(2) 
PARAMETRIC_REPRESENTATION_CONTEXT() REPRESENTATION_CONTEXT('2D SPACE',''
  ) );
#3973 = PCURVE('',#2600,#3974);
#3974 = DEFINITIONAL_REPRESENTATION('',(#3975),#3979);
#3975 = LINE('',#3976,#3977);
#3976 = CARTESIAN_POINT('',(26.87,0.27625));
#3977 = VECTOR('',#3978,1.);
#3978 = DIRECTION('',(0.,1.));
#3979 = ( GEOMETRIC_REPRESENTATION_CONTEXT(2) 
PARAMETRIC_REPRESENTATION_CONTEXT() REPRESENTATION_CONTEXT('2D SPACE',''
  ) );
#3980 = ORIENTED_EDGE('',*,*,#3981,.F.);
#3981 = EDGE_CURVE('',#3068,#3959,#3982,.T.);
#3982 = SURFACE_CURVE('',#3983,(#3987,#3994),.PCURVE_S1.);
#3983 = LINE('',#3984,#3985);
#3984 = CARTESIAN_POINT('',(-4.87,38.,4.8425));
#3985 = VECTOR('',#3986,1.);
#3986 = DIRECTION('',(0.,-1.,0.));
#3987 = PCURVE('',#3109,#3988);
#3988 = DEFINITIONAL_REPRESENTATION('',(#3989),#3993);
#3989 = LINE('',#3990,#3991);
#3990 = CARTESIAN_POINT('',(0.71,0.));
#3991 = VECTOR('',#3992,1.);
#3992 = DIRECTION('',(0.,1.));
#3993 = ( GEOMETRIC_REPRESENTATION_CONTEXT(2) 
PARAMETRIC_REPRESENTATION_CONTEXT() REPRESENTATION_CONTEXT('2D SPACE',''
  ) );
#3994 = PCURVE('',#3084,#3995);
#3995 = DEFINITIONAL_REPRESENTATION('',(#3996),#4000);
#3996 = LINE('',#3997,#3998);
#3997 = CARTESIAN_POINT('',(4.712388980385,0.));
#3998 = VECTOR('',#3999,1.);
#3999 = DIRECTION('',(0.,1.));
#4000 = ( GEOMETRIC_REPRESENTATION_CONTEXT(2) 
PARAMETRIC_REPRESENTATION_CONTEXT() REPRESENTATION_CONTEXT('2D SPACE',''
  ) );
#4001 = ADVANCED_FACE('',(#4002),#2881,.T.);
#4002 = FACE_BOUND('',#4003,.T.);
#4003 = EDGE_LOOP('',(#4004,#4005,#4028,#4051,#4072));
#4004 = ORIENTED_EDGE('',*,*,#2859,.F.);
#4005 = ORIENTED_EDGE('',*,*,#4006,.T.);
#4006 = EDGE_CURVE('',#2860,#4007,#4009,.T.);
#4007 = VERTEX_POINT('',#4008);
#4008 = CARTESIAN_POINT('',(-11.19999902793,37.15,5.));
#4009 = SURFACE_CURVE('',#4010,(#4014,#4021),.PCURVE_S1.);
#4010 = LINE('',#4011,#4012);
#4011 = CARTESIAN_POINT('',(22.,37.15,5.));
#4012 = VECTOR('',#4013,1.);
#4013 = DIRECTION('',(-1.,0.,0.));
#4014 = PCURVE('',#2881,#4015);
#4015 = DEFINITIONAL_REPRESENTATION('',(#4016),#4020);
#4016 = LINE('',#4017,#4018);
#4017 = CARTESIAN_POINT('',(-22.,-37.15));
#4018 = VECTOR('',#4019,1.);
#4019 = DIRECTION('',(1.,0.));
#4020 = ( GEOMETRIC_REPRESENTATION_CONTEXT(2) 
PARAMETRIC_REPRESENTATION_CONTEXT() REPRESENTATION_CONTEXT('2D SPACE',''
  ) );
#4021 = PCURVE('',#2910,#4022);
#4022 = DEFINITIONAL_REPRESENTATION('',(#4023),#4027);
#4023 = LINE('',#4024,#4025);
#4024 = CARTESIAN_POINT('',(44.,0.));
#4025 = VECTOR('',#4026,1.);
#4026 = DIRECTION('',(-1.,0.));
#4027 = ( GEOMETRIC_REPRESENTATION_CONTEXT(2) 
PARAMETRIC_REPRESENTATION_CONTEXT() REPRESENTATION_CONTEXT('2D SPACE',''
  ) );
#4028 = ORIENTED_EDGE('',*,*,#4029,.F.);
#4029 = EDGE_CURVE('',#4030,#4007,#4032,.T.);
#4030 = VERTEX_POINT('',#4031);
#4031 = CARTESIAN_POINT('',(-11.19999944164,35.8,5.));
#4032 = SURFACE_CURVE('',#4033,(#4037,#4044),.PCURVE_S1.);
#4033 = LINE('',#4034,#4035);
#4034 = CARTESIAN_POINT('',(-11.20000459004,19.000001654845,5.));
#4035 = VECTOR('',#4036,1.);
#4036 = DIRECTION('',(3.064525618689E-07,1.,0.));
#4037 = PCURVE('',#2881,#4038);
#4038 = DEFINITIONAL_REPRESENTATION('',(#4039),#4043);
#4039 = LINE('',#4040,#4041);
#4040 = CARTESIAN_POINT('',(11.200004590046,-19.00000165484));
#4041 = VECTOR('',#4042,1.);
#4042 = DIRECTION('',(-3.064525618689E-07,-1.));
#4043 = ( GEOMETRIC_REPRESENTATION_CONTEXT(2) 
PARAMETRIC_REPRESENTATION_CONTEXT() REPRESENTATION_CONTEXT('2D SPACE',''
  ) );
#4044 = PCURVE('',#2381,#4045);
#4045 = DEFINITIONAL_REPRESENTATION('',(#4046),#4050);
#4046 = LINE('',#4047,#4048);
#4047 = CARTESIAN_POINT('',(18.999998222574,5.));
#4048 = VECTOR('',#4049,1.);
#4049 = DIRECTION('',(-1.,0.));
#4050 = ( GEOMETRIC_REPRESENTATION_CONTEXT(2) 
PARAMETRIC_REPRESENTATION_CONTEXT() REPRESENTATION_CONTEXT('2D SPACE',''
  ) );
#4051 = ORIENTED_EDGE('',*,*,#4052,.F.);
#4052 = EDGE_CURVE('',#3936,#4030,#4053,.T.);
#4053 = SURFACE_CURVE('',#4054,(#4058,#4065),.PCURVE_S1.);
#4054 = LINE('',#4055,#4056);
#4055 = CARTESIAN_POINT('',(11.,35.8,5.));
#4056 = VECTOR('',#4057,1.);
#4057 = DIRECTION('',(-1.,0.,0.));
#4058 = PCURVE('',#2881,#4059);
#4059 = DEFINITIONAL_REPRESENTATION('',(#4060),#4064);
#4060 = LINE('',#4061,#4062);
#4061 = CARTESIAN_POINT('',(-11.,-35.8));
#4062 = VECTOR('',#4063,1.);
#4063 = DIRECTION('',(1.,0.));
#4064 = ( GEOMETRIC_REPRESENTATION_CONTEXT(2) 
PARAMETRIC_REPRESENTATION_CONTEXT() REPRESENTATION_CONTEXT('2D SPACE',''
  ) );
#4065 = PCURVE('',#2600,#4066);
#4066 = DEFINITIONAL_REPRESENTATION('',(#4067),#4071);
#4067 = LINE('',#4068,#4069);
#4068 = CARTESIAN_POINT('',(11.,0.));
#4069 = VECTOR('',#4070,1.);
#4070 = DIRECTION('',(1.,0.));
#4071 = ( GEOMETRIC_REPRESENTATION_CONTEXT(2) 
PARAMETRIC_REPRESENTATION_CONTEXT() REPRESENTATION_CONTEXT('2D SPACE',''
  ) );
#4072 = ORIENTED_EDGE('',*,*,#3935,.T.);
#4073 = ADVANCED_FACE('',(#4074),#2910,.T.);
#4074 = FACE_BOUND('',#4075,.T.);
#4075 = EDGE_LOOP('',(#4076,#4077,#4100,#4121));
#4076 = ORIENTED_EDGE('',*,*,#2893,.F.);
#4077 = ORIENTED_EDGE('',*,*,#4078,.F.);
#4078 = EDGE_CURVE('',#4079,#2894,#4081,.T.);
#4079 = VERTEX_POINT('',#4080);
#4080 = CARTESIAN_POINT('',(-11.19999902793,37.15,4.6));
#4081 = SURFACE_CURVE('',#4082,(#4086,#4093),.PCURVE_S1.);
#4082 = LINE('',#4083,#4084);
#4083 = CARTESIAN_POINT('',(-11.00018606877,37.15,4.6));
#4084 = VECTOR('',#4085,1.);
#4085 = DIRECTION('',(1.,0.,0.));
#4086 = PCURVE('',#2910,#4087);
#4087 = DEFINITIONAL_REPRESENTATION('',(#4088),#4092);
#4088 = LINE('',#4089,#4090);
#4089 = CARTESIAN_POINT('',(10.999813931228,0.4));
#4090 = VECTOR('',#4091,1.);
#4091 = DIRECTION('',(1.,0.));
#4092 = ( GEOMETRIC_REPRESENTATION_CONTEXT(2) 
PARAMETRIC_REPRESENTATION_CONTEXT() REPRESENTATION_CONTEXT('2D SPACE',''
  ) );
#4093 = PCURVE('',#2960,#4094);
#4094 = DEFINITIONAL_REPRESENTATION('',(#4095),#4099);
#4095 = LINE('',#4096,#4097);
#4096 = CARTESIAN_POINT('',(-10.99981393122,37.150000000003));
#4097 = VECTOR('',#4098,1.);
#4098 = DIRECTION('',(1.,0.));
#4099 = ( GEOMETRIC_REPRESENTATION_CONTEXT(2) 
PARAMETRIC_REPRESENTATION_CONTEXT() REPRESENTATION_CONTEXT('2D SPACE',''
  ) );
#4100 = ORIENTED_EDGE('',*,*,#4101,.F.);
#4101 = EDGE_CURVE('',#4007,#4079,#4102,.T.);
#4102 = SURFACE_CURVE('',#4103,(#4107,#4114),.PCURVE_S1.);
#4103 = LINE('',#4104,#4105);
#4104 = CARTESIAN_POINT('',(-11.19999902793,37.15,2.5));
#4105 = VECTOR('',#4106,1.);
#4106 = DIRECTION('',(0.,0.,-1.));
#4107 = PCURVE('',#2910,#4108);
#4108 = DEFINITIONAL_REPRESENTATION('',(#4109),#4113);
#4109 = LINE('',#4110,#4111);
#4110 = CARTESIAN_POINT('',(10.800000972068,2.5));
#4111 = VECTOR('',#4112,1.);
#4112 = DIRECTION('',(0.,1.));
#4113 = ( GEOMETRIC_REPRESENTATION_CONTEXT(2) 
PARAMETRIC_REPRESENTATION_CONTEXT() REPRESENTATION_CONTEXT('2D SPACE',''
  ) );
#4114 = PCURVE('',#2381,#4115);
#4115 = DEFINITIONAL_REPRESENTATION('',(#4116),#4120);
#4116 = LINE('',#4117,#4118);
#4117 = CARTESIAN_POINT('',(0.849999877419,2.5));
#4118 = VECTOR('',#4119,1.);
#4119 = DIRECTION('',(-0.,-1.));
#4120 = ( GEOMETRIC_REPRESENTATION_CONTEXT(2) 
PARAMETRIC_REPRESENTATION_CONTEXT() REPRESENTATION_CONTEXT('2D SPACE',''
  ) );
#4121 = ORIENTED_EDGE('',*,*,#4006,.F.);
#4122 = ADVANCED_FACE('',(#4123),#2960,.T.);
#4123 = FACE_BOUND('',#4124,.T.);
#4124 = EDGE_LOOP('',(#4125,#4126,#4149,#4170));
#4125 = ORIENTED_EDGE('',*,*,#2922,.F.);
#4126 = ORIENTED_EDGE('',*,*,#4127,.F.);
#4127 = EDGE_CURVE('',#4128,#2923,#4130,.T.);
#4128 = VERTEX_POINT('',#4129);
#4129 = CARTESIAN_POINT('',(-11.19999882873,37.8,4.6));
#4130 = SURFACE_CURVE('',#4131,(#4135,#4142),.PCURVE_S1.);
#4131 = LINE('',#4132,#4133);
#4132 = CARTESIAN_POINT('',(10.999813931228,37.8,4.6));
#4133 = VECTOR('',#4134,1.);
#4134 = DIRECTION('',(1.,0.,0.));
#4135 = PCURVE('',#2960,#4136);
#4136 = DEFINITIONAL_REPRESENTATION('',(#4137),#4141);
#4137 = LINE('',#4138,#4139);
#4138 = CARTESIAN_POINT('',(11.000186068772,37.800000000003));
#4139 = VECTOR('',#4140,1.);
#4140 = DIRECTION('',(1.,0.));
#4141 = ( GEOMETRIC_REPRESENTATION_CONTEXT(2) 
PARAMETRIC_REPRESENTATION_CONTEXT() REPRESENTATION_CONTEXT('2D SPACE',''
  ) );
#4142 = PCURVE('',#2987,#4143);
#4143 = DEFINITIONAL_REPRESENTATION('',(#4144),#4148);
#4144 = LINE('',#4145,#4146);
#4145 = CARTESIAN_POINT('',(0.,-0.141421356237));
#4146 = VECTOR('',#4147,1.);
#4147 = DIRECTION('',(1.,0.));
#4148 = ( GEOMETRIC_REPRESENTATION_CONTEXT(2) 
PARAMETRIC_REPRESENTATION_CONTEXT() REPRESENTATION_CONTEXT('2D SPACE',''
  ) );
#4149 = ORIENTED_EDGE('',*,*,#4150,.F.);
#4150 = EDGE_CURVE('',#4079,#4128,#4151,.T.);
#4151 = SURFACE_CURVE('',#4152,(#4156,#4163),.PCURVE_S1.);
#4152 = LINE('',#4153,#4154);
#4153 = CARTESIAN_POINT('',(-11.20000459004,19.000001654787,4.6));
#4154 = VECTOR('',#4155,1.);
#4155 = DIRECTION('',(3.064525618689E-07,1.,0.));
#4156 = PCURVE('',#2960,#4157);
#4157 = DEFINITIONAL_REPRESENTATION('',(#4158),#4162);
#4158 = LINE('',#4159,#4160);
#4159 = CARTESIAN_POINT('',(-11.1996324525,19.00000165479));
#4160 = VECTOR('',#4161,1.);
#4161 = DIRECTION('',(3.064525618689E-07,1.));
#4162 = ( GEOMETRIC_REPRESENTATION_CONTEXT(2) 
PARAMETRIC_REPRESENTATION_CONTEXT() REPRESENTATION_CONTEXT('2D SPACE',''
  ) );
#4163 = PCURVE('',#2381,#4164);
#4164 = DEFINITIONAL_REPRESENTATION('',(#4165),#4169);
#4165 = LINE('',#4166,#4167);
#4166 = CARTESIAN_POINT('',(18.999998222633,4.6));
#4167 = VECTOR('',#4168,1.);
#4168 = DIRECTION('',(-1.,0.));
#4169 = ( GEOMETRIC_REPRESENTATION_CONTEXT(2) 
PARAMETRIC_REPRESENTATION_CONTEXT() REPRESENTATION_CONTEXT('2D SPACE',''
  ) );
#4170 = ORIENTED_EDGE('',*,*,#4078,.T.);
#4171 = ADVANCED_FACE('',(#4172),#2987,.T.);
#4172 = FACE_BOUND('',#4173,.T.);
#4173 = EDGE_LOOP('',(#4174,#4175,#4198,#4219));
#4174 = ORIENTED_EDGE('',*,*,#2972,.F.);
#4175 = ORIENTED_EDGE('',*,*,#4176,.T.);
#4176 = EDGE_CURVE('',#2973,#4177,#4179,.T.);
#4177 = VERTEX_POINT('',#4178);
#4178 = CARTESIAN_POINT('',(-11.19999876744,38.,4.4));
#4179 = SURFACE_CURVE('',#4180,(#4184,#4191),.PCURVE_S1.);
#4180 = LINE('',#4181,#4182);
#4181 = CARTESIAN_POINT('',(10.999813931228,38.,4.4));
#4182 = VECTOR('',#4183,1.);
#4183 = DIRECTION('',(-1.,0.,0.));
#4184 = PCURVE('',#2987,#4185);
#4185 = DEFINITIONAL_REPRESENTATION('',(#4186),#4190);
#4186 = LINE('',#4187,#4188);
#4187 = CARTESIAN_POINT('',(0.,0.141421356237));
#4188 = VECTOR('',#4189,1.);
#4189 = DIRECTION('',(-1.,0.));
#4190 = ( GEOMETRIC_REPRESENTATION_CONTEXT(2) 
PARAMETRIC_REPRESENTATION_CONTEXT() REPRESENTATION_CONTEXT('2D SPACE',''
  ) );
#4191 = PCURVE('',#3016,#4192);
#4192 = DEFINITIONAL_REPRESENTATION('',(#4193),#4197);
#4193 = LINE('',#4194,#4195);
#4194 = CARTESIAN_POINT('',(11.000186068772,4.4));
#4195 = VECTOR('',#4196,1.);
#4196 = DIRECTION('',(1.,0.));
#4197 = ( GEOMETRIC_REPRESENTATION_CONTEXT(2) 
PARAMETRIC_REPRESENTATION_CONTEXT() REPRESENTATION_CONTEXT('2D SPACE',''
  ) );
#4198 = ORIENTED_EDGE('',*,*,#4199,.F.);
#4199 = EDGE_CURVE('',#4128,#4177,#4200,.T.);
#4200 = SURFACE_CURVE('',#4201,(#4205,#4212),.PCURVE_S1.);
#4201 = LINE('',#4202,#4203);
#4202 = CARTESIAN_POINT('',(-11.19999844567,39.050001670152,
    3.349998329848));
#4203 = VECTOR('',#4204,1.);
#4204 = DIRECTION('',(2.166946846095E-07,0.707106781187,-0.707106781187)
  );
#4205 = PCURVE('',#2987,#4206);
#4206 = DEFINITIONAL_REPRESENTATION('',(#4207),#4211);
#4207 = LINE('',#4208,#4209);
#4208 = CARTESIAN_POINT('',(-22.1998123769,1.626347958681));
#4209 = VECTOR('',#4210,1.);
#4210 = DIRECTION('',(2.166946846095E-07,1.));
#4211 = ( GEOMETRIC_REPRESENTATION_CONTEXT(2) 
PARAMETRIC_REPRESENTATION_CONTEXT() REPRESENTATION_CONTEXT('2D SPACE',''
  ) );
#4212 = PCURVE('',#2381,#4213);
#4213 = DEFINITIONAL_REPRESENTATION('',(#4214),#4218);
#4214 = LINE('',#4215,#4216);
#4215 = CARTESIAN_POINT('',(-1.050001792733,3.349998329848));
#4216 = VECTOR('',#4217,1.);
#4217 = DIRECTION('',(-0.707106781187,-0.707106781187));
#4218 = ( GEOMETRIC_REPRESENTATION_CONTEXT(2) 
PARAMETRIC_REPRESENTATION_CONTEXT() REPRESENTATION_CONTEXT('2D SPACE',''
  ) );
#4219 = ORIENTED_EDGE('',*,*,#4127,.T.);
#4220 = ADVANCED_FACE('',(#4221),#3016,.T.);
#4221 = FACE_BOUND('',#4222,.T.);
#4222 = EDGE_LOOP('',(#4223,#4224,#4247,#4268));
#4223 = ORIENTED_EDGE('',*,*,#2999,.F.);
#4224 = ORIENTED_EDGE('',*,*,#4225,.F.);
#4225 = EDGE_CURVE('',#4226,#3000,#4228,.T.);
#4226 = VERTEX_POINT('',#4227);
#4227 = CARTESIAN_POINT('',(-11.19999876744,38.,4.));
#4228 = SURFACE_CURVE('',#4229,(#4233,#4240),.PCURVE_S1.);
#4229 = LINE('',#4230,#4231);
#4230 = CARTESIAN_POINT('',(11.,38.,4.));
#4231 = VECTOR('',#4232,1.);
#4232 = DIRECTION('',(1.,0.,0.));
#4233 = PCURVE('',#3016,#4234);
#4234 = DEFINITIONAL_REPRESENTATION('',(#4235),#4239);
#4235 = LINE('',#4236,#4237);
#4236 = CARTESIAN_POINT('',(11.,4.));
#4237 = VECTOR('',#4238,1.);
#4238 = DIRECTION('',(-1.,0.));
#4239 = ( GEOMETRIC_REPRESENTATION_CONTEXT(2) 
PARAMETRIC_REPRESENTATION_CONTEXT() REPRESENTATION_CONTEXT('2D SPACE',''
  ) );
#4240 = PCURVE('',#2409,#4241);
#4241 = DEFINITIONAL_REPRESENTATION('',(#4242),#4246);
#4242 = LINE('',#4243,#4244);
#4243 = CARTESIAN_POINT('',(5.497787143782,0.));
#4244 = VECTOR('',#4245,1.);
#4245 = DIRECTION('',(0.,-1.));
#4246 = ( GEOMETRIC_REPRESENTATION_CONTEXT(2) 
PARAMETRIC_REPRESENTATION_CONTEXT() REPRESENTATION_CONTEXT('2D SPACE',''
  ) );
#4247 = ORIENTED_EDGE('',*,*,#4248,.F.);
#4248 = EDGE_CURVE('',#4177,#4226,#4249,.T.);
#4249 = SURFACE_CURVE('',#4250,(#4254,#4261),.PCURVE_S1.);
#4250 = LINE('',#4251,#4252);
#4251 = CARTESIAN_POINT('',(-11.19999876744,38.,0.));
#4252 = VECTOR('',#4253,1.);
#4253 = DIRECTION('',(0.,0.,-1.));
#4254 = PCURVE('',#3016,#4255);
#4255 = DEFINITIONAL_REPRESENTATION('',(#4256),#4260);
#4256 = LINE('',#4257,#4258);
#4257 = CARTESIAN_POINT('',(33.199998767448,0.));
#4258 = VECTOR('',#4259,1.);
#4259 = DIRECTION('',(0.,-1.));
#4260 = ( GEOMETRIC_REPRESENTATION_CONTEXT(2) 
PARAMETRIC_REPRESENTATION_CONTEXT() REPRESENTATION_CONTEXT('2D SPACE',''
  ) );
#4261 = PCURVE('',#2381,#4262);
#4262 = DEFINITIONAL_REPRESENTATION('',(#4263),#4267);
#4263 = LINE('',#4264,#4265);
#4264 = CARTESIAN_POINT('',(-1.225809995731E-07,0.));
#4265 = VECTOR('',#4266,1.);
#4266 = DIRECTION('',(-0.,-1.));
#4267 = ( GEOMETRIC_REPRESENTATION_CONTEXT(2) 
PARAMETRIC_REPRESENTATION_CONTEXT() REPRESENTATION_CONTEXT('2D SPACE',''
  ) );
#4268 = ORIENTED_EDGE('',*,*,#4176,.F.);
#4269 = ADVANCED_FACE('',(#4270),#2409,.T.);
#4270 = FACE_BOUND('',#4271,.T.);
#4271 = EDGE_LOOP('',(#4272,#4273,#4274,#4275,#4276,#4277,#4300,#4324,
    #4346,#4347,#4369));
#4272 = ORIENTED_EDGE('',*,*,#3550,.F.);
#4273 = ORIENTED_EDGE('',*,*,#3182,.F.);
#4274 = ORIENTED_EDGE('',*,*,#3355,.F.);
#4275 = ORIENTED_EDGE('',*,*,#3446,.F.);
#4276 = ORIENTED_EDGE('',*,*,#3864,.F.);
#4277 = ORIENTED_EDGE('',*,*,#4278,.T.);
#4278 = EDGE_CURVE('',#3785,#4279,#4281,.T.);
#4279 = VERTEX_POINT('',#4280);
#4280 = CARTESIAN_POINT('',(11.200000235302,38.,4.));
#4281 = SURFACE_CURVE('',#4282,(#4286,#4293),.PCURVE_S1.);
#4282 = LINE('',#4283,#4284);
#4283 = CARTESIAN_POINT('',(11.,38.,4.));
#4284 = VECTOR('',#4285,1.);
#4285 = DIRECTION('',(1.,0.,0.));
#4286 = PCURVE('',#2409,#4287);
#4287 = DEFINITIONAL_REPRESENTATION('',(#4288),#4292);
#4288 = LINE('',#4289,#4290);
#4289 = CARTESIAN_POINT('',(5.497787143782,0.));
#4290 = VECTOR('',#4291,1.);
#4291 = DIRECTION('',(0.,-1.));
#4292 = ( GEOMETRIC_REPRESENTATION_CONTEXT(2) 
PARAMETRIC_REPRESENTATION_CONTEXT() REPRESENTATION_CONTEXT('2D SPACE',''
  ) );
#4293 = PCURVE('',#3823,#4294);
#4294 = DEFINITIONAL_REPRESENTATION('',(#4295),#4299);
#4295 = LINE('',#4296,#4297);
#4296 = CARTESIAN_POINT('',(11.,4.));
#4297 = VECTOR('',#4298,1.);
#4298 = DIRECTION('',(-1.,0.));
#4299 = ( GEOMETRIC_REPRESENTATION_CONTEXT(2) 
PARAMETRIC_REPRESENTATION_CONTEXT() REPRESENTATION_CONTEXT('2D SPACE',''
  ) );
#4300 = ORIENTED_EDGE('',*,*,#4301,.F.);
#4301 = EDGE_CURVE('',#4302,#4279,#4304,.T.);
#4302 = VERTEX_POINT('',#4303);
#4303 = CARTESIAN_POINT('',(11.2,34.169999658274,3.614118207959E-03));
#4304 = SURFACE_CURVE('',#4305,(#4310,#4317),.PCURVE_S1.);
#4305 = CIRCLE('',#4306,4.);
#4306 = AXIS2_PLACEMENT_3D('',#4307,#4308,#4309);
#4307 = CARTESIAN_POINT('',(11.200000153379,34.,4.));
#4308 = DIRECTION('',(1.,-2.048074052112E-08,2.749409208882E-25));
#4309 = DIRECTION('',(1.448207050621E-08,0.707106781187,-0.707106781187)
  );
#4310 = PCURVE('',#2409,#4311);
#4311 = DEFINITIONAL_REPRESENTATION('',(#4312),#4316);
#4312 = LINE('',#4313,#4314);
#4313 = CARTESIAN_POINT('',(12.566370614359,-0.199999872498));
#4314 = VECTOR('',#4315,1.);
#4315 = DIRECTION('',(-1.,-5.132636653279E-08));
#4316 = ( GEOMETRIC_REPRESENTATION_CONTEXT(2) 
PARAMETRIC_REPRESENTATION_CONTEXT() REPRESENTATION_CONTEXT('2D SPACE',''
  ) );
#4317 = PCURVE('',#2572,#4318);
#4318 = DEFINITIONAL_REPRESENTATION('',(#4319),#4323);
#4319 = CIRCLE('',#4320,4.);
#4320 = AXIS2_PLACEMENT_2D('',#4321,#4322);
#4321 = CARTESIAN_POINT('',(-0.169999845571,4.));
#4322 = DIRECTION('',(0.707106781187,-0.707106781187));
#4323 = ( GEOMETRIC_REPRESENTATION_CONTEXT(2) 
PARAMETRIC_REPRESENTATION_CONTEXT() REPRESENTATION_CONTEXT('2D SPACE',''
  ) );
#4324 = ORIENTED_EDGE('',*,*,#4325,.F.);
#4325 = EDGE_CURVE('',#2394,#4302,#4326,.T.);
#4326 = SURFACE_CURVE('',#4327,(#4332,#4339),.PCURVE_S1.);
#4327 = CIRCLE('',#4328,4.);
#4328 = AXIS2_PLACEMENT_3D('',#4329,#4330,#4331);
#4329 = CARTESIAN_POINT('',(11.200000076119,34.,4.));
#4330 = DIRECTION('',(1.,4.477616355152E-07,1.520055327246E-23));
#4331 = DIRECTION('',(-3.16615288828E-07,0.707106781187,-0.707106781187)
  );
#4332 = PCURVE('',#2409,#4333);
#4333 = DEFINITIONAL_REPRESENTATION('',(#4334),#4338);
#4334 = LINE('',#4335,#4336);
#4335 = CARTESIAN_POINT('',(12.56637061435,-0.200009919946));
#4336 = VECTOR('',#4337,1.);
#4337 = DIRECTION('',(-0.999999999998,1.790507068437E-06));
#4338 = ( GEOMETRIC_REPRESENTATION_CONTEXT(2) 
PARAMETRIC_REPRESENTATION_CONTEXT() REPRESENTATION_CONTEXT('2D SPACE',''
  ) );
#4339 = PCURVE('',#2437,#4340);
#4340 = DEFINITIONAL_REPRESENTATION('',(#4341),#4345);
#4341 = CIRCLE('',#4342,4.);
#4342 = AXIS2_PLACEMENT_2D('',#4343,#4344);
#4343 = CARTESIAN_POINT('',(0.499999677045,4.));
#4344 = DIRECTION('',(0.707106781187,-0.707106781187));
#4345 = ( GEOMETRIC_REPRESENTATION_CONTEXT(2) 
PARAMETRIC_REPRESENTATION_CONTEXT() REPRESENTATION_CONTEXT('2D SPACE',''
  ) );
#4346 = ORIENTED_EDGE('',*,*,#2393,.T.);
#4347 = ORIENTED_EDGE('',*,*,#4348,.F.);
#4348 = EDGE_CURVE('',#4226,#2366,#4349,.T.);
#4349 = SURFACE_CURVE('',#4350,(#4355,#4362),.PCURVE_S1.);
#4350 = CIRCLE('',#4351,4.);
#4351 = AXIS2_PLACEMENT_3D('',#4352,#4353,#4354);
#4352 = CARTESIAN_POINT('',(-11.19999999325,34.,4.));
#4353 = DIRECTION('',(-1.,3.064525618689E-07,-2.312752624808E-25));
#4354 = DIRECTION('',(2.166946846095E-07,0.707106781187,-0.707106781187)
  );
#4355 = PCURVE('',#2409,#4356);
#4356 = DEFINITIONAL_REPRESENTATION('',(#4357),#4361);
#4357 = LINE('',#4358,#4359);
#4358 = CARTESIAN_POINT('',(1.651123682223E-12,22.199994477112));
#4359 = VECTOR('',#4360,1.);
#4360 = DIRECTION('',(1.,7.803750410304E-07));
#4361 = ( GEOMETRIC_REPRESENTATION_CONTEXT(2) 
PARAMETRIC_REPRESENTATION_CONTEXT() REPRESENTATION_CONTEXT('2D SPACE',''
  ) );
#4362 = PCURVE('',#2381,#4363);
#4363 = DEFINITIONAL_REPRESENTATION('',(#4364),#4368);
#4364 = CIRCLE('',#4365,4.);
#4365 = AXIS2_PLACEMENT_2D('',#4366,#4367);
#4366 = CARTESIAN_POINT('',(3.999999877419,4.));
#4367 = DIRECTION('',(-0.707106781187,-0.707106781187));
#4368 = ( GEOMETRIC_REPRESENTATION_CONTEXT(2) 
PARAMETRIC_REPRESENTATION_CONTEXT() REPRESENTATION_CONTEXT('2D SPACE',''
  ) );
#4369 = ORIENTED_EDGE('',*,*,#4225,.T.);
#4370 = ADVANCED_FACE('',(#4371),#3823,.T.);
#4371 = FACE_BOUND('',#4372,.T.);
#4372 = EDGE_LOOP('',(#4373,#4374,#4397,#4418));
#4373 = ORIENTED_EDGE('',*,*,#3806,.F.);
#4374 = ORIENTED_EDGE('',*,*,#4375,.F.);
#4375 = EDGE_CURVE('',#4376,#3807,#4378,.T.);
#4376 = VERTEX_POINT('',#4377);
#4377 = CARTESIAN_POINT('',(11.200000235302,38.,4.4));
#4378 = SURFACE_CURVE('',#4379,(#4383,#4390),.PCURVE_S1.);
#4379 = LINE('',#4380,#4381);
#4380 = CARTESIAN_POINT('',(10.999813931228,38.,4.4));
#4381 = VECTOR('',#4382,1.);
#4382 = DIRECTION('',(-1.,0.,0.));
#4383 = PCURVE('',#3823,#4384);
#4384 = DEFINITIONAL_REPRESENTATION('',(#4385),#4389);
#4385 = LINE('',#4386,#4387);
#4386 = CARTESIAN_POINT('',(11.000186068772,4.4));
#4387 = VECTOR('',#4388,1.);
#4388 = DIRECTION('',(1.,0.));
#4389 = ( GEOMETRIC_REPRESENTATION_CONTEXT(2) 
PARAMETRIC_REPRESENTATION_CONTEXT() REPRESENTATION_CONTEXT('2D SPACE',''
  ) );
#4390 = PCURVE('',#3848,#4391);
#4391 = DEFINITIONAL_REPRESENTATION('',(#4392),#4396);
#4392 = LINE('',#4393,#4394);
#4393 = CARTESIAN_POINT('',(0.,0.141421356237));
#4394 = VECTOR('',#4395,1.);
#4395 = DIRECTION('',(-1.,0.));
#4396 = ( GEOMETRIC_REPRESENTATION_CONTEXT(2) 
PARAMETRIC_REPRESENTATION_CONTEXT() REPRESENTATION_CONTEXT('2D SPACE',''
  ) );
#4397 = ORIENTED_EDGE('',*,*,#4398,.F.);
#4398 = EDGE_CURVE('',#4279,#4376,#4399,.T.);
#4399 = SURFACE_CURVE('',#4400,(#4404,#4411),.PCURVE_S1.);
#4400 = LINE('',#4401,#4402);
#4401 = CARTESIAN_POINT('',(11.200000235302,38.,0.));
#4402 = VECTOR('',#4403,1.);
#4403 = DIRECTION('',(0.,0.,1.));
#4404 = PCURVE('',#3823,#4405);
#4405 = DEFINITIONAL_REPRESENTATION('',(#4406),#4410);
#4406 = LINE('',#4407,#4408);
#4407 = CARTESIAN_POINT('',(10.799999764698,0.));
#4408 = VECTOR('',#4409,1.);
#4409 = DIRECTION('',(0.,1.));
#4410 = ( GEOMETRIC_REPRESENTATION_CONTEXT(2) 
PARAMETRIC_REPRESENTATION_CONTEXT() REPRESENTATION_CONTEXT('2D SPACE',''
  ) );
#4411 = PCURVE('',#2572,#4412);
#4412 = DEFINITIONAL_REPRESENTATION('',(#4413),#4417);
#4413 = LINE('',#4414,#4415);
#4414 = CARTESIAN_POINT('',(3.830000154429,0.));
#4415 = VECTOR('',#4416,1.);
#4416 = DIRECTION('',(0.,1.));
#4417 = ( GEOMETRIC_REPRESENTATION_CONTEXT(2) 
PARAMETRIC_REPRESENTATION_CONTEXT() REPRESENTATION_CONTEXT('2D SPACE',''
  ) );
#4418 = ORIENTED_EDGE('',*,*,#4278,.F.);
#4419 = ADVANCED_FACE('',(#4420),#3084,.F.);
#4420 = FACE_BOUND('',#4421,.F.);
#4421 = EDGE_LOOP('',(#4422,#4423,#4424,#4447,#4469,#4470));
#4422 = ORIENTED_EDGE('',*,*,#3595,.T.);
#4423 = ORIENTED_EDGE('',*,*,#3252,.T.);
#4424 = ORIENTED_EDGE('',*,*,#4425,.T.);
#4425 = EDGE_CURVE('',#3125,#4426,#4428,.T.);
#4426 = VERTEX_POINT('',#4427);
#4427 = CARTESIAN_POINT('',(-3.22,35.8,3.1925));
#4428 = SURFACE_CURVE('',#4429,(#4433,#4440),.PCURVE_S1.);
#4429 = LINE('',#4430,#4431);
#4430 = CARTESIAN_POINT('',(-3.22,38.,3.1925));
#4431 = VECTOR('',#4432,1.);
#4432 = DIRECTION('',(0.,-1.,0.));
#4433 = PCURVE('',#3084,#4434);
#4434 = DEFINITIONAL_REPRESENTATION('',(#4435),#4439);
#4435 = LINE('',#4436,#4437);
#4436 = CARTESIAN_POINT('',(6.28318530718,0.));
#4437 = VECTOR('',#4438,1.);
#4438 = DIRECTION('',(0.,1.));
#4439 = ( GEOMETRIC_REPRESENTATION_CONTEXT(2) 
PARAMETRIC_REPRESENTATION_CONTEXT() REPRESENTATION_CONTEXT('2D SPACE',''
  ) );
#4440 = PCURVE('',#3391,#4441);
#4441 = DEFINITIONAL_REPRESENTATION('',(#4442),#4446);
#4442 = LINE('',#4443,#4444);
#4443 = CARTESIAN_POINT('',(0.,0.));
#4444 = VECTOR('',#4445,1.);
#4445 = DIRECTION('',(0.,1.));
#4446 = ( GEOMETRIC_REPRESENTATION_CONTEXT(2) 
PARAMETRIC_REPRESENTATION_CONTEXT() REPRESENTATION_CONTEXT('2D SPACE',''
  ) );
#4447 = ORIENTED_EDGE('',*,*,#4448,.T.);
#4448 = EDGE_CURVE('',#4426,#3959,#4449,.T.);
#4449 = SURFACE_CURVE('',#4450,(#4455,#4462),.PCURVE_S1.);
#4450 = CIRCLE('',#4451,1.65);
#4451 = AXIS2_PLACEMENT_3D('',#4452,#4453,#4454);
#4452 = CARTESIAN_POINT('',(-3.22,35.8,4.8425));
#4453 = DIRECTION('',(0.,1.,0.));
#4454 = DIRECTION('',(1.00929365875E-15,0.,-1.));
#4455 = PCURVE('',#3084,#4456);
#4456 = DEFINITIONAL_REPRESENTATION('',(#4457),#4461);
#4457 = LINE('',#4458,#4459);
#4458 = CARTESIAN_POINT('',(6.28318530718,2.2));
#4459 = VECTOR('',#4460,1.);
#4460 = DIRECTION('',(-1.,0.));
#4461 = ( GEOMETRIC_REPRESENTATION_CONTEXT(2) 
PARAMETRIC_REPRESENTATION_CONTEXT() REPRESENTATION_CONTEXT('2D SPACE',''
  ) );
#4462 = PCURVE('',#2600,#4463);
#4463 = DEFINITIONAL_REPRESENTATION('',(#4464),#4468);
#4464 = CIRCLE('',#4465,1.65);
#4465 = AXIS2_PLACEMENT_2D('',#4466,#4467);
#4466 = CARTESIAN_POINT('',(25.22,-0.1575));
#4467 = DIRECTION('',(-1.00929365875E-15,-1.));
#4468 = ( GEOMETRIC_REPRESENTATION_CONTEXT(2) 
PARAMETRIC_REPRESENTATION_CONTEXT() REPRESENTATION_CONTEXT('2D SPACE',''
  ) );
#4469 = ORIENTED_EDGE('',*,*,#3981,.F.);
#4470 = ORIENTED_EDGE('',*,*,#3067,.T.);
#4471 = ADVANCED_FACE('',(#4472),#3512,.F.);
#4472 = FACE_BOUND('',#4473,.F.);
#4473 = EDGE_LOOP('',(#4474,#4475,#4476,#4499,#4523,#4544));
#4474 = ORIENTED_EDGE('',*,*,#3909,.T.);
#4475 = ORIENTED_EDGE('',*,*,#3760,.T.);
#4476 = ORIENTED_EDGE('',*,*,#4477,.T.);
#4477 = EDGE_CURVE('',#3734,#4478,#4480,.T.);
#4478 = VERTEX_POINT('',#4479);
#4479 = CARTESIAN_POINT('',(4.87,35.8,4.8425));
#4480 = SURFACE_CURVE('',#4481,(#4485,#4492),.PCURVE_S1.);
#4481 = LINE('',#4482,#4483);
#4482 = CARTESIAN_POINT('',(4.87,38.,4.8425));
#4483 = VECTOR('',#4484,1.);
#4484 = DIRECTION('',(0.,-1.,0.));
#4485 = PCURVE('',#3512,#4486);
#4486 = DEFINITIONAL_REPRESENTATION('',(#4487),#4491);
#4487 = LINE('',#4488,#4489);
#4488 = CARTESIAN_POINT('',(6.28318530718,0.));
#4489 = VECTOR('',#4490,1.);
#4490 = DIRECTION('',(0.,1.));
#4491 = ( GEOMETRIC_REPRESENTATION_CONTEXT(2) 
PARAMETRIC_REPRESENTATION_CONTEXT() REPRESENTATION_CONTEXT('2D SPACE',''
  ) );
#4492 = PCURVE('',#3748,#4493);
#4493 = DEFINITIONAL_REPRESENTATION('',(#4494),#4498);
#4494 = LINE('',#4495,#4496);
#4495 = CARTESIAN_POINT('',(0.,0.));
#4496 = VECTOR('',#4497,1.);
#4497 = DIRECTION('',(0.,1.));
#4498 = ( GEOMETRIC_REPRESENTATION_CONTEXT(2) 
PARAMETRIC_REPRESENTATION_CONTEXT() REPRESENTATION_CONTEXT('2D SPACE',''
  ) );
#4499 = ORIENTED_EDGE('',*,*,#4500,.T.);
#4500 = EDGE_CURVE('',#4478,#4501,#4503,.T.);
#4501 = VERTEX_POINT('',#4502);
#4502 = CARTESIAN_POINT('',(3.22,35.8,3.1925));
#4503 = SURFACE_CURVE('',#4504,(#4509,#4516),.PCURVE_S1.);
#4504 = CIRCLE('',#4505,1.65);
#4505 = AXIS2_PLACEMENT_3D('',#4506,#4507,#4508);
#4506 = CARTESIAN_POINT('',(3.22,35.8,4.8425));
#4507 = DIRECTION('',(0.,1.,0.));
#4508 = DIRECTION('',(1.,-0.,2.0185873175E-15));
#4509 = PCURVE('',#3512,#4510);
#4510 = DEFINITIONAL_REPRESENTATION('',(#4511),#4515);
#4511 = LINE('',#4512,#4513);
#4512 = CARTESIAN_POINT('',(6.28318530718,2.2));
#4513 = VECTOR('',#4514,1.);
#4514 = DIRECTION('',(-1.,0.));
#4515 = ( GEOMETRIC_REPRESENTATION_CONTEXT(2) 
PARAMETRIC_REPRESENTATION_CONTEXT() REPRESENTATION_CONTEXT('2D SPACE',''
  ) );
#4516 = PCURVE('',#2600,#4517);
#4517 = DEFINITIONAL_REPRESENTATION('',(#4518),#4522);
#4518 = CIRCLE('',#4519,1.65);
#4519 = AXIS2_PLACEMENT_2D('',#4520,#4521);
#4520 = CARTESIAN_POINT('',(18.78,-0.1575));
#4521 = DIRECTION('',(-1.,2.0185873175E-15));
#4522 = ( GEOMETRIC_REPRESENTATION_CONTEXT(2) 
PARAMETRIC_REPRESENTATION_CONTEXT() REPRESENTATION_CONTEXT('2D SPACE',''
  ) );
#4523 = ORIENTED_EDGE('',*,*,#4524,.F.);
#4524 = EDGE_CURVE('',#3303,#4501,#4525,.T.);
#4525 = SURFACE_CURVE('',#4526,(#4530,#4537),.PCURVE_S1.);
#4526 = LINE('',#4527,#4528);
#4527 = CARTESIAN_POINT('',(3.22,38.,3.1925));
#4528 = VECTOR('',#4529,1.);
#4529 = DIRECTION('',(0.,-1.,0.));
#4530 = PCURVE('',#3512,#4531);
#4531 = DEFINITIONAL_REPRESENTATION('',(#4532),#4536);
#4532 = LINE('',#4533,#4534);
#4533 = CARTESIAN_POINT('',(4.712388980385,0.));
#4534 = VECTOR('',#4535,1.);
#4535 = DIRECTION('',(0.,1.));
#4536 = ( GEOMETRIC_REPRESENTATION_CONTEXT(2) 
PARAMETRIC_REPRESENTATION_CONTEXT() REPRESENTATION_CONTEXT('2D SPACE',''
  ) );
#4537 = PCURVE('',#3391,#4538);
#4538 = DEFINITIONAL_REPRESENTATION('',(#4539),#4543);
#4539 = LINE('',#4540,#4541);
#4540 = CARTESIAN_POINT('',(6.44,0.));
#4541 = VECTOR('',#4542,1.);
#4542 = DIRECTION('',(0.,1.));
#4543 = ( GEOMETRIC_REPRESENTATION_CONTEXT(2) 
PARAMETRIC_REPRESENTATION_CONTEXT() REPRESENTATION_CONTEXT('2D SPACE',''
  ) );
#4544 = ORIENTED_EDGE('',*,*,#3494,.T.);
#4545 = ADVANCED_FACE('',(#4546),#3391,.F.);
#4546 = FACE_BOUND('',#4547,.T.);
#4547 = EDGE_LOOP('',(#4548,#4549,#4550,#4571));
#4548 = ORIENTED_EDGE('',*,*,#3377,.F.);
#4549 = ORIENTED_EDGE('',*,*,#4425,.T.);
#4550 = ORIENTED_EDGE('',*,*,#4551,.F.);
#4551 = EDGE_CURVE('',#4501,#4426,#4552,.T.);
#4552 = SURFACE_CURVE('',#4553,(#4557,#4564),.PCURVE_S1.);
#4553 = LINE('',#4554,#4555);
#4554 = CARTESIAN_POINT('',(9.39,35.8,3.1925));
#4555 = VECTOR('',#4556,1.);
#4556 = DIRECTION('',(-1.,0.,-9.48171837801E-16));
#4557 = PCURVE('',#3391,#4558);
#4558 = DEFINITIONAL_REPRESENTATION('',(#4559),#4563);
#4559 = LINE('',#4560,#4561);
#4560 = CARTESIAN_POINT('',(12.61,2.2));
#4561 = VECTOR('',#4562,1.);
#4562 = DIRECTION('',(-1.,-0.));
#4563 = ( GEOMETRIC_REPRESENTATION_CONTEXT(2) 
PARAMETRIC_REPRESENTATION_CONTEXT() REPRESENTATION_CONTEXT('2D SPACE',''
  ) );
#4564 = PCURVE('',#2600,#4565);
#4565 = DEFINITIONAL_REPRESENTATION('',(#4566),#4570);
#4566 = LINE('',#4567,#4568);
#4567 = CARTESIAN_POINT('',(12.61,-1.8075));
#4568 = VECTOR('',#4569,1.);
#4569 = DIRECTION('',(1.,-9.48171837801E-16));
#4570 = ( GEOMETRIC_REPRESENTATION_CONTEXT(2) 
PARAMETRIC_REPRESENTATION_CONTEXT() REPRESENTATION_CONTEXT('2D SPACE',''
  ) );
#4571 = ORIENTED_EDGE('',*,*,#4524,.F.);
#4572 = ADVANCED_FACE('',(#4573),#3748,.F.);
#4573 = FACE_BOUND('',#4574,.T.);
#4574 = EDGE_LOOP('',(#4575,#4576,#4577,#4600));
#4575 = ORIENTED_EDGE('',*,*,#3733,.F.);
#4576 = ORIENTED_EDGE('',*,*,#4477,.T.);
#4577 = ORIENTED_EDGE('',*,*,#4578,.F.);
#4578 = EDGE_CURVE('',#4579,#4478,#4581,.T.);
#4579 = VERTEX_POINT('',#4580);
#4580 = CARTESIAN_POINT('',(4.87,35.8,5.));
#4581 = SURFACE_CURVE('',#4582,(#4586,#4593),.PCURVE_S1.);
#4582 = LINE('',#4583,#4584);
#4583 = CARTESIAN_POINT('',(4.87,35.8,4.92125));
#4584 = VECTOR('',#4585,1.);
#4585 = DIRECTION('',(1.563694400881E-15,0.,-1.));
#4586 = PCURVE('',#3748,#4587);
#4587 = DEFINITIONAL_REPRESENTATION('',(#4588),#4592);
#4588 = LINE('',#4589,#4590);
#4589 = CARTESIAN_POINT('',(7.874999999997E-02,2.2));
#4590 = VECTOR('',#4591,1.);
#4591 = DIRECTION('',(-1.,0.));
#4592 = ( GEOMETRIC_REPRESENTATION_CONTEXT(2) 
PARAMETRIC_REPRESENTATION_CONTEXT() REPRESENTATION_CONTEXT('2D SPACE',''
  ) );
#4593 = PCURVE('',#2600,#4594);
#4594 = DEFINITIONAL_REPRESENTATION('',(#4595),#4599);
#4595 = LINE('',#4596,#4597);
#4596 = CARTESIAN_POINT('',(17.13,-7.874999999999E-02));
#4597 = VECTOR('',#4598,1.);
#4598 = DIRECTION('',(-1.563694400881E-15,-1.));
#4599 = ( GEOMETRIC_REPRESENTATION_CONTEXT(2) 
PARAMETRIC_REPRESENTATION_CONTEXT() REPRESENTATION_CONTEXT('2D SPACE',''
  ) );
#4600 = ORIENTED_EDGE('',*,*,#4601,.F.);
#4601 = EDGE_CURVE('',#3707,#4579,#4602,.T.);
#4602 = SURFACE_CURVE('',#4603,(#4607,#4614),.PCURVE_S1.);
#4603 = LINE('',#4604,#4605);
#4604 = CARTESIAN_POINT('',(4.87,19.,5.));
#4605 = VECTOR('',#4606,1.);
#4606 = DIRECTION('',(0.,-1.,0.));
#4607 = PCURVE('',#3748,#4608);
#4608 = DEFINITIONAL_REPRESENTATION('',(#4609),#4613);
#4609 = LINE('',#4610,#4611);
#4610 = CARTESIAN_POINT('',(0.1575,19.));
#4611 = VECTOR('',#4612,1.);
#4612 = DIRECTION('',(0.,1.));
#4613 = ( GEOMETRIC_REPRESENTATION_CONTEXT(2) 
PARAMETRIC_REPRESENTATION_CONTEXT() REPRESENTATION_CONTEXT('2D SPACE',''
  ) );
#4614 = PCURVE('',#3721,#4615);
#4615 = DEFINITIONAL_REPRESENTATION('',(#4616),#4620);
#4616 = LINE('',#4617,#4618);
#4617 = CARTESIAN_POINT('',(-4.87,-19.));
#4618 = VECTOR('',#4619,1.);
#4619 = DIRECTION('',(0.,1.));
#4620 = ( GEOMETRIC_REPRESENTATION_CONTEXT(2) 
PARAMETRIC_REPRESENTATION_CONTEXT() REPRESENTATION_CONTEXT('2D SPACE',''
  ) );
#4621 = ADVANCED_FACE('',(#4622),#2600,.F.);
#4622 = FACE_BOUND('',#4623,.T.);
#4623 = EDGE_LOOP('',(#4624,#4625,#4626,#4627,#4628,#4629,#4630,#4651,
    #4652,#4675));
#4624 = ORIENTED_EDGE('',*,*,#4578,.T.);
#4625 = ORIENTED_EDGE('',*,*,#4500,.T.);
#4626 = ORIENTED_EDGE('',*,*,#4551,.T.);
#4627 = ORIENTED_EDGE('',*,*,#4448,.T.);
#4628 = ORIENTED_EDGE('',*,*,#3958,.T.);
#4629 = ORIENTED_EDGE('',*,*,#4052,.T.);
#4630 = ORIENTED_EDGE('',*,*,#4631,.F.);
#4631 = EDGE_CURVE('',#2585,#4030,#4632,.T.);
#4632 = SURFACE_CURVE('',#4633,(#4637,#4644),.PCURVE_S1.);
#4633 = LINE('',#4634,#4635);
#4634 = CARTESIAN_POINT('',(-11.19999944164,35.8,2.5));
#4635 = VECTOR('',#4636,1.);
#4636 = DIRECTION('',(0.,0.,1.));
#4637 = PCURVE('',#2600,#4638);
#4638 = DEFINITIONAL_REPRESENTATION('',(#4639),#4643);
#4639 = LINE('',#4640,#4641);
#4640 = CARTESIAN_POINT('',(33.199999441643,-2.5));
#4641 = VECTOR('',#4642,1.);
#4642 = DIRECTION('',(0.,1.));
#4643 = ( GEOMETRIC_REPRESENTATION_CONTEXT(2) 
PARAMETRIC_REPRESENTATION_CONTEXT() REPRESENTATION_CONTEXT('2D SPACE',''
  ) );
#4644 = PCURVE('',#2381,#4645);
#4645 = DEFINITIONAL_REPRESENTATION('',(#4646),#4650);
#4646 = LINE('',#4647,#4648);
#4647 = CARTESIAN_POINT('',(2.199999877419,2.5));
#4648 = VECTOR('',#4649,1.);
#4649 = DIRECTION('',(0.,1.));
#4650 = ( GEOMETRIC_REPRESENTATION_CONTEXT(2) 
PARAMETRIC_REPRESENTATION_CONTEXT() REPRESENTATION_CONTEXT('2D SPACE',''
  ) );
#4651 = ORIENTED_EDGE('',*,*,#2584,.T.);
#4652 = ORIENTED_EDGE('',*,*,#4653,.F.);
#4653 = EDGE_CURVE('',#4654,#2557,#4656,.T.);
#4654 = VERTEX_POINT('',#4655);
#4655 = CARTESIAN_POINT('',(11.200000190245,35.8,5.));
#4656 = SURFACE_CURVE('',#4657,(#4661,#4668),.PCURVE_S1.);
#4657 = LINE('',#4658,#4659);
#4658 = CARTESIAN_POINT('',(11.200000190245,35.8,2.5));
#4659 = VECTOR('',#4660,1.);
#4660 = DIRECTION('',(0.,0.,-1.));
#4661 = PCURVE('',#2600,#4662);
#4662 = DEFINITIONAL_REPRESENTATION('',(#4663),#4667);
#4663 = LINE('',#4664,#4665);
#4664 = CARTESIAN_POINT('',(10.799999809755,-2.5));
#4665 = VECTOR('',#4666,1.);
#4666 = DIRECTION('',(0.,-1.));
#4667 = ( GEOMETRIC_REPRESENTATION_CONTEXT(2) 
PARAMETRIC_REPRESENTATION_CONTEXT() REPRESENTATION_CONTEXT('2D SPACE',''
  ) );
#4668 = PCURVE('',#2572,#4669);
#4669 = DEFINITIONAL_REPRESENTATION('',(#4670),#4674);
#4670 = LINE('',#4671,#4672);
#4671 = CARTESIAN_POINT('',(1.630000154429,2.5));
#4672 = VECTOR('',#4673,1.);
#4673 = DIRECTION('',(0.,-1.));
#4674 = ( GEOMETRIC_REPRESENTATION_CONTEXT(2) 
PARAMETRIC_REPRESENTATION_CONTEXT() REPRESENTATION_CONTEXT('2D SPACE',''
  ) );
#4675 = ORIENTED_EDGE('',*,*,#4676,.T.);
#4676 = EDGE_CURVE('',#4654,#4579,#4677,.T.);
#4677 = SURFACE_CURVE('',#4678,(#4682,#4689),.PCURVE_S1.);
#4678 = LINE('',#4679,#4680);
#4679 = CARTESIAN_POINT('',(11.,35.8,5.));
#4680 = VECTOR('',#4681,1.);
#4681 = DIRECTION('',(-1.,0.,0.));
#4682 = PCURVE('',#2600,#4683);
#4683 = DEFINITIONAL_REPRESENTATION('',(#4684),#4688);
#4684 = LINE('',#4685,#4686);
#4685 = CARTESIAN_POINT('',(11.,0.));
#4686 = VECTOR('',#4687,1.);
#4687 = DIRECTION('',(1.,0.));
#4688 = ( GEOMETRIC_REPRESENTATION_CONTEXT(2) 
PARAMETRIC_REPRESENTATION_CONTEXT() REPRESENTATION_CONTEXT('2D SPACE',''
  ) );
#4689 = PCURVE('',#3721,#4690);
#4690 = DEFINITIONAL_REPRESENTATION('',(#4691),#4695);
#4691 = LINE('',#4692,#4693);
#4692 = CARTESIAN_POINT('',(-11.,-35.8));
#4693 = VECTOR('',#4694,1.);
#4694 = DIRECTION('',(1.,0.));
#4695 = ( GEOMETRIC_REPRESENTATION_CONTEXT(2) 
PARAMETRIC_REPRESENTATION_CONTEXT() REPRESENTATION_CONTEXT('2D SPACE',''
  ) );
#4696 = ADVANCED_FACE('',(#4697),#2381,.T.);
#4697 = FACE_BOUND('',#4698,.T.);
#4698 = EDGE_LOOP('',(#4699,#4700,#4701,#4722,#4723,#4724,#4725,#4726,
    #4727,#4728));
#4699 = ORIENTED_EDGE('',*,*,#4348,.T.);
#4700 = ORIENTED_EDGE('',*,*,#2365,.F.);
#4701 = ORIENTED_EDGE('',*,*,#4702,.T.);
#4702 = EDGE_CURVE('',#2338,#2613,#4703,.T.);
#4703 = SURFACE_CURVE('',#4704,(#4708,#4715),.PCURVE_S1.);
#4704 = LINE('',#4705,#4706);
#4705 = CARTESIAN_POINT('',(-11.2,33.978000753139,0.));
#4706 = VECTOR('',#4707,1.);
#4707 = DIRECTION('',(0.,0.,1.));
#4708 = PCURVE('',#2381,#4709);
#4709 = DEFINITIONAL_REPRESENTATION('',(#4710),#4714);
#4710 = LINE('',#4711,#4712);
#4711 = CARTESIAN_POINT('',(4.021999124281,0.));
#4712 = VECTOR('',#4713,1.);
#4713 = DIRECTION('',(0.,1.));
#4714 = ( GEOMETRIC_REPRESENTATION_CONTEXT(2) 
PARAMETRIC_REPRESENTATION_CONTEXT() REPRESENTATION_CONTEXT('2D SPACE',''
  ) );
#4715 = PCURVE('',#2353,#4716);
#4716 = DEFINITIONAL_REPRESENTATION('',(#4717),#4721);
#4717 = LINE('',#4718,#4719);
#4718 = CARTESIAN_POINT('',(0.,0.));
#4719 = VECTOR('',#4720,1.);
#4720 = DIRECTION('',(0.,1.));
#4721 = ( GEOMETRIC_REPRESENTATION_CONTEXT(2) 
PARAMETRIC_REPRESENTATION_CONTEXT() REPRESENTATION_CONTEXT('2D SPACE',''
  ) );
#4722 = ORIENTED_EDGE('',*,*,#2612,.T.);
#4723 = ORIENTED_EDGE('',*,*,#4631,.T.);
#4724 = ORIENTED_EDGE('',*,*,#4029,.T.);
#4725 = ORIENTED_EDGE('',*,*,#4101,.T.);
#4726 = ORIENTED_EDGE('',*,*,#4150,.T.);
#4727 = ORIENTED_EDGE('',*,*,#4199,.T.);
#4728 = ORIENTED_EDGE('',*,*,#4248,.T.);
#4729 = ADVANCED_FACE('',(#4730),#2437,.T.);
#4730 = FACE_BOUND('',#4731,.T.);
#4731 = EDGE_LOOP('',(#4732,#4733,#4754,#4755,#4776));
#4732 = ORIENTED_EDGE('',*,*,#4325,.T.);
#4733 = ORIENTED_EDGE('',*,*,#4734,.T.);
#4734 = EDGE_CURVE('',#4302,#2534,#4735,.T.);
#4735 = SURFACE_CURVE('',#4736,(#4740,#4747),.PCURVE_S1.);
#4736 = LINE('',#4737,#4738);
#4737 = CARTESIAN_POINT('',(11.2,34.169999658274,0.));
#4738 = VECTOR('',#4739,1.);
#4739 = DIRECTION('',(0.,0.,1.));
#4740 = PCURVE('',#2437,#4741);
#4741 = DEFINITIONAL_REPRESENTATION('',(#4742),#4746);
#4742 = LINE('',#4743,#4744);
#4743 = CARTESIAN_POINT('',(0.669999335319,0.));
#4744 = VECTOR('',#4745,1.);
#4745 = DIRECTION('',(0.,1.));
#4746 = ( GEOMETRIC_REPRESENTATION_CONTEXT(2) 
PARAMETRIC_REPRESENTATION_CONTEXT() REPRESENTATION_CONTEXT('2D SPACE',''
  ) );
#4747 = PCURVE('',#2572,#4748);
#4748 = DEFINITIONAL_REPRESENTATION('',(#4749),#4753);
#4749 = LINE('',#4750,#4751);
#4750 = CARTESIAN_POINT('',(-1.87296897991E-07,0.));
#4751 = VECTOR('',#4752,1.);
#4752 = DIRECTION('',(0.,1.));
#4753 = ( GEOMETRIC_REPRESENTATION_CONTEXT(2) 
PARAMETRIC_REPRESENTATION_CONTEXT() REPRESENTATION_CONTEXT('2D SPACE',''
  ) );
#4754 = ORIENTED_EDGE('',*,*,#2533,.F.);
#4755 = ORIENTED_EDGE('',*,*,#4756,.F.);
#4756 = EDGE_CURVE('',#2422,#2506,#4757,.T.);
#4757 = SURFACE_CURVE('',#4758,(#4762,#4769),.PCURVE_S1.);
#4758 = LINE('',#4759,#4760);
#4759 = CARTESIAN_POINT('',(11.200000300003,33.500000322955,0.));
#4760 = VECTOR('',#4761,1.);
#4761 = DIRECTION('',(0.,0.,1.));
#4762 = PCURVE('',#2437,#4763);
#4763 = DEFINITIONAL_REPRESENTATION('',(#4764),#4768);
#4764 = LINE('',#4765,#4766);
#4765 = CARTESIAN_POINT('',(0.,0.));
#4766 = VECTOR('',#4767,1.);
#4767 = DIRECTION('',(0.,1.));
#4768 = ( GEOMETRIC_REPRESENTATION_CONTEXT(2) 
PARAMETRIC_REPRESENTATION_CONTEXT() REPRESENTATION_CONTEXT('2D SPACE',''
  ) );
#4769 = PCURVE('',#492,#4770);
#4770 = DEFINITIONAL_REPRESENTATION('',(#4771),#4775);
#4771 = LINE('',#4772,#4773);
#4772 = CARTESIAN_POINT('',(4.853631458142,0.));
#4773 = VECTOR('',#4774,1.);
#4774 = DIRECTION('',(0.,1.));
#4775 = ( GEOMETRIC_REPRESENTATION_CONTEXT(2) 
PARAMETRIC_REPRESENTATION_CONTEXT() REPRESENTATION_CONTEXT('2D SPACE',''
  ) );
#4776 = ORIENTED_EDGE('',*,*,#2421,.F.);
#4777 = ADVANCED_FACE('',(#4778),#2572,.T.);
#4778 = FACE_BOUND('',#4779,.T.);
#4779 = EDGE_LOOP('',(#4780,#4781,#4782,#4783,#4784,#4785,#4808,#4831,
    #4854));
#4780 = ORIENTED_EDGE('',*,*,#4653,.T.);
#4781 = ORIENTED_EDGE('',*,*,#2556,.T.);
#4782 = ORIENTED_EDGE('',*,*,#4734,.F.);
#4783 = ORIENTED_EDGE('',*,*,#4301,.T.);
#4784 = ORIENTED_EDGE('',*,*,#4398,.T.);
#4785 = ORIENTED_EDGE('',*,*,#4786,.T.);
#4786 = EDGE_CURVE('',#4376,#4787,#4789,.T.);
#4787 = VERTEX_POINT('',#4788);
#4788 = CARTESIAN_POINT('',(11.200000231206,37.8,4.6));
#4789 = SURFACE_CURVE('',#4790,(#4794,#4801),.PCURVE_S1.);
#4790 = LINE('',#4791,#4792);
#4791 = CARTESIAN_POINT('',(11.200000237197,38.092499960368,
    4.307500039632));
#4792 = VECTOR('',#4793,1.);
#4793 = DIRECTION('',(-1.448207050621E-08,-0.707106781187,0.707106781187
    ));
#4794 = PCURVE('',#2572,#4795);
#4795 = DEFINITIONAL_REPRESENTATION('',(#4796),#4800);
#4796 = LINE('',#4797,#4798);
#4797 = CARTESIAN_POINT('',(3.922500114797,4.307500039632));
#4798 = VECTOR('',#4799,1.);
#4799 = DIRECTION('',(-0.707106781187,0.707106781187));
#4800 = ( GEOMETRIC_REPRESENTATION_CONTEXT(2) 
PARAMETRIC_REPRESENTATION_CONTEXT() REPRESENTATION_CONTEXT('2D SPACE',''
  ) );
#4801 = PCURVE('',#3848,#4802);
#4802 = DEFINITIONAL_REPRESENTATION('',(#4803),#4807);
#4803 = LINE('',#4804,#4805);
#4804 = CARTESIAN_POINT('',(0.200186305969,0.272236054708));
#4805 = VECTOR('',#4806,1.);
#4806 = DIRECTION('',(-1.448207050621E-08,-1.));
#4807 = ( GEOMETRIC_REPRESENTATION_CONTEXT(2) 
PARAMETRIC_REPRESENTATION_CONTEXT() REPRESENTATION_CONTEXT('2D SPACE',''
  ) );
#4808 = ORIENTED_EDGE('',*,*,#4809,.T.);
#4809 = EDGE_CURVE('',#4787,#4810,#4812,.T.);
#4810 = VERTEX_POINT('',#4811);
#4811 = CARTESIAN_POINT('',(11.200000217894,37.15,4.6));
#4812 = SURFACE_CURVE('',#4813,(#4817,#4824),.PCURVE_S1.);
#4813 = LINE('',#4814,#4815);
#4814 = CARTESIAN_POINT('',(11.199999806948,17.084999808088,4.6));
#4815 = VECTOR('',#4816,1.);
#4816 = DIRECTION('',(-2.048074052112E-08,-1.,0.));
#4817 = PCURVE('',#2572,#4818);
#4818 = DEFINITIONAL_REPRESENTATION('',(#4819),#4823);
#4819 = LINE('',#4820,#4821);
#4820 = CARTESIAN_POINT('',(-17.08500003748,4.6));
#4821 = VECTOR('',#4822,1.);
#4822 = DIRECTION('',(-1.,0.));
#4823 = ( GEOMETRIC_REPRESENTATION_CONTEXT(2) 
PARAMETRIC_REPRESENTATION_CONTEXT() REPRESENTATION_CONTEXT('2D SPACE',''
  ) );
#4824 = PCURVE('',#3665,#4825);
#4825 = DEFINITIONAL_REPRESENTATION('',(#4826),#4830);
#4826 = LINE('',#4827,#4828);
#4827 = CARTESIAN_POINT('',(11.200371944491,17.084999808091));
#4828 = VECTOR('',#4829,1.);
#4829 = DIRECTION('',(-2.048074052112E-08,-1.));
#4830 = ( GEOMETRIC_REPRESENTATION_CONTEXT(2) 
PARAMETRIC_REPRESENTATION_CONTEXT() REPRESENTATION_CONTEXT('2D SPACE',''
  ) );
#4831 = ORIENTED_EDGE('',*,*,#4832,.T.);
#4832 = EDGE_CURVE('',#4810,#4833,#4835,.T.);
#4833 = VERTEX_POINT('',#4834);
#4834 = CARTESIAN_POINT('',(11.200000217894,37.15,5.));
#4835 = SURFACE_CURVE('',#4836,(#4840,#4847),.PCURVE_S1.);
#4836 = LINE('',#4837,#4838);
#4837 = CARTESIAN_POINT('',(11.200000217894,37.15,2.5));
#4838 = VECTOR('',#4839,1.);
#4839 = DIRECTION('',(0.,0.,1.));
#4840 = PCURVE('',#2572,#4841);
#4841 = DEFINITIONAL_REPRESENTATION('',(#4842),#4846);
#4842 = LINE('',#4843,#4844);
#4843 = CARTESIAN_POINT('',(2.980000154429,2.5));
#4844 = VECTOR('',#4845,1.);
#4845 = DIRECTION('',(0.,1.));
#4846 = ( GEOMETRIC_REPRESENTATION_CONTEXT(2) 
PARAMETRIC_REPRESENTATION_CONTEXT() REPRESENTATION_CONTEXT('2D SPACE',''
  ) );
#4847 = PCURVE('',#3694,#4848);
#4848 = DEFINITIONAL_REPRESENTATION('',(#4849),#4853);
#4849 = LINE('',#4850,#4851);
#4850 = CARTESIAN_POINT('',(33.200000217894,2.5));
#4851 = VECTOR('',#4852,1.);
#4852 = DIRECTION('',(0.,-1.));
#4853 = ( GEOMETRIC_REPRESENTATION_CONTEXT(2) 
PARAMETRIC_REPRESENTATION_CONTEXT() REPRESENTATION_CONTEXT('2D SPACE',''
  ) );
#4854 = ORIENTED_EDGE('',*,*,#4855,.T.);
#4855 = EDGE_CURVE('',#4833,#4654,#4856,.T.);
#4856 = SURFACE_CURVE('',#4857,(#4861,#4868),.PCURVE_S1.);
#4857 = LINE('',#4858,#4859);
#4858 = CARTESIAN_POINT('',(11.199999806948,17.084999808093,5.));
#4859 = VECTOR('',#4860,1.);
#4860 = DIRECTION('',(-2.048074052112E-08,-1.,0.));
#4861 = PCURVE('',#2572,#4862);
#4862 = DEFINITIONAL_REPRESENTATION('',(#4863),#4867);
#4863 = LINE('',#4864,#4865);
#4864 = CARTESIAN_POINT('',(-17.08500003747,5.));
#4865 = VECTOR('',#4866,1.);
#4866 = DIRECTION('',(-1.,0.));
#4867 = ( GEOMETRIC_REPRESENTATION_CONTEXT(2) 
PARAMETRIC_REPRESENTATION_CONTEXT() REPRESENTATION_CONTEXT('2D SPACE',''
  ) );
#4868 = PCURVE('',#3721,#4869);
#4869 = DEFINITIONAL_REPRESENTATION('',(#4870),#4874);
#4870 = LINE('',#4871,#4872);
#4871 = CARTESIAN_POINT('',(-11.19999980694,-17.08499980809));
#4872 = VECTOR('',#4873,1.);
#4873 = DIRECTION('',(2.048074052112E-08,1.));
#4874 = ( GEOMETRIC_REPRESENTATION_CONTEXT(2) 
PARAMETRIC_REPRESENTATION_CONTEXT() REPRESENTATION_CONTEXT('2D SPACE',''
  ) );
#4875 = ADVANCED_FACE('',(#4876),#1513,.T.);
#4876 = FACE_BOUND('',#4877,.T.);
#4877 = EDGE_LOOP('',(#4878,#4879,#4880,#4881));
#4878 = ORIENTED_EDGE('',*,*,#2290,.F.);
#4879 = ORIENTED_EDGE('',*,*,#1645,.T.);
#4880 = ORIENTED_EDGE('',*,*,#1498,.F.);
#4881 = ORIENTED_EDGE('',*,*,#4882,.T.);
#4882 = EDGE_CURVE('',#1422,#2291,#4883,.T.);
#4883 = SURFACE_CURVE('',#4884,(#4888,#4895),.PCURVE_S1.);
#4884 = LINE('',#4885,#4886);
#4885 = CARTESIAN_POINT('',(-11.91008077656,32.705067887628,0.));
#4886 = VECTOR('',#4887,1.);
#4887 = DIRECTION('',(0.,0.,-1.));
#4888 = PCURVE('',#1513,#4889);
#4889 = DEFINITIONAL_REPRESENTATION('',(#4890),#4894);
#4890 = LINE('',#4891,#4892);
#4891 = CARTESIAN_POINT('',(-1.618141817482E-02,0.));
#4892 = VECTOR('',#4893,1.);
#4893 = DIRECTION('',(-0.,-1.));
#4894 = ( GEOMETRIC_REPRESENTATION_CONTEXT(2) 
PARAMETRIC_REPRESENTATION_CONTEXT() REPRESENTATION_CONTEXT('2D SPACE',''
  ) );
#4895 = PCURVE('',#1464,#4896);
#4896 = DEFINITIONAL_REPRESENTATION('',(#4897),#4901);
#4897 = LINE('',#4898,#4899);
#4898 = CARTESIAN_POINT('',(4.825026837065,0.));
#4899 = VECTOR('',#4900,1.);
#4900 = DIRECTION('',(0.,-1.));
#4901 = ( GEOMETRIC_REPRESENTATION_CONTEXT(2) 
PARAMETRIC_REPRESENTATION_CONTEXT() REPRESENTATION_CONTEXT('2D SPACE',''
  ) );
#4902 = ADVANCED_FACE('',(#4903),#1464,.F.);
#4903 = FACE_BOUND('',#4904,.F.);
#4904 = EDGE_LOOP('',(#4905,#4926,#4927,#4928,#4929));
#4905 = ORIENTED_EDGE('',*,*,#4906,.F.);
#4906 = EDGE_CURVE('',#2636,#2314,#4907,.T.);
#4907 = SURFACE_CURVE('',#4908,(#4912,#4919),.PCURVE_S1.);
#4908 = LINE('',#4909,#4910);
#4909 = CARTESIAN_POINT('',(-11.20000014648,33.499998754838,0.));
#4910 = VECTOR('',#4911,1.);
#4911 = DIRECTION('',(0.,0.,-1.));
#4912 = PCURVE('',#1464,#4913);
#4913 = DEFINITIONAL_REPRESENTATION('',(#4914),#4918);
#4914 = LINE('',#4915,#4916);
#4915 = CARTESIAN_POINT('',(6.283184647137,0.));
#4916 = VECTOR('',#4917,1.);
#4917 = DIRECTION('',(0.,-1.));
#4918 = ( GEOMETRIC_REPRESENTATION_CONTEXT(2) 
PARAMETRIC_REPRESENTATION_CONTEXT() REPRESENTATION_CONTEXT('2D SPACE',''
  ) );
#4919 = PCURVE('',#2353,#4920);
#4920 = DEFINITIONAL_REPRESENTATION('',(#4921),#4925);
#4921 = LINE('',#4922,#4923);
#4922 = CARTESIAN_POINT('',(0.478001998301,0.));
#4923 = VECTOR('',#4924,1.);
#4924 = DIRECTION('',(-0.,-1.));
#4925 = ( GEOMETRIC_REPRESENTATION_CONTEXT(2) 
PARAMETRIC_REPRESENTATION_CONTEXT() REPRESENTATION_CONTEXT('2D SPACE',''
  ) );
#4926 = ORIENTED_EDGE('',*,*,#2658,.F.);
#4927 = ORIENTED_EDGE('',*,*,#1421,.F.);
#4928 = ORIENTED_EDGE('',*,*,#4882,.T.);
#4929 = ORIENTED_EDGE('',*,*,#2313,.T.);
#4930 = ADVANCED_FACE('',(#4931),#2353,.T.);
#4931 = FACE_BOUND('',#4932,.T.);
#4932 = EDGE_LOOP('',(#4933,#4934,#4935,#4936));
#4933 = ORIENTED_EDGE('',*,*,#2337,.F.);
#4934 = ORIENTED_EDGE('',*,*,#4906,.F.);
#4935 = ORIENTED_EDGE('',*,*,#2635,.T.);
#4936 = ORIENTED_EDGE('',*,*,#4702,.F.);
#4937 = ADVANCED_FACE('',(#4938),#492,.F.);
#4938 = FACE_BOUND('',#4939,.F.);
#4939 = EDGE_LOOP('',(#4940,#4961,#4962,#4963,#4964));
#4940 = ORIENTED_EDGE('',*,*,#4941,.T.);
#4941 = EDGE_CURVE('',#2450,#445,#4942,.T.);
#4942 = SURFACE_CURVE('',#4943,(#4947,#4954),.PCURVE_S1.);
#4943 = LINE('',#4944,#4945);
#4944 = CARTESIAN_POINT('',(11.910080757382,32.705067889797,0.));
#4945 = VECTOR('',#4946,1.);
#4946 = DIRECTION('',(0.,0.,1.));
#4947 = PCURVE('',#492,#4948);
#4948 = DEFINITIONAL_REPRESENTATION('',(#4949),#4953);
#4949 = LINE('',#4950,#4951);
#4950 = CARTESIAN_POINT('',(6.311791204227,0.));
#4951 = VECTOR('',#4952,1.);
#4952 = DIRECTION('',(0.,1.));
#4953 = ( GEOMETRIC_REPRESENTATION_CONTEXT(2) 
PARAMETRIC_REPRESENTATION_CONTEXT() REPRESENTATION_CONTEXT('2D SPACE',''
  ) );
#4954 = PCURVE('',#724,#4955);
#4955 = DEFINITIONAL_REPRESENTATION('',(#4956),#4960);
#4956 = LINE('',#4957,#4958);
#4957 = CARTESIAN_POINT('',(0.111199414657,0.));
#4958 = VECTOR('',#4959,1.);
#4959 = DIRECTION('',(0.,1.));
#4960 = ( GEOMETRIC_REPRESENTATION_CONTEXT(2) 
PARAMETRIC_REPRESENTATION_CONTEXT() REPRESENTATION_CONTEXT('2D SPACE',''
  ) );
#4961 = ORIENTED_EDGE('',*,*,#442,.F.);
#4962 = ORIENTED_EDGE('',*,*,#2505,.F.);
#4963 = ORIENTED_EDGE('',*,*,#4756,.F.);
#4964 = ORIENTED_EDGE('',*,*,#2449,.T.);
#4965 = ADVANCED_FACE('',(#4966),#724,.T.);
#4966 = FACE_BOUND('',#4967,.T.);
#4967 = EDGE_LOOP('',(#4968,#4969,#4970,#4971));
#4968 = ORIENTED_EDGE('',*,*,#2473,.F.);
#4969 = ORIENTED_EDGE('',*,*,#4941,.T.);
#4970 = ORIENTED_EDGE('',*,*,#711,.F.);
#4971 = ORIENTED_EDGE('',*,*,#839,.T.);
#4972 = ADVANCED_FACE('',(#4973),#651,.T.);
#4973 = FACE_BOUND('',#4974,.T.);
#4974 = EDGE_LOOP('',(#4975,#4976,#4977,#4978));
#4975 = ORIENTED_EDGE('',*,*,#2047,.F.);
#4976 = ORIENTED_EDGE('',*,*,#783,.T.);
#4977 = ORIENTED_EDGE('',*,*,#636,.F.);
#4978 = ORIENTED_EDGE('',*,*,#4979,.T.);
#4979 = EDGE_CURVE('',#560,#2048,#4980,.T.);
#4980 = SURFACE_CURVE('',#4981,(#4985,#4992),.PCURVE_S1.);
#4981 = LINE('',#4982,#4983);
#4982 = CARTESIAN_POINT('',(11.996843821859,24.289314870985,0.));
#4983 = VECTOR('',#4984,1.);
#4984 = DIRECTION('',(0.,0.,-1.));
#4985 = PCURVE('',#651,#4986);
#4986 = DEFINITIONAL_REPRESENTATION('',(#4987),#4991);
#4987 = LINE('',#4988,#4989);
#4988 = CARTESIAN_POINT('',(-1.460640021942E-02,0.));
#4989 = VECTOR('',#4990,1.);
#4990 = DIRECTION('',(0.,-1.));
#4991 = ( GEOMETRIC_REPRESENTATION_CONTEXT(2) 
PARAMETRIC_REPRESENTATION_CONTEXT() REPRESENTATION_CONTEXT('2D SPACE',''
  ) );
#4992 = PCURVE('',#602,#4993);
#4993 = DEFINITIONAL_REPRESENTATION('',(#4994),#4998);
#4994 = LINE('',#4995,#4996);
#4995 = CARTESIAN_POINT('',(4.741146199211,0.));
#4996 = VECTOR('',#4997,1.);
#4997 = DIRECTION('',(0.,-1.));
#4998 = ( GEOMETRIC_REPRESENTATION_CONTEXT(2) 
PARAMETRIC_REPRESENTATION_CONTEXT() REPRESENTATION_CONTEXT('2D SPACE',''
  ) );
#4999 = ADVANCED_FACE('',(#5000),#602,.F.);
#5000 = FACE_BOUND('',#5001,.F.);
#5001 = EDGE_LOOP('',(#5002,#5023,#5024,#5025,#5026));
#5002 = ORIENTED_EDGE('',*,*,#5003,.F.);
#5003 = EDGE_CURVE('',#2808,#2071,#5004,.T.);
#5004 = SURFACE_CURVE('',#5005,(#5009,#5016),.PCURVE_S1.);
#5005 = LINE('',#5006,#5007);
#5006 = CARTESIAN_POINT('',(11.200000417916,23.181253721138,0.));
#5007 = VECTOR('',#5008,1.);
#5008 = DIRECTION('',(0.,0.,-1.));
#5009 = PCURVE('',#602,#5010);
#5010 = DEFINITIONAL_REPRESENTATION('',(#5011),#5015);
#5011 = LINE('',#5012,#5013);
#5012 = CARTESIAN_POINT('',(6.245571313971,0.));
#5013 = VECTOR('',#5014,1.);
#5014 = DIRECTION('',(0.,-1.));
#5015 = ( GEOMETRIC_REPRESENTATION_CONTEXT(2) 
PARAMETRIC_REPRESENTATION_CONTEXT() REPRESENTATION_CONTEXT('2D SPACE',''
  ) );
#5016 = PCURVE('',#2110,#5017);
#5017 = DEFINITIONAL_REPRESENTATION('',(#5018),#5022);
#5018 = LINE('',#5019,#5020);
#5019 = CARTESIAN_POINT('',(6.062253896683,0.));
#5020 = VECTOR('',#5021,1.);
#5021 = DIRECTION('',(0.,-1.));
#5022 = ( GEOMETRIC_REPRESENTATION_CONTEXT(2) 
PARAMETRIC_REPRESENTATION_CONTEXT() REPRESENTATION_CONTEXT('2D SPACE',''
  ) );
#5023 = ORIENTED_EDGE('',*,*,#2830,.F.);
#5024 = ORIENTED_EDGE('',*,*,#559,.F.);
#5025 = ORIENTED_EDGE('',*,*,#4979,.T.);
#5026 = ORIENTED_EDGE('',*,*,#2070,.T.);
#5027 = ADVANCED_FACE('',(#5028),#2110,.T.);
#5028 = FACE_BOUND('',#5029,.T.);
#5029 = EDGE_LOOP('',(#5030,#5031,#5032,#5033));
#5030 = ORIENTED_EDGE('',*,*,#2094,.F.);
#5031 = ORIENTED_EDGE('',*,*,#5003,.F.);
#5032 = ORIENTED_EDGE('',*,*,#2807,.F.);
#5033 = ORIENTED_EDGE('',*,*,#5034,.F.);
#5034 = EDGE_CURVE('',#2095,#2784,#5035,.T.);
#5035 = SURFACE_CURVE('',#5036,(#5040,#5047),.PCURVE_S1.);
#5036 = LINE('',#5037,#5038);
#5037 = CARTESIAN_POINT('',(11.2,17.118999824455,0.));
#5038 = VECTOR('',#5039,1.);
#5039 = DIRECTION('',(0.,0.,1.));
#5040 = PCURVE('',#2110,#5041);
#5041 = DEFINITIONAL_REPRESENTATION('',(#5042),#5046);
#5042 = LINE('',#5043,#5044);
#5043 = CARTESIAN_POINT('',(0.,0.));
#5044 = VECTOR('',#5045,1.);
#5045 = DIRECTION('',(0.,1.));
#5046 = ( GEOMETRIC_REPRESENTATION_CONTEXT(2) 
PARAMETRIC_REPRESENTATION_CONTEXT() REPRESENTATION_CONTEXT('2D SPACE',''
  ) );
#5047 = PCURVE('',#2143,#5048);
#5048 = DEFINITIONAL_REPRESENTATION('',(#5049),#5053);
#5049 = LINE('',#5050,#5051);
#5050 = CARTESIAN_POINT('',(6.283185308744,0.));
#5051 = VECTOR('',#5052,1.);
#5052 = DIRECTION('',(0.,1.));
#5053 = ( GEOMETRIC_REPRESENTATION_CONTEXT(2) 
PARAMETRIC_REPRESENTATION_CONTEXT() REPRESENTATION_CONTEXT('2D SPACE',''
  ) );
#5054 = ADVANCED_FACE('',(#5055),#2143,.T.);
#5055 = FACE_BOUND('',#5056,.T.);
#5056 = EDGE_LOOP('',(#5057,#5058,#5059,#5060));
#5057 = ORIENTED_EDGE('',*,*,#2122,.F.);
#5058 = ORIENTED_EDGE('',*,*,#5034,.T.);
#5059 = ORIENTED_EDGE('',*,*,#2783,.T.);
#5060 = ORIENTED_EDGE('',*,*,#5061,.F.);
#5061 = EDGE_CURVE('',#2123,#2761,#5062,.T.);
#5062 = SURFACE_CURVE('',#5063,(#5067,#5074),.PCURVE_S1.);
#5063 = LINE('',#5064,#5065);
#5064 = CARTESIAN_POINT('',(7.999999929385,13.919,0.));
#5065 = VECTOR('',#5066,1.);
#5066 = DIRECTION('',(0.,0.,1.));
#5067 = PCURVE('',#2143,#5068);
#5068 = DEFINITIONAL_REPRESENTATION('',(#5069),#5073);
#5069 = LINE('',#5070,#5071);
#5070 = CARTESIAN_POINT('',(4.71238901474,0.));
#5071 = VECTOR('',#5072,1.);
#5072 = DIRECTION('',(0.,1.));
#5073 = ( GEOMETRIC_REPRESENTATION_CONTEXT(2) 
PARAMETRIC_REPRESENTATION_CONTEXT() REPRESENTATION_CONTEXT('2D SPACE',''
  ) );
#5074 = PCURVE('',#2171,#5075);
#5075 = DEFINITIONAL_REPRESENTATION('',(#5076),#5080);
#5076 = LINE('',#5077,#5078);
#5077 = CARTESIAN_POINT('',(15.999999968616,0.));
#5078 = VECTOR('',#5079,1.);
#5079 = DIRECTION('',(0.,1.));
#5080 = ( GEOMETRIC_REPRESENTATION_CONTEXT(2) 
PARAMETRIC_REPRESENTATION_CONTEXT() REPRESENTATION_CONTEXT('2D SPACE',''
  ) );
#5081 = ADVANCED_FACE('',(#5082),#2171,.T.);
#5082 = FACE_BOUND('',#5083,.T.);
#5083 = EDGE_LOOP('',(#5084,#5085,#5086,#5087));
#5084 = ORIENTED_EDGE('',*,*,#2155,.F.);
#5085 = ORIENTED_EDGE('',*,*,#5061,.T.);
#5086 = ORIENTED_EDGE('',*,*,#2760,.T.);
#5087 = ORIENTED_EDGE('',*,*,#5088,.F.);
#5088 = EDGE_CURVE('',#2156,#2737,#5089,.T.);
#5089 = SURFACE_CURVE('',#5090,(#5094,#5101),.PCURVE_S1.);
#5090 = LINE('',#5091,#5092);
#5091 = CARTESIAN_POINT('',(-8.000000039231,13.919,0.));
#5092 = VECTOR('',#5093,1.);
#5093 = DIRECTION('',(0.,0.,1.));
#5094 = PCURVE('',#2171,#5095);
#5095 = DEFINITIONAL_REPRESENTATION('',(#5096),#5100);
#5096 = LINE('',#5097,#5098);
#5097 = CARTESIAN_POINT('',(0.,0.));
#5098 = VECTOR('',#5099,1.);
#5099 = DIRECTION('',(0.,1.));
#5100 = ( GEOMETRIC_REPRESENTATION_CONTEXT(2) 
PARAMETRIC_REPRESENTATION_CONTEXT() REPRESENTATION_CONTEXT('2D SPACE',''
  ) );
#5101 = PCURVE('',#2204,#5102);
#5102 = DEFINITIONAL_REPRESENTATION('',(#5103),#5107);
#5103 = LINE('',#5104,#5105);
#5104 = CARTESIAN_POINT('',(6.283185305817,0.));
#5105 = VECTOR('',#5106,1.);
#5106 = DIRECTION('',(0.,1.));
#5107 = ( GEOMETRIC_REPRESENTATION_CONTEXT(2) 
PARAMETRIC_REPRESENTATION_CONTEXT() REPRESENTATION_CONTEXT('2D SPACE',''
  ) );
#5108 = ADVANCED_FACE('',(#5109),#2204,.T.);
#5109 = FACE_BOUND('',#5110,.T.);
#5110 = EDGE_LOOP('',(#5111,#5112,#5113,#5114));
#5111 = ORIENTED_EDGE('',*,*,#2183,.F.);
#5112 = ORIENTED_EDGE('',*,*,#5088,.T.);
#5113 = ORIENTED_EDGE('',*,*,#2736,.T.);
#5114 = ORIENTED_EDGE('',*,*,#5115,.F.);
#5115 = EDGE_CURVE('',#2184,#2714,#5116,.T.);
#5116 = SURFACE_CURVE('',#5117,(#5121,#5128),.PCURVE_S1.);
#5117 = LINE('',#5118,#5119);
#5118 = CARTESIAN_POINT('',(-11.20000516648,17.11900098065,0.));
#5119 = VECTOR('',#5120,1.);
#5120 = DIRECTION('',(0.,0.,1.));
#5121 = PCURVE('',#2204,#5122);
#5122 = DEFINITIONAL_REPRESENTATION('',(#5123),#5127);
#5123 = LINE('',#5124,#5125);
#5124 = CARTESIAN_POINT('',(4.71238868483,0.));
#5125 = VECTOR('',#5126,1.);
#5126 = DIRECTION('',(0.,1.));
#5127 = ( GEOMETRIC_REPRESENTATION_CONTEXT(2) 
PARAMETRIC_REPRESENTATION_CONTEXT() REPRESENTATION_CONTEXT('2D SPACE',''
  ) );
#5128 = PCURVE('',#2232,#5129);
#5129 = DEFINITIONAL_REPRESENTATION('',(#5130),#5134);
#5130 = LINE('',#5131,#5132);
#5131 = CARTESIAN_POINT('',(6.091338815597,0.));
#5132 = VECTOR('',#5133,1.);
#5133 = DIRECTION('',(0.,1.));
#5134 = ( GEOMETRIC_REPRESENTATION_CONTEXT(2) 
PARAMETRIC_REPRESENTATION_CONTEXT() REPRESENTATION_CONTEXT('2D SPACE',''
  ) );
#5135 = ADVANCED_FACE('',(#5136),#2232,.T.);
#5136 = FACE_BOUND('',#5137,.T.);
#5137 = EDGE_LOOP('',(#5138,#5139,#5140,#5141));
#5138 = ORIENTED_EDGE('',*,*,#2216,.F.);
#5139 = ORIENTED_EDGE('',*,*,#5115,.T.);
#5140 = ORIENTED_EDGE('',*,*,#2713,.T.);
#5141 = ORIENTED_EDGE('',*,*,#5142,.T.);
#5142 = EDGE_CURVE('',#2686,#2217,#5143,.T.);
#5143 = SURFACE_CURVE('',#5144,(#5148,#5155),.PCURVE_S1.);
#5144 = LINE('',#5145,#5146);
#5145 = CARTESIAN_POINT('',(-11.20000042546,23.181253662818,0.));
#5146 = VECTOR('',#5147,1.);
#5147 = DIRECTION('',(0.,0.,-1.));
#5148 = PCURVE('',#2232,#5149);
#5149 = DEFINITIONAL_REPRESENTATION('',(#5150),#5154);
#5150 = LINE('',#5151,#5152);
#5151 = CARTESIAN_POINT('',(2.90861334292E-02,0.));
#5152 = VECTOR('',#5153,1.);
#5153 = DIRECTION('',(0.,-1.));
#5154 = ( GEOMETRIC_REPRESENTATION_CONTEXT(2) 
PARAMETRIC_REPRESENTATION_CONTEXT() REPRESENTATION_CONTEXT('2D SPACE',''
  ) );
#5155 = PCURVE('',#1359,#5156);
#5156 = DEFINITIONAL_REPRESENTATION('',(#5157),#5161);
#5157 = LINE('',#5158,#5159);
#5158 = CARTESIAN_POINT('',(4.797648339154,0.));
#5159 = VECTOR('',#5160,1.);
#5160 = DIRECTION('',(0.,-1.));
#5161 = ( GEOMETRIC_REPRESENTATION_CONTEXT(2) 
PARAMETRIC_REPRESENTATION_CONTEXT() REPRESENTATION_CONTEXT('2D SPACE',''
  ) );
#5162 = ADVANCED_FACE('',(#5163),#1359,.F.);
#5163 = FACE_BOUND('',#5164,.F.);
#5164 = EDGE_LOOP('',(#5165,#5186,#5187,#5188,#5189));
#5165 = ORIENTED_EDGE('',*,*,#5166,.T.);
#5166 = EDGE_CURVE('',#2245,#1312,#5167,.T.);
#5167 = SURFACE_CURVE('',#5168,(#5172,#5179),.PCURVE_S1.);
#5168 = LINE('',#5169,#5170);
#5169 = CARTESIAN_POINT('',(-11.99684373627,24.28931485407,0.));
#5170 = VECTOR('',#5171,1.);
#5171 = DIRECTION('',(0.,0.,1.));
#5172 = PCURVE('',#1359,#5173);
#5173 = DEFINITIONAL_REPRESENTATION('',(#5174),#5178);
#5174 = LINE('',#5175,#5176);
#5175 = CARTESIAN_POINT('',(6.302073425447,0.));
#5176 = VECTOR('',#5177,1.);
#5177 = DIRECTION('',(0.,1.));
#5178 = ( GEOMETRIC_REPRESENTATION_CONTEXT(2) 
PARAMETRIC_REPRESENTATION_CONTEXT() REPRESENTATION_CONTEXT('2D SPACE',''
  ) );
#5179 = PCURVE('',#1586,#5180);
#5180 = DEFINITIONAL_REPRESENTATION('',(#5181),#5185);
#5181 = LINE('',#5182,#5183);
#5182 = CARTESIAN_POINT('',(6.723514499568E-02,0.));
#5183 = VECTOR('',#5184,1.);
#5184 = DIRECTION('',(0.,1.));
#5185 = ( GEOMETRIC_REPRESENTATION_CONTEXT(2) 
PARAMETRIC_REPRESENTATION_CONTEXT() REPRESENTATION_CONTEXT('2D SPACE',''
  ) );
#5186 = ORIENTED_EDGE('',*,*,#1309,.F.);
#5187 = ORIENTED_EDGE('',*,*,#2685,.F.);
#5188 = ORIENTED_EDGE('',*,*,#5142,.T.);
#5189 = ORIENTED_EDGE('',*,*,#2244,.T.);
#5190 = ADVANCED_FACE('',(#5191),#1586,.T.);
#5191 = FACE_BOUND('',#5192,.T.);
#5192 = EDGE_LOOP('',(#5193,#5194,#5195,#5196));
#5193 = ORIENTED_EDGE('',*,*,#2268,.F.);
#5194 = ORIENTED_EDGE('',*,*,#5166,.T.);
#5195 = ORIENTED_EDGE('',*,*,#1573,.F.);
#5196 = ORIENTED_EDGE('',*,*,#1696,.T.);
#5197 = ADVANCED_FACE('',(#5198),#3848,.T.);
#5198 = FACE_BOUND('',#5199,.T.);
#5199 = EDGE_LOOP('',(#5200,#5201,#5222,#5223));
#5200 = ORIENTED_EDGE('',*,*,#3835,.F.);
#5201 = ORIENTED_EDGE('',*,*,#5202,.T.);
#5202 = EDGE_CURVE('',#3623,#4787,#5203,.T.);
#5203 = SURFACE_CURVE('',#5204,(#5208,#5215),.PCURVE_S1.);
#5204 = LINE('',#5205,#5206);
#5205 = CARTESIAN_POINT('',(10.999813931228,37.8,4.6));
#5206 = VECTOR('',#5207,1.);
#5207 = DIRECTION('',(1.,0.,0.));
#5208 = PCURVE('',#3848,#5209);
#5209 = DEFINITIONAL_REPRESENTATION('',(#5210),#5214);
#5210 = LINE('',#5211,#5212);
#5211 = CARTESIAN_POINT('',(0.,-0.141421356237));
#5212 = VECTOR('',#5213,1.);
#5213 = DIRECTION('',(1.,0.));
#5214 = ( GEOMETRIC_REPRESENTATION_CONTEXT(2) 
PARAMETRIC_REPRESENTATION_CONTEXT() REPRESENTATION_CONTEXT('2D SPACE',''
  ) );
#5215 = PCURVE('',#3665,#5216);
#5216 = DEFINITIONAL_REPRESENTATION('',(#5217),#5221);
#5217 = LINE('',#5218,#5219);
#5218 = CARTESIAN_POINT('',(11.000186068772,37.800000000003));
#5219 = VECTOR('',#5220,1.);
#5220 = DIRECTION('',(1.,0.));
#5221 = ( GEOMETRIC_REPRESENTATION_CONTEXT(2) 
PARAMETRIC_REPRESENTATION_CONTEXT() REPRESENTATION_CONTEXT('2D SPACE',''
  ) );
#5222 = ORIENTED_EDGE('',*,*,#4786,.F.);
#5223 = ORIENTED_EDGE('',*,*,#4375,.T.);
#5224 = ADVANCED_FACE('',(#5225),#3665,.T.);
#5225 = FACE_BOUND('',#5226,.T.);
#5226 = EDGE_LOOP('',(#5227,#5228,#5249,#5250));
#5227 = ORIENTED_EDGE('',*,*,#3620,.F.);
#5228 = ORIENTED_EDGE('',*,*,#5229,.T.);
#5229 = EDGE_CURVE('',#3621,#4810,#5230,.T.);
#5230 = SURFACE_CURVE('',#5231,(#5235,#5242),.PCURVE_S1.);
#5231 = LINE('',#5232,#5233);
#5232 = CARTESIAN_POINT('',(-11.00018606877,37.15,4.6));
#5233 = VECTOR('',#5234,1.);
#5234 = DIRECTION('',(1.,0.,0.));
#5235 = PCURVE('',#3665,#5236);
#5236 = DEFINITIONAL_REPRESENTATION('',(#5237),#5241);
#5237 = LINE('',#5238,#5239);
#5238 = CARTESIAN_POINT('',(-10.99981393122,37.150000000003));
#5239 = VECTOR('',#5240,1.);
#5240 = DIRECTION('',(1.,0.));
#5241 = ( GEOMETRIC_REPRESENTATION_CONTEXT(2) 
PARAMETRIC_REPRESENTATION_CONTEXT() REPRESENTATION_CONTEXT('2D SPACE',''
  ) );
#5242 = PCURVE('',#3694,#5243);
#5243 = DEFINITIONAL_REPRESENTATION('',(#5244),#5248);
#5244 = LINE('',#5245,#5246);
#5245 = CARTESIAN_POINT('',(10.999813931228,0.4));
#5246 = VECTOR('',#5247,1.);
#5247 = DIRECTION('',(1.,0.));
#5248 = ( GEOMETRIC_REPRESENTATION_CONTEXT(2) 
PARAMETRIC_REPRESENTATION_CONTEXT() REPRESENTATION_CONTEXT('2D SPACE',''
  ) );
#5249 = ORIENTED_EDGE('',*,*,#4809,.F.);
#5250 = ORIENTED_EDGE('',*,*,#5202,.F.);
#5251 = ADVANCED_FACE('',(#5252),#3694,.T.);
#5252 = FACE_BOUND('',#5253,.T.);
#5253 = EDGE_LOOP('',(#5254,#5255,#5276,#5277));
#5254 = ORIENTED_EDGE('',*,*,#3677,.F.);
#5255 = ORIENTED_EDGE('',*,*,#5256,.F.);
#5256 = EDGE_CURVE('',#4833,#3678,#5257,.T.);
#5257 = SURFACE_CURVE('',#5258,(#5262,#5269),.PCURVE_S1.);
#5258 = LINE('',#5259,#5260);
#5259 = CARTESIAN_POINT('',(22.,37.15,5.));
#5260 = VECTOR('',#5261,1.);
#5261 = DIRECTION('',(-1.,0.,0.));
#5262 = PCURVE('',#3694,#5263);
#5263 = DEFINITIONAL_REPRESENTATION('',(#5264),#5268);
#5264 = LINE('',#5265,#5266);
#5265 = CARTESIAN_POINT('',(44.,0.));
#5266 = VECTOR('',#5267,1.);
#5267 = DIRECTION('',(-1.,0.));
#5268 = ( GEOMETRIC_REPRESENTATION_CONTEXT(2) 
PARAMETRIC_REPRESENTATION_CONTEXT() REPRESENTATION_CONTEXT('2D SPACE',''
  ) );
#5269 = PCURVE('',#3721,#5270);
#5270 = DEFINITIONAL_REPRESENTATION('',(#5271),#5275);
#5271 = LINE('',#5272,#5273);
#5272 = CARTESIAN_POINT('',(-22.,-37.15));
#5273 = VECTOR('',#5274,1.);
#5274 = DIRECTION('',(1.,0.));
#5275 = ( GEOMETRIC_REPRESENTATION_CONTEXT(2) 
PARAMETRIC_REPRESENTATION_CONTEXT() REPRESENTATION_CONTEXT('2D SPACE',''
  ) );
#5276 = ORIENTED_EDGE('',*,*,#4832,.F.);
#5277 = ORIENTED_EDGE('',*,*,#5229,.F.);
#5278 = ADVANCED_FACE('',(#5279),#3721,.T.);
#5279 = FACE_BOUND('',#5280,.T.);
#5280 = EDGE_LOOP('',(#5281,#5282,#5283,#5284,#5285));
#5281 = ORIENTED_EDGE('',*,*,#3706,.F.);
#5282 = ORIENTED_EDGE('',*,*,#4601,.T.);
#5283 = ORIENTED_EDGE('',*,*,#4676,.F.);
#5284 = ORIENTED_EDGE('',*,*,#4855,.F.);
#5285 = ORIENTED_EDGE('',*,*,#5256,.T.);
#5286 = ( GEOMETRIC_REPRESENTATION_CONTEXT(3) 
GLOBAL_UNCERTAINTY_ASSIGNED_CONTEXT((#5290)) 
GLOBAL_UNIT_ASSIGNED_CONTEXT((#5287,#5288,#5289)) REPRESENTATION_CONTEXT
('Context #1','3D Context with UNIT and UNCERTAINTY') );
#5287 = ( LENGTH_UNIT() NAMED_UNIT(*) SI_UNIT(.MILLI.,.METRE.) );
#5288 = ( NAMED_UNIT(*) PLANE_ANGLE_UNIT() SI_UNIT($,.RADIAN.) );
#5289 = ( NAMED_UNIT(*) SI_UNIT($,.STERADIAN.) SOLID_ANGLE_UNIT() );
#5290 = UNCERTAINTY_MEASURE_WITH_UNIT(LENGTH_MEASURE(2.E-04),#5287,
  'distance_accuracy_value','confusion accuracy');
#5291 = PRODUCT_RELATED_PRODUCT_CATEGORY('part',$,(#7));
#5292 = MECHANICAL_DESIGN_GEOMETRIC_PRESENTATION_REPRESENTATION('',(
    #5293),#5286);
#5293 = STYLED_ITEM('color',(#5294),#15);
#5294 = PRESENTATION_STYLE_ASSIGNMENT((#5295,#5301));
#5295 = SURFACE_STYLE_USAGE(.BOTH.,#5296);
#5296 = SURFACE_SIDE_STYLE('',(#5297));
#5297 = SURFACE_STYLE_FILL_AREA(#5298);
#5298 = FILL_AREA_STYLE('',(#5299));
#5299 = FILL_AREA_STYLE_COLOUR('',#5300);
#5300 = COLOUR_RGB('',0.137254891762,0.137254891762,0.137254891762);
#5301 = CURVE_STYLE('',#5302,POSITIVE_LENGTH_MEASURE(0.1),#5303);
#5302 = DRAUGHTING_PRE_DEFINED_CURVE_FONT('continuous');
#5303 = COLOUR_RGB('',9.803921802644E-02,9.803921802644E-02,
  9.803921802644E-02);
ENDSEC;
END-ISO-10303-21;
