ISO-10303-21;
HEADER;
FILE_DESCRIPTION(('FreeCAD Model'),'2;1');
FILE_NAME('Open CASCADE Shape Model','2026-07-06T10:45:15',(''),(''),
  'Open CASCADE STEP processor 7.8','FreeCAD','Unknown');
FILE_SCHEMA(('AUTOMOTIVE_DESIGN { 1 0 10303 214 1 1 1 1 }'));
ENDSEC;
DATA;
#1 = APPLICATION_PROTOCOL_DEFINITION('international standard',
  'automotive_design',2000,#2);
#2 = APPLICATION_CONTEXT(
  'core data for automotive mechanical design processes');
#3 = SHAPE_DEFINITION_REPRESENTATION(#4,#10);
#4 = PRODUCT_DEFINITION_SHAPE('','',#5);
#5 = PRODUCT_DEFINITION('design','',#6,#9);
#6 = PRODUCT_DEFINITION_FORMATION('','',#7);
#7 = PRODUCT('Buttons','Buttons','',(#8));
#8 = PRODUCT_CONTEXT('',#2,'mechanical');
#9 = PRODUCT_DEFINITION_CONTEXT('part definition',#2,'design');
#10 = ADVANCED_BREP_SHAPE_REPRESENTATION('',(#11,#15),#4826);
#11 = AXIS2_PLACEMENT_3D('',#12,#13,#14);
#12 = CARTESIAN_POINT('',(0.,0.,0.));
#13 = DIRECTION('',(0.,0.,1.));
#14 = DIRECTION('',(1.,0.,-0.));
#15 = MANIFOLD_SOLID_BREP('',#16);
#16 = CLOSED_SHELL('',(#17,#143,#225,#341,#845,#927,#1009,#1085,#1417,
    #1471,#1520,#1636,#1713,#2044,#2093,#2455,#2502,#2529,#2576,#2603,
    #2630,#2657,#2711,#2760,#2814,#2841,#2856,#3029,#3083,#3132,#3164,
    #3254,#3413,#3428,#3613,#3620,#3690,#3892,#3898,#3982,#4230,#4344,
    #4418,#4490,#4582,#4703,#4753,#4768,#4819));
#17 = ADVANCED_FACE('',(#18),#32,.F.);
#18 = FACE_BOUND('',#19,.F.);
#19 = EDGE_LOOP('',(#20,#55,#84,#112));
#20 = ORIENTED_EDGE('',*,*,#21,.F.);
#21 = EDGE_CURVE('',#22,#24,#26,.T.);
#22 = VERTEX_POINT('',#23);
#23 = CARTESIAN_POINT('',(29.,-6.267949192431,20.615947631001));
#24 = VERTEX_POINT('',#25);
#25 = CARTESIAN_POINT('',(30.,-6.267949192431,20.615947631001));
#26 = SURFACE_CURVE('',#27,(#31,#43),.PCURVE_S1.);
#27 = LINE('',#28,#29);
#28 = CARTESIAN_POINT('',(29.,-6.267949192431,20.615947631001));
#29 = VECTOR('',#30,1.);
#30 = DIRECTION('',(1.,0.,0.));
#31 = PCURVE('',#32,#37);
#32 = CYLINDRICAL_SURFACE('',#33,1.);
#33 = AXIS2_PLACEMENT_3D('',#34,#35,#36);
#34 = CARTESIAN_POINT('',(29.,-6.267949192431,19.615947631001));
#35 = DIRECTION('',(-1.,0.,0.));
#36 = DIRECTION('',(0.,-0.5,0.866025403784));
#37 = DEFINITIONAL_REPRESENTATION('',(#38),#42);
#38 = LINE('',#39,#40);
#39 = CARTESIAN_POINT('',(0.523598775598,0.));
#40 = VECTOR('',#41,1.);
#41 = DIRECTION('',(0.,-1.));
#42 = ( GEOMETRIC_REPRESENTATION_CONTEXT(2) 
PARAMETRIC_REPRESENTATION_CONTEXT() REPRESENTATION_CONTEXT('2D SPACE',''
  ) );
#43 = PCURVE('',#44,#49);
#44 = PLANE('',#45);
#45 = AXIS2_PLACEMENT_3D('',#46,#47,#48);
#46 = CARTESIAN_POINT('',(38.,8.,20.615947631001));
#47 = DIRECTION('',(0.,0.,-1.));
#48 = DIRECTION('',(-3.214049297818E-32,-1.,-0.));
#49 = DEFINITIONAL_REPRESENTATION('',(#50),#54);
#50 = LINE('',#51,#52);
#51 = CARTESIAN_POINT('',(14.267949192431,9.));
#52 = VECTOR('',#53,1.);
#53 = DIRECTION('',(-3.214049297818E-32,-1.));
#54 = ( GEOMETRIC_REPRESENTATION_CONTEXT(2) 
PARAMETRIC_REPRESENTATION_CONTEXT() REPRESENTATION_CONTEXT('2D SPACE',''
  ) );
#55 = ORIENTED_EDGE('',*,*,#56,.F.);
#56 = EDGE_CURVE('',#57,#22,#59,.T.);
#57 = VERTEX_POINT('',#58);
#58 = CARTESIAN_POINT('',(29.,-7.133974596216,20.115947631001));
#59 = SURFACE_CURVE('',#60,(#65,#72),.PCURVE_S1.);
#60 = CIRCLE('',#61,1.);
#61 = AXIS2_PLACEMENT_3D('',#62,#63,#64);
#62 = CARTESIAN_POINT('',(29.,-6.267949192431,19.615947631001));
#63 = DIRECTION('',(-1.,0.,0.));
#64 = DIRECTION('',(0.,-0.5,0.866025403784));
#65 = PCURVE('',#32,#66);
#66 = DEFINITIONAL_REPRESENTATION('',(#67),#71);
#67 = LINE('',#68,#69);
#68 = CARTESIAN_POINT('',(-6.28318530718,0.));
#69 = VECTOR('',#70,1.);
#70 = DIRECTION('',(1.,0.));
#71 = ( GEOMETRIC_REPRESENTATION_CONTEXT(2) 
PARAMETRIC_REPRESENTATION_CONTEXT() REPRESENTATION_CONTEXT('2D SPACE',''
  ) );
#72 = PCURVE('',#73,#78);
#73 = PLANE('',#74);
#74 = AXIS2_PLACEMENT_3D('',#75,#76,#77);
#75 = CARTESIAN_POINT('',(29.,-7.251643076708,22.615936363976));
#76 = DIRECTION('',(-1.,0.,0.));
#77 = DIRECTION('',(0.,-1.,0.));
#78 = DEFINITIONAL_REPRESENTATION('',(#79),#83);
#79 = CIRCLE('',#80,1.);
#80 = AXIS2_PLACEMENT_2D('',#81,#82);
#81 = CARTESIAN_POINT('',(-0.983693884276,-2.999988732975));
#82 = DIRECTION('',(0.5,0.866025403784));
#83 = ( GEOMETRIC_REPRESENTATION_CONTEXT(2) 
PARAMETRIC_REPRESENTATION_CONTEXT() REPRESENTATION_CONTEXT('2D SPACE',''
  ) );
#84 = ORIENTED_EDGE('',*,*,#85,.F.);
#85 = EDGE_CURVE('',#86,#57,#88,.T.);
#86 = VERTEX_POINT('',#87);
#87 = CARTESIAN_POINT('',(30.,-7.133974596216,20.115947631001));
#88 = SURFACE_CURVE('',#89,(#93,#100),.PCURVE_S1.);
#89 = LINE('',#90,#91);
#90 = CARTESIAN_POINT('',(29.,-7.133974596216,20.115947631001));
#91 = VECTOR('',#92,1.);
#92 = DIRECTION('',(-1.,0.,0.));
#93 = PCURVE('',#32,#94);
#94 = DEFINITIONAL_REPRESENTATION('',(#95),#99);
#95 = LINE('',#96,#97);
#96 = CARTESIAN_POINT('',(-0.523598775598,0.));
#97 = VECTOR('',#98,1.);
#98 = DIRECTION('',(0.,1.));
#99 = ( GEOMETRIC_REPRESENTATION_CONTEXT(2) 
PARAMETRIC_REPRESENTATION_CONTEXT() REPRESENTATION_CONTEXT('2D SPACE',''
  ) );
#100 = PCURVE('',#101,#106);
#101 = CYLINDRICAL_SURFACE('',#102,1.);
#102 = AXIS2_PLACEMENT_3D('',#103,#104,#105);
#103 = CARTESIAN_POINT('',(29.,-8.,20.615947631001));
#104 = DIRECTION('',(1.,0.,0.));
#105 = DIRECTION('',(0.,0.707106781187,-0.707106781187));
#106 = DEFINITIONAL_REPRESENTATION('',(#107),#111);
#107 = LINE('',#108,#109);
#108 = CARTESIAN_POINT('',(6.544984694979,0.));
#109 = VECTOR('',#110,1.);
#110 = DIRECTION('',(0.,-1.));
#111 = ( GEOMETRIC_REPRESENTATION_CONTEXT(2) 
PARAMETRIC_REPRESENTATION_CONTEXT() REPRESENTATION_CONTEXT('2D SPACE',''
  ) );
#112 = ORIENTED_EDGE('',*,*,#113,.F.);
#113 = EDGE_CURVE('',#24,#86,#114,.T.);
#114 = SURFACE_CURVE('',#115,(#120,#127),.PCURVE_S1.);
#115 = CIRCLE('',#116,1.);
#116 = AXIS2_PLACEMENT_3D('',#117,#118,#119);
#117 = CARTESIAN_POINT('',(30.,-6.267949192431,19.615947631001));
#118 = DIRECTION('',(1.,0.,0.));
#119 = DIRECTION('',(0.,-0.5,0.866025403784));
#120 = PCURVE('',#32,#121);
#121 = DEFINITIONAL_REPRESENTATION('',(#122),#126);
#122 = LINE('',#123,#124);
#123 = CARTESIAN_POINT('',(6.28318530718,-1.));
#124 = VECTOR('',#125,1.);
#125 = DIRECTION('',(-1.,0.));
#126 = ( GEOMETRIC_REPRESENTATION_CONTEXT(2) 
PARAMETRIC_REPRESENTATION_CONTEXT() REPRESENTATION_CONTEXT('2D SPACE',''
  ) );
#127 = PCURVE('',#128,#133);
#128 = PLANE('',#129);
#129 = AXIS2_PLACEMENT_3D('',#130,#131,#132);
#130 = CARTESIAN_POINT('',(30.,-1.572186825172E-11,22.615947631001));
#131 = DIRECTION('',(-1.,0.,0.));
#132 = DIRECTION('',(0.,0.,1.));
#133 = DEFINITIONAL_REPRESENTATION('',(#134),#142);
#134 = ( BOUNDED_CURVE() B_SPLINE_CURVE(2,(#135,#136,#137,#138,#139,#140
,#141),.UNSPECIFIED.,.T.,.F.) B_SPLINE_CURVE_WITH_KNOTS((1,2,2,2,2,1),(
    -2.094395102393,0.,2.094395102393,4.188790204786,6.28318530718,
8.377580409573),.UNSPECIFIED.) CURVE() GEOMETRIC_REPRESENTATION_ITEM() 
RATIONAL_B_SPLINE_CURVE((1.,0.5,1.,0.5,1.,0.5,1.)) REPRESENTATION_ITEM(
  '') );
#135 = CARTESIAN_POINT('',(-2.133974596216,-6.767949192415));
#136 = CARTESIAN_POINT('',(-3.,-8.267949192415));
#137 = CARTESIAN_POINT('',(-3.866025403784,-6.767949192415));
#138 = CARTESIAN_POINT('',(-4.732050807569,-5.267949192415));
#139 = CARTESIAN_POINT('',(-3.,-5.267949192415));
#140 = CARTESIAN_POINT('',(-1.267949192431,-5.267949192415));
#141 = CARTESIAN_POINT('',(-2.133974596216,-6.767949192415));
#142 = ( GEOMETRIC_REPRESENTATION_CONTEXT(2) 
PARAMETRIC_REPRESENTATION_CONTEXT() REPRESENTATION_CONTEXT('2D SPACE',''
  ) );
#143 = ADVANCED_FACE('',(#144),#101,.T.);
#144 = FACE_BOUND('',#145,.T.);
#145 = EDGE_LOOP('',(#146,#147,#171,#199));
#146 = ORIENTED_EDGE('',*,*,#85,.F.);
#147 = ORIENTED_EDGE('',*,*,#148,.T.);
#148 = EDGE_CURVE('',#86,#149,#151,.T.);
#149 = VERTEX_POINT('',#150);
#150 = CARTESIAN_POINT('',(30.,-8.,19.615947631001));
#151 = SURFACE_CURVE('',#152,(#157,#164),.PCURVE_S1.);
#152 = CIRCLE('',#153,1.);
#153 = AXIS2_PLACEMENT_3D('',#154,#155,#156);
#154 = CARTESIAN_POINT('',(30.,-8.,20.615947631001));
#155 = DIRECTION('',(-1.,0.,0.));
#156 = DIRECTION('',(0.,0.707106781187,-0.707106781187));
#157 = PCURVE('',#101,#158);
#158 = DEFINITIONAL_REPRESENTATION('',(#159),#163);
#159 = LINE('',#160,#161);
#160 = CARTESIAN_POINT('',(12.566370614359,1.));
#161 = VECTOR('',#162,1.);
#162 = DIRECTION('',(-1.,0.));
#163 = ( GEOMETRIC_REPRESENTATION_CONTEXT(2) 
PARAMETRIC_REPRESENTATION_CONTEXT() REPRESENTATION_CONTEXT('2D SPACE',''
  ) );
#164 = PCURVE('',#128,#165);
#165 = DEFINITIONAL_REPRESENTATION('',(#166),#170);
#166 = CIRCLE('',#167,1.);
#167 = AXIS2_PLACEMENT_2D('',#168,#169);
#168 = CARTESIAN_POINT('',(-2.,-7.999999999984));
#169 = DIRECTION('',(-0.707106781187,0.707106781187));
#170 = ( GEOMETRIC_REPRESENTATION_CONTEXT(2) 
PARAMETRIC_REPRESENTATION_CONTEXT() REPRESENTATION_CONTEXT('2D SPACE',''
  ) );
#171 = ORIENTED_EDGE('',*,*,#172,.T.);
#172 = EDGE_CURVE('',#149,#173,#175,.T.);
#173 = VERTEX_POINT('',#174);
#174 = CARTESIAN_POINT('',(29.,-8.,19.615947631001));
#175 = SURFACE_CURVE('',#176,(#180,#187),.PCURVE_S1.);
#176 = LINE('',#177,#178);
#177 = CARTESIAN_POINT('',(29.,-8.,19.615947631001));
#178 = VECTOR('',#179,1.);
#179 = DIRECTION('',(-1.,0.,0.));
#180 = PCURVE('',#101,#181);
#181 = DEFINITIONAL_REPRESENTATION('',(#182),#186);
#182 = LINE('',#183,#184);
#183 = CARTESIAN_POINT('',(5.497787143782,0.));
#184 = VECTOR('',#185,1.);
#185 = DIRECTION('',(0.,-1.));
#186 = ( GEOMETRIC_REPRESENTATION_CONTEXT(2) 
PARAMETRIC_REPRESENTATION_CONTEXT() REPRESENTATION_CONTEXT('2D SPACE',''
  ) );
#187 = PCURVE('',#188,#193);
#188 = PLANE('',#189);
#189 = AXIS2_PLACEMENT_3D('',#190,#191,#192);
#190 = CARTESIAN_POINT('',(29.,-9.000000000009,19.615947631001));
#191 = DIRECTION('',(0.,3.700743415414E-16,-1.));
#192 = DIRECTION('',(0.,1.,3.700743415414E-16));
#193 = DEFINITIONAL_REPRESENTATION('',(#194),#198);
#194 = LINE('',#195,#196);
#195 = CARTESIAN_POINT('',(1.000000000009,0.));
#196 = VECTOR('',#197,1.);
#197 = DIRECTION('',(0.,-1.));
#198 = ( GEOMETRIC_REPRESENTATION_CONTEXT(2) 
PARAMETRIC_REPRESENTATION_CONTEXT() REPRESENTATION_CONTEXT('2D SPACE',''
  ) );
#199 = ORIENTED_EDGE('',*,*,#200,.T.);
#200 = EDGE_CURVE('',#173,#57,#201,.T.);
#201 = SURFACE_CURVE('',#202,(#207,#214),.PCURVE_S1.);
#202 = CIRCLE('',#203,1.);
#203 = AXIS2_PLACEMENT_3D('',#204,#205,#206);
#204 = CARTESIAN_POINT('',(29.,-8.,20.615947631001));
#205 = DIRECTION('',(1.,0.,0.));
#206 = DIRECTION('',(0.,0.707106781187,-0.707106781187));
#207 = PCURVE('',#101,#208);
#208 = DEFINITIONAL_REPRESENTATION('',(#209),#213);
#209 = LINE('',#210,#211);
#210 = CARTESIAN_POINT('',(-1.7763568394E-15,0.));
#211 = VECTOR('',#212,1.);
#212 = DIRECTION('',(1.,0.));
#213 = ( GEOMETRIC_REPRESENTATION_CONTEXT(2) 
PARAMETRIC_REPRESENTATION_CONTEXT() REPRESENTATION_CONTEXT('2D SPACE',''
  ) );
#214 = PCURVE('',#73,#215);
#215 = DEFINITIONAL_REPRESENTATION('',(#216),#224);
#216 = ( BOUNDED_CURVE() B_SPLINE_CURVE(2,(#217,#218,#219,#220,#221,#222
,#223),.UNSPECIFIED.,.T.,.F.) B_SPLINE_CURVE_WITH_KNOTS((1,2,2,2,2,1),(
    -2.094395102393,0.,2.094395102393,4.188790204786,6.28318530718,
8.377580409573),.UNSPECIFIED.) CURVE() GEOMETRIC_REPRESENTATION_ITEM() 
RATIONAL_B_SPLINE_CURVE((1.,0.5,1.,0.5,1.,0.5,1.)) REPRESENTATION_ITEM(
  '') );
#217 = CARTESIAN_POINT('',(4.125014210586E-02,-2.707095514162));
#218 = CARTESIAN_POINT('',(-1.183494729286,-1.48235064277));
#219 = CARTESIAN_POINT('',(0.48953787819,-1.034062906686));
#220 = CARTESIAN_POINT('',(2.162570485666,-0.585775170602));
#221 = CARTESIAN_POINT('',(1.714282749581,-2.258807778078));
#222 = CARTESIAN_POINT('',(1.265995013497,-3.931840385553));
#223 = CARTESIAN_POINT('',(4.125014210586E-02,-2.707095514162));
#224 = ( GEOMETRIC_REPRESENTATION_CONTEXT(2) 
PARAMETRIC_REPRESENTATION_CONTEXT() REPRESENTATION_CONTEXT('2D SPACE',''
  ) );
#225 = ADVANCED_FACE('',(#226),#240,.F.);
#226 = FACE_BOUND('',#227,.F.);
#227 = EDGE_LOOP('',(#228,#263,#287,#315));
#228 = ORIENTED_EDGE('',*,*,#229,.F.);
#229 = EDGE_CURVE('',#230,#232,#234,.T.);
#230 = VERTEX_POINT('',#231);
#231 = CARTESIAN_POINT('',(29.,-7.133974596216,25.115947631001));
#232 = VERTEX_POINT('',#233);
#233 = CARTESIAN_POINT('',(30.,-7.133974596216,25.115947631001));
#234 = SURFACE_CURVE('',#235,(#239,#251),.PCURVE_S1.);
#235 = LINE('',#236,#237);
#236 = CARTESIAN_POINT('',(29.,-7.133974596216,25.115947631001));
#237 = VECTOR('',#238,1.);
#238 = DIRECTION('',(1.,0.,0.));
#239 = PCURVE('',#240,#245);
#240 = CYLINDRICAL_SURFACE('',#241,1.);
#241 = AXIS2_PLACEMENT_3D('',#242,#243,#244);
#242 = CARTESIAN_POINT('',(29.,-6.267949192431,25.615947631001));
#243 = DIRECTION('',(1.,0.,0.));
#244 = DIRECTION('',(0.,-0.5,-0.866025403784));
#245 = DEFINITIONAL_REPRESENTATION('',(#246),#250);
#246 = LINE('',#247,#248);
#247 = CARTESIAN_POINT('',(5.759586531581,0.));
#248 = VECTOR('',#249,1.);
#249 = DIRECTION('',(0.,1.));
#250 = ( GEOMETRIC_REPRESENTATION_CONTEXT(2) 
PARAMETRIC_REPRESENTATION_CONTEXT() REPRESENTATION_CONTEXT('2D SPACE',''
  ) );
#251 = PCURVE('',#252,#257);
#252 = CYLINDRICAL_SURFACE('',#253,1.);
#253 = AXIS2_PLACEMENT_3D('',#254,#255,#256);
#254 = CARTESIAN_POINT('',(29.,-8.,24.615947631001));
#255 = DIRECTION('',(1.,0.,0.));
#256 = DIRECTION('',(-0.,0.707106781187,0.707106781187));
#257 = DEFINITIONAL_REPRESENTATION('',(#258),#262);
#258 = LINE('',#259,#260);
#259 = CARTESIAN_POINT('',(-0.261799387799,0.));
#260 = VECTOR('',#261,1.);
#261 = DIRECTION('',(0.,1.));
#262 = ( GEOMETRIC_REPRESENTATION_CONTEXT(2) 
PARAMETRIC_REPRESENTATION_CONTEXT() REPRESENTATION_CONTEXT('2D SPACE',''
  ) );
#263 = ORIENTED_EDGE('',*,*,#264,.F.);
#264 = EDGE_CURVE('',#265,#230,#267,.T.);
#265 = VERTEX_POINT('',#266);
#266 = CARTESIAN_POINT('',(29.,-6.267949192431,24.615947631001));
#267 = SURFACE_CURVE('',#268,(#273,#280),.PCURVE_S1.);
#268 = CIRCLE('',#269,1.);
#269 = AXIS2_PLACEMENT_3D('',#270,#271,#272);
#270 = CARTESIAN_POINT('',(29.,-6.267949192431,25.615947631001));
#271 = DIRECTION('',(-1.,0.,0.));
#272 = DIRECTION('',(-0.,-0.5,-0.866025403784));
#273 = PCURVE('',#240,#274);
#274 = DEFINITIONAL_REPRESENTATION('',(#275),#279);
#275 = LINE('',#276,#277);
#276 = CARTESIAN_POINT('',(12.566370614359,0.));
#277 = VECTOR('',#278,1.);
#278 = DIRECTION('',(-1.,0.));
#279 = ( GEOMETRIC_REPRESENTATION_CONTEXT(2) 
PARAMETRIC_REPRESENTATION_CONTEXT() REPRESENTATION_CONTEXT('2D SPACE',''
  ) );
#280 = PCURVE('',#73,#281);
#281 = DEFINITIONAL_REPRESENTATION('',(#282),#286);
#282 = CIRCLE('',#283,1.);
#283 = AXIS2_PLACEMENT_2D('',#284,#285);
#284 = CARTESIAN_POINT('',(-0.983693884276,3.000011267025));
#285 = DIRECTION('',(0.5,-0.866025403784));
#286 = ( GEOMETRIC_REPRESENTATION_CONTEXT(2) 
PARAMETRIC_REPRESENTATION_CONTEXT() REPRESENTATION_CONTEXT('2D SPACE',''
  ) );
#287 = ORIENTED_EDGE('',*,*,#288,.F.);
#288 = EDGE_CURVE('',#289,#265,#291,.T.);
#289 = VERTEX_POINT('',#290);
#290 = CARTESIAN_POINT('',(30.,-6.267949192431,24.615947631001));
#291 = SURFACE_CURVE('',#292,(#296,#303),.PCURVE_S1.);
#292 = LINE('',#293,#294);
#293 = CARTESIAN_POINT('',(29.,-6.267949192431,24.615947631001));
#294 = VECTOR('',#295,1.);
#295 = DIRECTION('',(-1.,0.,0.));
#296 = PCURVE('',#240,#297);
#297 = DEFINITIONAL_REPRESENTATION('',(#298),#302);
#298 = LINE('',#299,#300);
#299 = CARTESIAN_POINT('',(6.806784082778,0.));
#300 = VECTOR('',#301,1.);
#301 = DIRECTION('',(0.,-1.));
#302 = ( GEOMETRIC_REPRESENTATION_CONTEXT(2) 
PARAMETRIC_REPRESENTATION_CONTEXT() REPRESENTATION_CONTEXT('2D SPACE',''
  ) );
#303 = PCURVE('',#304,#309);
#304 = PLANE('',#305);
#305 = AXIS2_PLACEMENT_3D('',#306,#307,#308);
#306 = CARTESIAN_POINT('',(38.,-8.,24.615947631001));
#307 = DIRECTION('',(0.,0.,1.));
#308 = DIRECTION('',(0.,1.,0.));
#309 = DEFINITIONAL_REPRESENTATION('',(#310),#314);
#310 = LINE('',#311,#312);
#311 = CARTESIAN_POINT('',(1.732050807569,9.));
#312 = VECTOR('',#313,1.);
#313 = DIRECTION('',(0.,1.));
#314 = ( GEOMETRIC_REPRESENTATION_CONTEXT(2) 
PARAMETRIC_REPRESENTATION_CONTEXT() REPRESENTATION_CONTEXT('2D SPACE',''
  ) );
#315 = ORIENTED_EDGE('',*,*,#316,.F.);
#316 = EDGE_CURVE('',#232,#289,#317,.T.);
#317 = SURFACE_CURVE('',#318,(#323,#330),.PCURVE_S1.);
#318 = CIRCLE('',#319,1.);
#319 = AXIS2_PLACEMENT_3D('',#320,#321,#322);
#320 = CARTESIAN_POINT('',(30.,-6.267949192431,25.615947631001));
#321 = DIRECTION('',(1.,0.,0.));
#322 = DIRECTION('',(0.,-0.5,-0.866025403784));
#323 = PCURVE('',#240,#324);
#324 = DEFINITIONAL_REPRESENTATION('',(#325),#329);
#325 = LINE('',#326,#327);
#326 = CARTESIAN_POINT('',(-8.881784197001E-16,1.));
#327 = VECTOR('',#328,1.);
#328 = DIRECTION('',(1.,0.));
#329 = ( GEOMETRIC_REPRESENTATION_CONTEXT(2) 
PARAMETRIC_REPRESENTATION_CONTEXT() REPRESENTATION_CONTEXT('2D SPACE',''
  ) );
#330 = PCURVE('',#128,#331);
#331 = DEFINITIONAL_REPRESENTATION('',(#332),#340);
#332 = ( BOUNDED_CURVE() B_SPLINE_CURVE(2,(#333,#334,#335,#336,#337,#338
,#339),.UNSPECIFIED.,.T.,.F.) B_SPLINE_CURVE_WITH_KNOTS((1,2,2,2,2,1),(
    -2.094395102393,0.,2.094395102393,4.188790204786,6.28318530718,
8.377580409573),.UNSPECIFIED.) CURVE() GEOMETRIC_REPRESENTATION_ITEM() 
RATIONAL_B_SPLINE_CURVE((1.,0.5,1.,0.5,1.,0.5,1.)) REPRESENTATION_ITEM(
  '') );
#333 = CARTESIAN_POINT('',(2.133974596216,-6.767949192415));
#334 = CARTESIAN_POINT('',(1.267949192431,-5.267949192415));
#335 = CARTESIAN_POINT('',(3.,-5.267949192415));
#336 = CARTESIAN_POINT('',(4.732050807569,-5.267949192416));
#337 = CARTESIAN_POINT('',(3.866025403784,-6.767949192416));
#338 = CARTESIAN_POINT('',(3.,-8.267949192415));
#339 = CARTESIAN_POINT('',(2.133974596216,-6.767949192415));
#340 = ( GEOMETRIC_REPRESENTATION_CONTEXT(2) 
PARAMETRIC_REPRESENTATION_CONTEXT() REPRESENTATION_CONTEXT('2D SPACE',''
  ) );
#341 = ADVANCED_FACE('',(#342),#304,.T.);
#342 = FACE_BOUND('',#343,.T.);
#343 = EDGE_LOOP('',(#344,#345,#368,#396,#424,#476,#504,#532,#560,#588,
    #616,#649,#677,#706,#734,#763,#791,#824));
#344 = ORIENTED_EDGE('',*,*,#288,.F.);
#345 = ORIENTED_EDGE('',*,*,#346,.T.);
#346 = EDGE_CURVE('',#289,#347,#349,.T.);
#347 = VERTEX_POINT('',#348);
#348 = CARTESIAN_POINT('',(30.,-8.,24.615947631001));
#349 = SURFACE_CURVE('',#350,(#354,#361),.PCURVE_S1.);
#350 = LINE('',#351,#352);
#351 = CARTESIAN_POINT('',(30.,-4.000000000008,24.615947631001));
#352 = VECTOR('',#353,1.);
#353 = DIRECTION('',(0.,-1.,0.));
#354 = PCURVE('',#304,#355);
#355 = DEFINITIONAL_REPRESENTATION('',(#356),#360);
#356 = LINE('',#357,#358);
#357 = CARTESIAN_POINT('',(3.999999999992,8.));
#358 = VECTOR('',#359,1.);
#359 = DIRECTION('',(-1.,0.));
#360 = ( GEOMETRIC_REPRESENTATION_CONTEXT(2) 
PARAMETRIC_REPRESENTATION_CONTEXT() REPRESENTATION_CONTEXT('2D SPACE',''
  ) );
#361 = PCURVE('',#128,#362);
#362 = DEFINITIONAL_REPRESENTATION('',(#363),#367);
#363 = LINE('',#364,#365);
#364 = CARTESIAN_POINT('',(2.,-3.999999999992));
#365 = VECTOR('',#366,1.);
#366 = DIRECTION('',(0.,-1.));
#367 = ( GEOMETRIC_REPRESENTATION_CONTEXT(2) 
PARAMETRIC_REPRESENTATION_CONTEXT() REPRESENTATION_CONTEXT('2D SPACE',''
  ) );
#368 = ORIENTED_EDGE('',*,*,#369,.F.);
#369 = EDGE_CURVE('',#370,#347,#372,.T.);
#370 = VERTEX_POINT('',#371);
#371 = CARTESIAN_POINT('',(34.,-8.,24.615947631001));
#372 = SURFACE_CURVE('',#373,(#377,#384),.PCURVE_S1.);
#373 = LINE('',#374,#375);
#374 = CARTESIAN_POINT('',(38.,-8.,24.615947631001));
#375 = VECTOR('',#376,1.);
#376 = DIRECTION('',(-1.,0.,0.));
#377 = PCURVE('',#304,#378);
#378 = DEFINITIONAL_REPRESENTATION('',(#379),#383);
#379 = LINE('',#380,#381);
#380 = CARTESIAN_POINT('',(0.,0.));
#381 = VECTOR('',#382,1.);
#382 = DIRECTION('',(0.,1.));
#383 = ( GEOMETRIC_REPRESENTATION_CONTEXT(2) 
PARAMETRIC_REPRESENTATION_CONTEXT() REPRESENTATION_CONTEXT('2D SPACE',''
  ) );
#384 = PCURVE('',#385,#390);
#385 = CYLINDRICAL_SURFACE('',#386,2.);
#386 = AXIS2_PLACEMENT_3D('',#387,#388,#389);
#387 = CARTESIAN_POINT('',(38.,-8.,22.615947631001));
#388 = DIRECTION('',(-1.,0.,0.));
#389 = DIRECTION('',(0.,0.,1.));
#390 = DEFINITIONAL_REPRESENTATION('',(#391),#395);
#391 = LINE('',#392,#393);
#392 = CARTESIAN_POINT('',(6.28318530718,0.));
#393 = VECTOR('',#394,1.);
#394 = DIRECTION('',(0.,1.));
#395 = ( GEOMETRIC_REPRESENTATION_CONTEXT(2) 
PARAMETRIC_REPRESENTATION_CONTEXT() REPRESENTATION_CONTEXT('2D SPACE',''
  ) );
#396 = ORIENTED_EDGE('',*,*,#397,.F.);
#397 = EDGE_CURVE('',#398,#370,#400,.T.);
#398 = VERTEX_POINT('',#399);
#399 = CARTESIAN_POINT('',(34.,-5.975055581995,24.615947631001));
#400 = SURFACE_CURVE('',#401,(#405,#412),.PCURVE_S1.);
#401 = LINE('',#402,#403);
#402 = CARTESIAN_POINT('',(34.,-8.,24.615947631001));
#403 = VECTOR('',#404,1.);
#404 = DIRECTION('',(0.,-1.,0.));
#405 = PCURVE('',#304,#406);
#406 = DEFINITIONAL_REPRESENTATION('',(#407),#411);
#407 = LINE('',#408,#409);
#408 = CARTESIAN_POINT('',(0.,4.));
#409 = VECTOR('',#410,1.);
#410 = DIRECTION('',(-1.,0.));
#411 = ( GEOMETRIC_REPRESENTATION_CONTEXT(2) 
PARAMETRIC_REPRESENTATION_CONTEXT() REPRESENTATION_CONTEXT('2D SPACE',''
  ) );
#412 = PCURVE('',#413,#418);
#413 = PLANE('',#414);
#414 = AXIS2_PLACEMENT_3D('',#415,#416,#417);
#415 = CARTESIAN_POINT('',(34.,6.700228885916E-03,22.615928297073));
#416 = DIRECTION('',(-1.,0.,0.));
#417 = DIRECTION('',(0.,-1.,0.));
#418 = DEFINITIONAL_REPRESENTATION('',(#419),#423);
#419 = LINE('',#420,#421);
#420 = CARTESIAN_POINT('',(8.006700228886,2.000019333928));
#421 = VECTOR('',#422,1.);
#422 = DIRECTION('',(1.,0.));
#423 = ( GEOMETRIC_REPRESENTATION_CONTEXT(2) 
PARAMETRIC_REPRESENTATION_CONTEXT() REPRESENTATION_CONTEXT('2D SPACE',''
  ) );
#424 = ORIENTED_EDGE('',*,*,#425,.F.);
#425 = EDGE_CURVE('',#426,#398,#428,.T.);
#426 = VERTEX_POINT('',#427);
#427 = CARTESIAN_POINT('',(34.,5.975055581995,24.615947631001));
#428 = SURFACE_CURVE('',#429,(#435,#444),.PCURVE_S1.);
#429 = B_SPLINE_CURVE_WITH_KNOTS('',3,(#430,#431,#432,#433,#434),
  .UNSPECIFIED.,.F.,.F.,(4,1,4),(-1.400457903406,-0.687523540428,
    -0.203763125012),.UNSPECIFIED.);
#430 = CARTESIAN_POINT('',(34.001015294251,5.975352555286,
    24.615947631001));
#431 = CARTESIAN_POINT('',(34.224459247007,3.609746601227,
    24.615947631001));
#432 = CARTESIAN_POINT('',(34.359595514793,-0.383763307852,
    24.615947631001));
#433 = CARTESIAN_POINT('',(34.150877302343,-4.370120754535,
    24.615947631001));
#434 = CARTESIAN_POINT('',(34.000254376699,-5.97533357521,
    24.615947631001));
#435 = PCURVE('',#304,#436);
#436 = DEFINITIONAL_REPRESENTATION('',(#437),#443);
#437 = B_SPLINE_CURVE_WITH_KNOTS('',3,(#438,#439,#440,#441,#442),
  .UNSPECIFIED.,.F.,.F.,(4,1,4),(-1.400457903406,-0.687523540428,
    -0.203763125012),.UNSPECIFIED.);
#438 = CARTESIAN_POINT('',(13.975352555286,3.998984705749));
#439 = CARTESIAN_POINT('',(11.609746601227,3.775540752993));
#440 = CARTESIAN_POINT('',(7.616236692148,3.640404485207));
#441 = CARTESIAN_POINT('',(3.629879245465,3.849122697657));
#442 = CARTESIAN_POINT('',(2.02466642479,3.999745623301));
#443 = ( GEOMETRIC_REPRESENTATION_CONTEXT(2) 
PARAMETRIC_REPRESENTATION_CONTEXT() REPRESENTATION_CONTEXT('2D SPACE',''
  ) );
#444 = PCURVE('',#445,#471);
#445 = B_SPLINE_SURFACE_WITH_KNOTS('',3,3,(
    (#446,#447,#448,#449,#450)
    ,(#451,#452,#453,#454,#455)
    ,(#456,#457,#458,#459,#460)
    ,(#461,#462,#463,#464,#465)
    ,(#466,#467,#468,#469,#470
    )),.UNSPECIFIED.,.F.,.F.,.F.,(4,1,4),(4,1,4),(0.,0.5,1.),(0.,
    0.687523540428,1.604221594331),.UNSPECIFIED.);
#446 = CARTESIAN_POINT('',(34.652547665077,-8.114410566875,
    24.079530660617));
#447 = CARTESIAN_POINT('',(34.95332367135,-5.804548847062,
    24.079530660617));
#448 = CARTESIAN_POINT('',(35.315940383061,-0.389097134354,
    24.079530660617));
#449 = CARTESIAN_POINT('',(35.053582340108,5.034594940458,
    24.079530660617));
#450 = CARTESIAN_POINT('',(34.652547665077,8.114410566875,
    24.079530660617));
#451 = CARTESIAN_POINT('',(34.569129994303,-8.103548430128,
    24.240314158765));
#452 = CARTESIAN_POINT('',(34.869446977492,-5.797211858026,
    24.240314158765));
#453 = CARTESIAN_POINT('',(35.231651740051,-0.388716440572,
    24.240314158765));
#454 = CARTESIAN_POINT('',(34.969552638555,5.028433000659,
    24.240314158765));
#455 = CARTESIAN_POINT('',(34.569129994303,8.103548430128,
    24.240314158765));
#456 = CARTESIAN_POINT('',(34.313328623163,-8.070239546678,
    24.514478346591));
#457 = CARTESIAN_POINT('',(34.612228973505,-5.774782253226,
    24.514478346591));
#458 = CARTESIAN_POINT('',(34.973172603105,-0.387589180364,
    24.514478346591));
#459 = CARTESIAN_POINT('',(34.711862423619,5.009629822076,
    24.514478346591));
#460 = CARTESIAN_POINT('',(34.313328623163,8.070239546678,
    24.514478346591));
#461 = CARTESIAN_POINT('',(33.953852958109,-8.023430833429,
    24.615947631001));
#462 = CARTESIAN_POINT('',(34.250766803473,-5.743229250905,
    24.615947631001));
#463 = CARTESIAN_POINT('',(34.609937171329,-0.385986038004,
    24.615947631001));
#464 = CARTESIAN_POINT('',(34.349738085261,4.983162056731,
    24.615947631001));
#465 = CARTESIAN_POINT('',(33.953852958109,8.023430833429,
    24.615947631001));
#466 = CARTESIAN_POINT('',(33.773911792352,-8.,24.615947631001));
#467 = CARTESIAN_POINT('',(34.069830565931,-5.727440244541,
    24.615947631001));
#468 = CARTESIAN_POINT('',(34.428113462738,-0.385186651611,
    24.615947631001));
#469 = CARTESIAN_POINT('',(34.168470157124,4.969920326054,
    24.615947631001));
#470 = CARTESIAN_POINT('',(33.773911792352,8.,24.615947631001));
#471 = DEFINITIONAL_REPRESENTATION('',(#472),#475);
#472 = B_SPLINE_CURVE_WITH_KNOTS('',1,(#473,#474),.UNSPECIFIED.,.F.,.F.,
  (2,2),(-1.400437882181,-0.203788430651),.PIECEWISE_BEZIER_KNOTS.);
#473 = CARTESIAN_POINT('',(1.000476983257,1.400437843355));
#474 = CARTESIAN_POINT('',(1.000128231915,0.203788432423));
#475 = ( GEOMETRIC_REPRESENTATION_CONTEXT(2) 
PARAMETRIC_REPRESENTATION_CONTEXT() REPRESENTATION_CONTEXT('2D SPACE',''
  ) );
#476 = ORIENTED_EDGE('',*,*,#477,.F.);
#477 = EDGE_CURVE('',#478,#426,#480,.T.);
#478 = VERTEX_POINT('',#479);
#479 = CARTESIAN_POINT('',(34.,8.,24.615947631001));
#480 = SURFACE_CURVE('',#481,(#485,#492),.PCURVE_S1.);
#481 = LINE('',#482,#483);
#482 = CARTESIAN_POINT('',(34.,-8.,24.615947631001));
#483 = VECTOR('',#484,1.);
#484 = DIRECTION('',(0.,-1.,0.));
#485 = PCURVE('',#304,#486);
#486 = DEFINITIONAL_REPRESENTATION('',(#487),#491);
#487 = LINE('',#488,#489);
#488 = CARTESIAN_POINT('',(0.,4.));
#489 = VECTOR('',#490,1.);
#490 = DIRECTION('',(-1.,0.));
#491 = ( GEOMETRIC_REPRESENTATION_CONTEXT(2) 
PARAMETRIC_REPRESENTATION_CONTEXT() REPRESENTATION_CONTEXT('2D SPACE',''
  ) );
#492 = PCURVE('',#493,#498);
#493 = PLANE('',#494);
#494 = AXIS2_PLACEMENT_3D('',#495,#496,#497);
#495 = CARTESIAN_POINT('',(34.,6.700228885916E-03,22.615928297073));
#496 = DIRECTION('',(-1.,0.,0.));
#497 = DIRECTION('',(0.,-1.,0.));
#498 = DEFINITIONAL_REPRESENTATION('',(#499),#503);
#499 = LINE('',#500,#501);
#500 = CARTESIAN_POINT('',(8.006700228886,2.000019333928));
#501 = VECTOR('',#502,1.);
#502 = DIRECTION('',(1.,0.));
#503 = ( GEOMETRIC_REPRESENTATION_CONTEXT(2) 
PARAMETRIC_REPRESENTATION_CONTEXT() REPRESENTATION_CONTEXT('2D SPACE',''
  ) );
#504 = ORIENTED_EDGE('',*,*,#505,.T.);
#505 = EDGE_CURVE('',#478,#506,#508,.T.);
#506 = VERTEX_POINT('',#507);
#507 = CARTESIAN_POINT('',(30.,8.,24.615947631001));
#508 = SURFACE_CURVE('',#509,(#513,#520),.PCURVE_S1.);
#509 = LINE('',#510,#511);
#510 = CARTESIAN_POINT('',(38.,8.,24.615947631001));
#511 = VECTOR('',#512,1.);
#512 = DIRECTION('',(-1.,0.,0.));
#513 = PCURVE('',#304,#514);
#514 = DEFINITIONAL_REPRESENTATION('',(#515),#519);
#515 = LINE('',#516,#517);
#516 = CARTESIAN_POINT('',(16.,0.));
#517 = VECTOR('',#518,1.);
#518 = DIRECTION('',(0.,1.));
#519 = ( GEOMETRIC_REPRESENTATION_CONTEXT(2) 
PARAMETRIC_REPRESENTATION_CONTEXT() REPRESENTATION_CONTEXT('2D SPACE',''
  ) );
#520 = PCURVE('',#521,#526);
#521 = CYLINDRICAL_SURFACE('',#522,2.);
#522 = AXIS2_PLACEMENT_3D('',#523,#524,#525);
#523 = CARTESIAN_POINT('',(38.,8.,22.615947631001));
#524 = DIRECTION('',(-1.,0.,0.));
#525 = DIRECTION('',(0.,0.,-1.));
#526 = DEFINITIONAL_REPRESENTATION('',(#527),#531);
#527 = LINE('',#528,#529);
#528 = CARTESIAN_POINT('',(3.14159265359,0.));
#529 = VECTOR('',#530,1.);
#530 = DIRECTION('',(0.,1.));
#531 = ( GEOMETRIC_REPRESENTATION_CONTEXT(2) 
PARAMETRIC_REPRESENTATION_CONTEXT() REPRESENTATION_CONTEXT('2D SPACE',''
  ) );
#532 = ORIENTED_EDGE('',*,*,#533,.T.);
#533 = EDGE_CURVE('',#506,#534,#536,.T.);
#534 = VERTEX_POINT('',#535);
#535 = CARTESIAN_POINT('',(30.,6.267949192431,24.615947631001));
#536 = SURFACE_CURVE('',#537,(#541,#548),.PCURVE_S1.);
#537 = LINE('',#538,#539);
#538 = CARTESIAN_POINT('',(30.,-4.000000000008,24.615947631001));
#539 = VECTOR('',#540,1.);
#540 = DIRECTION('',(0.,-1.,0.));
#541 = PCURVE('',#304,#542);
#542 = DEFINITIONAL_REPRESENTATION('',(#543),#547);
#543 = LINE('',#544,#545);
#544 = CARTESIAN_POINT('',(3.999999999992,8.));
#545 = VECTOR('',#546,1.);
#546 = DIRECTION('',(-1.,0.));
#547 = ( GEOMETRIC_REPRESENTATION_CONTEXT(2) 
PARAMETRIC_REPRESENTATION_CONTEXT() REPRESENTATION_CONTEXT('2D SPACE',''
  ) );
#548 = PCURVE('',#549,#554);
#549 = PLANE('',#550);
#550 = AXIS2_PLACEMENT_3D('',#551,#552,#553);
#551 = CARTESIAN_POINT('',(30.,-1.572186825172E-11,22.615947631001));
#552 = DIRECTION('',(-1.,0.,0.));
#553 = DIRECTION('',(0.,0.,1.));
#554 = DEFINITIONAL_REPRESENTATION('',(#555),#559);
#555 = LINE('',#556,#557);
#556 = CARTESIAN_POINT('',(2.,-3.999999999992));
#557 = VECTOR('',#558,1.);
#558 = DIRECTION('',(0.,-1.));
#559 = ( GEOMETRIC_REPRESENTATION_CONTEXT(2) 
PARAMETRIC_REPRESENTATION_CONTEXT() REPRESENTATION_CONTEXT('2D SPACE',''
  ) );
#560 = ORIENTED_EDGE('',*,*,#561,.F.);
#561 = EDGE_CURVE('',#562,#534,#564,.T.);
#562 = VERTEX_POINT('',#563);
#563 = CARTESIAN_POINT('',(29.,6.267949192431,24.615947631001));
#564 = SURFACE_CURVE('',#565,(#569,#576),.PCURVE_S1.);
#565 = LINE('',#566,#567);
#566 = CARTESIAN_POINT('',(29.,6.267949192431,24.615947631001));
#567 = VECTOR('',#568,1.);
#568 = DIRECTION('',(1.,0.,0.));
#569 = PCURVE('',#304,#570);
#570 = DEFINITIONAL_REPRESENTATION('',(#571),#575);
#571 = LINE('',#572,#573);
#572 = CARTESIAN_POINT('',(14.267949192431,9.));
#573 = VECTOR('',#574,1.);
#574 = DIRECTION('',(0.,-1.));
#575 = ( GEOMETRIC_REPRESENTATION_CONTEXT(2) 
PARAMETRIC_REPRESENTATION_CONTEXT() REPRESENTATION_CONTEXT('2D SPACE',''
  ) );
#576 = PCURVE('',#577,#582);
#577 = CYLINDRICAL_SURFACE('',#578,1.);
#578 = AXIS2_PLACEMENT_3D('',#579,#580,#581);
#579 = CARTESIAN_POINT('',(29.,6.267949192431,25.615947631001));
#580 = DIRECTION('',(-1.,0.,0.));
#581 = DIRECTION('',(0.,0.5,-0.866025403784));
#582 = DEFINITIONAL_REPRESENTATION('',(#583),#587);
#583 = LINE('',#584,#585);
#584 = CARTESIAN_POINT('',(6.806784082778,0.));
#585 = VECTOR('',#586,1.);
#586 = DIRECTION('',(0.,-1.));
#587 = ( GEOMETRIC_REPRESENTATION_CONTEXT(2) 
PARAMETRIC_REPRESENTATION_CONTEXT() REPRESENTATION_CONTEXT('2D SPACE',''
  ) );
#588 = ORIENTED_EDGE('',*,*,#589,.F.);
#589 = EDGE_CURVE('',#590,#562,#592,.T.);
#590 = VERTEX_POINT('',#591);
#591 = CARTESIAN_POINT('',(29.,5.5,24.615947631001));
#592 = SURFACE_CURVE('',#593,(#597,#604),.PCURVE_S1.);
#593 = LINE('',#594,#595);
#594 = CARTESIAN_POINT('',(29.,-8.,24.615947631001));
#595 = VECTOR('',#596,1.);
#596 = DIRECTION('',(0.,1.,0.));
#597 = PCURVE('',#304,#598);
#598 = DEFINITIONAL_REPRESENTATION('',(#599),#603);
#599 = LINE('',#600,#601);
#600 = CARTESIAN_POINT('',(0.,9.));
#601 = VECTOR('',#602,1.);
#602 = DIRECTION('',(1.,0.));
#603 = ( GEOMETRIC_REPRESENTATION_CONTEXT(2) 
PARAMETRIC_REPRESENTATION_CONTEXT() REPRESENTATION_CONTEXT('2D SPACE',''
  ) );
#604 = PCURVE('',#605,#610);
#605 = PLANE('',#606);
#606 = AXIS2_PLACEMENT_3D('',#607,#608,#609);
#607 = CARTESIAN_POINT('',(29.,7.258343305594,22.615928297073));
#608 = DIRECTION('',(-1.,0.,0.));
#609 = DIRECTION('',(0.,-1.,0.));
#610 = DEFINITIONAL_REPRESENTATION('',(#611),#615);
#611 = LINE('',#612,#613);
#612 = CARTESIAN_POINT('',(15.258343305594,2.000019333928));
#613 = VECTOR('',#614,1.);
#614 = DIRECTION('',(-1.,0.));
#615 = ( GEOMETRIC_REPRESENTATION_CONTEXT(2) 
PARAMETRIC_REPRESENTATION_CONTEXT() REPRESENTATION_CONTEXT('2D SPACE',''
  ) );
#616 = ORIENTED_EDGE('',*,*,#617,.F.);
#617 = EDGE_CURVE('',#618,#590,#620,.T.);
#618 = VERTEX_POINT('',#619);
#619 = CARTESIAN_POINT('',(30.,4.5,24.615947631001));
#620 = SURFACE_CURVE('',#621,(#626,#637),.PCURVE_S1.);
#621 = CIRCLE('',#622,1.);
#622 = AXIS2_PLACEMENT_3D('',#623,#624,#625);
#623 = CARTESIAN_POINT('',(30.,5.5,24.615947631002));
#624 = DIRECTION('',(0.,0.,-1.));
#625 = DIRECTION('',(-0.707106781187,-0.707106781187,-0.));
#626 = PCURVE('',#304,#627);
#627 = DEFINITIONAL_REPRESENTATION('',(#628),#636);
#628 = ( BOUNDED_CURVE() B_SPLINE_CURVE(2,(#629,#630,#631,#632,#633,#634
,#635),.UNSPECIFIED.,.T.,.F.) B_SPLINE_CURVE_WITH_KNOTS((1,2,2,2,2,1),(
    -2.094395102393,0.,2.094395102393,4.188790204786,6.28318530718,
8.377580409573),.UNSPECIFIED.) CURVE() GEOMETRIC_REPRESENTATION_ITEM() 
RATIONAL_B_SPLINE_CURVE((1.,0.5,1.,0.5,1.,0.5,1.)) REPRESENTATION_ITEM(
  '') );
#629 = CARTESIAN_POINT('',(12.792893218813,8.707106781187));
#630 = CARTESIAN_POINT('',(14.017638090205,9.931851652578));
#631 = CARTESIAN_POINT('',(14.465925826289,8.258819045103));
#632 = CARTESIAN_POINT('',(14.914213562373,6.585786437627));
#633 = CARTESIAN_POINT('',(13.241180954897,7.034074173711));
#634 = CARTESIAN_POINT('',(11.568148347422,7.482361909795));
#635 = CARTESIAN_POINT('',(12.792893218813,8.707106781187));
#636 = ( GEOMETRIC_REPRESENTATION_CONTEXT(2) 
PARAMETRIC_REPRESENTATION_CONTEXT() REPRESENTATION_CONTEXT('2D SPACE',''
  ) );
#637 = PCURVE('',#638,#643);
#638 = CYLINDRICAL_SURFACE('',#639,1.);
#639 = AXIS2_PLACEMENT_3D('',#640,#641,#642);
#640 = CARTESIAN_POINT('',(30.,5.5,21.615937964037));
#641 = DIRECTION('',(0.,-9.478529072737E-14,1.));
#642 = DIRECTION('',(-0.707106781187,-0.707106781187,-6.702332183006E-14
    ));
#643 = DEFINITIONAL_REPRESENTATION('',(#644),#648);
#644 = LINE('',#645,#646);
#645 = CARTESIAN_POINT('',(6.28318530718,3.000009666966));
#646 = VECTOR('',#647,1.);
#647 = DIRECTION('',(-1.,-6.10666498841E-14));
#648 = ( GEOMETRIC_REPRESENTATION_CONTEXT(2) 
PARAMETRIC_REPRESENTATION_CONTEXT() REPRESENTATION_CONTEXT('2D SPACE',''
  ) );
#649 = ORIENTED_EDGE('',*,*,#650,.T.);
#650 = EDGE_CURVE('',#618,#651,#653,.T.);
#651 = VERTEX_POINT('',#652);
#652 = CARTESIAN_POINT('',(31.1,4.5,24.615947631001));
#653 = SURFACE_CURVE('',#654,(#658,#665),.PCURVE_S1.);
#654 = LINE('',#655,#656);
#655 = CARTESIAN_POINT('',(32.,4.5,24.615947631001));
#656 = VECTOR('',#657,1.);
#657 = DIRECTION('',(1.,0.,0.));
#658 = PCURVE('',#304,#659);
#659 = DEFINITIONAL_REPRESENTATION('',(#660),#664);
#660 = LINE('',#661,#662);
#661 = CARTESIAN_POINT('',(12.5,6.));
#662 = VECTOR('',#663,1.);
#663 = DIRECTION('',(0.,-1.));
#664 = ( GEOMETRIC_REPRESENTATION_CONTEXT(2) 
PARAMETRIC_REPRESENTATION_CONTEXT() REPRESENTATION_CONTEXT('2D SPACE',''
  ) );
#665 = PCURVE('',#666,#671);
#666 = PLANE('',#667);
#667 = AXIS2_PLACEMENT_3D('',#668,#669,#670);
#668 = CARTESIAN_POINT('',(32.,4.5,20.615947631001));
#669 = DIRECTION('',(0.,-1.,-9.478529072737E-14));
#670 = DIRECTION('',(0.,-9.478529072737E-14,1.));
#671 = DEFINITIONAL_REPRESENTATION('',(#672),#676);
#672 = LINE('',#673,#674);
#673 = CARTESIAN_POINT('',(4.,0.));
#674 = VECTOR('',#675,1.);
#675 = DIRECTION('',(0.,-1.));
#676 = ( GEOMETRIC_REPRESENTATION_CONTEXT(2) 
PARAMETRIC_REPRESENTATION_CONTEXT() REPRESENTATION_CONTEXT('2D SPACE',''
  ) );
#677 = ORIENTED_EDGE('',*,*,#678,.F.);
#678 = EDGE_CURVE('',#679,#651,#681,.T.);
#679 = VERTEX_POINT('',#680);
#680 = CARTESIAN_POINT('',(32.1,3.5,24.615947631001));
#681 = SURFACE_CURVE('',#682,(#687,#694),.PCURVE_S1.);
#682 = CIRCLE('',#683,1.);
#683 = AXIS2_PLACEMENT_3D('',#684,#685,#686);
#684 = CARTESIAN_POINT('',(31.1,3.5,24.615947631002));
#685 = DIRECTION('',(0.,0.,1.));
#686 = DIRECTION('',(0.707106781187,0.707106781187,-0.));
#687 = PCURVE('',#304,#688);
#688 = DEFINITIONAL_REPRESENTATION('',(#689),#693);
#689 = CIRCLE('',#690,1.);
#690 = AXIS2_PLACEMENT_2D('',#691,#692);
#691 = CARTESIAN_POINT('',(11.5,6.9));
#692 = DIRECTION('',(0.707106781187,-0.707106781187));
#693 = ( GEOMETRIC_REPRESENTATION_CONTEXT(2) 
PARAMETRIC_REPRESENTATION_CONTEXT() REPRESENTATION_CONTEXT('2D SPACE',''
  ) );
#694 = PCURVE('',#695,#700);
#695 = CYLINDRICAL_SURFACE('',#696,1.);
#696 = AXIS2_PLACEMENT_3D('',#697,#698,#699);
#697 = CARTESIAN_POINT('',(31.1,3.5,21.615947631001));
#698 = DIRECTION('',(0.,9.478529072737E-14,-1.));
#699 = DIRECTION('',(0.707106781187,0.707106781187,6.702332183006E-14));
#700 = DEFINITIONAL_REPRESENTATION('',(#701),#705);
#701 = LINE('',#702,#703);
#702 = CARTESIAN_POINT('',(6.28318530718,-3.000000000001));
#703 = VECTOR('',#704,1.);
#704 = DIRECTION('',(-1.,6.10666498841E-14));
#705 = ( GEOMETRIC_REPRESENTATION_CONTEXT(2) 
PARAMETRIC_REPRESENTATION_CONTEXT() REPRESENTATION_CONTEXT('2D SPACE',''
  ) );
#706 = ORIENTED_EDGE('',*,*,#707,.T.);
#707 = EDGE_CURVE('',#679,#708,#710,.T.);
#708 = VERTEX_POINT('',#709);
#709 = CARTESIAN_POINT('',(32.1,-3.5,24.615947631001));
#710 = SURFACE_CURVE('',#711,(#715,#722),.PCURVE_S1.);
#711 = LINE('',#712,#713);
#712 = CARTESIAN_POINT('',(32.1,-4.,24.615947631001));
#713 = VECTOR('',#714,1.);
#714 = DIRECTION('',(0.,-1.,0.));
#715 = PCURVE('',#304,#716);
#716 = DEFINITIONAL_REPRESENTATION('',(#717),#721);
#717 = LINE('',#718,#719);
#718 = CARTESIAN_POINT('',(4.,5.9));
#719 = VECTOR('',#720,1.);
#720 = DIRECTION('',(-1.,0.));
#721 = ( GEOMETRIC_REPRESENTATION_CONTEXT(2) 
PARAMETRIC_REPRESENTATION_CONTEXT() REPRESENTATION_CONTEXT('2D SPACE',''
  ) );
#722 = PCURVE('',#723,#728);
#723 = PLANE('',#724);
#724 = AXIS2_PLACEMENT_3D('',#725,#726,#727);
#725 = CARTESIAN_POINT('',(32.1,1.614869854E-15,22.615947631001));
#726 = DIRECTION('',(1.,0.,0.));
#727 = DIRECTION('',(-0.,1.,0.));
#728 = DEFINITIONAL_REPRESENTATION('',(#729),#733);
#729 = LINE('',#730,#731);
#730 = CARTESIAN_POINT('',(-4.,2.));
#731 = VECTOR('',#732,1.);
#732 = DIRECTION('',(-1.,0.));
#733 = ( GEOMETRIC_REPRESENTATION_CONTEXT(2) 
PARAMETRIC_REPRESENTATION_CONTEXT() REPRESENTATION_CONTEXT('2D SPACE',''
  ) );
#734 = ORIENTED_EDGE('',*,*,#735,.F.);
#735 = EDGE_CURVE('',#736,#708,#738,.T.);
#736 = VERTEX_POINT('',#737);
#737 = CARTESIAN_POINT('',(31.1,-4.5,24.615947631001));
#738 = SURFACE_CURVE('',#739,(#744,#751),.PCURVE_S1.);
#739 = CIRCLE('',#740,1.);
#740 = AXIS2_PLACEMENT_3D('',#741,#742,#743);
#741 = CARTESIAN_POINT('',(31.1,-3.5,24.615947631001));
#742 = DIRECTION('',(0.,0.,1.));
#743 = DIRECTION('',(0.707106781187,-0.707106781187,0.));
#744 = PCURVE('',#304,#745);
#745 = DEFINITIONAL_REPRESENTATION('',(#746),#750);
#746 = CIRCLE('',#747,1.);
#747 = AXIS2_PLACEMENT_2D('',#748,#749);
#748 = CARTESIAN_POINT('',(4.5,6.9));
#749 = DIRECTION('',(-0.707106781187,-0.707106781187));
#750 = ( GEOMETRIC_REPRESENTATION_CONTEXT(2) 
PARAMETRIC_REPRESENTATION_CONTEXT() REPRESENTATION_CONTEXT('2D SPACE',''
  ) );
#751 = PCURVE('',#752,#757);
#752 = CYLINDRICAL_SURFACE('',#753,1.);
#753 = AXIS2_PLACEMENT_3D('',#754,#755,#756);
#754 = CARTESIAN_POINT('',(31.1,-3.5,23.615947631001));
#755 = DIRECTION('',(0.,9.367506770275E-14,1.));
#756 = DIRECTION('',(0.707106781187,-0.707106781187,6.623827560072E-14)
  );
#757 = DEFINITIONAL_REPRESENTATION('',(#758),#762);
#758 = LINE('',#759,#760);
#759 = CARTESIAN_POINT('',(-6.28318530718,0.999999999999));
#760 = VECTOR('',#761,1.);
#761 = DIRECTION('',(1.,6.10666498841E-14));
#762 = ( GEOMETRIC_REPRESENTATION_CONTEXT(2) 
PARAMETRIC_REPRESENTATION_CONTEXT() REPRESENTATION_CONTEXT('2D SPACE',''
  ) );
#763 = ORIENTED_EDGE('',*,*,#764,.T.);
#764 = EDGE_CURVE('',#736,#765,#767,.T.);
#765 = VERTEX_POINT('',#766);
#766 = CARTESIAN_POINT('',(30.,-4.5,24.615947631001));
#767 = SURFACE_CURVE('',#768,(#772,#779),.PCURVE_S1.);
#768 = LINE('',#769,#770);
#769 = CARTESIAN_POINT('',(32.,-4.5,24.615947631001));
#770 = VECTOR('',#771,1.);
#771 = DIRECTION('',(-1.,0.,0.));
#772 = PCURVE('',#304,#773);
#773 = DEFINITIONAL_REPRESENTATION('',(#774),#778);
#774 = LINE('',#775,#776);
#775 = CARTESIAN_POINT('',(3.5,6.));
#776 = VECTOR('',#777,1.);
#777 = DIRECTION('',(0.,1.));
#778 = ( GEOMETRIC_REPRESENTATION_CONTEXT(2) 
PARAMETRIC_REPRESENTATION_CONTEXT() REPRESENTATION_CONTEXT('2D SPACE',''
  ) );
#779 = PCURVE('',#780,#785);
#780 = PLANE('',#781);
#781 = AXIS2_PLACEMENT_3D('',#782,#783,#784);
#782 = CARTESIAN_POINT('',(32.,-4.5,24.615947631001));
#783 = DIRECTION('',(0.,1.,-9.367506770275E-14));
#784 = DIRECTION('',(0.,-9.367506770275E-14,-1.));
#785 = DEFINITIONAL_REPRESENTATION('',(#786),#790);
#786 = LINE('',#787,#788);
#787 = CARTESIAN_POINT('',(0.,0.));
#788 = VECTOR('',#789,1.);
#789 = DIRECTION('',(-0.,1.));
#790 = ( GEOMETRIC_REPRESENTATION_CONTEXT(2) 
PARAMETRIC_REPRESENTATION_CONTEXT() REPRESENTATION_CONTEXT('2D SPACE',''
  ) );
#791 = ORIENTED_EDGE('',*,*,#792,.F.);
#792 = EDGE_CURVE('',#793,#765,#795,.T.);
#793 = VERTEX_POINT('',#794);
#794 = CARTESIAN_POINT('',(29.,-5.5,24.615947631001));
#795 = SURFACE_CURVE('',#796,(#801,#812),.PCURVE_S1.);
#796 = CIRCLE('',#797,1.);
#797 = AXIS2_PLACEMENT_3D('',#798,#799,#800);
#798 = CARTESIAN_POINT('',(30.,-5.5,24.615947631001));
#799 = DIRECTION('',(0.,0.,-1.));
#800 = DIRECTION('',(-0.707106781187,0.707106781187,0.));
#801 = PCURVE('',#304,#802);
#802 = DEFINITIONAL_REPRESENTATION('',(#803),#811);
#803 = ( BOUNDED_CURVE() B_SPLINE_CURVE(2,(#804,#805,#806,#807,#808,#809
,#810),.UNSPECIFIED.,.T.,.F.) B_SPLINE_CURVE_WITH_KNOTS((1,2,2,2,2,1),(
    -2.094395102393,0.,2.094395102393,4.188790204786,6.28318530718,
8.377580409573),.UNSPECIFIED.) CURVE() GEOMETRIC_REPRESENTATION_ITEM() 
RATIONAL_B_SPLINE_CURVE((1.,0.5,1.,0.5,1.,0.5,1.)) REPRESENTATION_ITEM(
  '') );
#804 = CARTESIAN_POINT('',(3.207106781187,8.707106781187));
#805 = CARTESIAN_POINT('',(4.431851652578,7.482361909795));
#806 = CARTESIAN_POINT('',(2.758819045103,7.034074173711));
#807 = CARTESIAN_POINT('',(1.085786437627,6.585786437627));
#808 = CARTESIAN_POINT('',(1.534074173711,8.258819045103));
#809 = CARTESIAN_POINT('',(1.982361909795,9.931851652578));
#810 = CARTESIAN_POINT('',(3.207106781187,8.707106781187));
#811 = ( GEOMETRIC_REPRESENTATION_CONTEXT(2) 
PARAMETRIC_REPRESENTATION_CONTEXT() REPRESENTATION_CONTEXT('2D SPACE',''
  ) );
#812 = PCURVE('',#813,#818);
#813 = CYLINDRICAL_SURFACE('',#814,1.);
#814 = AXIS2_PLACEMENT_3D('',#815,#816,#817);
#815 = CARTESIAN_POINT('',(30.,-5.5,23.615941997488));
#816 = DIRECTION('',(0.,-9.367506770275E-14,-1.));
#817 = DIRECTION('',(-0.707106781187,0.707106781187,-6.623827560072E-14)
  );
#818 = DEFINITIONAL_REPRESENTATION('',(#819),#823);
#819 = LINE('',#820,#821);
#820 = CARTESIAN_POINT('',(-6.28318530718,-1.000005633512));
#821 = VECTOR('',#822,1.);
#822 = DIRECTION('',(1.,-5.880492211061E-14));
#823 = ( GEOMETRIC_REPRESENTATION_CONTEXT(2) 
PARAMETRIC_REPRESENTATION_CONTEXT() REPRESENTATION_CONTEXT('2D SPACE',''
  ) );
#824 = ORIENTED_EDGE('',*,*,#825,.F.);
#825 = EDGE_CURVE('',#265,#793,#826,.T.);
#826 = SURFACE_CURVE('',#827,(#831,#838),.PCURVE_S1.);
#827 = LINE('',#828,#829);
#828 = CARTESIAN_POINT('',(29.,-8.,24.615947631001));
#829 = VECTOR('',#830,1.);
#830 = DIRECTION('',(0.,1.,0.));
#831 = PCURVE('',#304,#832);
#832 = DEFINITIONAL_REPRESENTATION('',(#833),#837);
#833 = LINE('',#834,#835);
#834 = CARTESIAN_POINT('',(0.,9.));
#835 = VECTOR('',#836,1.);
#836 = DIRECTION('',(1.,0.));
#837 = ( GEOMETRIC_REPRESENTATION_CONTEXT(2) 
PARAMETRIC_REPRESENTATION_CONTEXT() REPRESENTATION_CONTEXT('2D SPACE',''
  ) );
#838 = PCURVE('',#73,#839);
#839 = DEFINITIONAL_REPRESENTATION('',(#840),#844);
#840 = LINE('',#841,#842);
#841 = CARTESIAN_POINT('',(0.748356923292,2.000011267025));
#842 = VECTOR('',#843,1.);
#843 = DIRECTION('',(-1.,0.));
#844 = ( GEOMETRIC_REPRESENTATION_CONTEXT(2) 
PARAMETRIC_REPRESENTATION_CONTEXT() REPRESENTATION_CONTEXT('2D SPACE',''
  ) );
#845 = ADVANCED_FACE('',(#846),#577,.F.);
#846 = FACE_BOUND('',#847,.F.);
#847 = EDGE_LOOP('',(#848,#849,#873,#901));
#848 = ORIENTED_EDGE('',*,*,#561,.F.);
#849 = ORIENTED_EDGE('',*,*,#850,.F.);
#850 = EDGE_CURVE('',#851,#562,#853,.T.);
#851 = VERTEX_POINT('',#852);
#852 = CARTESIAN_POINT('',(29.,7.133974596216,25.115947631001));
#853 = SURFACE_CURVE('',#854,(#859,#866),.PCURVE_S1.);
#854 = CIRCLE('',#855,1.);
#855 = AXIS2_PLACEMENT_3D('',#856,#857,#858);
#856 = CARTESIAN_POINT('',(29.,6.267949192431,25.615947631001));
#857 = DIRECTION('',(-1.,0.,0.));
#858 = DIRECTION('',(0.,0.5,-0.866025403784));
#859 = PCURVE('',#577,#860);
#860 = DEFINITIONAL_REPRESENTATION('',(#861),#865);
#861 = LINE('',#862,#863);
#862 = CARTESIAN_POINT('',(-1.7763568394E-15,0.));
#863 = VECTOR('',#864,1.);
#864 = DIRECTION('',(1.,0.));
#865 = ( GEOMETRIC_REPRESENTATION_CONTEXT(2) 
PARAMETRIC_REPRESENTATION_CONTEXT() REPRESENTATION_CONTEXT('2D SPACE',''
  ) );
#866 = PCURVE('',#605,#867);
#867 = DEFINITIONAL_REPRESENTATION('',(#868),#872);
#868 = CIRCLE('',#869,1.);
#869 = AXIS2_PLACEMENT_2D('',#870,#871);
#870 = CARTESIAN_POINT('',(0.990394113162,3.000019333928));
#871 = DIRECTION('',(-0.5,-0.866025403784));
#872 = ( GEOMETRIC_REPRESENTATION_CONTEXT(2) 
PARAMETRIC_REPRESENTATION_CONTEXT() REPRESENTATION_CONTEXT('2D SPACE',''
  ) );
#873 = ORIENTED_EDGE('',*,*,#874,.F.);
#874 = EDGE_CURVE('',#875,#851,#877,.T.);
#875 = VERTEX_POINT('',#876);
#876 = CARTESIAN_POINT('',(30.,7.133974596216,25.115947631001));
#877 = SURFACE_CURVE('',#878,(#882,#889),.PCURVE_S1.);
#878 = LINE('',#879,#880);
#879 = CARTESIAN_POINT('',(29.,7.133974596216,25.115947631001));
#880 = VECTOR('',#881,1.);
#881 = DIRECTION('',(-1.,0.,0.));
#882 = PCURVE('',#577,#883);
#883 = DEFINITIONAL_REPRESENTATION('',(#884),#888);
#884 = LINE('',#885,#886);
#885 = CARTESIAN_POINT('',(5.759586531581,0.));
#886 = VECTOR('',#887,1.);
#887 = DIRECTION('',(0.,1.));
#888 = ( GEOMETRIC_REPRESENTATION_CONTEXT(2) 
PARAMETRIC_REPRESENTATION_CONTEXT() REPRESENTATION_CONTEXT('2D SPACE',''
  ) );
#889 = PCURVE('',#890,#895);
#890 = CYLINDRICAL_SURFACE('',#891,1.);
#891 = AXIS2_PLACEMENT_3D('',#892,#893,#894);
#892 = CARTESIAN_POINT('',(29.,8.,24.615947631001));
#893 = DIRECTION('',(1.,0.,0.));
#894 = DIRECTION('',(0.,-0.707106781187,0.707106781187));
#895 = DEFINITIONAL_REPRESENTATION('',(#896),#900);
#896 = LINE('',#897,#898);
#897 = CARTESIAN_POINT('',(6.544984694979,0.));
#898 = VECTOR('',#899,1.);
#899 = DIRECTION('',(0.,-1.));
#900 = ( GEOMETRIC_REPRESENTATION_CONTEXT(2) 
PARAMETRIC_REPRESENTATION_CONTEXT() REPRESENTATION_CONTEXT('2D SPACE',''
  ) );
#901 = ORIENTED_EDGE('',*,*,#902,.F.);
#902 = EDGE_CURVE('',#534,#875,#903,.T.);
#903 = SURFACE_CURVE('',#904,(#909,#916),.PCURVE_S1.);
#904 = CIRCLE('',#905,1.);
#905 = AXIS2_PLACEMENT_3D('',#906,#907,#908);
#906 = CARTESIAN_POINT('',(30.,6.267949192431,25.615947631001));
#907 = DIRECTION('',(1.,0.,0.));
#908 = DIRECTION('',(0.,0.5,-0.866025403784));
#909 = PCURVE('',#577,#910);
#910 = DEFINITIONAL_REPRESENTATION('',(#911),#915);
#911 = LINE('',#912,#913);
#912 = CARTESIAN_POINT('',(12.566370614359,-1.));
#913 = VECTOR('',#914,1.);
#914 = DIRECTION('',(-1.,0.));
#915 = ( GEOMETRIC_REPRESENTATION_CONTEXT(2) 
PARAMETRIC_REPRESENTATION_CONTEXT() REPRESENTATION_CONTEXT('2D SPACE',''
  ) );
#916 = PCURVE('',#549,#917);
#917 = DEFINITIONAL_REPRESENTATION('',(#918),#926);
#918 = ( BOUNDED_CURVE() B_SPLINE_CURVE(2,(#919,#920,#921,#922,#923,#924
,#925),.UNSPECIFIED.,.T.,.F.) B_SPLINE_CURVE_WITH_KNOTS((1,2,2,2,2,1),(
    -2.094395102393,0.,2.094395102393,4.188790204786,6.28318530718,
8.377580409573),.UNSPECIFIED.) CURVE() GEOMETRIC_REPRESENTATION_ITEM() 
RATIONAL_B_SPLINE_CURVE((1.,0.5,1.,0.5,1.,0.5,1.)) REPRESENTATION_ITEM(
  '') );
#919 = CARTESIAN_POINT('',(2.133974596216,6.767949192447));
#920 = CARTESIAN_POINT('',(3.,8.267949192447));
#921 = CARTESIAN_POINT('',(3.866025403784,6.767949192447));
#922 = CARTESIAN_POINT('',(4.732050807569,5.267949192447));
#923 = CARTESIAN_POINT('',(3.,5.267949192447));
#924 = CARTESIAN_POINT('',(1.267949192431,5.267949192447));
#925 = CARTESIAN_POINT('',(2.133974596216,6.767949192447));
#926 = ( GEOMETRIC_REPRESENTATION_CONTEXT(2) 
PARAMETRIC_REPRESENTATION_CONTEXT() REPRESENTATION_CONTEXT('2D SPACE',''
  ) );
#927 = ADVANCED_FACE('',(#928),#890,.T.);
#928 = FACE_BOUND('',#929,.T.);
#929 = EDGE_LOOP('',(#930,#931,#955,#983));
#930 = ORIENTED_EDGE('',*,*,#874,.F.);
#931 = ORIENTED_EDGE('',*,*,#932,.T.);
#932 = EDGE_CURVE('',#875,#933,#935,.T.);
#933 = VERTEX_POINT('',#934);
#934 = CARTESIAN_POINT('',(30.,8.,25.615947631001));
#935 = SURFACE_CURVE('',#936,(#941,#948),.PCURVE_S1.);
#936 = CIRCLE('',#937,1.);
#937 = AXIS2_PLACEMENT_3D('',#938,#939,#940);
#938 = CARTESIAN_POINT('',(30.,8.,24.615947631001));
#939 = DIRECTION('',(-1.,0.,0.));
#940 = DIRECTION('',(0.,-0.707106781187,0.707106781187));
#941 = PCURVE('',#890,#942);
#942 = DEFINITIONAL_REPRESENTATION('',(#943),#947);
#943 = LINE('',#944,#945);
#944 = CARTESIAN_POINT('',(12.566370614359,1.));
#945 = VECTOR('',#946,1.);
#946 = DIRECTION('',(-1.,0.));
#947 = ( GEOMETRIC_REPRESENTATION_CONTEXT(2) 
PARAMETRIC_REPRESENTATION_CONTEXT() REPRESENTATION_CONTEXT('2D SPACE',''
  ) );
#948 = PCURVE('',#549,#949);
#949 = DEFINITIONAL_REPRESENTATION('',(#950),#954);
#950 = CIRCLE('',#951,1.);
#951 = AXIS2_PLACEMENT_2D('',#952,#953);
#952 = CARTESIAN_POINT('',(2.,8.000000000016));
#953 = DIRECTION('',(0.707106781187,-0.707106781187));
#954 = ( GEOMETRIC_REPRESENTATION_CONTEXT(2) 
PARAMETRIC_REPRESENTATION_CONTEXT() REPRESENTATION_CONTEXT('2D SPACE',''
  ) );
#955 = ORIENTED_EDGE('',*,*,#956,.T.);
#956 = EDGE_CURVE('',#933,#957,#959,.T.);
#957 = VERTEX_POINT('',#958);
#958 = CARTESIAN_POINT('',(29.,8.,25.615947631001));
#959 = SURFACE_CURVE('',#960,(#964,#971),.PCURVE_S1.);
#960 = LINE('',#961,#962);
#961 = CARTESIAN_POINT('',(29.,8.,25.615947631001));
#962 = VECTOR('',#963,1.);
#963 = DIRECTION('',(-1.,0.,0.));
#964 = PCURVE('',#890,#965);
#965 = DEFINITIONAL_REPRESENTATION('',(#966),#970);
#966 = LINE('',#967,#968);
#967 = CARTESIAN_POINT('',(5.497787143782,0.));
#968 = VECTOR('',#969,1.);
#969 = DIRECTION('',(0.,-1.));
#970 = ( GEOMETRIC_REPRESENTATION_CONTEXT(2) 
PARAMETRIC_REPRESENTATION_CONTEXT() REPRESENTATION_CONTEXT('2D SPACE',''
  ) );
#971 = PCURVE('',#972,#977);
#972 = PLANE('',#973);
#973 = AXIS2_PLACEMENT_3D('',#974,#975,#976);
#974 = CARTESIAN_POINT('',(29.,8.999999999967,25.615947631001));
#975 = DIRECTION('',(0.,-8.88178419701E-15,1.));
#976 = DIRECTION('',(0.,-1.,-8.88178419701E-15));
#977 = DEFINITIONAL_REPRESENTATION('',(#978),#982);
#978 = LINE('',#979,#980);
#979 = CARTESIAN_POINT('',(0.999999999967,0.));
#980 = VECTOR('',#981,1.);
#981 = DIRECTION('',(-0.,-1.));
#982 = ( GEOMETRIC_REPRESENTATION_CONTEXT(2) 
PARAMETRIC_REPRESENTATION_CONTEXT() REPRESENTATION_CONTEXT('2D SPACE',''
  ) );
#983 = ORIENTED_EDGE('',*,*,#984,.T.);
#984 = EDGE_CURVE('',#957,#851,#985,.T.);
#985 = SURFACE_CURVE('',#986,(#991,#998),.PCURVE_S1.);
#986 = CIRCLE('',#987,1.);
#987 = AXIS2_PLACEMENT_3D('',#988,#989,#990);
#988 = CARTESIAN_POINT('',(29.,8.,24.615947631001));
#989 = DIRECTION('',(1.,0.,0.));
#990 = DIRECTION('',(0.,-0.707106781187,0.707106781187));
#991 = PCURVE('',#890,#992);
#992 = DEFINITIONAL_REPRESENTATION('',(#993),#997);
#993 = LINE('',#994,#995);
#994 = CARTESIAN_POINT('',(1.7763568394E-15,0.));
#995 = VECTOR('',#996,1.);
#996 = DIRECTION('',(1.,0.));
#997 = ( GEOMETRIC_REPRESENTATION_CONTEXT(2) 
PARAMETRIC_REPRESENTATION_CONTEXT() REPRESENTATION_CONTEXT('2D SPACE',''
  ) );
#998 = PCURVE('',#605,#999);
#999 = DEFINITIONAL_REPRESENTATION('',(#1000),#1008);
#1000 = ( BOUNDED_CURVE() B_SPLINE_CURVE(2,(#1001,#1002,#1003,#1004,
#1005,#1006,#1007),.UNSPECIFIED.,.T.,.F.) B_SPLINE_CURVE_WITH_KNOTS((1,2
    ,2,2,2,1),(-2.094395102393,0.,2.094395102393,4.188790204786,
6.28318530718,8.377580409573),.UNSPECIFIED.) CURVE() 
GEOMETRIC_REPRESENTATION_ITEM() RATIONAL_B_SPLINE_CURVE((1.,0.5,1.,0.5,
1.,0.5,1.)) REPRESENTATION_ITEM('') );
#1001 = CARTESIAN_POINT('',(-3.454991321994E-02,2.707126115114));
#1002 = CARTESIAN_POINT('',(1.190194958172,1.482381243722));
#1003 = CARTESIAN_POINT('',(-0.482837649304,1.034093507638));
#1004 = CARTESIAN_POINT('',(-2.15587025678,0.585805771554));
#1005 = CARTESIAN_POINT('',(-1.707582520696,2.25883837903));
#1006 = CARTESIAN_POINT('',(-1.259294784612,3.931870986506));
#1007 = CARTESIAN_POINT('',(-3.454991321994E-02,2.707126115114));
#1008 = ( GEOMETRIC_REPRESENTATION_CONTEXT(2) 
PARAMETRIC_REPRESENTATION_CONTEXT() REPRESENTATION_CONTEXT('2D SPACE',''
  ) );
#1009 = ADVANCED_FACE('',(#1010),#188,.T.);
#1010 = FACE_BOUND('',#1011,.T.);
#1011 = EDGE_LOOP('',(#1012,#1013,#1036,#1064));
#1012 = ORIENTED_EDGE('',*,*,#172,.F.);
#1013 = ORIENTED_EDGE('',*,*,#1014,.F.);
#1014 = EDGE_CURVE('',#1015,#149,#1017,.T.);
#1015 = VERTEX_POINT('',#1016);
#1016 = CARTESIAN_POINT('',(30.,-9.000000000009,19.615947631001));
#1017 = SURFACE_CURVE('',#1018,(#1022,#1029),.PCURVE_S1.);
#1018 = LINE('',#1019,#1020);
#1019 = CARTESIAN_POINT('',(30.,-3.500000000008,19.615947631001));
#1020 = VECTOR('',#1021,1.);
#1021 = DIRECTION('',(0.,1.,3.700743415414E-16));
#1022 = PCURVE('',#188,#1023);
#1023 = DEFINITIONAL_REPRESENTATION('',(#1024),#1028);
#1024 = LINE('',#1025,#1026);
#1025 = CARTESIAN_POINT('',(5.500000000001,1.));
#1026 = VECTOR('',#1027,1.);
#1027 = DIRECTION('',(1.,0.));
#1028 = ( GEOMETRIC_REPRESENTATION_CONTEXT(2) 
PARAMETRIC_REPRESENTATION_CONTEXT() REPRESENTATION_CONTEXT('2D SPACE',''
  ) );
#1029 = PCURVE('',#128,#1030);
#1030 = DEFINITIONAL_REPRESENTATION('',(#1031),#1035);
#1031 = LINE('',#1032,#1033);
#1032 = CARTESIAN_POINT('',(-3.,-3.499999999992));
#1033 = VECTOR('',#1034,1.);
#1034 = DIRECTION('',(3.700743415414E-16,1.));
#1035 = ( GEOMETRIC_REPRESENTATION_CONTEXT(2) 
PARAMETRIC_REPRESENTATION_CONTEXT() REPRESENTATION_CONTEXT('2D SPACE',''
  ) );
#1036 = ORIENTED_EDGE('',*,*,#1037,.F.);
#1037 = EDGE_CURVE('',#1038,#1015,#1040,.T.);
#1038 = VERTEX_POINT('',#1039);
#1039 = CARTESIAN_POINT('',(29.,-9.000000000009,19.615947631001));
#1040 = SURFACE_CURVE('',#1041,(#1045,#1052),.PCURVE_S1.);
#1041 = LINE('',#1042,#1043);
#1042 = CARTESIAN_POINT('',(29.,-9.000000000009,19.615947631001));
#1043 = VECTOR('',#1044,1.);
#1044 = DIRECTION('',(1.,0.,0.));
#1045 = PCURVE('',#188,#1046);
#1046 = DEFINITIONAL_REPRESENTATION('',(#1047),#1051);
#1047 = LINE('',#1048,#1049);
#1048 = CARTESIAN_POINT('',(0.,0.));
#1049 = VECTOR('',#1050,1.);
#1050 = DIRECTION('',(0.,1.));
#1051 = ( GEOMETRIC_REPRESENTATION_CONTEXT(2) 
PARAMETRIC_REPRESENTATION_CONTEXT() REPRESENTATION_CONTEXT('2D SPACE',''
  ) );
#1052 = PCURVE('',#1053,#1058);
#1053 = CYLINDRICAL_SURFACE('',#1054,2.000000000007);
#1054 = AXIS2_PLACEMENT_3D('',#1055,#1056,#1057);
#1055 = CARTESIAN_POINT('',(29.,-9.000000000009,21.615947631008));
#1056 = DIRECTION('',(1.,0.,0.));
#1057 = DIRECTION('',(0.,5.551115123106E-16,-1.));
#1058 = DEFINITIONAL_REPRESENTATION('',(#1059),#1063);
#1059 = LINE('',#1060,#1061);
#1060 = CARTESIAN_POINT('',(6.28318530718,0.));
#1061 = VECTOR('',#1062,1.);
#1062 = DIRECTION('',(0.,1.));
#1063 = ( GEOMETRIC_REPRESENTATION_CONTEXT(2) 
PARAMETRIC_REPRESENTATION_CONTEXT() REPRESENTATION_CONTEXT('2D SPACE',''
  ) );
#1064 = ORIENTED_EDGE('',*,*,#1065,.T.);
#1065 = EDGE_CURVE('',#1038,#173,#1066,.T.);
#1066 = SURFACE_CURVE('',#1067,(#1071,#1078),.PCURVE_S1.);
#1067 = LINE('',#1068,#1069);
#1068 = CARTESIAN_POINT('',(29.,-3.500000000008,19.615947631001));
#1069 = VECTOR('',#1070,1.);
#1070 = DIRECTION('',(0.,1.,3.700743415414E-16));
#1071 = PCURVE('',#188,#1072);
#1072 = DEFINITIONAL_REPRESENTATION('',(#1073),#1077);
#1073 = LINE('',#1074,#1075);
#1074 = CARTESIAN_POINT('',(5.500000000001,0.));
#1075 = VECTOR('',#1076,1.);
#1076 = DIRECTION('',(1.,0.));
#1077 = ( GEOMETRIC_REPRESENTATION_CONTEXT(2) 
PARAMETRIC_REPRESENTATION_CONTEXT() REPRESENTATION_CONTEXT('2D SPACE',''
  ) );
#1078 = PCURVE('',#73,#1079);
#1079 = DEFINITIONAL_REPRESENTATION('',(#1080),#1084);
#1080 = LINE('',#1081,#1082);
#1081 = CARTESIAN_POINT('',(-3.7516430767,-2.999988732975));
#1082 = VECTOR('',#1083,1.);
#1083 = DIRECTION('',(-1.,3.700743415414E-16));
#1084 = ( GEOMETRIC_REPRESENTATION_CONTEXT(2) 
PARAMETRIC_REPRESENTATION_CONTEXT() REPRESENTATION_CONTEXT('2D SPACE',''
  ) );
#1085 = ADVANCED_FACE('',(#1086),#128,.F.);
#1086 = FACE_BOUND('',#1087,.T.);
#1087 = EDGE_LOOP('',(#1088,#1111,#1214,#1247,#1273,#1274,#1275,#1299,
    #1327,#1360,#1388,#1414,#1415,#1416));
#1088 = ORIENTED_EDGE('',*,*,#1089,.F.);
#1089 = EDGE_CURVE('',#1090,#24,#1092,.T.);
#1090 = VERTEX_POINT('',#1091);
#1091 = CARTESIAN_POINT('',(30.,-8.,20.615947631001));
#1092 = SURFACE_CURVE('',#1093,(#1097,#1104),.PCURVE_S1.);
#1093 = LINE('',#1094,#1095);
#1094 = CARTESIAN_POINT('',(30.,3.999999999992,20.615947631001));
#1095 = VECTOR('',#1096,1.);
#1096 = DIRECTION('',(0.,1.,0.));
#1097 = PCURVE('',#128,#1098);
#1098 = DEFINITIONAL_REPRESENTATION('',(#1099),#1103);
#1099 = LINE('',#1100,#1101);
#1100 = CARTESIAN_POINT('',(-2.,4.000000000008));
#1101 = VECTOR('',#1102,1.);
#1102 = DIRECTION('',(0.,1.));
#1103 = ( GEOMETRIC_REPRESENTATION_CONTEXT(2) 
PARAMETRIC_REPRESENTATION_CONTEXT() REPRESENTATION_CONTEXT('2D SPACE',''
  ) );
#1104 = PCURVE('',#44,#1105);
#1105 = DEFINITIONAL_REPRESENTATION('',(#1106),#1110);
#1106 = LINE('',#1107,#1108);
#1107 = CARTESIAN_POINT('',(4.000000000008,8.));
#1108 = VECTOR('',#1109,1.);
#1109 = DIRECTION('',(-1.,3.214049297818E-32));
#1110 = ( GEOMETRIC_REPRESENTATION_CONTEXT(2) 
PARAMETRIC_REPRESENTATION_CONTEXT() REPRESENTATION_CONTEXT('2D SPACE',''
  ) );
#1111 = ORIENTED_EDGE('',*,*,#1112,.F.);
#1112 = EDGE_CURVE('',#1113,#1090,#1115,.T.);
#1113 = VERTEX_POINT('',#1114);
#1114 = CARTESIAN_POINT('',(30.,-9.992745833853,22.786135884601));
#1115 = SURFACE_CURVE('',#1116,(#1142,#1171),.PCURVE_S1.);
#1116 = B_SPLINE_CURVE_WITH_KNOTS('',3,(#1117,#1118,#1119,#1120,#1121,
    #1122,#1123,#1124,#1125,#1126,#1127,#1128,#1129,#1130,#1131,#1132,
    #1133,#1134,#1135,#1136,#1137,#1138,#1139,#1140,#1141),
  .UNSPECIFIED.,.F.,.F.,(4,3,3,3,3,3,3,3,4),(-0.332033993678,
    -0.293846004187,-0.239915525509,-0.164959018832,-0.102588766133,
    -5.215350134364E-02,-1.802289746699E-02,-3.963189424311E-03,0.),
  .UNSPECIFIED.);
#1117 = CARTESIAN_POINT('',(30.,-9.992745833853,22.786135884601));
#1118 = CARTESIAN_POINT('',(30.,-10.00326361936,22.662982418844));
#1119 = CARTESIAN_POINT('',(30.,-10.00229079122,22.539721744573));
#1120 = CARTESIAN_POINT('',(30.,-9.990173625574,22.417935157005));
#1121 = CARTESIAN_POINT('',(30.,-9.973061320037,22.245943673514));
#1122 = CARTESIAN_POINT('',(30.,-9.933720643031,22.076857103466));
#1123 = CARTESIAN_POINT('',(30.,-9.873117689037,21.914926858828));
#1124 = CARTESIAN_POINT('',(30.,-9.788887290252,21.689864412493));
#1125 = CARTESIAN_POINT('',(30.,-9.663708319554,21.478931011909));
#1126 = CARTESIAN_POINT('',(30.,-9.500818726304,21.294000903339));
#1127 = CARTESIAN_POINT('',(30.,-9.365280591677,21.140123166575));
#1128 = CARTESIAN_POINT('',(30.,-9.204554200778,21.00533925316));
#1129 = CARTESIAN_POINT('',(30.,-9.02220171474,20.896906138142));
#1130 = CARTESIAN_POINT('',(30.,-8.874743663501,20.809222464737));
#1131 = CARTESIAN_POINT('',(30.,-8.714619333522,20.73968021342));
#1132 = CARTESIAN_POINT('',(30.,-8.545051158208,20.691650555461));
#1133 = CARTESIAN_POINT('',(30.,-8.4303008095,20.659147876294));
#1134 = CARTESIAN_POINT('',(30.,-8.312083389965,20.636749826847));
#1135 = CARTESIAN_POINT('',(30.,-8.191727105665,20.625158662538));
#1136 = CARTESIAN_POINT('',(30.,-8.142147724519,20.620383816285));
#1137 = CARTESIAN_POINT('',(30.,-8.092306905797,20.617453074258));
#1138 = CARTESIAN_POINT('',(30.,-8.042307515687,20.616395162543));
#1139 = CARTESIAN_POINT('',(30.,-8.02821354919,20.61609695546));
#1140 = CARTESIAN_POINT('',(30.,-8.01411025648,20.615947631001));
#1141 = CARTESIAN_POINT('',(30.,-8.,20.615947631001));
#1142 = PCURVE('',#128,#1143);
#1143 = DEFINITIONAL_REPRESENTATION('',(#1144),#1170);
#1144 = B_SPLINE_CURVE_WITH_KNOTS('',3,(#1145,#1146,#1147,#1148,#1149,
    #1150,#1151,#1152,#1153,#1154,#1155,#1156,#1157,#1158,#1159,#1160,
    #1161,#1162,#1163,#1164,#1165,#1166,#1167,#1168,#1169),
  .UNSPECIFIED.,.F.,.F.,(4,3,3,3,3,3,3,3,4),(-0.332033993678,
    -0.293846004187,-0.239915525509,-0.164959018832,-0.102588766133,
    -5.215350134364E-02,-1.802289746699E-02,-3.963189424311E-03,0.),
  .UNSPECIFIED.);
#1145 = CARTESIAN_POINT('',(0.1701882536,-9.992745833837));
#1146 = CARTESIAN_POINT('',(4.70347878426E-02,-10.00326361935));
#1147 = CARTESIAN_POINT('',(-7.6225886428E-02,-10.00229079121));
#1148 = CARTESIAN_POINT('',(-0.198012473996,-9.990173625558));
#1149 = CARTESIAN_POINT('',(-0.370003957487,-9.973061320021));
#1150 = CARTESIAN_POINT('',(-0.539090527535,-9.933720643015));
#1151 = CARTESIAN_POINT('',(-0.701020772173,-9.873117689021));
#1152 = CARTESIAN_POINT('',(-0.926083218508,-9.788887290237));
#1153 = CARTESIAN_POINT('',(-1.137016619092,-9.663708319538));
#1154 = CARTESIAN_POINT('',(-1.321946727662,-9.500818726288));
#1155 = CARTESIAN_POINT('',(-1.475824464426,-9.365280591661));
#1156 = CARTESIAN_POINT('',(-1.610608377841,-9.204554200762));
#1157 = CARTESIAN_POINT('',(-1.719041492859,-9.022201714724));
#1158 = CARTESIAN_POINT('',(-1.806725166264,-8.874743663485));
#1159 = CARTESIAN_POINT('',(-1.876267417581,-8.714619333507));
#1160 = CARTESIAN_POINT('',(-1.92429707554,-8.545051158192));
#1161 = CARTESIAN_POINT('',(-1.956799754707,-8.430300809484));
#1162 = CARTESIAN_POINT('',(-1.979197804154,-8.312083389949));
#1163 = CARTESIAN_POINT('',(-1.990788968463,-8.19172710565));
#1164 = CARTESIAN_POINT('',(-1.995563814716,-8.142147724504));
#1165 = CARTESIAN_POINT('',(-1.998494556743,-8.092306905782));
#1166 = CARTESIAN_POINT('',(-1.999552468458,-8.042307515671));
#1167 = CARTESIAN_POINT('',(-1.999850675541,-8.028213549175));
#1168 = CARTESIAN_POINT('',(-2.,-8.014110256464));
#1169 = CARTESIAN_POINT('',(-2.,-7.999999999984));
#1170 = ( GEOMETRIC_REPRESENTATION_CONTEXT(2) 
PARAMETRIC_REPRESENTATION_CONTEXT() REPRESENTATION_CONTEXT('2D SPACE',''
  ) );
#1171 = PCURVE('',#1172,#1209);
#1172 = B_SPLINE_SURFACE_WITH_KNOTS('',3,1,(
    (#1173,#1174)
    ,(#1175,#1176)
    ,(#1177,#1178)
    ,(#1179,#1180)
    ,(#1181,#1182)
    ,(#1183,#1184)
    ,(#1185,#1186)
    ,(#1187,#1188)
    ,(#1189,#1190)
    ,(#1191,#1192)
    ,(#1193,#1194)
    ,(#1195,#1196)
    ,(#1197,#1198)
    ,(#1199,#1200)
    ,(#1201,#1202)
    ,(#1203,#1204)
    ,(#1205,#1206)
    ,(#1207,#1208
  )),.UNSPECIFIED.,.F.,.F.,.F.,(4,2,2,2,2,2,2,2,4),(2,2),(
    -0.727202171825,-0.686089599894,-0.628028918683,-0.547331955749,
    -0.48018515031,-0.425887359849,-0.389142903657,-0.374006449344,
    -0.3697397437),(-0.30000450681,0.156143989126),.UNSPECIFIED.);
#1173 = CARTESIAN_POINT('',(28.9999549319,-9.992745833853,
    22.786135884601));
#1174 = CARTESIAN_POINT('',(33.561439891256,-9.992745833853,
    22.786135884601));
#1175 = CARTESIAN_POINT('',(28.9999549319,-10.00326361936,
    22.662982418844));
#1176 = CARTESIAN_POINT('',(33.561439891256,-10.00326361936,
    22.662982418844));
#1177 = CARTESIAN_POINT('',(28.9999549319,-10.00229079122,
    22.539721744573));
#1178 = CARTESIAN_POINT('',(33.561439891256,-10.00229079122,
    22.539721744573));
#1179 = CARTESIAN_POINT('',(28.9999549319,-9.973061320037,
    22.245943673514));
#1180 = CARTESIAN_POINT('',(33.561439891256,-9.973061320037,
    22.245943673514));
#1181 = CARTESIAN_POINT('',(28.9999549319,-9.933720643031,
    22.076857103466));
#1182 = CARTESIAN_POINT('',(33.561439891256,-9.933720643031,
    22.076857103466));
#1183 = CARTESIAN_POINT('',(28.9999549319,-9.788887290252,
    21.689864412493));
#1184 = CARTESIAN_POINT('',(33.561439891256,-9.788887290252,
    21.689864412493));
#1185 = CARTESIAN_POINT('',(28.9999549319,-9.663708319554,
    21.478931011909));
#1186 = CARTESIAN_POINT('',(33.561439891256,-9.663708319554,
    21.478931011909));
#1187 = CARTESIAN_POINT('',(28.9999549319,-9.365280591677,
    21.140123166575));
#1188 = CARTESIAN_POINT('',(33.561439891256,-9.365280591677,
    21.140123166575));
#1189 = CARTESIAN_POINT('',(28.9999549319,-9.204554200778,21.00533925316
    ));
#1190 = CARTESIAN_POINT('',(33.561439891256,-9.204554200778,
    21.00533925316));
#1191 = CARTESIAN_POINT('',(28.9999549319,-8.874743663501,
    20.809222464737));
#1192 = CARTESIAN_POINT('',(33.561439891256,-8.874743663501,
    20.809222464737));
#1193 = CARTESIAN_POINT('',(28.9999549319,-8.714619333522,20.73968021342
    ));
#1194 = CARTESIAN_POINT('',(33.561439891256,-8.714619333522,
    20.73968021342));
#1195 = CARTESIAN_POINT('',(28.9999549319,-8.4303008095,20.659147876294)
  );
#1196 = CARTESIAN_POINT('',(33.561439891256,-8.4303008095,
    20.659147876294));
#1197 = CARTESIAN_POINT('',(28.9999549319,-8.312083389965,
    20.636749826847));
#1198 = CARTESIAN_POINT('',(33.561439891256,-8.312083389965,
    20.636749826847));
#1199 = CARTESIAN_POINT('',(28.9999549319,-8.142147724519,
    20.620383816285));
#1200 = CARTESIAN_POINT('',(33.561439891256,-8.142147724519,
    20.620383816285));
#1201 = CARTESIAN_POINT('',(28.9999549319,-8.092306905797,
    20.617453074258));
#1202 = CARTESIAN_POINT('',(33.561439891256,-8.092306905797,
    20.617453074258));
#1203 = CARTESIAN_POINT('',(28.9999549319,-8.02821354919,20.61609695546)
  );
#1204 = CARTESIAN_POINT('',(33.561439891256,-8.02821354919,
    20.61609695546));
#1205 = CARTESIAN_POINT('',(28.9999549319,-8.01411025648,20.615947631001
    ));
#1206 = CARTESIAN_POINT('',(33.561439891256,-8.01411025648,
    20.615947631001));
#1207 = CARTESIAN_POINT('',(28.9999549319,-8.,20.615947631001));
#1208 = CARTESIAN_POINT('',(33.561439891256,-8.,20.615947631001));
#1209 = DEFINITIONAL_REPRESENTATION('',(#1210),#1213);
#1210 = B_SPLINE_CURVE_WITH_KNOTS('',1,(#1211,#1212),.UNSPECIFIED.,.F.,
  .F.,(2,2),(-0.332033993678,0.),.PIECEWISE_BEZIER_KNOTS.);
#1211 = CARTESIAN_POINT('',(-0.727202171825,-0.2));
#1212 = CARTESIAN_POINT('',(-0.3697397437,-0.2));
#1213 = ( GEOMETRIC_REPRESENTATION_CONTEXT(2) 
PARAMETRIC_REPRESENTATION_CONTEXT() REPRESENTATION_CONTEXT('2D SPACE',''
  ) );
#1214 = ORIENTED_EDGE('',*,*,#1215,.F.);
#1215 = EDGE_CURVE('',#1216,#1113,#1218,.T.);
#1216 = VERTEX_POINT('',#1217);
#1217 = CARTESIAN_POINT('',(30.,-9.846924111378,23.383327150411));
#1218 = SURFACE_CURVE('',#1219,(#1224,#1232),.PCURVE_S1.);
#1219 = B_SPLINE_CURVE_WITH_KNOTS('',3,(#1220,#1221,#1222,#1223),
  .UNSPECIFIED.,.F.,.F.,(4,4),(-6.174887916773E-02,0.),
  .PIECEWISE_BEZIER_KNOTS.);
#1220 = CARTESIAN_POINT('',(30.,-9.846924111378,23.383327150411));
#1221 = CARTESIAN_POINT('',(30.,-9.925332283871,23.194614863149));
#1222 = CARTESIAN_POINT('',(30.,-9.975048555321,22.993354522308));
#1223 = CARTESIAN_POINT('',(30.,-9.992745833853,22.786135884601));
#1224 = PCURVE('',#128,#1225);
#1225 = DEFINITIONAL_REPRESENTATION('',(#1226),#1231);
#1226 = B_SPLINE_CURVE_WITH_KNOTS('',3,(#1227,#1228,#1229,#1230),
  .UNSPECIFIED.,.F.,.F.,(4,4),(-6.174887916773E-02,0.),
  .PIECEWISE_BEZIER_KNOTS.);
#1227 = CARTESIAN_POINT('',(0.767379519411,-9.846924111362));
#1228 = CARTESIAN_POINT('',(0.578667232148,-9.925332283855));
#1229 = CARTESIAN_POINT('',(0.377406891307,-9.975048555305));
#1230 = CARTESIAN_POINT('',(0.1701882536,-9.992745833837));
#1231 = ( GEOMETRIC_REPRESENTATION_CONTEXT(2) 
PARAMETRIC_REPRESENTATION_CONTEXT() REPRESENTATION_CONTEXT('2D SPACE',''
  ) );
#1232 = PCURVE('',#1233,#1242);
#1233 = B_SPLINE_SURFACE_WITH_KNOTS('',3,1,(
    (#1234,#1235)
    ,(#1236,#1237)
    ,(#1238,#1239)
    ,(#1240,#1241
    )),.UNSPECIFIED.,.F.,.F.,.F.,(4,4),(2,2),(-6.905236909538E-02,0.),(
    -0.300010144629,5.001014462856E-02),.PIECEWISE_BEZIER_KNOTS.);
#1234 = CARTESIAN_POINT('',(28.999898553714,-9.846924111378,
    23.383327150411));
#1235 = CARTESIAN_POINT('',(32.500101446286,-9.846924111378,
    23.383327150411));
#1236 = CARTESIAN_POINT('',(28.999898553714,-9.925332283871,
    23.194614863149));
#1237 = CARTESIAN_POINT('',(32.500101446286,-9.925332283871,
    23.194614863149));
#1238 = CARTESIAN_POINT('',(28.999898553714,-9.975048555321,
    22.993354522308));
#1239 = CARTESIAN_POINT('',(32.500101446286,-9.975048555321,
    22.993354522308));
#1240 = CARTESIAN_POINT('',(28.999898553714,-9.992745833853,
    22.786135884601));
#1241 = CARTESIAN_POINT('',(32.500101446286,-9.992745833853,
    22.786135884601));
#1242 = DEFINITIONAL_REPRESENTATION('',(#1243),#1246);
#1243 = B_SPLINE_CURVE_WITH_KNOTS('',1,(#1244,#1245),.UNSPECIFIED.,.F.,
  .F.,(2,2),(-6.174887916773E-02,0.),.PIECEWISE_BEZIER_KNOTS.);
#1244 = CARTESIAN_POINT('',(-6.905236909538E-02,-0.2));
#1245 = CARTESIAN_POINT('',(3.928382659742E-16,-0.2));
#1246 = ( GEOMETRIC_REPRESENTATION_CONTEXT(2) 
PARAMETRIC_REPRESENTATION_CONTEXT() REPRESENTATION_CONTEXT('2D SPACE',''
  ) );
#1247 = ORIENTED_EDGE('',*,*,#1248,.F.);
#1248 = EDGE_CURVE('',#347,#1216,#1249,.T.);
#1249 = SURFACE_CURVE('',#1250,(#1255,#1266),.PCURVE_S1.);
#1250 = CIRCLE('',#1251,2.);
#1251 = AXIS2_PLACEMENT_3D('',#1252,#1253,#1254);
#1252 = CARTESIAN_POINT('',(30.,-8.,22.615947631001));
#1253 = DIRECTION('',(1.,0.,-0.));
#1254 = DIRECTION('',(0.,0.,1.));
#1255 = PCURVE('',#128,#1256);
#1256 = DEFINITIONAL_REPRESENTATION('',(#1257),#1265);
#1257 = ( BOUNDED_CURVE() B_SPLINE_CURVE(2,(#1258,#1259,#1260,#1261,
#1262,#1263,#1264),.UNSPECIFIED.,.T.,.F.) B_SPLINE_CURVE_WITH_KNOTS((1,2
    ,2,2,2,1),(-2.094395102393,0.,2.094395102393,4.188790204786,
6.28318530718,8.377580409573),.UNSPECIFIED.) CURVE() 
GEOMETRIC_REPRESENTATION_ITEM() RATIONAL_B_SPLINE_CURVE((1.,0.5,1.,0.5,
1.,0.5,1.)) REPRESENTATION_ITEM('') );
#1258 = CARTESIAN_POINT('',(2.,-7.999999999984));
#1259 = CARTESIAN_POINT('',(2.,-11.46410161512));
#1260 = CARTESIAN_POINT('',(-1.,-9.732050807553));
#1261 = CARTESIAN_POINT('',(-4.,-7.999999999984));
#1262 = CARTESIAN_POINT('',(-1.,-6.267949192415));
#1263 = CARTESIAN_POINT('',(2.,-4.535898384847));
#1264 = CARTESIAN_POINT('',(2.,-7.999999999984));
#1265 = ( GEOMETRIC_REPRESENTATION_CONTEXT(2) 
PARAMETRIC_REPRESENTATION_CONTEXT() REPRESENTATION_CONTEXT('2D SPACE',''
  ) );
#1266 = PCURVE('',#385,#1267);
#1267 = DEFINITIONAL_REPRESENTATION('',(#1268),#1272);
#1268 = LINE('',#1269,#1270);
#1269 = CARTESIAN_POINT('',(6.28318530718,8.));
#1270 = VECTOR('',#1271,1.);
#1271 = DIRECTION('',(-1.,0.));
#1272 = ( GEOMETRIC_REPRESENTATION_CONTEXT(2) 
PARAMETRIC_REPRESENTATION_CONTEXT() REPRESENTATION_CONTEXT('2D SPACE',''
  ) );
#1273 = ORIENTED_EDGE('',*,*,#346,.F.);
#1274 = ORIENTED_EDGE('',*,*,#316,.F.);
#1275 = ORIENTED_EDGE('',*,*,#1276,.F.);
#1276 = EDGE_CURVE('',#1277,#232,#1279,.T.);
#1277 = VERTEX_POINT('',#1278);
#1278 = CARTESIAN_POINT('',(30.,-8.,25.615947631001));
#1279 = SURFACE_CURVE('',#1280,(#1285,#1292),.PCURVE_S1.);
#1280 = CIRCLE('',#1281,1.);
#1281 = AXIS2_PLACEMENT_3D('',#1282,#1283,#1284);
#1282 = CARTESIAN_POINT('',(30.,-8.,24.615947631001));
#1283 = DIRECTION('',(-1.,0.,0.));
#1284 = DIRECTION('',(0.,0.707106781187,0.707106781187));
#1285 = PCURVE('',#128,#1286);
#1286 = DEFINITIONAL_REPRESENTATION('',(#1287),#1291);
#1287 = CIRCLE('',#1288,1.);
#1288 = AXIS2_PLACEMENT_2D('',#1289,#1290);
#1289 = CARTESIAN_POINT('',(2.,-7.999999999984));
#1290 = DIRECTION('',(0.707106781187,0.707106781187));
#1291 = ( GEOMETRIC_REPRESENTATION_CONTEXT(2) 
PARAMETRIC_REPRESENTATION_CONTEXT() REPRESENTATION_CONTEXT('2D SPACE',''
  ) );
#1292 = PCURVE('',#252,#1293);
#1293 = DEFINITIONAL_REPRESENTATION('',(#1294),#1298);
#1294 = LINE('',#1295,#1296);
#1295 = CARTESIAN_POINT('',(6.28318530718,1.));
#1296 = VECTOR('',#1297,1.);
#1297 = DIRECTION('',(-1.,0.));
#1298 = ( GEOMETRIC_REPRESENTATION_CONTEXT(2) 
PARAMETRIC_REPRESENTATION_CONTEXT() REPRESENTATION_CONTEXT('2D SPACE',''
  ) );
#1299 = ORIENTED_EDGE('',*,*,#1300,.T.);
#1300 = EDGE_CURVE('',#1277,#1301,#1303,.T.);
#1301 = VERTEX_POINT('',#1302);
#1302 = CARTESIAN_POINT('',(30.,-9.000000000016,25.615947631001));
#1303 = SURFACE_CURVE('',#1304,(#1308,#1315),.PCURVE_S1.);
#1304 = LINE('',#1305,#1306);
#1305 = CARTESIAN_POINT('',(30.,-4.500000000016,25.615947631001));
#1306 = VECTOR('',#1307,1.);
#1307 = DIRECTION('',(0.,-1.,-8.88178419701E-15));
#1308 = PCURVE('',#128,#1309);
#1309 = DEFINITIONAL_REPRESENTATION('',(#1310),#1314);
#1310 = LINE('',#1311,#1312);
#1311 = CARTESIAN_POINT('',(3.,-4.5));
#1312 = VECTOR('',#1313,1.);
#1313 = DIRECTION('',(-8.88178419701E-15,-1.));
#1314 = ( GEOMETRIC_REPRESENTATION_CONTEXT(2) 
PARAMETRIC_REPRESENTATION_CONTEXT() REPRESENTATION_CONTEXT('2D SPACE',''
  ) );
#1315 = PCURVE('',#1316,#1321);
#1316 = PLANE('',#1317);
#1317 = AXIS2_PLACEMENT_3D('',#1318,#1319,#1320);
#1318 = CARTESIAN_POINT('',(29.,-7.,25.615947631001));
#1319 = DIRECTION('',(0.,-8.88178419701E-15,1.));
#1320 = DIRECTION('',(0.,-1.,-8.88178419701E-15));
#1321 = DEFINITIONAL_REPRESENTATION('',(#1322),#1326);
#1322 = LINE('',#1323,#1324);
#1323 = CARTESIAN_POINT('',(-2.499999999984,1.));
#1324 = VECTOR('',#1325,1.);
#1325 = DIRECTION('',(1.,0.));
#1326 = ( GEOMETRIC_REPRESENTATION_CONTEXT(2) 
PARAMETRIC_REPRESENTATION_CONTEXT() REPRESENTATION_CONTEXT('2D SPACE',''
  ) );
#1327 = ORIENTED_EDGE('',*,*,#1328,.T.);
#1328 = EDGE_CURVE('',#1301,#1329,#1331,.T.);
#1329 = VERTEX_POINT('',#1330);
#1330 = CARTESIAN_POINT('',(30.,-11.00000000001,23.615947631));
#1331 = SURFACE_CURVE('',#1332,(#1337,#1348),.PCURVE_S1.);
#1332 = CIRCLE('',#1333,2.);
#1333 = AXIS2_PLACEMENT_3D('',#1334,#1335,#1336);
#1334 = CARTESIAN_POINT('',(30.,-9.000000000016,23.615947631));
#1335 = DIRECTION('',(1.,0.,0.));
#1336 = DIRECTION('',(0.,-1.,0.));
#1337 = PCURVE('',#128,#1338);
#1338 = DEFINITIONAL_REPRESENTATION('',(#1339),#1347);
#1339 = ( BOUNDED_CURVE() B_SPLINE_CURVE(2,(#1340,#1341,#1342,#1343,
#1344,#1345,#1346),.UNSPECIFIED.,.T.,.F.) B_SPLINE_CURVE_WITH_KNOTS((1,2
    ,2,2,2,1),(-2.094395102393,0.,2.094395102393,4.188790204786,
6.28318530718,8.377580409573),.UNSPECIFIED.) CURVE() 
GEOMETRIC_REPRESENTATION_ITEM() RATIONAL_B_SPLINE_CURVE((1.,0.5,1.,0.5,
1.,0.5,1.)) REPRESENTATION_ITEM('') );
#1340 = CARTESIAN_POINT('',(0.999999999999,-11.));
#1341 = CARTESIAN_POINT('',(-2.464101615139,-11.));
#1342 = CARTESIAN_POINT('',(-0.73205080757,-8.));
#1343 = CARTESIAN_POINT('',(0.999999999999,-5.));
#1344 = CARTESIAN_POINT('',(2.732050807568,-8.));
#1345 = CARTESIAN_POINT('',(4.464101615137,-11.));
#1346 = CARTESIAN_POINT('',(0.999999999999,-11.));
#1347 = ( GEOMETRIC_REPRESENTATION_CONTEXT(2) 
PARAMETRIC_REPRESENTATION_CONTEXT() REPRESENTATION_CONTEXT('2D SPACE',''
  ) );
#1348 = PCURVE('',#1349,#1354);
#1349 = CYLINDRICAL_SURFACE('',#1350,2.);
#1350 = AXIS2_PLACEMENT_3D('',#1351,#1352,#1353);
#1351 = CARTESIAN_POINT('',(29.,-9.000000000016,23.615947631));
#1352 = DIRECTION('',(1.,0.,0.));
#1353 = DIRECTION('',(0.,-1.,0.));
#1354 = DEFINITIONAL_REPRESENTATION('',(#1355),#1359);
#1355 = LINE('',#1356,#1357);
#1356 = CARTESIAN_POINT('',(0.,1.));
#1357 = VECTOR('',#1358,1.);
#1358 = DIRECTION('',(1.,0.));
#1359 = ( GEOMETRIC_REPRESENTATION_CONTEXT(2) 
PARAMETRIC_REPRESENTATION_CONTEXT() REPRESENTATION_CONTEXT('2D SPACE',''
  ) );
#1360 = ORIENTED_EDGE('',*,*,#1361,.T.);
#1361 = EDGE_CURVE('',#1329,#1362,#1364,.T.);
#1362 = VERTEX_POINT('',#1363);
#1363 = CARTESIAN_POINT('',(30.,-11.00000000001,21.615947631008));
#1364 = SURFACE_CURVE('',#1365,(#1369,#1376),.PCURVE_S1.);
#1365 = LINE('',#1366,#1367);
#1366 = CARTESIAN_POINT('',(30.,-11.00000000001,22.115947631005));
#1367 = VECTOR('',#1368,1.);
#1368 = DIRECTION('',(0.,-1.387778780787E-13,-1.));
#1369 = PCURVE('',#128,#1370);
#1370 = DEFINITIONAL_REPRESENTATION('',(#1371),#1375);
#1371 = LINE('',#1372,#1373);
#1372 = CARTESIAN_POINT('',(-0.499999999996,-11.));
#1373 = VECTOR('',#1374,1.);
#1374 = DIRECTION('',(-1.,-1.387778780787E-13));
#1375 = ( GEOMETRIC_REPRESENTATION_CONTEXT(2) 
PARAMETRIC_REPRESENTATION_CONTEXT() REPRESENTATION_CONTEXT('2D SPACE',''
  ) );
#1376 = PCURVE('',#1377,#1382);
#1377 = PLANE('',#1378);
#1378 = AXIS2_PLACEMENT_3D('',#1379,#1380,#1381);
#1379 = CARTESIAN_POINT('',(29.,-11.00000000001,23.615947631));
#1380 = DIRECTION('',(0.,-1.,1.387778780787E-13));
#1381 = DIRECTION('',(0.,-1.387778780787E-13,-1.));
#1382 = DEFINITIONAL_REPRESENTATION('',(#1383),#1387);
#1383 = LINE('',#1384,#1385);
#1384 = CARTESIAN_POINT('',(1.499999999995,1.));
#1385 = VECTOR('',#1386,1.);
#1386 = DIRECTION('',(1.,0.));
#1387 = ( GEOMETRIC_REPRESENTATION_CONTEXT(2) 
PARAMETRIC_REPRESENTATION_CONTEXT() REPRESENTATION_CONTEXT('2D SPACE',''
  ) );
#1388 = ORIENTED_EDGE('',*,*,#1389,.T.);
#1389 = EDGE_CURVE('',#1362,#1015,#1390,.T.);
#1390 = SURFACE_CURVE('',#1391,(#1396,#1407),.PCURVE_S1.);
#1391 = CIRCLE('',#1392,2.000000000007);
#1392 = AXIS2_PLACEMENT_3D('',#1393,#1394,#1395);
#1393 = CARTESIAN_POINT('',(30.,-9.000000000009,21.615947631008));
#1394 = DIRECTION('',(1.,0.,0.));
#1395 = DIRECTION('',(0.,5.551115123106E-16,-1.));
#1396 = PCURVE('',#128,#1397);
#1397 = DEFINITIONAL_REPRESENTATION('',(#1398),#1406);
#1398 = ( BOUNDED_CURVE() B_SPLINE_CURVE(2,(#1399,#1400,#1401,#1402,
#1403,#1404,#1405),.UNSPECIFIED.,.T.,.F.) B_SPLINE_CURVE_WITH_KNOTS((1,2
    ,2,2,2,1),(-2.094395102393,0.,2.094395102393,4.188790204786,
6.28318530718,8.377580409573),.UNSPECIFIED.) CURVE() 
GEOMETRIC_REPRESENTATION_ITEM() RATIONAL_B_SPLINE_CURVE((1.,0.5,1.,0.5,
1.,0.5,1.)) REPRESENTATION_ITEM('') );
#1399 = CARTESIAN_POINT('',(-3.,-8.999999999993));
#1400 = CARTESIAN_POINT('',(-3.,-5.535898384843));
#1401 = CARTESIAN_POINT('',(1.061239984779E-11,-7.267949192418));
#1402 = CARTESIAN_POINT('',(3.000000000021,-8.999999999993));
#1403 = CARTESIAN_POINT('',(1.061195575858E-11,-10.73205080756));
#1404 = CARTESIAN_POINT('',(-3.,-12.46410161514));
#1405 = CARTESIAN_POINT('',(-3.,-8.999999999993));
#1406 = ( GEOMETRIC_REPRESENTATION_CONTEXT(2) 
PARAMETRIC_REPRESENTATION_CONTEXT() REPRESENTATION_CONTEXT('2D SPACE',''
  ) );
#1407 = PCURVE('',#1053,#1408);
#1408 = DEFINITIONAL_REPRESENTATION('',(#1409),#1413);
#1409 = LINE('',#1410,#1411);
#1410 = CARTESIAN_POINT('',(-1.7763568394E-15,1.));
#1411 = VECTOR('',#1412,1.);
#1412 = DIRECTION('',(1.,0.));
#1413 = ( GEOMETRIC_REPRESENTATION_CONTEXT(2) 
PARAMETRIC_REPRESENTATION_CONTEXT() REPRESENTATION_CONTEXT('2D SPACE',''
  ) );
#1414 = ORIENTED_EDGE('',*,*,#1014,.T.);
#1415 = ORIENTED_EDGE('',*,*,#148,.F.);
#1416 = ORIENTED_EDGE('',*,*,#113,.F.);
#1417 = ADVANCED_FACE('',(#1418),#252,.T.);
#1418 = FACE_BOUND('',#1419,.T.);
#1419 = EDGE_LOOP('',(#1420,#1421,#1449,#1470));
#1420 = ORIENTED_EDGE('',*,*,#229,.F.);
#1421 = ORIENTED_EDGE('',*,*,#1422,.T.);
#1422 = EDGE_CURVE('',#230,#1423,#1425,.T.);
#1423 = VERTEX_POINT('',#1424);
#1424 = CARTESIAN_POINT('',(29.,-8.,25.615947631001));
#1425 = SURFACE_CURVE('',#1426,(#1431,#1438),.PCURVE_S1.);
#1426 = CIRCLE('',#1427,1.);
#1427 = AXIS2_PLACEMENT_3D('',#1428,#1429,#1430);
#1428 = CARTESIAN_POINT('',(29.,-8.,24.615947631001));
#1429 = DIRECTION('',(1.,0.,0.));
#1430 = DIRECTION('',(-0.,0.707106781187,0.707106781187));
#1431 = PCURVE('',#252,#1432);
#1432 = DEFINITIONAL_REPRESENTATION('',(#1433),#1437);
#1433 = LINE('',#1434,#1435);
#1434 = CARTESIAN_POINT('',(-6.28318530718,0.));
#1435 = VECTOR('',#1436,1.);
#1436 = DIRECTION('',(1.,0.));
#1437 = ( GEOMETRIC_REPRESENTATION_CONTEXT(2) 
PARAMETRIC_REPRESENTATION_CONTEXT() REPRESENTATION_CONTEXT('2D SPACE',''
  ) );
#1438 = PCURVE('',#73,#1439);
#1439 = DEFINITIONAL_REPRESENTATION('',(#1440),#1448);
#1440 = ( BOUNDED_CURVE() B_SPLINE_CURVE(2,(#1441,#1442,#1443,#1444,
#1445,#1446,#1447),.UNSPECIFIED.,.T.,.F.) B_SPLINE_CURVE_WITH_KNOTS((1,2
    ,2,2,2,1),(-2.094395102393,0.,2.094395102393,4.188790204786,
6.28318530718,8.377580409573),.UNSPECIFIED.) CURVE() 
GEOMETRIC_REPRESENTATION_ITEM() RATIONAL_B_SPLINE_CURVE((1.,0.5,1.,0.5,
1.,0.5,1.)) REPRESENTATION_ITEM('') );
#1441 = CARTESIAN_POINT('',(4.125014210586E-02,2.707118048211));
#1442 = CARTESIAN_POINT('',(1.265995013497,3.931862919603));
#1443 = CARTESIAN_POINT('',(1.714282749581,2.258830312127));
#1444 = CARTESIAN_POINT('',(2.162570485665,0.585797704652));
#1445 = CARTESIAN_POINT('',(0.48953787819,1.034085440736));
#1446 = CARTESIAN_POINT('',(-1.183494729286,1.48237317682));
#1447 = CARTESIAN_POINT('',(4.125014210586E-02,2.707118048211));
#1448 = ( GEOMETRIC_REPRESENTATION_CONTEXT(2) 
PARAMETRIC_REPRESENTATION_CONTEXT() REPRESENTATION_CONTEXT('2D SPACE',''
  ) );
#1449 = ORIENTED_EDGE('',*,*,#1450,.T.);
#1450 = EDGE_CURVE('',#1423,#1277,#1451,.T.);
#1451 = SURFACE_CURVE('',#1452,(#1456,#1463),.PCURVE_S1.);
#1452 = LINE('',#1453,#1454);
#1453 = CARTESIAN_POINT('',(29.,-8.,25.615947631001));
#1454 = VECTOR('',#1455,1.);
#1455 = DIRECTION('',(1.,0.,0.));
#1456 = PCURVE('',#252,#1457);
#1457 = DEFINITIONAL_REPRESENTATION('',(#1458),#1462);
#1458 = LINE('',#1459,#1460);
#1459 = CARTESIAN_POINT('',(0.785398163397,0.));
#1460 = VECTOR('',#1461,1.);
#1461 = DIRECTION('',(0.,1.));
#1462 = ( GEOMETRIC_REPRESENTATION_CONTEXT(2) 
PARAMETRIC_REPRESENTATION_CONTEXT() REPRESENTATION_CONTEXT('2D SPACE',''
  ) );
#1463 = PCURVE('',#1316,#1464);
#1464 = DEFINITIONAL_REPRESENTATION('',(#1465),#1469);
#1465 = LINE('',#1466,#1467);
#1466 = CARTESIAN_POINT('',(1.,0.));
#1467 = VECTOR('',#1468,1.);
#1468 = DIRECTION('',(0.,1.));
#1469 = ( GEOMETRIC_REPRESENTATION_CONTEXT(2) 
PARAMETRIC_REPRESENTATION_CONTEXT() REPRESENTATION_CONTEXT('2D SPACE',''
  ) );
#1470 = ORIENTED_EDGE('',*,*,#1276,.T.);
#1471 = ADVANCED_FACE('',(#1472),#1316,.T.);
#1472 = FACE_BOUND('',#1473,.T.);
#1473 = EDGE_LOOP('',(#1474,#1475,#1498,#1519));
#1474 = ORIENTED_EDGE('',*,*,#1450,.F.);
#1475 = ORIENTED_EDGE('',*,*,#1476,.T.);
#1476 = EDGE_CURVE('',#1423,#1477,#1479,.T.);
#1477 = VERTEX_POINT('',#1478);
#1478 = CARTESIAN_POINT('',(29.,-9.000000000016,25.615947631001));
#1479 = SURFACE_CURVE('',#1480,(#1484,#1491),.PCURVE_S1.);
#1480 = LINE('',#1481,#1482);
#1481 = CARTESIAN_POINT('',(29.,-4.500000000016,25.615947631001));
#1482 = VECTOR('',#1483,1.);
#1483 = DIRECTION('',(0.,-1.,-8.88178419701E-15));
#1484 = PCURVE('',#1316,#1485);
#1485 = DEFINITIONAL_REPRESENTATION('',(#1486),#1490);
#1486 = LINE('',#1487,#1488);
#1487 = CARTESIAN_POINT('',(-2.499999999984,0.));
#1488 = VECTOR('',#1489,1.);
#1489 = DIRECTION('',(1.,0.));
#1490 = ( GEOMETRIC_REPRESENTATION_CONTEXT(2) 
PARAMETRIC_REPRESENTATION_CONTEXT() REPRESENTATION_CONTEXT('2D SPACE',''
  ) );
#1491 = PCURVE('',#73,#1492);
#1492 = DEFINITIONAL_REPRESENTATION('',(#1493),#1497);
#1493 = LINE('',#1494,#1495);
#1494 = CARTESIAN_POINT('',(-2.751643076692,3.000011267025));
#1495 = VECTOR('',#1496,1.);
#1496 = DIRECTION('',(1.,-8.88178419701E-15));
#1497 = ( GEOMETRIC_REPRESENTATION_CONTEXT(2) 
PARAMETRIC_REPRESENTATION_CONTEXT() REPRESENTATION_CONTEXT('2D SPACE',''
  ) );
#1498 = ORIENTED_EDGE('',*,*,#1499,.T.);
#1499 = EDGE_CURVE('',#1477,#1301,#1500,.T.);
#1500 = SURFACE_CURVE('',#1501,(#1505,#1512),.PCURVE_S1.);
#1501 = LINE('',#1502,#1503);
#1502 = CARTESIAN_POINT('',(29.,-9.000000000016,25.615947631001));
#1503 = VECTOR('',#1504,1.);
#1504 = DIRECTION('',(1.,0.,0.));
#1505 = PCURVE('',#1316,#1506);
#1506 = DEFINITIONAL_REPRESENTATION('',(#1507),#1511);
#1507 = LINE('',#1508,#1509);
#1508 = CARTESIAN_POINT('',(2.000000000016,0.));
#1509 = VECTOR('',#1510,1.);
#1510 = DIRECTION('',(0.,1.));
#1511 = ( GEOMETRIC_REPRESENTATION_CONTEXT(2) 
PARAMETRIC_REPRESENTATION_CONTEXT() REPRESENTATION_CONTEXT('2D SPACE',''
  ) );
#1512 = PCURVE('',#1349,#1513);
#1513 = DEFINITIONAL_REPRESENTATION('',(#1514),#1518);
#1514 = LINE('',#1515,#1516);
#1515 = CARTESIAN_POINT('',(4.712388980385,0.));
#1516 = VECTOR('',#1517,1.);
#1517 = DIRECTION('',(0.,1.));
#1518 = ( GEOMETRIC_REPRESENTATION_CONTEXT(2) 
PARAMETRIC_REPRESENTATION_CONTEXT() REPRESENTATION_CONTEXT('2D SPACE',''
  ) );
#1519 = ORIENTED_EDGE('',*,*,#1300,.F.);
#1520 = ADVANCED_FACE('',(#1521),#1536,.T.);
#1521 = FACE_BOUND('',#1522,.T.);
#1522 = EDGE_LOOP('',(#1523,#1554,#1582,#1610));
#1523 = ORIENTED_EDGE('',*,*,#1524,.T.);
#1524 = EDGE_CURVE('',#1525,#1527,#1529,.T.);
#1525 = VERTEX_POINT('',#1526);
#1526 = CARTESIAN_POINT('',(30.,7.732050807569,19.615947631001));
#1527 = VERTEX_POINT('',#1528);
#1528 = CARTESIAN_POINT('',(30.,6.866025403784,20.115947631001));
#1529 = SURFACE_CURVE('',#1530,(#1535,#1547),.PCURVE_S1.);
#1530 = CIRCLE('',#1531,1.);
#1531 = AXIS2_PLACEMENT_3D('',#1532,#1533,#1534);
#1532 = CARTESIAN_POINT('',(30.,7.732050807569,20.615947631001));
#1533 = DIRECTION('',(-1.,0.,0.));
#1534 = DIRECTION('',(-0.,-0.5,-0.866025403784));
#1535 = PCURVE('',#1536,#1541);
#1536 = CYLINDRICAL_SURFACE('',#1537,1.);
#1537 = AXIS2_PLACEMENT_3D('',#1538,#1539,#1540);
#1538 = CARTESIAN_POINT('',(33.5,7.732050807569,20.615947631001));
#1539 = DIRECTION('',(1.,0.,0.));
#1540 = DIRECTION('',(0.,-0.5,-0.866025403784));
#1541 = DEFINITIONAL_REPRESENTATION('',(#1542),#1546);
#1542 = LINE('',#1543,#1544);
#1543 = CARTESIAN_POINT('',(6.28318530718,-3.5));
#1544 = VECTOR('',#1545,1.);
#1545 = DIRECTION('',(-1.,0.));
#1546 = ( GEOMETRIC_REPRESENTATION_CONTEXT(2) 
PARAMETRIC_REPRESENTATION_CONTEXT() REPRESENTATION_CONTEXT('2D SPACE',''
  ) );
#1547 = PCURVE('',#549,#1548);
#1548 = DEFINITIONAL_REPRESENTATION('',(#1549),#1553);
#1549 = CIRCLE('',#1550,1.);
#1550 = AXIS2_PLACEMENT_2D('',#1551,#1552);
#1551 = CARTESIAN_POINT('',(-2.,7.732050807585));
#1552 = DIRECTION('',(-0.866025403784,-0.5));
#1553 = ( GEOMETRIC_REPRESENTATION_CONTEXT(2) 
PARAMETRIC_REPRESENTATION_CONTEXT() REPRESENTATION_CONTEXT('2D SPACE',''
  ) );
#1554 = ORIENTED_EDGE('',*,*,#1555,.T.);
#1555 = EDGE_CURVE('',#1527,#1556,#1558,.T.);
#1556 = VERTEX_POINT('',#1557);
#1557 = CARTESIAN_POINT('',(29.,6.866025403784,20.115947631001));
#1558 = SURFACE_CURVE('',#1559,(#1563,#1570),.PCURVE_S1.);
#1559 = LINE('',#1560,#1561);
#1560 = CARTESIAN_POINT('',(33.5,6.866025403784,20.115947631001));
#1561 = VECTOR('',#1562,1.);
#1562 = DIRECTION('',(-1.,0.,0.));
#1563 = PCURVE('',#1536,#1564);
#1564 = DEFINITIONAL_REPRESENTATION('',(#1565),#1569);
#1565 = LINE('',#1566,#1567);
#1566 = CARTESIAN_POINT('',(-0.523598775598,0.));
#1567 = VECTOR('',#1568,1.);
#1568 = DIRECTION('',(0.,-1.));
#1569 = ( GEOMETRIC_REPRESENTATION_CONTEXT(2) 
PARAMETRIC_REPRESENTATION_CONTEXT() REPRESENTATION_CONTEXT('2D SPACE',''
  ) );
#1570 = PCURVE('',#1571,#1576);
#1571 = CYLINDRICAL_SURFACE('',#1572,1.);
#1572 = AXIS2_PLACEMENT_3D('',#1573,#1574,#1575);
#1573 = CARTESIAN_POINT('',(33.5,6.,19.615947631001));
#1574 = DIRECTION('',(1.,0.,0.));
#1575 = DIRECTION('',(-0.,0.707106781187,0.707106781187));
#1576 = DEFINITIONAL_REPRESENTATION('',(#1577),#1581);
#1577 = LINE('',#1578,#1579);
#1578 = CARTESIAN_POINT('',(-0.261799387799,0.));
#1579 = VECTOR('',#1580,1.);
#1580 = DIRECTION('',(0.,-1.));
#1581 = ( GEOMETRIC_REPRESENTATION_CONTEXT(2) 
PARAMETRIC_REPRESENTATION_CONTEXT() REPRESENTATION_CONTEXT('2D SPACE',''
  ) );
#1582 = ORIENTED_EDGE('',*,*,#1583,.T.);
#1583 = EDGE_CURVE('',#1556,#1584,#1586,.T.);
#1584 = VERTEX_POINT('',#1585);
#1585 = CARTESIAN_POINT('',(29.,7.732050807569,19.615947631001));
#1586 = SURFACE_CURVE('',#1587,(#1592,#1599),.PCURVE_S1.);
#1587 = CIRCLE('',#1588,1.);
#1588 = AXIS2_PLACEMENT_3D('',#1589,#1590,#1591);
#1589 = CARTESIAN_POINT('',(29.,7.732050807569,20.615947631001));
#1590 = DIRECTION('',(1.,0.,0.));
#1591 = DIRECTION('',(0.,-0.5,-0.866025403784));
#1592 = PCURVE('',#1536,#1593);
#1593 = DEFINITIONAL_REPRESENTATION('',(#1594),#1598);
#1594 = LINE('',#1595,#1596);
#1595 = CARTESIAN_POINT('',(-6.28318530718,-4.5));
#1596 = VECTOR('',#1597,1.);
#1597 = DIRECTION('',(1.,0.));
#1598 = ( GEOMETRIC_REPRESENTATION_CONTEXT(2) 
PARAMETRIC_REPRESENTATION_CONTEXT() REPRESENTATION_CONTEXT('2D SPACE',''
  ) );
#1599 = PCURVE('',#605,#1600);
#1600 = DEFINITIONAL_REPRESENTATION('',(#1601),#1609);
#1601 = ( BOUNDED_CURVE() B_SPLINE_CURVE(2,(#1602,#1603,#1604,#1605,
#1606,#1607,#1608),.UNSPECIFIED.,.T.,.F.) B_SPLINE_CURVE_WITH_KNOTS((1,2
    ,2,2,2,1),(-2.094395102393,0.,2.094395102393,4.188790204786,
6.28318530718,8.377580409573),.UNSPECIFIED.) CURVE() 
GEOMETRIC_REPRESENTATION_ITEM() RATIONAL_B_SPLINE_CURVE((1.,0.5,1.,0.5,
1.,0.5,1.)) REPRESENTATION_ITEM('') );
#1602 = CARTESIAN_POINT('',(2.629249802463E-02,-2.866006069857));
#1603 = CARTESIAN_POINT('',(-1.473707501975,-3.732031473641));
#1604 = CARTESIAN_POINT('',(-1.473707501975,-1.999980666073));
#1605 = CARTESIAN_POINT('',(-1.473707501975,-0.267929858504));
#1606 = CARTESIAN_POINT('',(2.629249802463E-02,-1.133955262288));
#1607 = CARTESIAN_POINT('',(1.526292498025,-1.999980666072));
#1608 = CARTESIAN_POINT('',(2.629249802463E-02,-2.866006069857));
#1609 = ( GEOMETRIC_REPRESENTATION_CONTEXT(2) 
PARAMETRIC_REPRESENTATION_CONTEXT() REPRESENTATION_CONTEXT('2D SPACE',''
  ) );
#1610 = ORIENTED_EDGE('',*,*,#1611,.T.);
#1611 = EDGE_CURVE('',#1584,#1525,#1612,.T.);
#1612 = SURFACE_CURVE('',#1613,(#1617,#1624),.PCURVE_S1.);
#1613 = LINE('',#1614,#1615);
#1614 = CARTESIAN_POINT('',(33.5,7.732050807569,19.615947631001));
#1615 = VECTOR('',#1616,1.);
#1616 = DIRECTION('',(1.,0.,0.));
#1617 = PCURVE('',#1536,#1618);
#1618 = DEFINITIONAL_REPRESENTATION('',(#1619),#1623);
#1619 = LINE('',#1620,#1621);
#1620 = CARTESIAN_POINT('',(0.523598775598,0.));
#1621 = VECTOR('',#1622,1.);
#1622 = DIRECTION('',(0.,1.));
#1623 = ( GEOMETRIC_REPRESENTATION_CONTEXT(2) 
PARAMETRIC_REPRESENTATION_CONTEXT() REPRESENTATION_CONTEXT('2D SPACE',''
  ) );
#1624 = PCURVE('',#1625,#1630);
#1625 = PLANE('',#1626);
#1626 = AXIS2_PLACEMENT_3D('',#1627,#1628,#1629);
#1627 = CARTESIAN_POINT('',(29.,7.,19.615947631001));
#1628 = DIRECTION('',(0.,3.700743415414E-16,-1.));
#1629 = DIRECTION('',(0.,1.,3.700743415414E-16));
#1630 = DEFINITIONAL_REPRESENTATION('',(#1631),#1635);
#1631 = LINE('',#1632,#1633);
#1632 = CARTESIAN_POINT('',(0.732050807569,4.5));
#1633 = VECTOR('',#1634,1.);
#1634 = DIRECTION('',(0.,1.));
#1635 = ( GEOMETRIC_REPRESENTATION_CONTEXT(2) 
PARAMETRIC_REPRESENTATION_CONTEXT() REPRESENTATION_CONTEXT('2D SPACE',''
  ) );
#1636 = ADVANCED_FACE('',(#1637),#1571,.F.);
#1637 = FACE_BOUND('',#1638,.F.);
#1638 = EDGE_LOOP('',(#1639,#1663,#1686,#1712));
#1639 = ORIENTED_EDGE('',*,*,#1640,.F.);
#1640 = EDGE_CURVE('',#1641,#1556,#1643,.T.);
#1641 = VERTEX_POINT('',#1642);
#1642 = CARTESIAN_POINT('',(29.,6.,20.615947631001));
#1643 = SURFACE_CURVE('',#1644,(#1649,#1656),.PCURVE_S1.);
#1644 = CIRCLE('',#1645,1.);
#1645 = AXIS2_PLACEMENT_3D('',#1646,#1647,#1648);
#1646 = CARTESIAN_POINT('',(29.,6.,19.615947631001));
#1647 = DIRECTION('',(-1.,0.,0.));
#1648 = DIRECTION('',(0.,0.707106781187,0.707106781187));
#1649 = PCURVE('',#1571,#1650);
#1650 = DEFINITIONAL_REPRESENTATION('',(#1651),#1655);
#1651 = LINE('',#1652,#1653);
#1652 = CARTESIAN_POINT('',(6.28318530718,-4.5));
#1653 = VECTOR('',#1654,1.);
#1654 = DIRECTION('',(-1.,0.));
#1655 = ( GEOMETRIC_REPRESENTATION_CONTEXT(2) 
PARAMETRIC_REPRESENTATION_CONTEXT() REPRESENTATION_CONTEXT('2D SPACE',''
  ) );
#1656 = PCURVE('',#605,#1657);
#1657 = DEFINITIONAL_REPRESENTATION('',(#1658),#1662);
#1658 = CIRCLE('',#1659,1.);
#1659 = AXIS2_PLACEMENT_2D('',#1660,#1661);
#1660 = CARTESIAN_POINT('',(1.258343305594,-2.999980666072));
#1661 = DIRECTION('',(-0.707106781187,0.707106781187));
#1662 = ( GEOMETRIC_REPRESENTATION_CONTEXT(2) 
PARAMETRIC_REPRESENTATION_CONTEXT() REPRESENTATION_CONTEXT('2D SPACE',''
  ) );
#1663 = ORIENTED_EDGE('',*,*,#1664,.F.);
#1664 = EDGE_CURVE('',#1665,#1641,#1667,.T.);
#1665 = VERTEX_POINT('',#1666);
#1666 = CARTESIAN_POINT('',(30.,6.,20.615947631001));
#1667 = SURFACE_CURVE('',#1668,(#1672,#1679),.PCURVE_S1.);
#1668 = LINE('',#1669,#1670);
#1669 = CARTESIAN_POINT('',(33.5,6.,20.615947631001));
#1670 = VECTOR('',#1671,1.);
#1671 = DIRECTION('',(-1.,0.,0.));
#1672 = PCURVE('',#1571,#1673);
#1673 = DEFINITIONAL_REPRESENTATION('',(#1674),#1678);
#1674 = LINE('',#1675,#1676);
#1675 = CARTESIAN_POINT('',(0.785398163397,0.));
#1676 = VECTOR('',#1677,1.);
#1677 = DIRECTION('',(0.,-1.));
#1678 = ( GEOMETRIC_REPRESENTATION_CONTEXT(2) 
PARAMETRIC_REPRESENTATION_CONTEXT() REPRESENTATION_CONTEXT('2D SPACE',''
  ) );
#1679 = PCURVE('',#44,#1680);
#1680 = DEFINITIONAL_REPRESENTATION('',(#1681),#1685);
#1681 = LINE('',#1682,#1683);
#1682 = CARTESIAN_POINT('',(2.,4.5));
#1683 = VECTOR('',#1684,1.);
#1684 = DIRECTION('',(3.214049297818E-32,1.));
#1685 = ( GEOMETRIC_REPRESENTATION_CONTEXT(2) 
PARAMETRIC_REPRESENTATION_CONTEXT() REPRESENTATION_CONTEXT('2D SPACE',''
  ) );
#1686 = ORIENTED_EDGE('',*,*,#1687,.F.);
#1687 = EDGE_CURVE('',#1527,#1665,#1688,.T.);
#1688 = SURFACE_CURVE('',#1689,(#1694,#1701),.PCURVE_S1.);
#1689 = CIRCLE('',#1690,1.);
#1690 = AXIS2_PLACEMENT_3D('',#1691,#1692,#1693);
#1691 = CARTESIAN_POINT('',(30.,6.,19.615947631001));
#1692 = DIRECTION('',(1.,0.,0.));
#1693 = DIRECTION('',(-0.,0.707106781187,0.707106781187));
#1694 = PCURVE('',#1571,#1695);
#1695 = DEFINITIONAL_REPRESENTATION('',(#1696),#1700);
#1696 = LINE('',#1697,#1698);
#1697 = CARTESIAN_POINT('',(-6.28318530718,-3.5));
#1698 = VECTOR('',#1699,1.);
#1699 = DIRECTION('',(1.,0.));
#1700 = ( GEOMETRIC_REPRESENTATION_CONTEXT(2) 
PARAMETRIC_REPRESENTATION_CONTEXT() REPRESENTATION_CONTEXT('2D SPACE',''
  ) );
#1701 = PCURVE('',#549,#1702);
#1702 = DEFINITIONAL_REPRESENTATION('',(#1703),#1711);
#1703 = ( BOUNDED_CURVE() B_SPLINE_CURVE(2,(#1704,#1705,#1706,#1707,
#1708,#1709,#1710),.UNSPECIFIED.,.T.,.F.) B_SPLINE_CURVE_WITH_KNOTS((1,2
    ,2,2,2,1),(-2.094395102393,0.,2.094395102393,4.188790204786,
6.28318530718,8.377580409573),.UNSPECIFIED.) CURVE() 
GEOMETRIC_REPRESENTATION_ITEM() RATIONAL_B_SPLINE_CURVE((1.,0.5,1.,0.5,
1.,0.5,1.)) REPRESENTATION_ITEM('') );
#1704 = CARTESIAN_POINT('',(-2.292893218813,6.707106781202));
#1705 = CARTESIAN_POINT('',(-1.068148347422,5.482361909811));
#1706 = CARTESIAN_POINT('',(-2.741180954897,5.034074173727));
#1707 = CARTESIAN_POINT('',(-4.414213562373,4.585786437643));
#1708 = CARTESIAN_POINT('',(-3.965925826289,6.258819045118));
#1709 = CARTESIAN_POINT('',(-3.517638090205,7.931851652594));
#1710 = CARTESIAN_POINT('',(-2.292893218813,6.707106781202));
#1711 = ( GEOMETRIC_REPRESENTATION_CONTEXT(2) 
PARAMETRIC_REPRESENTATION_CONTEXT() REPRESENTATION_CONTEXT('2D SPACE',''
  ) );
#1712 = ORIENTED_EDGE('',*,*,#1555,.T.);
#1713 = ADVANCED_FACE('',(#1714),#549,.F.);
#1714 = FACE_BOUND('',#1715,.T.);
#1715 = EDGE_LOOP('',(#1716,#1717,#1740,#1773,#1801,#1834,#1855,#1856,
    #1857,#1858,#1886,#1919,#2022,#2043));
#1716 = ORIENTED_EDGE('',*,*,#1524,.F.);
#1717 = ORIENTED_EDGE('',*,*,#1718,.T.);
#1718 = EDGE_CURVE('',#1525,#1719,#1721,.T.);
#1719 = VERTEX_POINT('',#1720);
#1720 = CARTESIAN_POINT('',(30.,9.000000000009,19.615947631001));
#1721 = SURFACE_CURVE('',#1722,(#1726,#1733),.PCURVE_S1.);
#1722 = LINE('',#1723,#1724);
#1723 = CARTESIAN_POINT('',(30.,4.499999999996,19.615947631001));
#1724 = VECTOR('',#1725,1.);
#1725 = DIRECTION('',(0.,1.,3.700743415414E-16));
#1726 = PCURVE('',#549,#1727);
#1727 = DEFINITIONAL_REPRESENTATION('',(#1728),#1732);
#1728 = LINE('',#1729,#1730);
#1729 = CARTESIAN_POINT('',(-3.,4.500000000012));
#1730 = VECTOR('',#1731,1.);
#1731 = DIRECTION('',(3.700743415414E-16,1.));
#1732 = ( GEOMETRIC_REPRESENTATION_CONTEXT(2) 
PARAMETRIC_REPRESENTATION_CONTEXT() REPRESENTATION_CONTEXT('2D SPACE',''
  ) );
#1733 = PCURVE('',#1625,#1734);
#1734 = DEFINITIONAL_REPRESENTATION('',(#1735),#1739);
#1735 = LINE('',#1736,#1737);
#1736 = CARTESIAN_POINT('',(-2.500000000004,1.));
#1737 = VECTOR('',#1738,1.);
#1738 = DIRECTION('',(1.,0.));
#1739 = ( GEOMETRIC_REPRESENTATION_CONTEXT(2) 
PARAMETRIC_REPRESENTATION_CONTEXT() REPRESENTATION_CONTEXT('2D SPACE',''
  ) );
#1740 = ORIENTED_EDGE('',*,*,#1741,.T.);
#1741 = EDGE_CURVE('',#1719,#1742,#1744,.T.);
#1742 = VERTEX_POINT('',#1743);
#1743 = CARTESIAN_POINT('',(30.,10.999999999984,21.615947630977));
#1744 = SURFACE_CURVE('',#1745,(#1750,#1761),.PCURVE_S1.);
#1745 = CIRCLE('',#1746,1.999999999976);
#1746 = AXIS2_PLACEMENT_3D('',#1747,#1748,#1749);
#1747 = CARTESIAN_POINT('',(30.,9.000000000009,21.615947630977));
#1748 = DIRECTION('',(1.,0.,0.));
#1749 = DIRECTION('',(0.,1.,-2.220446049277E-15));
#1750 = PCURVE('',#549,#1751);
#1751 = DEFINITIONAL_REPRESENTATION('',(#1752),#1760);
#1752 = ( BOUNDED_CURVE() B_SPLINE_CURVE(2,(#1753,#1754,#1755,#1756,
#1757,#1758,#1759),.UNSPECIFIED.,.T.,.F.) B_SPLINE_CURVE_WITH_KNOTS((1,2
    ,2,2,2,1),(-2.094395102393,0.,2.094395102393,4.188790204786,
6.28318530718,8.377580409573),.UNSPECIFIED.) CURVE() 
GEOMETRIC_REPRESENTATION_ITEM() RATIONAL_B_SPLINE_CURVE((1.,0.5,1.,0.5,
1.,0.5,1.)) REPRESENTATION_ITEM('') );
#1753 = CARTESIAN_POINT('',(-1.000000000024,11.));
#1754 = CARTESIAN_POINT('',(2.464101615071,11.));
#1755 = CARTESIAN_POINT('',(0.732050807523,8.000000000037));
#1756 = CARTESIAN_POINT('',(-1.000000000024,5.000000000073));
#1757 = CARTESIAN_POINT('',(-2.732050807572,8.000000000037));
#1758 = CARTESIAN_POINT('',(-4.46410161512,11.));
#1759 = CARTESIAN_POINT('',(-1.000000000024,11.));
#1760 = ( GEOMETRIC_REPRESENTATION_CONTEXT(2) 
PARAMETRIC_REPRESENTATION_CONTEXT() REPRESENTATION_CONTEXT('2D SPACE',''
  ) );
#1761 = PCURVE('',#1762,#1767);
#1762 = CYLINDRICAL_SURFACE('',#1763,1.999999999976);
#1763 = AXIS2_PLACEMENT_3D('',#1764,#1765,#1766);
#1764 = CARTESIAN_POINT('',(29.,9.000000000009,21.615947630977));
#1765 = DIRECTION('',(1.,0.,0.));
#1766 = DIRECTION('',(0.,1.,-2.220446049277E-15));
#1767 = DEFINITIONAL_REPRESENTATION('',(#1768),#1772);
#1768 = LINE('',#1769,#1770);
#1769 = CARTESIAN_POINT('',(-8.881784197001E-16,1.));
#1770 = VECTOR('',#1771,1.);
#1771 = DIRECTION('',(1.,0.));
#1772 = ( GEOMETRIC_REPRESENTATION_CONTEXT(2) 
PARAMETRIC_REPRESENTATION_CONTEXT() REPRESENTATION_CONTEXT('2D SPACE',''
  ) );
#1773 = ORIENTED_EDGE('',*,*,#1774,.T.);
#1774 = EDGE_CURVE('',#1742,#1775,#1777,.T.);
#1775 = VERTEX_POINT('',#1776);
#1776 = CARTESIAN_POINT('',(30.,10.999999999984,23.615947630984));
#1777 = SURFACE_CURVE('',#1778,(#1782,#1789),.PCURVE_S1.);
#1778 = LINE('',#1779,#1780);
#1779 = CARTESIAN_POINT('',(30.,10.999999999984,23.115947630992));
#1780 = VECTOR('',#1781,1.);
#1781 = DIRECTION('',(0.,1.132427485114E-13,1.));
#1782 = PCURVE('',#549,#1783);
#1783 = DEFINITIONAL_REPRESENTATION('',(#1784),#1788);
#1784 = LINE('',#1785,#1786);
#1785 = CARTESIAN_POINT('',(0.499999999991,11.));
#1786 = VECTOR('',#1787,1.);
#1787 = DIRECTION('',(1.,1.132427485114E-13));
#1788 = ( GEOMETRIC_REPRESENTATION_CONTEXT(2) 
PARAMETRIC_REPRESENTATION_CONTEXT() REPRESENTATION_CONTEXT('2D SPACE',''
  ) );
#1789 = PCURVE('',#1790,#1795);
#1790 = PLANE('',#1791);
#1791 = AXIS2_PLACEMENT_3D('',#1792,#1793,#1794);
#1792 = CARTESIAN_POINT('',(29.,10.999999999984,21.615947630977));
#1793 = DIRECTION('',(0.,1.,-1.132427485114E-13));
#1794 = DIRECTION('',(0.,1.132427485114E-13,1.));
#1795 = DEFINITIONAL_REPRESENTATION('',(#1796),#1800);
#1796 = LINE('',#1797,#1798);
#1797 = CARTESIAN_POINT('',(1.500000000015,1.));
#1798 = VECTOR('',#1799,1.);
#1799 = DIRECTION('',(1.,0.));
#1800 = ( GEOMETRIC_REPRESENTATION_CONTEXT(2) 
PARAMETRIC_REPRESENTATION_CONTEXT() REPRESENTATION_CONTEXT('2D SPACE',''
  ) );
#1801 = ORIENTED_EDGE('',*,*,#1802,.T.);
#1802 = EDGE_CURVE('',#1775,#1803,#1805,.T.);
#1803 = VERTEX_POINT('',#1804);
#1804 = CARTESIAN_POINT('',(30.,8.999999999967,25.615947631001));
#1805 = SURFACE_CURVE('',#1806,(#1811,#1822),.PCURVE_S1.);
#1806 = CIRCLE('',#1807,2.000000000017);
#1807 = AXIS2_PLACEMENT_3D('',#1808,#1809,#1810);
#1808 = CARTESIAN_POINT('',(30.,8.999999999967,23.615947630984));
#1809 = DIRECTION('',(1.,0.,0.));
#1810 = DIRECTION('',(-0.,3.885780586155E-14,1.));
#1811 = PCURVE('',#549,#1812);
#1812 = DEFINITIONAL_REPRESENTATION('',(#1813),#1821);
#1813 = ( BOUNDED_CURVE() B_SPLINE_CURVE(2,(#1814,#1815,#1816,#1817,
#1818,#1819,#1820),.UNSPECIFIED.,.T.,.F.) B_SPLINE_CURVE_WITH_KNOTS((1,2
    ,2,2,2,1),(-2.094395102393,0.,2.094395102393,4.188790204786,
6.28318530718,8.377580409573),.UNSPECIFIED.) CURVE() 
GEOMETRIC_REPRESENTATION_ITEM() RATIONAL_B_SPLINE_CURVE((1.,0.5,1.,0.5,
1.,0.5,1.)) REPRESENTATION_ITEM('') );
#1814 = CARTESIAN_POINT('',(3.,8.999999999983));
#1815 = CARTESIAN_POINT('',(3.,5.535898384815));
#1816 = CARTESIAN_POINT('',(-2.574629398566E-11,7.267949192399));
#1817 = CARTESIAN_POINT('',(-3.000000000052,8.999999999983));
#1818 = CARTESIAN_POINT('',(-2.588218528388E-11,10.732050807566));
#1819 = CARTESIAN_POINT('',(3.,12.46410161515));
#1820 = CARTESIAN_POINT('',(3.,8.999999999983));
#1821 = ( GEOMETRIC_REPRESENTATION_CONTEXT(2) 
PARAMETRIC_REPRESENTATION_CONTEXT() REPRESENTATION_CONTEXT('2D SPACE',''
  ) );
#1822 = PCURVE('',#1823,#1828);
#1823 = CYLINDRICAL_SURFACE('',#1824,2.000000000017);
#1824 = AXIS2_PLACEMENT_3D('',#1825,#1826,#1827);
#1825 = CARTESIAN_POINT('',(29.,8.999999999967,23.615947630984));
#1826 = DIRECTION('',(1.,0.,0.));
#1827 = DIRECTION('',(-0.,3.885780586155E-14,1.));
#1828 = DEFINITIONAL_REPRESENTATION('',(#1829),#1833);
#1829 = LINE('',#1830,#1831);
#1830 = CARTESIAN_POINT('',(0.,1.));
#1831 = VECTOR('',#1832,1.);
#1832 = DIRECTION('',(1.,0.));
#1833 = ( GEOMETRIC_REPRESENTATION_CONTEXT(2) 
PARAMETRIC_REPRESENTATION_CONTEXT() REPRESENTATION_CONTEXT('2D SPACE',''
  ) );
#1834 = ORIENTED_EDGE('',*,*,#1835,.T.);
#1835 = EDGE_CURVE('',#1803,#933,#1836,.T.);
#1836 = SURFACE_CURVE('',#1837,(#1841,#1848),.PCURVE_S1.);
#1837 = LINE('',#1838,#1839);
#1838 = CARTESIAN_POINT('',(30.,3.499999999992,25.615947631001));
#1839 = VECTOR('',#1840,1.);
#1840 = DIRECTION('',(0.,-1.,-8.88178419701E-15));
#1841 = PCURVE('',#549,#1842);
#1842 = DEFINITIONAL_REPRESENTATION('',(#1843),#1847);
#1843 = LINE('',#1844,#1845);
#1844 = CARTESIAN_POINT('',(3.,3.500000000008));
#1845 = VECTOR('',#1846,1.);
#1846 = DIRECTION('',(-8.88178419701E-15,-1.));
#1847 = ( GEOMETRIC_REPRESENTATION_CONTEXT(2) 
PARAMETRIC_REPRESENTATION_CONTEXT() REPRESENTATION_CONTEXT('2D SPACE',''
  ) );
#1848 = PCURVE('',#972,#1849);
#1849 = DEFINITIONAL_REPRESENTATION('',(#1850),#1854);
#1850 = LINE('',#1851,#1852);
#1851 = CARTESIAN_POINT('',(5.499999999975,1.));
#1852 = VECTOR('',#1853,1.);
#1853 = DIRECTION('',(1.,0.));
#1854 = ( GEOMETRIC_REPRESENTATION_CONTEXT(2) 
PARAMETRIC_REPRESENTATION_CONTEXT() REPRESENTATION_CONTEXT('2D SPACE',''
  ) );
#1855 = ORIENTED_EDGE('',*,*,#932,.F.);
#1856 = ORIENTED_EDGE('',*,*,#902,.F.);
#1857 = ORIENTED_EDGE('',*,*,#533,.F.);
#1858 = ORIENTED_EDGE('',*,*,#1859,.F.);
#1859 = EDGE_CURVE('',#1860,#506,#1862,.T.);
#1860 = VERTEX_POINT('',#1861);
#1861 = CARTESIAN_POINT('',(30.,9.846924111378,23.383327150411));
#1862 = SURFACE_CURVE('',#1863,(#1868,#1879),.PCURVE_S1.);
#1863 = CIRCLE('',#1864,2.);
#1864 = AXIS2_PLACEMENT_3D('',#1865,#1866,#1867);
#1865 = CARTESIAN_POINT('',(30.,8.,22.615947631001));
#1866 = DIRECTION('',(1.,0.,0.));
#1867 = DIRECTION('',(0.,0.,-1.));
#1868 = PCURVE('',#549,#1869);
#1869 = DEFINITIONAL_REPRESENTATION('',(#1870),#1878);
#1870 = ( BOUNDED_CURVE() B_SPLINE_CURVE(2,(#1871,#1872,#1873,#1874,
#1875,#1876,#1877),.UNSPECIFIED.,.T.,.F.) B_SPLINE_CURVE_WITH_KNOTS((1,2
    ,2,2,2,1),(-2.094395102393,0.,2.094395102393,4.188790204786,
6.28318530718,8.377580409573),.UNSPECIFIED.) CURVE() 
GEOMETRIC_REPRESENTATION_ITEM() RATIONAL_B_SPLINE_CURVE((1.,0.5,1.,0.5,
1.,0.5,1.)) REPRESENTATION_ITEM('') );
#1871 = CARTESIAN_POINT('',(-2.,8.000000000016));
#1872 = CARTESIAN_POINT('',(-2.,11.464101615153));
#1873 = CARTESIAN_POINT('',(1.,9.732050807585));
#1874 = CARTESIAN_POINT('',(4.,8.000000000016));
#1875 = CARTESIAN_POINT('',(1.,6.267949192447));
#1876 = CARTESIAN_POINT('',(-2.,4.535898384878));
#1877 = CARTESIAN_POINT('',(-2.,8.000000000016));
#1878 = ( GEOMETRIC_REPRESENTATION_CONTEXT(2) 
PARAMETRIC_REPRESENTATION_CONTEXT() REPRESENTATION_CONTEXT('2D SPACE',''
  ) );
#1879 = PCURVE('',#521,#1880);
#1880 = DEFINITIONAL_REPRESENTATION('',(#1881),#1885);
#1881 = LINE('',#1882,#1883);
#1882 = CARTESIAN_POINT('',(6.28318530718,8.));
#1883 = VECTOR('',#1884,1.);
#1884 = DIRECTION('',(-1.,0.));
#1885 = ( GEOMETRIC_REPRESENTATION_CONTEXT(2) 
PARAMETRIC_REPRESENTATION_CONTEXT() REPRESENTATION_CONTEXT('2D SPACE',''
  ) );
#1886 = ORIENTED_EDGE('',*,*,#1887,.F.);
#1887 = EDGE_CURVE('',#1888,#1860,#1890,.T.);
#1888 = VERTEX_POINT('',#1889);
#1889 = CARTESIAN_POINT('',(30.,9.992745833853,22.786135884601));
#1890 = SURFACE_CURVE('',#1891,(#1896,#1904),.PCURVE_S1.);
#1891 = B_SPLINE_CURVE_WITH_KNOTS('',3,(#1892,#1893,#1894,#1895),
  .UNSPECIFIED.,.F.,.F.,(4,4),(-6.174887916773E-02,0.),
  .PIECEWISE_BEZIER_KNOTS.);
#1892 = CARTESIAN_POINT('',(30.,9.992745833853,22.786135884601));
#1893 = CARTESIAN_POINT('',(30.,9.975048555321,22.993354522308));
#1894 = CARTESIAN_POINT('',(30.,9.925332283871,23.194614863149));
#1895 = CARTESIAN_POINT('',(30.,9.846924111378,23.383327150411));
#1896 = PCURVE('',#549,#1897);
#1897 = DEFINITIONAL_REPRESENTATION('',(#1898),#1903);
#1898 = B_SPLINE_CURVE_WITH_KNOTS('',3,(#1899,#1900,#1901,#1902),
  .UNSPECIFIED.,.F.,.F.,(4,4),(-6.174887916773E-02,0.),
  .PIECEWISE_BEZIER_KNOTS.);
#1899 = CARTESIAN_POINT('',(0.1701882536,9.992745833868));
#1900 = CARTESIAN_POINT('',(0.377406891307,9.975048555337));
#1901 = CARTESIAN_POINT('',(0.578667232148,9.925332283887));
#1902 = CARTESIAN_POINT('',(0.767379519411,9.846924111394));
#1903 = ( GEOMETRIC_REPRESENTATION_CONTEXT(2) 
PARAMETRIC_REPRESENTATION_CONTEXT() REPRESENTATION_CONTEXT('2D SPACE',''
  ) );
#1904 = PCURVE('',#1905,#1914);
#1905 = B_SPLINE_SURFACE_WITH_KNOTS('',3,1,(
    (#1906,#1907)
    ,(#1908,#1909)
    ,(#1910,#1911)
    ,(#1912,#1913
    )),.UNSPECIFIED.,.F.,.F.,.F.,(4,4),(2,2),(-6.902506951671E-02,0.),(
    -0.300010144629,5.001014462856E-02),.PIECEWISE_BEZIER_KNOTS.);
#1906 = CARTESIAN_POINT('',(28.999898553714,9.992745833853,
    22.786135884601));
#1907 = CARTESIAN_POINT('',(32.500101446286,9.992745833853,
    22.786135884601));
#1908 = CARTESIAN_POINT('',(28.999898553714,9.975048555321,
    22.993354522308));
#1909 = CARTESIAN_POINT('',(32.500101446286,9.975048555321,
    22.993354522308));
#1910 = CARTESIAN_POINT('',(28.999898553714,9.925332283871,
    23.194614863149));
#1911 = CARTESIAN_POINT('',(32.500101446286,9.925332283871,
    23.194614863149));
#1912 = CARTESIAN_POINT('',(28.999898553714,9.846924111378,
    23.383327150411));
#1913 = CARTESIAN_POINT('',(32.500101446286,9.846924111378,
    23.383327150411));
#1914 = DEFINITIONAL_REPRESENTATION('',(#1915),#1918);
#1915 = B_SPLINE_CURVE_WITH_KNOTS('',1,(#1916,#1917),.UNSPECIFIED.,.F.,
  .F.,(2,2),(-6.174887916773E-02,0.),.PIECEWISE_BEZIER_KNOTS.);
#1916 = CARTESIAN_POINT('',(-6.902506951671E-02,-0.2));
#1917 = CARTESIAN_POINT('',(-4.038931157543E-16,-0.2));
#1918 = ( GEOMETRIC_REPRESENTATION_CONTEXT(2) 
PARAMETRIC_REPRESENTATION_CONTEXT() REPRESENTATION_CONTEXT('2D SPACE',''
  ) );
#1919 = ORIENTED_EDGE('',*,*,#1920,.F.);
#1920 = EDGE_CURVE('',#1921,#1888,#1923,.T.);
#1921 = VERTEX_POINT('',#1922);
#1922 = CARTESIAN_POINT('',(30.,8.,20.615947631001));
#1923 = SURFACE_CURVE('',#1924,(#1950,#1979),.PCURVE_S1.);
#1924 = B_SPLINE_CURVE_WITH_KNOTS('',3,(#1925,#1926,#1927,#1928,#1929,
    #1930,#1931,#1932,#1933,#1934,#1935,#1936,#1937,#1938,#1939,#1940,
    #1941,#1942,#1943,#1944,#1945,#1946,#1947,#1948,#1949),
  .UNSPECIFIED.,.F.,.F.,(4,3,3,3,3,3,3,3,4),(-0.332064903652,
    -0.330636853751,-0.325071338991,-0.29641361922,-0.236747480192,
    -0.17521924065,-8.980792927872E-02,-9.59140337867E-04,0.),
  .UNSPECIFIED.);
#1925 = CARTESIAN_POINT('',(30.,8.,20.615947631001));
#1926 = CARTESIAN_POINT('',(30.,8.005084045364,20.615947631001));
#1927 = CARTESIAN_POINT('',(30.,8.010167278925,20.615967016639));
#1928 = CARTESIAN_POINT('',(30.,8.015249589732,20.616005769343));
#1929 = CARTESIAN_POINT('',(30.,8.035056793802,20.616156799601));
#1930 = CARTESIAN_POINT('',(30.,8.054846826215,20.616601968292));
#1931 = CARTESIAN_POINT('',(30.,8.074613181443,20.617339897314));
#1932 = CARTESIAN_POINT('',(30.,8.17639328507,20.62113961109));
#1933 = CARTESIAN_POINT('',(30.,8.277234735861,20.63268892337));
#1934 = CARTESIAN_POINT('',(30.,8.376300512982,20.651667120502));
#1935 = CARTESIAN_POINT('',(30.,8.58255811051,20.69118023451));
#1936 = CARTESIAN_POINT('',(30.,8.778100742702,20.762270765702));
#1937 = CARTESIAN_POINT('',(30.,8.957101570667,20.859827878991));
#1938 = CARTESIAN_POINT('',(30.,9.141688775413,20.960429619497));
#1939 = CARTESIAN_POINT('',(30.,9.305998946782,21.087666268025));
#1940 = CARTESIAN_POINT('',(30.,9.446322734063,21.234589404858));
#1941 = CARTESIAN_POINT('',(30.,9.641115219231,21.438542872099));
#1942 = CARTESIAN_POINT('',(30.,9.787573163518,21.678085108692));
#1943 = CARTESIAN_POINT('',(30.,9.880733050473,21.935621835116));
#1944 = CARTESIAN_POINT('',(30.,9.977642265434,22.20352342664));
#1945 = CARTESIAN_POINT('',(30.,10.016647943332,22.490276932008));
#1946 = CARTESIAN_POINT('',(30.,9.993516695184,22.77685501437));
#1947 = CARTESIAN_POINT('',(30.,9.993266988762,22.779948681734));
#1948 = CARTESIAN_POINT('',(30.,9.993010036833,22.78304231394));
#1949 = CARTESIAN_POINT('',(30.,9.992745833853,22.786135884601));
#1950 = PCURVE('',#549,#1951);
#1951 = DEFINITIONAL_REPRESENTATION('',(#1952),#1978);
#1952 = B_SPLINE_CURVE_WITH_KNOTS('',3,(#1953,#1954,#1955,#1956,#1957,
    #1958,#1959,#1960,#1961,#1962,#1963,#1964,#1965,#1966,#1967,#1968,
    #1969,#1970,#1971,#1972,#1973,#1974,#1975,#1976,#1977),
  .UNSPECIFIED.,.F.,.F.,(4,3,3,3,3,3,3,3,4),(-0.332064903652,
    -0.330636853751,-0.325071338991,-0.29641361922,-0.236747480192,
    -0.17521924065,-8.980792927872E-02,-9.59140337867E-04,0.),
  .UNSPECIFIED.);
#1953 = CARTESIAN_POINT('',(-2.,8.000000000016));
#1954 = CARTESIAN_POINT('',(-2.,8.00508404538));
#1955 = CARTESIAN_POINT('',(-1.999980614362,8.010167278941));
#1956 = CARTESIAN_POINT('',(-1.999941861658,8.015249589747));
#1957 = CARTESIAN_POINT('',(-1.9997908314,8.035056793818));
#1958 = CARTESIAN_POINT('',(-1.999345662709,8.054846826231));
#1959 = CARTESIAN_POINT('',(-1.998607733687,8.074613181459));
#1960 = CARTESIAN_POINT('',(-1.994808019911,8.176393285085));
#1961 = CARTESIAN_POINT('',(-1.983258707631,8.277234735877));
#1962 = CARTESIAN_POINT('',(-1.964280510499,8.376300512997));
#1963 = CARTESIAN_POINT('',(-1.924767396491,8.582558110526));
#1964 = CARTESIAN_POINT('',(-1.853676865299,8.778100742717));
#1965 = CARTESIAN_POINT('',(-1.756119752009,8.957101570683));
#1966 = CARTESIAN_POINT('',(-1.655518011504,9.141688775429));
#1967 = CARTESIAN_POINT('',(-1.528281362976,9.305998946798));
#1968 = CARTESIAN_POINT('',(-1.381358226143,9.446322734079));
#1969 = CARTESIAN_POINT('',(-1.177404758902,9.641115219247));
#1970 = CARTESIAN_POINT('',(-0.937862522309,9.787573163533));
#1971 = CARTESIAN_POINT('',(-0.680325795885,9.880733050488));
#1972 = CARTESIAN_POINT('',(-0.412424204361,9.977642265449));
#1973 = CARTESIAN_POINT('',(-0.125670698993,10.016647943348));
#1974 = CARTESIAN_POINT('',(0.160907383369,9.9935166952));
#1975 = CARTESIAN_POINT('',(0.164001050733,9.993266988778));
#1976 = CARTESIAN_POINT('',(0.167094682939,9.993010036849));
#1977 = CARTESIAN_POINT('',(0.1701882536,9.992745833868));
#1978 = ( GEOMETRIC_REPRESENTATION_CONTEXT(2) 
PARAMETRIC_REPRESENTATION_CONTEXT() REPRESENTATION_CONTEXT('2D SPACE',''
  ) );
#1979 = PCURVE('',#1980,#2017);
#1980 = B_SPLINE_SURFACE_WITH_KNOTS('',3,1,(
    (#1981,#1982)
    ,(#1983,#1984)
    ,(#1985,#1986)
    ,(#1987,#1988)
    ,(#1989,#1990)
    ,(#1991,#1992)
    ,(#1993,#1994)
    ,(#1995,#1996)
    ,(#1997,#1998)
    ,(#1999,#2000)
    ,(#2001,#2002)
    ,(#2003,#2004)
    ,(#2005,#2006)
    ,(#2007,#2008)
    ,(#2009,#2010)
    ,(#2011,#2012)
    ,(#2013,#2014)
    ,(#2015,#2016
  )),.UNSPECIFIED.,.F.,.F.,.F.,(4,2,2,2,2,2,2,2,4),(2,2),(
    -0.372284197284,-0.370749339594,-0.364767564643,-0.333966455009,
    -0.269837720959,-0.203707614766,-0.111908155961,-1.64141211635E-02,
    -1.538324407568E-02),(-0.300007733571,0.156143989126),
  .UNSPECIFIED.);
#1981 = CARTESIAN_POINT('',(28.99992266429,8.,20.615947631001));
#1982 = CARTESIAN_POINT('',(33.561439891256,8.,20.615947631001));
#1983 = CARTESIAN_POINT('',(28.99992266429,8.005084045364,
    20.615947631001));
#1984 = CARTESIAN_POINT('',(33.561439891256,8.005084045364,
    20.615947631001));
#1985 = CARTESIAN_POINT('',(28.99992266429,8.010167278925,
    20.615967016639));
#1986 = CARTESIAN_POINT('',(33.561439891256,8.010167278925,
    20.615967016639));
#1987 = CARTESIAN_POINT('',(28.99992266429,8.035056793802,
    20.616156799601));
#1988 = CARTESIAN_POINT('',(33.561439891256,8.035056793802,
    20.616156799601));
#1989 = CARTESIAN_POINT('',(28.99992266429,8.054846826215,
    20.616601968292));
#1990 = CARTESIAN_POINT('',(33.561439891256,8.054846826215,
    20.616601968292));
#1991 = CARTESIAN_POINT('',(28.99992266429,8.17639328507,20.62113961109)
  );
#1992 = CARTESIAN_POINT('',(33.561439891256,8.17639328507,20.62113961109
    ));
#1993 = CARTESIAN_POINT('',(28.99992266429,8.277234735861,20.63268892337
    ));
#1994 = CARTESIAN_POINT('',(33.561439891256,8.277234735861,
    20.63268892337));
#1995 = CARTESIAN_POINT('',(28.99992266429,8.58255811051,20.69118023451)
  );
#1996 = CARTESIAN_POINT('',(33.561439891256,8.58255811051,20.69118023451
    ));
#1997 = CARTESIAN_POINT('',(28.99992266429,8.778100742702,
    20.762270765702));
#1998 = CARTESIAN_POINT('',(33.561439891256,8.778100742702,
    20.762270765702));
#1999 = CARTESIAN_POINT('',(28.99992266429,9.141688775413,
    20.960429619497));
#2000 = CARTESIAN_POINT('',(33.561439891256,9.141688775413,
    20.960429619497));
#2001 = CARTESIAN_POINT('',(28.99992266429,9.305998946782,
    21.087666268025));
#2002 = CARTESIAN_POINT('',(33.561439891256,9.305998946782,
    21.087666268025));
#2003 = CARTESIAN_POINT('',(28.99992266429,9.641115219231,
    21.438542872099));
#2004 = CARTESIAN_POINT('',(33.561439891256,9.641115219231,
    21.438542872099));
#2005 = CARTESIAN_POINT('',(28.99992266429,9.787573163518,
    21.678085108692));
#2006 = CARTESIAN_POINT('',(33.561439891256,9.787573163518,
    21.678085108692));
#2007 = CARTESIAN_POINT('',(28.99992266429,9.977642265434,22.20352342664
    ));
#2008 = CARTESIAN_POINT('',(33.561439891256,9.977642265434,
    22.20352342664));
#2009 = CARTESIAN_POINT('',(28.99992266429,10.016647943332,
    22.490276932008));
#2010 = CARTESIAN_POINT('',(33.561439891256,10.016647943332,
    22.490276932008));
#2011 = CARTESIAN_POINT('',(28.99992266429,9.993266988762,
    22.779948681734));
#2012 = CARTESIAN_POINT('',(33.561439891256,9.993266988762,
    22.779948681734));
#2013 = CARTESIAN_POINT('',(28.99992266429,9.993010036833,22.78304231394
    ));
#2014 = CARTESIAN_POINT('',(33.561439891256,9.993010036833,
    22.78304231394));
#2015 = CARTESIAN_POINT('',(28.99992266429,9.992745833853,
    22.786135884601));
#2016 = CARTESIAN_POINT('',(33.561439891256,9.992745833853,
    22.786135884601));
#2017 = DEFINITIONAL_REPRESENTATION('',(#2018),#2021);
#2018 = B_SPLINE_CURVE_WITH_KNOTS('',1,(#2019,#2020),.UNSPECIFIED.,.F.,
  .F.,(2,2),(-0.332064903652,0.),.PIECEWISE_BEZIER_KNOTS.);
#2019 = CARTESIAN_POINT('',(-0.372284197284,-0.2));
#2020 = CARTESIAN_POINT('',(-1.538324407568E-02,-0.2));
#2021 = ( GEOMETRIC_REPRESENTATION_CONTEXT(2) 
PARAMETRIC_REPRESENTATION_CONTEXT() REPRESENTATION_CONTEXT('2D SPACE',''
  ) );
#2022 = ORIENTED_EDGE('',*,*,#2023,.F.);
#2023 = EDGE_CURVE('',#1665,#1921,#2024,.T.);
#2024 = SURFACE_CURVE('',#2025,(#2029,#2036),.PCURVE_S1.);
#2025 = LINE('',#2026,#2027);
#2026 = CARTESIAN_POINT('',(30.,3.999999999992,20.615947631001));
#2027 = VECTOR('',#2028,1.);
#2028 = DIRECTION('',(0.,1.,0.));
#2029 = PCURVE('',#549,#2030);
#2030 = DEFINITIONAL_REPRESENTATION('',(#2031),#2035);
#2031 = LINE('',#2032,#2033);
#2032 = CARTESIAN_POINT('',(-2.,4.000000000008));
#2033 = VECTOR('',#2034,1.);
#2034 = DIRECTION('',(0.,1.));
#2035 = ( GEOMETRIC_REPRESENTATION_CONTEXT(2) 
PARAMETRIC_REPRESENTATION_CONTEXT() REPRESENTATION_CONTEXT('2D SPACE',''
  ) );
#2036 = PCURVE('',#44,#2037);
#2037 = DEFINITIONAL_REPRESENTATION('',(#2038),#2042);
#2038 = LINE('',#2039,#2040);
#2039 = CARTESIAN_POINT('',(4.000000000008,8.));
#2040 = VECTOR('',#2041,1.);
#2041 = DIRECTION('',(-1.,3.214049297818E-32));
#2042 = ( GEOMETRIC_REPRESENTATION_CONTEXT(2) 
PARAMETRIC_REPRESENTATION_CONTEXT() REPRESENTATION_CONTEXT('2D SPACE',''
  ) );
#2043 = ORIENTED_EDGE('',*,*,#1687,.F.);
#2044 = ADVANCED_FACE('',(#2045),#972,.T.);
#2045 = FACE_BOUND('',#2046,.T.);
#2046 = EDGE_LOOP('',(#2047,#2048,#2049,#2072));
#2047 = ORIENTED_EDGE('',*,*,#956,.F.);
#2048 = ORIENTED_EDGE('',*,*,#1835,.F.);
#2049 = ORIENTED_EDGE('',*,*,#2050,.F.);
#2050 = EDGE_CURVE('',#2051,#1803,#2053,.T.);
#2051 = VERTEX_POINT('',#2052);
#2052 = CARTESIAN_POINT('',(29.,8.999999999967,25.615947631001));
#2053 = SURFACE_CURVE('',#2054,(#2058,#2065),.PCURVE_S1.);
#2054 = LINE('',#2055,#2056);
#2055 = CARTESIAN_POINT('',(29.,8.999999999967,25.615947631001));
#2056 = VECTOR('',#2057,1.);
#2057 = DIRECTION('',(1.,0.,0.));
#2058 = PCURVE('',#972,#2059);
#2059 = DEFINITIONAL_REPRESENTATION('',(#2060),#2064);
#2060 = LINE('',#2061,#2062);
#2061 = CARTESIAN_POINT('',(0.,0.));
#2062 = VECTOR('',#2063,1.);
#2063 = DIRECTION('',(0.,1.));
#2064 = ( GEOMETRIC_REPRESENTATION_CONTEXT(2) 
PARAMETRIC_REPRESENTATION_CONTEXT() REPRESENTATION_CONTEXT('2D SPACE',''
  ) );
#2065 = PCURVE('',#1823,#2066);
#2066 = DEFINITIONAL_REPRESENTATION('',(#2067),#2071);
#2067 = LINE('',#2068,#2069);
#2068 = CARTESIAN_POINT('',(6.28318530718,0.));
#2069 = VECTOR('',#2070,1.);
#2070 = DIRECTION('',(0.,1.));
#2071 = ( GEOMETRIC_REPRESENTATION_CONTEXT(2) 
PARAMETRIC_REPRESENTATION_CONTEXT() REPRESENTATION_CONTEXT('2D SPACE',''
  ) );
#2072 = ORIENTED_EDGE('',*,*,#2073,.T.);
#2073 = EDGE_CURVE('',#2051,#957,#2074,.T.);
#2074 = SURFACE_CURVE('',#2075,(#2079,#2086),.PCURVE_S1.);
#2075 = LINE('',#2076,#2077);
#2076 = CARTESIAN_POINT('',(29.,3.499999999992,25.615947631001));
#2077 = VECTOR('',#2078,1.);
#2078 = DIRECTION('',(0.,-1.,-8.88178419701E-15));
#2079 = PCURVE('',#972,#2080);
#2080 = DEFINITIONAL_REPRESENTATION('',(#2081),#2085);
#2081 = LINE('',#2082,#2083);
#2082 = CARTESIAN_POINT('',(5.499999999975,0.));
#2083 = VECTOR('',#2084,1.);
#2084 = DIRECTION('',(1.,0.));
#2085 = ( GEOMETRIC_REPRESENTATION_CONTEXT(2) 
PARAMETRIC_REPRESENTATION_CONTEXT() REPRESENTATION_CONTEXT('2D SPACE',''
  ) );
#2086 = PCURVE('',#605,#2087);
#2087 = DEFINITIONAL_REPRESENTATION('',(#2088),#2092);
#2088 = LINE('',#2089,#2090);
#2089 = CARTESIAN_POINT('',(3.758343305601,3.000019333928));
#2090 = VECTOR('',#2091,1.);
#2091 = DIRECTION('',(1.,-8.88178419701E-15));
#2092 = ( GEOMETRIC_REPRESENTATION_CONTEXT(2) 
PARAMETRIC_REPRESENTATION_CONTEXT() REPRESENTATION_CONTEXT('2D SPACE',''
  ) );
#2093 = ADVANCED_FACE('',(#2094),#44,.T.);
#2094 = FACE_BOUND('',#2095,.T.);
#2095 = EDGE_LOOP('',(#2096,#2097,#2120,#2148,#2171,#2195,#2218,#2242,
    #2265,#2293,#2314,#2315,#2316,#2338,#2361,#2411,#2434,#2454));
#2096 = ORIENTED_EDGE('',*,*,#21,.F.);
#2097 = ORIENTED_EDGE('',*,*,#2098,.F.);
#2098 = EDGE_CURVE('',#2099,#22,#2101,.T.);
#2099 = VERTEX_POINT('',#2100);
#2100 = CARTESIAN_POINT('',(29.,-5.5,20.615947631001));
#2101 = SURFACE_CURVE('',#2102,(#2106,#2113),.PCURVE_S1.);
#2102 = LINE('',#2103,#2104);
#2103 = CARTESIAN_POINT('',(29.,-8.,20.615947631001));
#2104 = VECTOR('',#2105,1.);
#2105 = DIRECTION('',(0.,-1.,-2.775557561563E-16));
#2106 = PCURVE('',#44,#2107);
#2107 = DEFINITIONAL_REPRESENTATION('',(#2108),#2112);
#2108 = LINE('',#2109,#2110);
#2109 = CARTESIAN_POINT('',(16.,9.));
#2110 = VECTOR('',#2111,1.);
#2111 = DIRECTION('',(1.,-3.214049297818E-32));
#2112 = ( GEOMETRIC_REPRESENTATION_CONTEXT(2) 
PARAMETRIC_REPRESENTATION_CONTEXT() REPRESENTATION_CONTEXT('2D SPACE',''
  ) );
#2113 = PCURVE('',#73,#2114);
#2114 = DEFINITIONAL_REPRESENTATION('',(#2115),#2119);
#2115 = LINE('',#2116,#2117);
#2116 = CARTESIAN_POINT('',(0.748356923292,-1.999988732975));
#2117 = VECTOR('',#2118,1.);
#2118 = DIRECTION('',(1.,-2.775557561563E-16));
#2119 = ( GEOMETRIC_REPRESENTATION_CONTEXT(2) 
PARAMETRIC_REPRESENTATION_CONTEXT() REPRESENTATION_CONTEXT('2D SPACE',''
  ) );
#2120 = ORIENTED_EDGE('',*,*,#2121,.F.);
#2121 = EDGE_CURVE('',#2122,#2099,#2124,.T.);
#2122 = VERTEX_POINT('',#2123);
#2123 = CARTESIAN_POINT('',(30.,-4.5,20.615947631001));
#2124 = SURFACE_CURVE('',#2125,(#2130,#2141),.PCURVE_S1.);
#2125 = CIRCLE('',#2126,1.);
#2126 = AXIS2_PLACEMENT_3D('',#2127,#2128,#2129);
#2127 = CARTESIAN_POINT('',(30.,-5.5,20.615947631002));
#2128 = DIRECTION('',(0.,0.,1.));
#2129 = DIRECTION('',(-0.707106781187,0.707106781187,0.));
#2130 = PCURVE('',#44,#2131);
#2131 = DEFINITIONAL_REPRESENTATION('',(#2132),#2140);
#2132 = ( BOUNDED_CURVE() B_SPLINE_CURVE(2,(#2133,#2134,#2135,#2136,
#2137,#2138,#2139),.UNSPECIFIED.,.T.,.F.) B_SPLINE_CURVE_WITH_KNOTS((1,2
    ,2,2,2,1),(-2.094395102393,0.,2.094395102393,4.188790204786,
6.28318530718,8.377580409573),.UNSPECIFIED.) CURVE() 
GEOMETRIC_REPRESENTATION_ITEM() RATIONAL_B_SPLINE_CURVE((1.,0.5,1.,0.5,
1.,0.5,1.)) REPRESENTATION_ITEM('') );
#2133 = CARTESIAN_POINT('',(12.792893218814,8.707106781187));
#2134 = CARTESIAN_POINT('',(14.017638090205,9.931851652578));
#2135 = CARTESIAN_POINT('',(14.465925826289,8.258819045103));
#2136 = CARTESIAN_POINT('',(14.914213562373,6.585786437627));
#2137 = CARTESIAN_POINT('',(13.241180954898,7.034074173711));
#2138 = CARTESIAN_POINT('',(11.568148347422,7.482361909795));
#2139 = CARTESIAN_POINT('',(12.792893218814,8.707106781187));
#2140 = ( GEOMETRIC_REPRESENTATION_CONTEXT(2) 
PARAMETRIC_REPRESENTATION_CONTEXT() REPRESENTATION_CONTEXT('2D SPACE',''
  ) );
#2141 = PCURVE('',#813,#2142);
#2142 = DEFINITIONAL_REPRESENTATION('',(#2143),#2147);
#2143 = LINE('',#2144,#2145);
#2144 = CARTESIAN_POINT('',(6.28318530718,2.999994366486));
#2145 = VECTOR('',#2146,1.);
#2146 = DIRECTION('',(-1.,5.880492211061E-14));
#2147 = ( GEOMETRIC_REPRESENTATION_CONTEXT(2) 
PARAMETRIC_REPRESENTATION_CONTEXT() REPRESENTATION_CONTEXT('2D SPACE',''
  ) );
#2148 = ORIENTED_EDGE('',*,*,#2149,.F.);
#2149 = EDGE_CURVE('',#2150,#2122,#2152,.T.);
#2150 = VERTEX_POINT('',#2151);
#2151 = CARTESIAN_POINT('',(31.1,-4.5,20.615947631001));
#2152 = SURFACE_CURVE('',#2153,(#2157,#2164),.PCURVE_S1.);
#2153 = LINE('',#2154,#2155);
#2154 = CARTESIAN_POINT('',(32.,-4.5,20.615947631001));
#2155 = VECTOR('',#2156,1.);
#2156 = DIRECTION('',(-1.,0.,0.));
#2157 = PCURVE('',#44,#2158);
#2158 = DEFINITIONAL_REPRESENTATION('',(#2159),#2163);
#2159 = LINE('',#2160,#2161);
#2160 = CARTESIAN_POINT('',(12.5,6.));
#2161 = VECTOR('',#2162,1.);
#2162 = DIRECTION('',(3.214049297818E-32,1.));
#2163 = ( GEOMETRIC_REPRESENTATION_CONTEXT(2) 
PARAMETRIC_REPRESENTATION_CONTEXT() REPRESENTATION_CONTEXT('2D SPACE',''
  ) );
#2164 = PCURVE('',#780,#2165);
#2165 = DEFINITIONAL_REPRESENTATION('',(#2166),#2170);
#2166 = LINE('',#2167,#2168);
#2167 = CARTESIAN_POINT('',(4.,0.));
#2168 = VECTOR('',#2169,1.);
#2169 = DIRECTION('',(-0.,1.));
#2170 = ( GEOMETRIC_REPRESENTATION_CONTEXT(2) 
PARAMETRIC_REPRESENTATION_CONTEXT() REPRESENTATION_CONTEXT('2D SPACE',''
  ) );
#2171 = ORIENTED_EDGE('',*,*,#2172,.F.);
#2172 = EDGE_CURVE('',#2173,#2150,#2175,.T.);
#2173 = VERTEX_POINT('',#2174);
#2174 = CARTESIAN_POINT('',(32.1,-3.5,20.615947631001));
#2175 = SURFACE_CURVE('',#2176,(#2181,#2188),.PCURVE_S1.);
#2176 = CIRCLE('',#2177,1.);
#2177 = AXIS2_PLACEMENT_3D('',#2178,#2179,#2180);
#2178 = CARTESIAN_POINT('',(31.1,-3.5,20.615947631002));
#2179 = DIRECTION('',(0.,0.,-1.));
#2180 = DIRECTION('',(0.707106781187,-0.707106781187,0.));
#2181 = PCURVE('',#44,#2182);
#2182 = DEFINITIONAL_REPRESENTATION('',(#2183),#2187);
#2183 = CIRCLE('',#2184,1.);
#2184 = AXIS2_PLACEMENT_2D('',#2185,#2186);
#2185 = CARTESIAN_POINT('',(11.5,6.9));
#2186 = DIRECTION('',(0.707106781187,-0.707106781187));
#2187 = ( GEOMETRIC_REPRESENTATION_CONTEXT(2) 
PARAMETRIC_REPRESENTATION_CONTEXT() REPRESENTATION_CONTEXT('2D SPACE',''
  ) );
#2188 = PCURVE('',#752,#2189);
#2189 = DEFINITIONAL_REPRESENTATION('',(#2190),#2194);
#2190 = LINE('',#2191,#2192);
#2191 = CARTESIAN_POINT('',(6.28318530718,-2.999999999999));
#2192 = VECTOR('',#2193,1.);
#2193 = DIRECTION('',(-1.,-6.10666498841E-14));
#2194 = ( GEOMETRIC_REPRESENTATION_CONTEXT(2) 
PARAMETRIC_REPRESENTATION_CONTEXT() REPRESENTATION_CONTEXT('2D SPACE',''
  ) );
#2195 = ORIENTED_EDGE('',*,*,#2196,.T.);
#2196 = EDGE_CURVE('',#2173,#2197,#2199,.T.);
#2197 = VERTEX_POINT('',#2198);
#2198 = CARTESIAN_POINT('',(32.1,3.5,20.615947631001));
#2199 = SURFACE_CURVE('',#2200,(#2204,#2211),.PCURVE_S1.);
#2200 = LINE('',#2201,#2202);
#2201 = CARTESIAN_POINT('',(32.1,4.,20.615947631001));
#2202 = VECTOR('',#2203,1.);
#2203 = DIRECTION('',(0.,1.,0.));
#2204 = PCURVE('',#44,#2205);
#2205 = DEFINITIONAL_REPRESENTATION('',(#2206),#2210);
#2206 = LINE('',#2207,#2208);
#2207 = CARTESIAN_POINT('',(4.,5.9));
#2208 = VECTOR('',#2209,1.);
#2209 = DIRECTION('',(-1.,3.214049297818E-32));
#2210 = ( GEOMETRIC_REPRESENTATION_CONTEXT(2) 
PARAMETRIC_REPRESENTATION_CONTEXT() REPRESENTATION_CONTEXT('2D SPACE',''
  ) );
#2211 = PCURVE('',#723,#2212);
#2212 = DEFINITIONAL_REPRESENTATION('',(#2213),#2217);
#2213 = LINE('',#2214,#2215);
#2214 = CARTESIAN_POINT('',(4.,-2.));
#2215 = VECTOR('',#2216,1.);
#2216 = DIRECTION('',(1.,0.));
#2217 = ( GEOMETRIC_REPRESENTATION_CONTEXT(2) 
PARAMETRIC_REPRESENTATION_CONTEXT() REPRESENTATION_CONTEXT('2D SPACE',''
  ) );
#2218 = ORIENTED_EDGE('',*,*,#2219,.F.);
#2219 = EDGE_CURVE('',#2220,#2197,#2222,.T.);
#2220 = VERTEX_POINT('',#2221);
#2221 = CARTESIAN_POINT('',(31.1,4.5,20.615947631001));
#2222 = SURFACE_CURVE('',#2223,(#2228,#2235),.PCURVE_S1.);
#2223 = CIRCLE('',#2224,1.);
#2224 = AXIS2_PLACEMENT_3D('',#2225,#2226,#2227);
#2225 = CARTESIAN_POINT('',(31.1,3.5,20.615947631001));
#2226 = DIRECTION('',(0.,0.,-1.));
#2227 = DIRECTION('',(0.707106781187,0.707106781187,0.));
#2228 = PCURVE('',#44,#2229);
#2229 = DEFINITIONAL_REPRESENTATION('',(#2230),#2234);
#2230 = CIRCLE('',#2231,1.);
#2231 = AXIS2_PLACEMENT_2D('',#2232,#2233);
#2232 = CARTESIAN_POINT('',(4.5,6.9));
#2233 = DIRECTION('',(-0.707106781187,-0.707106781187));
#2234 = ( GEOMETRIC_REPRESENTATION_CONTEXT(2) 
PARAMETRIC_REPRESENTATION_CONTEXT() REPRESENTATION_CONTEXT('2D SPACE',''
  ) );
#2235 = PCURVE('',#695,#2236);
#2236 = DEFINITIONAL_REPRESENTATION('',(#2237),#2241);
#2237 = LINE('',#2238,#2239);
#2238 = CARTESIAN_POINT('',(-6.28318530718,1.000000000001));
#2239 = VECTOR('',#2240,1.);
#2240 = DIRECTION('',(1.,-6.10666498841E-14));
#2241 = ( GEOMETRIC_REPRESENTATION_CONTEXT(2) 
PARAMETRIC_REPRESENTATION_CONTEXT() REPRESENTATION_CONTEXT('2D SPACE',''
  ) );
#2242 = ORIENTED_EDGE('',*,*,#2243,.T.);
#2243 = EDGE_CURVE('',#2220,#2244,#2246,.T.);
#2244 = VERTEX_POINT('',#2245);
#2245 = CARTESIAN_POINT('',(30.,4.5,20.615947631001));
#2246 = SURFACE_CURVE('',#2247,(#2251,#2258),.PCURVE_S1.);
#2247 = LINE('',#2248,#2249);
#2248 = CARTESIAN_POINT('',(32.,4.5,20.615947631001));
#2249 = VECTOR('',#2250,1.);
#2250 = DIRECTION('',(-1.,0.,0.));
#2251 = PCURVE('',#44,#2252);
#2252 = DEFINITIONAL_REPRESENTATION('',(#2253),#2257);
#2253 = LINE('',#2254,#2255);
#2254 = CARTESIAN_POINT('',(3.5,6.));
#2255 = VECTOR('',#2256,1.);
#2256 = DIRECTION('',(3.214049297818E-32,1.));
#2257 = ( GEOMETRIC_REPRESENTATION_CONTEXT(2) 
PARAMETRIC_REPRESENTATION_CONTEXT() REPRESENTATION_CONTEXT('2D SPACE',''
  ) );
#2258 = PCURVE('',#666,#2259);
#2259 = DEFINITIONAL_REPRESENTATION('',(#2260),#2264);
#2260 = LINE('',#2261,#2262);
#2261 = CARTESIAN_POINT('',(0.,0.));
#2262 = VECTOR('',#2263,1.);
#2263 = DIRECTION('',(0.,1.));
#2264 = ( GEOMETRIC_REPRESENTATION_CONTEXT(2) 
PARAMETRIC_REPRESENTATION_CONTEXT() REPRESENTATION_CONTEXT('2D SPACE',''
  ) );
#2265 = ORIENTED_EDGE('',*,*,#2266,.F.);
#2266 = EDGE_CURVE('',#2267,#2244,#2269,.T.);
#2267 = VERTEX_POINT('',#2268);
#2268 = CARTESIAN_POINT('',(29.,5.5,20.615947631001));
#2269 = SURFACE_CURVE('',#2270,(#2275,#2286),.PCURVE_S1.);
#2270 = CIRCLE('',#2271,1.);
#2271 = AXIS2_PLACEMENT_3D('',#2272,#2273,#2274);
#2272 = CARTESIAN_POINT('',(30.,5.5,20.615947631001));
#2273 = DIRECTION('',(0.,0.,1.));
#2274 = DIRECTION('',(-0.707106781187,-0.707106781187,0.));
#2275 = PCURVE('',#44,#2276);
#2276 = DEFINITIONAL_REPRESENTATION('',(#2277),#2285);
#2277 = ( BOUNDED_CURVE() B_SPLINE_CURVE(2,(#2278,#2279,#2280,#2281,
#2282,#2283,#2284),.UNSPECIFIED.,.T.,.F.) B_SPLINE_CURVE_WITH_KNOTS((1,2
    ,2,2,2,1),(-2.094395102393,0.,2.094395102393,4.188790204786,
6.28318530718,8.377580409573),.UNSPECIFIED.) CURVE() 
GEOMETRIC_REPRESENTATION_ITEM() RATIONAL_B_SPLINE_CURVE((1.,0.5,1.,0.5,
1.,0.5,1.)) REPRESENTATION_ITEM('') );
#2278 = CARTESIAN_POINT('',(3.207106781186,8.707106781187));
#2279 = CARTESIAN_POINT('',(4.431851652578,7.482361909795));
#2280 = CARTESIAN_POINT('',(2.758819045102,7.034074173711));
#2281 = CARTESIAN_POINT('',(1.085786437627,6.585786437627));
#2282 = CARTESIAN_POINT('',(1.534074173711,8.258819045103));
#2283 = CARTESIAN_POINT('',(1.982361909795,9.931851652578));
#2284 = CARTESIAN_POINT('',(3.207106781186,8.707106781187));
#2285 = ( GEOMETRIC_REPRESENTATION_CONTEXT(2) 
PARAMETRIC_REPRESENTATION_CONTEXT() REPRESENTATION_CONTEXT('2D SPACE',''
  ) );
#2286 = PCURVE('',#638,#2287);
#2287 = DEFINITIONAL_REPRESENTATION('',(#2288),#2292);
#2288 = LINE('',#2289,#2290);
#2289 = CARTESIAN_POINT('',(-6.28318530718,-0.999990333037));
#2290 = VECTOR('',#2291,1.);
#2291 = DIRECTION('',(1.,6.10666498841E-14));
#2292 = ( GEOMETRIC_REPRESENTATION_CONTEXT(2) 
PARAMETRIC_REPRESENTATION_CONTEXT() REPRESENTATION_CONTEXT('2D SPACE',''
  ) );
#2293 = ORIENTED_EDGE('',*,*,#2294,.F.);
#2294 = EDGE_CURVE('',#1641,#2267,#2295,.T.);
#2295 = SURFACE_CURVE('',#2296,(#2300,#2307),.PCURVE_S1.);
#2296 = LINE('',#2297,#2298);
#2297 = CARTESIAN_POINT('',(29.,-8.,20.615947631001));
#2298 = VECTOR('',#2299,1.);
#2299 = DIRECTION('',(0.,-1.,-2.775557561563E-16));
#2300 = PCURVE('',#44,#2301);
#2301 = DEFINITIONAL_REPRESENTATION('',(#2302),#2306);
#2302 = LINE('',#2303,#2304);
#2303 = CARTESIAN_POINT('',(16.,9.));
#2304 = VECTOR('',#2305,1.);
#2305 = DIRECTION('',(1.,-3.214049297818E-32));
#2306 = ( GEOMETRIC_REPRESENTATION_CONTEXT(2) 
PARAMETRIC_REPRESENTATION_CONTEXT() REPRESENTATION_CONTEXT('2D SPACE',''
  ) );
#2307 = PCURVE('',#605,#2308);
#2308 = DEFINITIONAL_REPRESENTATION('',(#2309),#2313);
#2309 = LINE('',#2310,#2311);
#2310 = CARTESIAN_POINT('',(15.258343305594,-1.999980666072));
#2311 = VECTOR('',#2312,1.);
#2312 = DIRECTION('',(1.,-2.775557561563E-16));
#2313 = ( GEOMETRIC_REPRESENTATION_CONTEXT(2) 
PARAMETRIC_REPRESENTATION_CONTEXT() REPRESENTATION_CONTEXT('2D SPACE',''
  ) );
#2314 = ORIENTED_EDGE('',*,*,#1664,.F.);
#2315 = ORIENTED_EDGE('',*,*,#2023,.T.);
#2316 = ORIENTED_EDGE('',*,*,#2317,.T.);
#2317 = EDGE_CURVE('',#1921,#2318,#2320,.T.);
#2318 = VERTEX_POINT('',#2319);
#2319 = CARTESIAN_POINT('',(33.561439891256,8.,20.615947631001));
#2320 = SURFACE_CURVE('',#2321,(#2325,#2332),.PCURVE_S1.);
#2321 = LINE('',#2322,#2323);
#2322 = CARTESIAN_POINT('',(32.,8.,20.615947631001));
#2323 = VECTOR('',#2324,1.);
#2324 = DIRECTION('',(1.,0.,0.));
#2325 = PCURVE('',#44,#2326);
#2326 = DEFINITIONAL_REPRESENTATION('',(#2327),#2331);
#2327 = LINE('',#2328,#2329);
#2328 = CARTESIAN_POINT('',(1.928429578691E-31,6.));
#2329 = VECTOR('',#2330,1.);
#2330 = DIRECTION('',(-3.214049297818E-32,-1.));
#2331 = ( GEOMETRIC_REPRESENTATION_CONTEXT(2) 
PARAMETRIC_REPRESENTATION_CONTEXT() REPRESENTATION_CONTEXT('2D SPACE',''
  ) );
#2332 = PCURVE('',#1980,#2333);
#2333 = DEFINITIONAL_REPRESENTATION('',(#2334),#2337);
#2334 = B_SPLINE_CURVE_WITH_KNOTS('',1,(#2335,#2336),.UNSPECIFIED.,.F.,
  .F.,(2,2),(-2.,1.561439891256),.PIECEWISE_BEZIER_KNOTS.);
#2335 = CARTESIAN_POINT('',(-0.372284197284,-0.2));
#2336 = CARTESIAN_POINT('',(-0.372284197284,0.156143989126));
#2337 = ( GEOMETRIC_REPRESENTATION_CONTEXT(2) 
PARAMETRIC_REPRESENTATION_CONTEXT() REPRESENTATION_CONTEXT('2D SPACE',''
  ) );
#2338 = ORIENTED_EDGE('',*,*,#2339,.F.);
#2339 = EDGE_CURVE('',#2340,#2318,#2342,.T.);
#2340 = VERTEX_POINT('',#2341);
#2341 = CARTESIAN_POINT('',(34.662933144197,8.000000000001,
    20.615947631001));
#2342 = SURFACE_CURVE('',#2343,(#2347,#2354),.PCURVE_S1.);
#2343 = LINE('',#2344,#2345);
#2344 = CARTESIAN_POINT('',(38.,8.,20.615947631001));
#2345 = VECTOR('',#2346,1.);
#2346 = DIRECTION('',(-1.,0.,0.));
#2347 = PCURVE('',#44,#2348);
#2348 = DEFINITIONAL_REPRESENTATION('',(#2349),#2353);
#2349 = LINE('',#2350,#2351);
#2350 = CARTESIAN_POINT('',(-0.,0.));
#2351 = VECTOR('',#2352,1.);
#2352 = DIRECTION('',(3.214049297818E-32,1.));
#2353 = ( GEOMETRIC_REPRESENTATION_CONTEXT(2) 
PARAMETRIC_REPRESENTATION_CONTEXT() REPRESENTATION_CONTEXT('2D SPACE',''
  ) );
#2354 = PCURVE('',#521,#2355);
#2355 = DEFINITIONAL_REPRESENTATION('',(#2356),#2360);
#2356 = LINE('',#2357,#2358);
#2357 = CARTESIAN_POINT('',(6.28318530718,0.));
#2358 = VECTOR('',#2359,1.);
#2359 = DIRECTION('',(0.,1.));
#2360 = ( GEOMETRIC_REPRESENTATION_CONTEXT(2) 
PARAMETRIC_REPRESENTATION_CONTEXT() REPRESENTATION_CONTEXT('2D SPACE',''
  ) );
#2361 = ORIENTED_EDGE('',*,*,#2362,.F.);
#2362 = EDGE_CURVE('',#2363,#2340,#2365,.T.);
#2363 = VERTEX_POINT('',#2364);
#2364 = CARTESIAN_POINT('',(34.662933144197,-8.,20.615947631001));
#2365 = SURFACE_CURVE('',#2366,(#2371,#2379),.PCURVE_S1.);
#2366 = B_SPLINE_CURVE_WITH_KNOTS('',3,(#2367,#2368,#2369,#2370),
  .UNSPECIFIED.,.F.,.F.,(4,4),(-1.602732493153,0.),
  .PIECEWISE_BEZIER_KNOTS.);
#2367 = CARTESIAN_POINT('',(34.662933144197,-8.000000000001,
    20.615947631001));
#2368 = CARTESIAN_POINT('',(35.203037887523,-2.684929954921,
    20.615947631001));
#2369 = CARTESIAN_POINT('',(35.203037887573,2.684929953426,
    20.615947631001));
#2370 = CARTESIAN_POINT('',(34.662933144347,7.999999998516,
    20.615947631001));
#2371 = PCURVE('',#44,#2372);
#2372 = DEFINITIONAL_REPRESENTATION('',(#2373),#2378);
#2373 = B_SPLINE_CURVE_WITH_KNOTS('',3,(#2374,#2375,#2376,#2377),
  .UNSPECIFIED.,.F.,.F.,(4,4),(-1.602732493153,0.),
  .PIECEWISE_BEZIER_KNOTS.);
#2374 = CARTESIAN_POINT('',(16.000000000001,3.337066855803));
#2375 = CARTESIAN_POINT('',(10.684929954921,2.796962112477));
#2376 = CARTESIAN_POINT('',(5.315070046574,2.796962112427));
#2377 = CARTESIAN_POINT('',(1.483630107657E-09,3.337066855653));
#2378 = ( GEOMETRIC_REPRESENTATION_CONTEXT(2) 
PARAMETRIC_REPRESENTATION_CONTEXT() REPRESENTATION_CONTEXT('2D SPACE',''
  ) );
#2379 = PCURVE('',#2380,#2405);
#2380 = B_SPLINE_SURFACE_WITH_KNOTS('',3,3,(
    (#2381,#2382,#2383,#2384)
    ,(#2385,#2386,#2387,#2388)
    ,(#2389,#2390,#2391,#2392)
    ,(#2393,#2394,#2395,#2396)
    ,(#2397,#2398,#2399,#2400)
    ,(#2401,#2402,#2403,#2404
    )),.UNSPECIFIED.,.F.,.F.,.F.,(4,1,1,4),(4,4),(0.,0.285714285714,
    0.571428571429,1.),(0.,1.602732493153),.UNSPECIFIED.);
#2381 = CARTESIAN_POINT('',(35.578533172684,8.09304108998,
    22.007125267643));
#2382 = CARTESIAN_POINT('',(36.15488570244,2.718765719904,
    21.936364713552));
#2383 = CARTESIAN_POINT('',(36.154885702387,-2.718765721417,
    21.936364713561));
#2384 = CARTESIAN_POINT('',(35.578533172523,-8.093041091481,
    22.007125267663));
#2385 = CARTESIAN_POINT('',(35.65164986705,8.100471034101,
    21.834219326178));
#2386 = CARTESIAN_POINT('',(36.212392014067,2.719562619782,
    21.764517143132));
#2387 = CARTESIAN_POINT('',(36.212392014017,-2.719562621296,
    21.76451714314));
#2388 = CARTESIAN_POINT('',(35.651649866893,-8.100471035604,
    21.834219326198));
#2389 = CARTESIAN_POINT('',(35.697784960599,8.10515917229,
    21.446984404251));
#2390 = CARTESIAN_POINT('',(36.23151209483,2.718340679023,
    21.390503060111));
#2391 = CARTESIAN_POINT('',(36.231512094782,-2.718340680537,
    21.390503060117));
#2392 = CARTESIAN_POINT('',(35.69778496045,-8.105159173795,
    21.446984404267));
#2393 = CARTESIAN_POINT('',(35.406324763118,8.075541682063,
    20.827349060029));
#2394 = CARTESIAN_POINT('',(35.923215027995,2.707036226332,
    20.809878770239));
#2395 = CARTESIAN_POINT('',(35.923215027948,-2.70703622784,
    20.809878770241));
#2396 = CARTESIAN_POINT('',(35.406324762974,-8.075541683562,
    20.827349060034));
#2397 = CARTESIAN_POINT('',(34.943304595255,8.028490676761,
    20.615947631001));
#2398 = CARTESIAN_POINT('',(35.474256921904,2.693175594057,
    20.616379898459));
#2399 = CARTESIAN_POINT('',(35.474256921855,-2.693175595557,
    20.616379898459));
#2400 = CARTESIAN_POINT('',(34.943304595107,-8.028490678251,
    20.615947631001));
#2401 = CARTESIAN_POINT('',(34.662933144347,7.999999998516,
    20.615947631001));
#2402 = CARTESIAN_POINT('',(35.203037887573,2.684929953426,
    20.615947631001));
#2403 = CARTESIAN_POINT('',(35.203037887523,-2.684929954921,
    20.615947631001));
#2404 = CARTESIAN_POINT('',(34.662933144197,-8.000000000001,
    20.615947631001));
#2405 = DEFINITIONAL_REPRESENTATION('',(#2406),#2410);
#2406 = LINE('',#2407,#2408);
#2407 = CARTESIAN_POINT('',(1.,0.));
#2408 = VECTOR('',#2409,1.);
#2409 = DIRECTION('',(1.385412761479E-16,-1.));
#2410 = ( GEOMETRIC_REPRESENTATION_CONTEXT(2) 
PARAMETRIC_REPRESENTATION_CONTEXT() REPRESENTATION_CONTEXT('2D SPACE',''
  ) );
#2411 = ORIENTED_EDGE('',*,*,#2412,.T.);
#2412 = EDGE_CURVE('',#2363,#2413,#2415,.T.);
#2413 = VERTEX_POINT('',#2414);
#2414 = CARTESIAN_POINT('',(33.561439891256,-8.,20.615947631001));
#2415 = SURFACE_CURVE('',#2416,(#2420,#2427),.PCURVE_S1.);
#2416 = LINE('',#2417,#2418);
#2417 = CARTESIAN_POINT('',(38.,-8.,20.615947631001));
#2418 = VECTOR('',#2419,1.);
#2419 = DIRECTION('',(-1.,0.,0.));
#2420 = PCURVE('',#44,#2421);
#2421 = DEFINITIONAL_REPRESENTATION('',(#2422),#2426);
#2422 = LINE('',#2423,#2424);
#2423 = CARTESIAN_POINT('',(16.,-5.142478876509E-31));
#2424 = VECTOR('',#2425,1.);
#2425 = DIRECTION('',(3.214049297818E-32,1.));
#2426 = ( GEOMETRIC_REPRESENTATION_CONTEXT(2) 
PARAMETRIC_REPRESENTATION_CONTEXT() REPRESENTATION_CONTEXT('2D SPACE',''
  ) );
#2427 = PCURVE('',#385,#2428);
#2428 = DEFINITIONAL_REPRESENTATION('',(#2429),#2433);
#2429 = LINE('',#2430,#2431);
#2430 = CARTESIAN_POINT('',(3.14159265359,0.));
#2431 = VECTOR('',#2432,1.);
#2432 = DIRECTION('',(0.,1.));
#2433 = ( GEOMETRIC_REPRESENTATION_CONTEXT(2) 
PARAMETRIC_REPRESENTATION_CONTEXT() REPRESENTATION_CONTEXT('2D SPACE',''
  ) );
#2434 = ORIENTED_EDGE('',*,*,#2435,.T.);
#2435 = EDGE_CURVE('',#2413,#1090,#2436,.T.);
#2436 = SURFACE_CURVE('',#2437,(#2441,#2448),.PCURVE_S1.);
#2437 = LINE('',#2438,#2439);
#2438 = CARTESIAN_POINT('',(32.,-8.,20.615947631001));
#2439 = VECTOR('',#2440,1.);
#2440 = DIRECTION('',(-1.,0.,0.));
#2441 = PCURVE('',#44,#2442);
#2442 = DEFINITIONAL_REPRESENTATION('',(#2443),#2447);
#2443 = LINE('',#2444,#2445);
#2444 = CARTESIAN_POINT('',(16.,6.));
#2445 = VECTOR('',#2446,1.);
#2446 = DIRECTION('',(3.214049297818E-32,1.));
#2447 = ( GEOMETRIC_REPRESENTATION_CONTEXT(2) 
PARAMETRIC_REPRESENTATION_CONTEXT() REPRESENTATION_CONTEXT('2D SPACE',''
  ) );
#2448 = PCURVE('',#1172,#2449);
#2449 = DEFINITIONAL_REPRESENTATION('',(#2450),#2453);
#2450 = B_SPLINE_CURVE_WITH_KNOTS('',1,(#2451,#2452),.UNSPECIFIED.,.F.,
  .F.,(2,2),(-1.561439891256,2.),.PIECEWISE_BEZIER_KNOTS.);
#2451 = CARTESIAN_POINT('',(-0.3697397437,0.156143989126));
#2452 = CARTESIAN_POINT('',(-0.3697397437,-0.2));
#2453 = ( GEOMETRIC_REPRESENTATION_CONTEXT(2) 
PARAMETRIC_REPRESENTATION_CONTEXT() REPRESENTATION_CONTEXT('2D SPACE',''
  ) );
#2454 = ORIENTED_EDGE('',*,*,#1089,.T.);
#2455 = ADVANCED_FACE('',(#2456),#638,.T.);
#2456 = FACE_BOUND('',#2457,.T.);
#2457 = EDGE_LOOP('',(#2458,#2459,#2480,#2481));
#2458 = ORIENTED_EDGE('',*,*,#617,.T.);
#2459 = ORIENTED_EDGE('',*,*,#2460,.T.);
#2460 = EDGE_CURVE('',#590,#2267,#2461,.T.);
#2461 = SURFACE_CURVE('',#2462,(#2466,#2473),.PCURVE_S1.);
#2462 = LINE('',#2463,#2464);
#2463 = CARTESIAN_POINT('',(29.,5.5,21.615937964037));
#2464 = VECTOR('',#2465,1.);
#2465 = DIRECTION('',(0.,9.478529072737E-14,-1.));
#2466 = PCURVE('',#638,#2467);
#2467 = DEFINITIONAL_REPRESENTATION('',(#2468),#2472);
#2468 = LINE('',#2469,#2470);
#2469 = CARTESIAN_POINT('',(-0.785398163397,0.));
#2470 = VECTOR('',#2471,1.);
#2471 = DIRECTION('',(0.,-1.));
#2472 = ( GEOMETRIC_REPRESENTATION_CONTEXT(2) 
PARAMETRIC_REPRESENTATION_CONTEXT() REPRESENTATION_CONTEXT('2D SPACE',''
  ) );
#2473 = PCURVE('',#605,#2474);
#2474 = DEFINITIONAL_REPRESENTATION('',(#2475),#2479);
#2475 = LINE('',#2476,#2477);
#2476 = CARTESIAN_POINT('',(1.758343305593,-0.999990333036));
#2477 = VECTOR('',#2478,1.);
#2478 = DIRECTION('',(-9.478529072737E-14,-1.));
#2479 = ( GEOMETRIC_REPRESENTATION_CONTEXT(2) 
PARAMETRIC_REPRESENTATION_CONTEXT() REPRESENTATION_CONTEXT('2D SPACE',''
  ) );
#2480 = ORIENTED_EDGE('',*,*,#2266,.T.);
#2481 = ORIENTED_EDGE('',*,*,#2482,.T.);
#2482 = EDGE_CURVE('',#2244,#618,#2483,.T.);
#2483 = SURFACE_CURVE('',#2484,(#2488,#2495),.PCURVE_S1.);
#2484 = LINE('',#2485,#2486);
#2485 = CARTESIAN_POINT('',(30.,4.5,21.615937964037));
#2486 = VECTOR('',#2487,1.);
#2487 = DIRECTION('',(0.,-9.478529072737E-14,1.));
#2488 = PCURVE('',#638,#2489);
#2489 = DEFINITIONAL_REPRESENTATION('',(#2490),#2494);
#2490 = LINE('',#2491,#2492);
#2491 = CARTESIAN_POINT('',(0.785398163397,-3.552713678801E-15));
#2492 = VECTOR('',#2493,1.);
#2493 = DIRECTION('',(6.383782391595E-16,1.));
#2494 = ( GEOMETRIC_REPRESENTATION_CONTEXT(2) 
PARAMETRIC_REPRESENTATION_CONTEXT() REPRESENTATION_CONTEXT('2D SPACE',''
  ) );
#2495 = PCURVE('',#666,#2496);
#2496 = DEFINITIONAL_REPRESENTATION('',(#2497),#2501);
#2497 = LINE('',#2498,#2499);
#2498 = CARTESIAN_POINT('',(0.999990333036,2.));
#2499 = VECTOR('',#2500,1.);
#2500 = DIRECTION('',(1.,0.));
#2501 = ( GEOMETRIC_REPRESENTATION_CONTEXT(2) 
PARAMETRIC_REPRESENTATION_CONTEXT() REPRESENTATION_CONTEXT('2D SPACE',''
  ) );
#2502 = ADVANCED_FACE('',(#2503),#666,.T.);
#2503 = FACE_BOUND('',#2504,.T.);
#2504 = EDGE_LOOP('',(#2505,#2506,#2507,#2528));
#2505 = ORIENTED_EDGE('',*,*,#2482,.F.);
#2506 = ORIENTED_EDGE('',*,*,#2243,.F.);
#2507 = ORIENTED_EDGE('',*,*,#2508,.F.);
#2508 = EDGE_CURVE('',#651,#2220,#2509,.T.);
#2509 = SURFACE_CURVE('',#2510,(#2514,#2521),.PCURVE_S1.);
#2510 = LINE('',#2511,#2512);
#2511 = CARTESIAN_POINT('',(31.1,4.5,21.615947631001));
#2512 = VECTOR('',#2513,1.);
#2513 = DIRECTION('',(0.,9.478529072737E-14,-1.));
#2514 = PCURVE('',#666,#2515);
#2515 = DEFINITIONAL_REPRESENTATION('',(#2516),#2520);
#2516 = LINE('',#2517,#2518);
#2517 = CARTESIAN_POINT('',(1.,0.9));
#2518 = VECTOR('',#2519,1.);
#2519 = DIRECTION('',(-1.,-0.));
#2520 = ( GEOMETRIC_REPRESENTATION_CONTEXT(2) 
PARAMETRIC_REPRESENTATION_CONTEXT() REPRESENTATION_CONTEXT('2D SPACE',''
  ) );
#2521 = PCURVE('',#695,#2522);
#2522 = DEFINITIONAL_REPRESENTATION('',(#2523),#2527);
#2523 = LINE('',#2524,#2525);
#2524 = CARTESIAN_POINT('',(-0.785398163397,-3.552713678801E-15));
#2525 = VECTOR('',#2526,1.);
#2526 = DIRECTION('',(6.661338147751E-16,1.));
#2527 = ( GEOMETRIC_REPRESENTATION_CONTEXT(2) 
PARAMETRIC_REPRESENTATION_CONTEXT() REPRESENTATION_CONTEXT('2D SPACE',''
  ) );
#2528 = ORIENTED_EDGE('',*,*,#650,.F.);
#2529 = ADVANCED_FACE('',(#2530),#813,.T.);
#2530 = FACE_BOUND('',#2531,.T.);
#2531 = EDGE_LOOP('',(#2532,#2533,#2554,#2555));
#2532 = ORIENTED_EDGE('',*,*,#2121,.T.);
#2533 = ORIENTED_EDGE('',*,*,#2534,.T.);
#2534 = EDGE_CURVE('',#2099,#793,#2535,.T.);
#2535 = SURFACE_CURVE('',#2536,(#2540,#2547),.PCURVE_S1.);
#2536 = LINE('',#2537,#2538);
#2537 = CARTESIAN_POINT('',(29.,-5.5,23.615941997488));
#2538 = VECTOR('',#2539,1.);
#2539 = DIRECTION('',(0.,9.367506770275E-14,1.));
#2540 = PCURVE('',#813,#2541);
#2541 = DEFINITIONAL_REPRESENTATION('',(#2542),#2546);
#2542 = LINE('',#2543,#2544);
#2543 = CARTESIAN_POINT('',(-0.785398163397,0.));
#2544 = VECTOR('',#2545,1.);
#2545 = DIRECTION('',(-1.33226762955E-15,-1.));
#2546 = ( GEOMETRIC_REPRESENTATION_CONTEXT(2) 
PARAMETRIC_REPRESENTATION_CONTEXT() REPRESENTATION_CONTEXT('2D SPACE',''
  ) );
#2547 = PCURVE('',#73,#2548);
#2548 = DEFINITIONAL_REPRESENTATION('',(#2549),#2553);
#2549 = LINE('',#2550,#2551);
#2550 = CARTESIAN_POINT('',(-1.751643076708,1.000005633512));
#2551 = VECTOR('',#2552,1.);
#2552 = DIRECTION('',(-9.367506770275E-14,1.));
#2553 = ( GEOMETRIC_REPRESENTATION_CONTEXT(2) 
PARAMETRIC_REPRESENTATION_CONTEXT() REPRESENTATION_CONTEXT('2D SPACE',''
  ) );
#2554 = ORIENTED_EDGE('',*,*,#792,.T.);
#2555 = ORIENTED_EDGE('',*,*,#2556,.T.);
#2556 = EDGE_CURVE('',#765,#2122,#2557,.T.);
#2557 = SURFACE_CURVE('',#2558,(#2562,#2569),.PCURVE_S1.);
#2558 = LINE('',#2559,#2560);
#2559 = CARTESIAN_POINT('',(30.,-4.5,23.615941997488));
#2560 = VECTOR('',#2561,1.);
#2561 = DIRECTION('',(0.,-9.367506770275E-14,-1.));
#2562 = PCURVE('',#813,#2563);
#2563 = DEFINITIONAL_REPRESENTATION('',(#2564),#2568);
#2564 = LINE('',#2565,#2566);
#2565 = CARTESIAN_POINT('',(0.785398163397,7.105427357601E-15));
#2566 = VECTOR('',#2567,1.);
#2567 = DIRECTION('',(0.,1.));
#2568 = ( GEOMETRIC_REPRESENTATION_CONTEXT(2) 
PARAMETRIC_REPRESENTATION_CONTEXT() REPRESENTATION_CONTEXT('2D SPACE',''
  ) );
#2569 = PCURVE('',#780,#2570);
#2570 = DEFINITIONAL_REPRESENTATION('',(#2571),#2575);
#2571 = LINE('',#2572,#2573);
#2572 = CARTESIAN_POINT('',(1.000005633513,2.));
#2573 = VECTOR('',#2574,1.);
#2574 = DIRECTION('',(1.,0.));
#2575 = ( GEOMETRIC_REPRESENTATION_CONTEXT(2) 
PARAMETRIC_REPRESENTATION_CONTEXT() REPRESENTATION_CONTEXT('2D SPACE',''
  ) );
#2576 = ADVANCED_FACE('',(#2577),#780,.T.);
#2577 = FACE_BOUND('',#2578,.T.);
#2578 = EDGE_LOOP('',(#2579,#2580,#2581,#2602));
#2579 = ORIENTED_EDGE('',*,*,#2556,.F.);
#2580 = ORIENTED_EDGE('',*,*,#764,.F.);
#2581 = ORIENTED_EDGE('',*,*,#2582,.F.);
#2582 = EDGE_CURVE('',#2150,#736,#2583,.T.);
#2583 = SURFACE_CURVE('',#2584,(#2588,#2595),.PCURVE_S1.);
#2584 = LINE('',#2585,#2586);
#2585 = CARTESIAN_POINT('',(31.1,-4.5,23.615947631001));
#2586 = VECTOR('',#2587,1.);
#2587 = DIRECTION('',(0.,9.367506770275E-14,1.));
#2588 = PCURVE('',#780,#2589);
#2589 = DEFINITIONAL_REPRESENTATION('',(#2590),#2594);
#2590 = LINE('',#2591,#2592);
#2591 = CARTESIAN_POINT('',(1.,0.9));
#2592 = VECTOR('',#2593,1.);
#2593 = DIRECTION('',(-1.,0.));
#2594 = ( GEOMETRIC_REPRESENTATION_CONTEXT(2) 
PARAMETRIC_REPRESENTATION_CONTEXT() REPRESENTATION_CONTEXT('2D SPACE',''
  ) );
#2595 = PCURVE('',#752,#2596);
#2596 = DEFINITIONAL_REPRESENTATION('',(#2597),#2601);
#2597 = LINE('',#2598,#2599);
#2598 = CARTESIAN_POINT('',(-0.785398163397,3.552713678801E-15));
#2599 = VECTOR('',#2600,1.);
#2600 = DIRECTION('',(0.,1.));
#2601 = ( GEOMETRIC_REPRESENTATION_CONTEXT(2) 
PARAMETRIC_REPRESENTATION_CONTEXT() REPRESENTATION_CONTEXT('2D SPACE',''
  ) );
#2602 = ORIENTED_EDGE('',*,*,#2149,.T.);
#2603 = ADVANCED_FACE('',(#2604),#752,.F.);
#2604 = FACE_BOUND('',#2605,.F.);
#2605 = EDGE_LOOP('',(#2606,#2627,#2628,#2629));
#2606 = ORIENTED_EDGE('',*,*,#2607,.F.);
#2607 = EDGE_CURVE('',#708,#2173,#2608,.T.);
#2608 = SURFACE_CURVE('',#2609,(#2613,#2620),.PCURVE_S1.);
#2609 = LINE('',#2610,#2611);
#2610 = CARTESIAN_POINT('',(32.1,-3.5,23.615947631001));
#2611 = VECTOR('',#2612,1.);
#2612 = DIRECTION('',(0.,-9.367506770275E-14,-1.));
#2613 = PCURVE('',#752,#2614);
#2614 = DEFINITIONAL_REPRESENTATION('',(#2615),#2619);
#2615 = LINE('',#2616,#2617);
#2616 = CARTESIAN_POINT('',(0.785398163397,0.));
#2617 = VECTOR('',#2618,1.);
#2618 = DIRECTION('',(6.106226635438E-16,-1.));
#2619 = ( GEOMETRIC_REPRESENTATION_CONTEXT(2) 
PARAMETRIC_REPRESENTATION_CONTEXT() REPRESENTATION_CONTEXT('2D SPACE',''
  ) );
#2620 = PCURVE('',#723,#2621);
#2621 = DEFINITIONAL_REPRESENTATION('',(#2622),#2626);
#2622 = LINE('',#2623,#2624);
#2623 = CARTESIAN_POINT('',(-3.5,1.));
#2624 = VECTOR('',#2625,1.);
#2625 = DIRECTION('',(-9.367506770275E-14,-1.));
#2626 = ( GEOMETRIC_REPRESENTATION_CONTEXT(2) 
PARAMETRIC_REPRESENTATION_CONTEXT() REPRESENTATION_CONTEXT('2D SPACE',''
  ) );
#2627 = ORIENTED_EDGE('',*,*,#735,.F.);
#2628 = ORIENTED_EDGE('',*,*,#2582,.F.);
#2629 = ORIENTED_EDGE('',*,*,#2172,.F.);
#2630 = ADVANCED_FACE('',(#2631),#695,.F.);
#2631 = FACE_BOUND('',#2632,.F.);
#2632 = EDGE_LOOP('',(#2633,#2654,#2655,#2656));
#2633 = ORIENTED_EDGE('',*,*,#2634,.F.);
#2634 = EDGE_CURVE('',#2197,#679,#2635,.T.);
#2635 = SURFACE_CURVE('',#2636,(#2640,#2647),.PCURVE_S1.);
#2636 = LINE('',#2637,#2638);
#2637 = CARTESIAN_POINT('',(32.1,3.5,21.615947631001));
#2638 = VECTOR('',#2639,1.);
#2639 = DIRECTION('',(0.,-9.478529072737E-14,1.));
#2640 = PCURVE('',#695,#2641);
#2641 = DEFINITIONAL_REPRESENTATION('',(#2642),#2646);
#2642 = LINE('',#2643,#2644);
#2643 = CARTESIAN_POINT('',(0.785398163397,0.));
#2644 = VECTOR('',#2645,1.);
#2645 = DIRECTION('',(0.,-1.));
#2646 = ( GEOMETRIC_REPRESENTATION_CONTEXT(2) 
PARAMETRIC_REPRESENTATION_CONTEXT() REPRESENTATION_CONTEXT('2D SPACE',''
  ) );
#2647 = PCURVE('',#723,#2648);
#2648 = DEFINITIONAL_REPRESENTATION('',(#2649),#2653);
#2649 = LINE('',#2650,#2651);
#2650 = CARTESIAN_POINT('',(3.5,-1.));
#2651 = VECTOR('',#2652,1.);
#2652 = DIRECTION('',(-9.478529072737E-14,1.));
#2653 = ( GEOMETRIC_REPRESENTATION_CONTEXT(2) 
PARAMETRIC_REPRESENTATION_CONTEXT() REPRESENTATION_CONTEXT('2D SPACE',''
  ) );
#2654 = ORIENTED_EDGE('',*,*,#2219,.F.);
#2655 = ORIENTED_EDGE('',*,*,#2508,.F.);
#2656 = ORIENTED_EDGE('',*,*,#678,.F.);
#2657 = ADVANCED_FACE('',(#2658),#1823,.T.);
#2658 = FACE_BOUND('',#2659,.T.);
#2659 = EDGE_LOOP('',(#2660,#2688,#2689,#2690));
#2660 = ORIENTED_EDGE('',*,*,#2661,.T.);
#2661 = EDGE_CURVE('',#2662,#2051,#2664,.T.);
#2662 = VERTEX_POINT('',#2663);
#2663 = CARTESIAN_POINT('',(29.,10.999999999984,23.615947630984));
#2664 = SURFACE_CURVE('',#2665,(#2670,#2677),.PCURVE_S1.);
#2665 = CIRCLE('',#2666,2.000000000017);
#2666 = AXIS2_PLACEMENT_3D('',#2667,#2668,#2669);
#2667 = CARTESIAN_POINT('',(29.,8.999999999967,23.615947630984));
#2668 = DIRECTION('',(1.,0.,0.));
#2669 = DIRECTION('',(-0.,3.885780586155E-14,1.));
#2670 = PCURVE('',#1823,#2671);
#2671 = DEFINITIONAL_REPRESENTATION('',(#2672),#2676);
#2672 = LINE('',#2673,#2674);
#2673 = CARTESIAN_POINT('',(0.,0.));
#2674 = VECTOR('',#2675,1.);
#2675 = DIRECTION('',(1.,0.));
#2676 = ( GEOMETRIC_REPRESENTATION_CONTEXT(2) 
PARAMETRIC_REPRESENTATION_CONTEXT() REPRESENTATION_CONTEXT('2D SPACE',''
  ) );
#2677 = PCURVE('',#605,#2678);
#2678 = DEFINITIONAL_REPRESENTATION('',(#2679),#2687);
#2679 = ( BOUNDED_CURVE() B_SPLINE_CURVE(2,(#2680,#2681,#2682,#2683,
#2684,#2685,#2686),.UNSPECIFIED.,.T.,.F.) B_SPLINE_CURVE_WITH_KNOTS((1,2
    ,2,2,2,1),(-2.094395102393,0.,2.094395102393,4.188790204786,
6.28318530718,8.377580409573),.UNSPECIFIED.) CURVE() 
GEOMETRIC_REPRESENTATION_ITEM() RATIONAL_B_SPLINE_CURVE((1.,0.5,1.,0.5,
1.,0.5,1.)) REPRESENTATION_ITEM('') );
#2680 = CARTESIAN_POINT('',(-1.741656694374,3.000019333928));
#2681 = CARTESIAN_POINT('',(1.722444920794,3.000019333928));
#2682 = CARTESIAN_POINT('',(-9.605886789622E-03,1.933390175446E-05));
#2683 = CARTESIAN_POINT('',(-1.741656694373,-2.999980666124));
#2684 = CARTESIAN_POINT('',(-3.473707501957,1.933390161857E-05));
#2685 = CARTESIAN_POINT('',(-5.205758309541,3.000019333927));
#2686 = CARTESIAN_POINT('',(-1.741656694374,3.000019333928));
#2687 = ( GEOMETRIC_REPRESENTATION_CONTEXT(2) 
PARAMETRIC_REPRESENTATION_CONTEXT() REPRESENTATION_CONTEXT('2D SPACE',''
  ) );
#2688 = ORIENTED_EDGE('',*,*,#2050,.T.);
#2689 = ORIENTED_EDGE('',*,*,#1802,.F.);
#2690 = ORIENTED_EDGE('',*,*,#2691,.F.);
#2691 = EDGE_CURVE('',#2662,#1775,#2692,.T.);
#2692 = SURFACE_CURVE('',#2693,(#2697,#2704),.PCURVE_S1.);
#2693 = LINE('',#2694,#2695);
#2694 = CARTESIAN_POINT('',(29.,10.999999999984,23.615947630984));
#2695 = VECTOR('',#2696,1.);
#2696 = DIRECTION('',(1.,0.,0.));
#2697 = PCURVE('',#1823,#2698);
#2698 = DEFINITIONAL_REPRESENTATION('',(#2699),#2703);
#2699 = LINE('',#2700,#2701);
#2700 = CARTESIAN_POINT('',(4.712388980385,0.));
#2701 = VECTOR('',#2702,1.);
#2702 = DIRECTION('',(0.,1.));
#2703 = ( GEOMETRIC_REPRESENTATION_CONTEXT(2) 
PARAMETRIC_REPRESENTATION_CONTEXT() REPRESENTATION_CONTEXT('2D SPACE',''
  ) );
#2704 = PCURVE('',#1790,#2705);
#2705 = DEFINITIONAL_REPRESENTATION('',(#2706),#2710);
#2706 = LINE('',#2707,#2708);
#2707 = CARTESIAN_POINT('',(2.000000000007,0.));
#2708 = VECTOR('',#2709,1.);
#2709 = DIRECTION('',(0.,1.));
#2710 = ( GEOMETRIC_REPRESENTATION_CONTEXT(2) 
PARAMETRIC_REPRESENTATION_CONTEXT() REPRESENTATION_CONTEXT('2D SPACE',''
  ) );
#2711 = ADVANCED_FACE('',(#2712),#1790,.T.);
#2712 = FACE_BOUND('',#2713,.T.);
#2713 = EDGE_LOOP('',(#2714,#2737,#2738,#2739));
#2714 = ORIENTED_EDGE('',*,*,#2715,.T.);
#2715 = EDGE_CURVE('',#2716,#2662,#2718,.T.);
#2716 = VERTEX_POINT('',#2717);
#2717 = CARTESIAN_POINT('',(29.,10.999999999984,21.615947630977));
#2718 = SURFACE_CURVE('',#2719,(#2723,#2730),.PCURVE_S1.);
#2719 = LINE('',#2720,#2721);
#2720 = CARTESIAN_POINT('',(29.,10.999999999984,23.115947630992));
#2721 = VECTOR('',#2722,1.);
#2722 = DIRECTION('',(0.,1.132427485114E-13,1.));
#2723 = PCURVE('',#1790,#2724);
#2724 = DEFINITIONAL_REPRESENTATION('',(#2725),#2729);
#2725 = LINE('',#2726,#2727);
#2726 = CARTESIAN_POINT('',(1.500000000015,0.));
#2727 = VECTOR('',#2728,1.);
#2728 = DIRECTION('',(1.,0.));
#2729 = ( GEOMETRIC_REPRESENTATION_CONTEXT(2) 
PARAMETRIC_REPRESENTATION_CONTEXT() REPRESENTATION_CONTEXT('2D SPACE',''
  ) );
#2730 = PCURVE('',#605,#2731);
#2731 = DEFINITIONAL_REPRESENTATION('',(#2732),#2736);
#2732 = LINE('',#2733,#2734);
#2733 = CARTESIAN_POINT('',(-3.741656694391,0.500019333918));
#2734 = VECTOR('',#2735,1.);
#2735 = DIRECTION('',(-1.132427485114E-13,1.));
#2736 = ( GEOMETRIC_REPRESENTATION_CONTEXT(2) 
PARAMETRIC_REPRESENTATION_CONTEXT() REPRESENTATION_CONTEXT('2D SPACE',''
  ) );
#2737 = ORIENTED_EDGE('',*,*,#2691,.T.);
#2738 = ORIENTED_EDGE('',*,*,#1774,.F.);
#2739 = ORIENTED_EDGE('',*,*,#2740,.F.);
#2740 = EDGE_CURVE('',#2716,#1742,#2741,.T.);
#2741 = SURFACE_CURVE('',#2742,(#2746,#2753),.PCURVE_S1.);
#2742 = LINE('',#2743,#2744);
#2743 = CARTESIAN_POINT('',(29.,10.999999999984,21.615947630977));
#2744 = VECTOR('',#2745,1.);
#2745 = DIRECTION('',(1.,0.,0.));
#2746 = PCURVE('',#1790,#2747);
#2747 = DEFINITIONAL_REPRESENTATION('',(#2748),#2752);
#2748 = LINE('',#2749,#2750);
#2749 = CARTESIAN_POINT('',(0.,0.));
#2750 = VECTOR('',#2751,1.);
#2751 = DIRECTION('',(0.,1.));
#2752 = ( GEOMETRIC_REPRESENTATION_CONTEXT(2) 
PARAMETRIC_REPRESENTATION_CONTEXT() REPRESENTATION_CONTEXT('2D SPACE',''
  ) );
#2753 = PCURVE('',#1762,#2754);
#2754 = DEFINITIONAL_REPRESENTATION('',(#2755),#2759);
#2755 = LINE('',#2756,#2757);
#2756 = CARTESIAN_POINT('',(6.28318530718,0.));
#2757 = VECTOR('',#2758,1.);
#2758 = DIRECTION('',(0.,1.));
#2759 = ( GEOMETRIC_REPRESENTATION_CONTEXT(2) 
PARAMETRIC_REPRESENTATION_CONTEXT() REPRESENTATION_CONTEXT('2D SPACE',''
  ) );
#2760 = ADVANCED_FACE('',(#2761),#1762,.T.);
#2761 = FACE_BOUND('',#2762,.T.);
#2762 = EDGE_LOOP('',(#2763,#2791,#2792,#2793));
#2763 = ORIENTED_EDGE('',*,*,#2764,.T.);
#2764 = EDGE_CURVE('',#2765,#2716,#2767,.T.);
#2765 = VERTEX_POINT('',#2766);
#2766 = CARTESIAN_POINT('',(29.,9.000000000009,19.615947631001));
#2767 = SURFACE_CURVE('',#2768,(#2773,#2780),.PCURVE_S1.);
#2768 = CIRCLE('',#2769,1.999999999976);
#2769 = AXIS2_PLACEMENT_3D('',#2770,#2771,#2772);
#2770 = CARTESIAN_POINT('',(29.,9.000000000009,21.615947630977));
#2771 = DIRECTION('',(1.,0.,0.));
#2772 = DIRECTION('',(0.,1.,-2.220446049277E-15));
#2773 = PCURVE('',#1762,#2774);
#2774 = DEFINITIONAL_REPRESENTATION('',(#2775),#2779);
#2775 = LINE('',#2776,#2777);
#2776 = CARTESIAN_POINT('',(-8.881784197001E-16,0.));
#2777 = VECTOR('',#2778,1.);
#2778 = DIRECTION('',(1.,0.));
#2779 = ( GEOMETRIC_REPRESENTATION_CONTEXT(2) 
PARAMETRIC_REPRESENTATION_CONTEXT() REPRESENTATION_CONTEXT('2D SPACE',''
  ) );
#2780 = PCURVE('',#605,#2781);
#2781 = DEFINITIONAL_REPRESENTATION('',(#2782),#2790);
#2782 = ( BOUNDED_CURVE() B_SPLINE_CURVE(2,(#2783,#2784,#2785,#2786,
#2787,#2788,#2789),.UNSPECIFIED.,.T.,.F.) B_SPLINE_CURVE_WITH_KNOTS((1,2
    ,2,2,2,1),(-2.094395102393,0.,2.094395102393,4.188790204786,
6.28318530718,8.377580409573),.UNSPECIFIED.) CURVE() 
GEOMETRIC_REPRESENTATION_ITEM() RATIONAL_B_SPLINE_CURVE((1.,0.5,1.,0.5,
1.,0.5,1.)) REPRESENTATION_ITEM('') );
#2783 = CARTESIAN_POINT('',(-3.741656694391,-0.999980666097));
#2784 = CARTESIAN_POINT('',(-3.741656694391,2.464120948998));
#2785 = CARTESIAN_POINT('',(-0.741656694427,0.732070141451));
#2786 = CARTESIAN_POINT('',(2.258343305536,-0.999980666097));
#2787 = CARTESIAN_POINT('',(-0.741656694427,-2.732031473645));
#2788 = CARTESIAN_POINT('',(-3.741656694391,-4.464082281192));
#2789 = CARTESIAN_POINT('',(-3.741656694391,-0.999980666097));
#2790 = ( GEOMETRIC_REPRESENTATION_CONTEXT(2) 
PARAMETRIC_REPRESENTATION_CONTEXT() REPRESENTATION_CONTEXT('2D SPACE',''
  ) );
#2791 = ORIENTED_EDGE('',*,*,#2740,.T.);
#2792 = ORIENTED_EDGE('',*,*,#1741,.F.);
#2793 = ORIENTED_EDGE('',*,*,#2794,.F.);
#2794 = EDGE_CURVE('',#2765,#1719,#2795,.T.);
#2795 = SURFACE_CURVE('',#2796,(#2800,#2807),.PCURVE_S1.);
#2796 = LINE('',#2797,#2798);
#2797 = CARTESIAN_POINT('',(29.,9.000000000009,19.615947631001));
#2798 = VECTOR('',#2799,1.);
#2799 = DIRECTION('',(1.,0.,0.));
#2800 = PCURVE('',#1762,#2801);
#2801 = DEFINITIONAL_REPRESENTATION('',(#2802),#2806);
#2802 = LINE('',#2803,#2804);
#2803 = CARTESIAN_POINT('',(4.712388980385,0.));
#2804 = VECTOR('',#2805,1.);
#2805 = DIRECTION('',(0.,1.));
#2806 = ( GEOMETRIC_REPRESENTATION_CONTEXT(2) 
PARAMETRIC_REPRESENTATION_CONTEXT() REPRESENTATION_CONTEXT('2D SPACE',''
  ) );
#2807 = PCURVE('',#1625,#2808);
#2808 = DEFINITIONAL_REPRESENTATION('',(#2809),#2813);
#2809 = LINE('',#2810,#2811);
#2810 = CARTESIAN_POINT('',(2.000000000009,0.));
#2811 = VECTOR('',#2812,1.);
#2812 = DIRECTION('',(0.,1.));
#2813 = ( GEOMETRIC_REPRESENTATION_CONTEXT(2) 
PARAMETRIC_REPRESENTATION_CONTEXT() REPRESENTATION_CONTEXT('2D SPACE',''
  ) );
#2814 = ADVANCED_FACE('',(#2815),#1625,.T.);
#2815 = FACE_BOUND('',#2816,.T.);
#2816 = EDGE_LOOP('',(#2817,#2818,#2839,#2840));
#2817 = ORIENTED_EDGE('',*,*,#1611,.F.);
#2818 = ORIENTED_EDGE('',*,*,#2819,.T.);
#2819 = EDGE_CURVE('',#1584,#2765,#2820,.T.);
#2820 = SURFACE_CURVE('',#2821,(#2825,#2832),.PCURVE_S1.);
#2821 = LINE('',#2822,#2823);
#2822 = CARTESIAN_POINT('',(29.,4.499999999996,19.615947631001));
#2823 = VECTOR('',#2824,1.);
#2824 = DIRECTION('',(0.,1.,3.700743415414E-16));
#2825 = PCURVE('',#1625,#2826);
#2826 = DEFINITIONAL_REPRESENTATION('',(#2827),#2831);
#2827 = LINE('',#2828,#2829);
#2828 = CARTESIAN_POINT('',(-2.500000000004,0.));
#2829 = VECTOR('',#2830,1.);
#2830 = DIRECTION('',(1.,0.));
#2831 = ( GEOMETRIC_REPRESENTATION_CONTEXT(2) 
PARAMETRIC_REPRESENTATION_CONTEXT() REPRESENTATION_CONTEXT('2D SPACE',''
  ) );
#2832 = PCURVE('',#605,#2833);
#2833 = DEFINITIONAL_REPRESENTATION('',(#2834),#2838);
#2834 = LINE('',#2835,#2836);
#2835 = CARTESIAN_POINT('',(2.758343305597,-2.999980666072));
#2836 = VECTOR('',#2837,1.);
#2837 = DIRECTION('',(-1.,3.700743415414E-16));
#2838 = ( GEOMETRIC_REPRESENTATION_CONTEXT(2) 
PARAMETRIC_REPRESENTATION_CONTEXT() REPRESENTATION_CONTEXT('2D SPACE',''
  ) );
#2839 = ORIENTED_EDGE('',*,*,#2794,.T.);
#2840 = ORIENTED_EDGE('',*,*,#1718,.F.);
#2841 = ADVANCED_FACE('',(#2842),#605,.T.);
#2842 = FACE_BOUND('',#2843,.T.);
#2843 = EDGE_LOOP('',(#2844,#2845,#2846,#2847,#2848,#2849,#2850,#2851,
    #2852,#2853,#2854,#2855));
#2844 = ORIENTED_EDGE('',*,*,#1583,.F.);
#2845 = ORIENTED_EDGE('',*,*,#1640,.F.);
#2846 = ORIENTED_EDGE('',*,*,#2294,.T.);
#2847 = ORIENTED_EDGE('',*,*,#2460,.F.);
#2848 = ORIENTED_EDGE('',*,*,#589,.T.);
#2849 = ORIENTED_EDGE('',*,*,#850,.F.);
#2850 = ORIENTED_EDGE('',*,*,#984,.F.);
#2851 = ORIENTED_EDGE('',*,*,#2073,.F.);
#2852 = ORIENTED_EDGE('',*,*,#2661,.F.);
#2853 = ORIENTED_EDGE('',*,*,#2715,.F.);
#2854 = ORIENTED_EDGE('',*,*,#2764,.F.);
#2855 = ORIENTED_EDGE('',*,*,#2819,.F.);
#2856 = ADVANCED_FACE('',(#2857),#1980,.T.);
#2857 = FACE_BOUND('',#2858,.T.);
#2858 = EDGE_LOOP('',(#2859,#2860,#2881,#2906,#3028));
#2859 = ORIENTED_EDGE('',*,*,#1920,.T.);
#2860 = ORIENTED_EDGE('',*,*,#2861,.F.);
#2861 = EDGE_CURVE('',#2862,#1888,#2864,.T.);
#2862 = VERTEX_POINT('',#2863);
#2863 = CARTESIAN_POINT('',(32.308729046155,9.992745833853,
    22.786135884601));
#2864 = SURFACE_CURVE('',#2865,(#2869,#2875),.PCURVE_S1.);
#2865 = LINE('',#2866,#2867);
#2866 = CARTESIAN_POINT('',(32.,9.992745833853,22.786135884601));
#2867 = VECTOR('',#2868,1.);
#2868 = DIRECTION('',(-1.,0.,0.));
#2869 = PCURVE('',#1980,#2870);
#2870 = DEFINITIONAL_REPRESENTATION('',(#2871),#2874);
#2871 = B_SPLINE_CURVE_WITH_KNOTS('',1,(#2872,#2873),.UNSPECIFIED.,.F.,
  .F.,(2,2),(-0.308729046155,2.),.PIECEWISE_BEZIER_KNOTS.);
#2872 = CARTESIAN_POINT('',(-1.538324407568E-02,3.087290461549E-02));
#2873 = CARTESIAN_POINT('',(-1.538324407568E-02,-0.2));
#2874 = ( GEOMETRIC_REPRESENTATION_CONTEXT(2) 
PARAMETRIC_REPRESENTATION_CONTEXT() REPRESENTATION_CONTEXT('2D SPACE',''
  ) );
#2875 = PCURVE('',#1905,#2876);
#2876 = DEFINITIONAL_REPRESENTATION('',(#2877),#2880);
#2877 = B_SPLINE_CURVE_WITH_KNOTS('',1,(#2878,#2879),.UNSPECIFIED.,.F.,
  .F.,(2,2),(-0.308729046155,2.),.PIECEWISE_BEZIER_KNOTS.);
#2878 = CARTESIAN_POINT('',(-6.902506951671E-02,3.087290461549E-02));
#2879 = CARTESIAN_POINT('',(-6.902506951671E-02,-0.2));
#2880 = ( GEOMETRIC_REPRESENTATION_CONTEXT(2) 
PARAMETRIC_REPRESENTATION_CONTEXT() REPRESENTATION_CONTEXT('2D SPACE',''
  ) );
#2881 = ORIENTED_EDGE('',*,*,#2882,.F.);
#2882 = EDGE_CURVE('',#2883,#2862,#2885,.T.);
#2883 = VERTEX_POINT('',#2884);
#2884 = CARTESIAN_POINT('',(32.500000000011,9.987890082637,
    22.396190903341));
#2885 = SURFACE_CURVE('',#2886,(#2894,#2900),.PCURVE_S1.);
#2886 = B_SPLINE_CURVE_WITH_KNOTS('',3,(#2887,#2888,#2889,#2890,#2891,
    #2892,#2893),.UNSPECIFIED.,.F.,.F.,(4,3,4),(-5.88712373287E-02,
    -1.64141211635E-02,-1.538324407568E-02),.UNSPECIFIED.);
#2887 = CARTESIAN_POINT('',(32.500000000021,9.987894104526,
    22.396190458712));
#2888 = CARTESIAN_POINT('',(32.436578310064,10.001802501328,
    22.521998568834));
#2889 = CARTESIAN_POINT('',(32.373888649191,10.003800911573,
    22.649441612697));
#2890 = CARTESIAN_POINT('',(32.313149851652,9.993516695184,
    22.77685501437));
#2891 = CARTESIAN_POINT('',(32.311675080292,9.993266988762,
    22.779948681734));
#2892 = CARTESIAN_POINT('',(32.310201472092,9.993010036833,
    22.78304231394));
#2893 = CARTESIAN_POINT('',(32.308729046155,9.992745833853,
    22.786135884601));
#2894 = PCURVE('',#1980,#2895);
#2895 = DEFINITIONAL_REPRESENTATION('',(#2896),#2899);
#2896 = B_SPLINE_CURVE_WITH_KNOTS('',1,(#2897,#2898),.UNSPECIFIED.,.F.,
  .F.,(2,2),(-5.887123732829E-02,-1.538324407568E-02),
  .PIECEWISE_BEZIER_KNOTS.);
#2897 = CARTESIAN_POINT('',(-5.887019254768E-02,5.000000000192E-02));
#2898 = CARTESIAN_POINT('',(-1.538324407568E-02,3.087290461549E-02));
#2899 = ( GEOMETRIC_REPRESENTATION_CONTEXT(2) 
PARAMETRIC_REPRESENTATION_CONTEXT() REPRESENTATION_CONTEXT('2D SPACE',''
  ) );
#2900 = PCURVE('',#521,#2901);
#2901 = DEFINITIONAL_REPRESENTATION('',(#2902),#2905);
#2902 = B_SPLINE_CURVE_WITH_KNOTS('',1,(#2903,#2904),.UNSPECIFIED.,.F.,
  .F.,(2,2),(-5.887123732829E-02,-1.538324407568E-02),
  .PIECEWISE_BEZIER_KNOTS.);
#2903 = CARTESIAN_POINT('',(4.822489652393,5.499999999981));
#2904 = CARTESIAN_POINT('',(4.627191822933,5.691270953845));
#2905 = ( GEOMETRIC_REPRESENTATION_CONTEXT(2) 
PARAMETRIC_REPRESENTATION_CONTEXT() REPRESENTATION_CONTEXT('2D SPACE',''
  ) );
#2906 = ORIENTED_EDGE('',*,*,#2907,.F.);
#2907 = EDGE_CURVE('',#2318,#2883,#2908,.T.);
#2908 = SURFACE_CURVE('',#2909,(#2926,#2977),.PCURVE_S1.);
#2909 = B_SPLINE_CURVE_WITH_KNOTS('',3,(#2910,#2911,#2912,#2913,#2914,
    #2915,#2916,#2917,#2918,#2919,#2920,#2921,#2922,#2923,#2924,#2925),
  .UNSPECIFIED.,.F.,.F.,(4,2,2,2,2,2,2,4),(-0.372284197284,
    -0.370749339594,-0.364767564643,-0.333966455009,-0.269837720959,
    -0.203707614766,-0.111908155961,-5.88712373287E-02),.UNSPECIFIED.);
#2910 = CARTESIAN_POINT('',(33.561439891256,8.,20.615947631001));
#2911 = CARTESIAN_POINT('',(33.560955882352,8.005084045364,
    20.615947631001));
#2912 = CARTESIAN_POINT('',(33.560463195693,8.010167278925,
    20.615967016639));
#2913 = CARTESIAN_POINT('',(33.558007887609,8.035056793802,
    20.616156799601));
#2914 = CARTESIAN_POINT('',(33.555922494805,8.054846826215,
    20.616601968292));
#2915 = CARTESIAN_POINT('',(33.542292700319,8.17639328507,20.62113961109
    ));
#2916 = CARTESIAN_POINT('',(33.52743693975,8.277234735861,20.63268892337
    ));
#2917 = CARTESIAN_POINT('',(33.471358909629,8.58255811051,20.69118023451
    ));
#2918 = CARTESIAN_POINT('',(33.419540656811,8.778100742702,
    20.762270765702));
#2919 = CARTESIAN_POINT('',(33.290258807914,9.141688775413,
    20.960429619497));
#2920 = CARTESIAN_POINT('',(33.213005646824,9.305998946782,
    21.087666268025));
#2921 = CARTESIAN_POINT('',(33.008946862426,9.641115219231,
    21.438542872099));
#2922 = CARTESIAN_POINT('',(32.875812556995,9.787573163518,
    21.678085108692));
#2923 = CARTESIAN_POINT('',(32.659569511676,9.934555953228,
    22.084413065283));
#2924 = CARTESIAN_POINT('',(32.57922165496,9.970516400996,
    22.239030893721));
#2925 = CARTESIAN_POINT('',(32.500000000021,9.987890082637,
    22.396190903341));
#2926 = PCURVE('',#1980,#2927);
#2927 = DEFINITIONAL_REPRESENTATION('',(#2928),#2976);
#2928 = B_SPLINE_CURVE_WITH_KNOTS('',3,(#2929,#2930,#2931,#2932,#2933,
    #2934,#2935,#2936,#2937,#2938,#2939,#2940,#2941,#2942,#2943,#2944,
    #2945,#2946,#2947,#2948,#2949,#2950,#2951,#2952,#2953,#2954,#2955,
    #2956,#2957,#2958,#2959,#2960,#2961,#2962,#2963,#2964,#2965,#2966,
    #2967,#2968,#2969,#2970,#2971,#2972,#2973,#2974,#2975),
  .UNSPECIFIED.,.F.,.F.,(4,1,1,1,1,1,1,1,1,1,1,1,1,1,1,1,1,1,1,1,1,1,1,1
    ,1,1,1,1,1,1,1,1,1,1,1,1,1,1,1,1,1,1,1,1,4),(-0.372284197284,
    -0.365161175467,-0.35803815365,-0.350915131833,-0.343792110015,
    -0.336669088198,-0.329546066381,-0.322423044564,-0.315300022747,
    -0.30817700093,-0.301053979112,-0.293930957295,-0.286807935478,
    -0.279684913661,-0.272561891844,-0.265438870027,-0.258315848209,
    -0.251192826392,-0.244069804575,-0.236946782758,-0.229823760941,
    -0.222700739124,-0.215577717306,-0.208454695489,-0.201331673672,
    -0.194208651855,-0.187085630038,-0.179962608221,-0.172839586403,
    -0.165716564586,-0.158593542769,-0.151470520952,-0.144347499135,
    -0.137224477318,-0.1301014555,-0.122978433683,-0.115855411866,
    -0.108732390049,-0.101609368232,-9.448634641454E-02,
    -8.736332459738E-02,-8.024030278021E-02,-7.311728096304E-02,
    -6.599425914587E-02,-5.88712373287E-02),.QUASI_UNIFORM_KNOTS.);
#2929 = CARTESIAN_POINT('',(-0.372284197284,0.156143989126));
#2930 = CARTESIAN_POINT('',(-0.369909856678,0.155919369549));
#2931 = CARTESIAN_POINT('',(-0.365161175467,0.15543269486));
#2932 = CARTESIAN_POINT('',(-0.35803815365,0.154591603005));
#2933 = CARTESIAN_POINT('',(-0.350915131833,0.153640922261));
#2934 = CARTESIAN_POINT('',(-0.343792110015,0.152581219043));
#2935 = CARTESIAN_POINT('',(-0.336669088198,0.151413336222));
#2936 = CARTESIAN_POINT('',(-0.329546066381,0.150137925325));
#2937 = CARTESIAN_POINT('',(-0.322423044564,0.148760979777));
#2938 = CARTESIAN_POINT('',(-0.315300022747,0.147283537929));
#2939 = CARTESIAN_POINT('',(-0.30817700093,0.145707516992));
#2940 = CARTESIAN_POINT('',(-0.301053979112,0.144034598858));
#2941 = CARTESIAN_POINT('',(-0.293930957295,0.142266527833));
#2942 = CARTESIAN_POINT('',(-0.286807935478,0.14040503389));
#2943 = CARTESIAN_POINT('',(-0.279684913661,0.138451841919));
#2944 = CARTESIAN_POINT('',(-0.272561891844,0.136408711472));
#2945 = CARTESIAN_POINT('',(-0.265438870027,0.134277268535));
#2946 = CARTESIAN_POINT('',(-0.258315848209,0.132067484345));
#2947 = CARTESIAN_POINT('',(-0.251192826392,0.1297807181));
#2948 = CARTESIAN_POINT('',(-0.244069804575,0.127419862727));
#2949 = CARTESIAN_POINT('',(-0.236946782758,0.124987401807));
#2950 = CARTESIAN_POINT('',(-0.229823760941,0.122485922571));
#2951 = CARTESIAN_POINT('',(-0.222700739124,0.119918007003));
#2952 = CARTESIAN_POINT('',(-0.215577717306,0.117286154416));
#2953 = CARTESIAN_POINT('',(-0.208454695489,0.114593200065));
#2954 = CARTESIAN_POINT('',(-0.201331673672,0.111840718097));
#2955 = CARTESIAN_POINT('',(-0.194208651855,0.109036532512));
#2956 = CARTESIAN_POINT('',(-0.187085630038,0.10618391425));
#2957 = CARTESIAN_POINT('',(-0.179962608221,0.103285753331));
#2958 = CARTESIAN_POINT('',(-0.172839586403,0.100345041844));
#2959 = CARTESIAN_POINT('',(-0.165716564586,9.736474452242E-02));
#2960 = CARTESIAN_POINT('',(-0.158593542768,9.434783345995E-02));
#2961 = CARTESIAN_POINT('',(-0.151470520955,9.129727865684E-02));
#2962 = CARTESIAN_POINT('',(-0.144347499124,8.821605112994E-02));
#2963 = CARTESIAN_POINT('',(-0.137224477359,8.510711992328E-02));
#2964 = CARTESIAN_POINT('',(-0.130101455344,8.197346095527E-02));
#2965 = CARTESIAN_POINT('',(-0.122978434266,7.881802461965E-02));
#2966 = CARTESIAN_POINT('',(-0.115855409692,7.564385653439E-02));
#2967 = CARTESIAN_POINT('',(-0.108732398162,7.245364694525E-02));
#2968 = CARTESIAN_POINT('',(-0.101609266183,6.925239163981E-02));
#2969 = CARTESIAN_POINT('',(-9.448605900178E-02,6.60433466707E-02));
#2970 = CARTESIAN_POINT('',(-8.736280932899E-02,6.28298582252E-02));
#2971 = CARTESIAN_POINT('',(-8.023955576593E-02,5.961524833905E-02));
#2972 = CARTESIAN_POINT('',(-7.311633726603E-02,5.640284551952E-02));
#2973 = CARTESIAN_POINT('',(-6.599319399904E-02,5.319597653925E-02));
#2974 = CARTESIAN_POINT('',(-6.124450900749E-02,5.106397127169E-02));
#2975 = CARTESIAN_POINT('',(-5.887019254817E-02,5.00000000021E-02));
#2976 = ( GEOMETRIC_REPRESENTATION_CONTEXT(2) 
PARAMETRIC_REPRESENTATION_CONTEXT() REPRESENTATION_CONTEXT('2D SPACE',''
  ) );
#2977 = PCURVE('',#521,#2978);
#2978 = DEFINITIONAL_REPRESENTATION('',(#2979),#3027);
#2979 = B_SPLINE_CURVE_WITH_KNOTS('',3,(#2980,#2981,#2982,#2983,#2984,
    #2985,#2986,#2987,#2988,#2989,#2990,#2991,#2992,#2993,#2994,#2995,
    #2996,#2997,#2998,#2999,#3000,#3001,#3002,#3003,#3004,#3005,#3006,
    #3007,#3008,#3009,#3010,#3011,#3012,#3013,#3014,#3015,#3016,#3017,
    #3018,#3019,#3020,#3021,#3022,#3023,#3024,#3025,#3026),
  .UNSPECIFIED.,.F.,.F.,(4,1,1,1,1,1,1,1,1,1,1,1,1,1,1,1,1,1,1,1,1,1,1,1
    ,1,1,1,1,1,1,1,1,1,1,1,1,1,1,1,1,1,1,1,1,4),(-0.372284197284,
    -0.365161175467,-0.35803815365,-0.350915131833,-0.343792110015,
    -0.336669088198,-0.329546066381,-0.322423044564,-0.315300022747,
    -0.30817700093,-0.301053979112,-0.293930957295,-0.286807935478,
    -0.279684913661,-0.272561891844,-0.265438870027,-0.258315848209,
    -0.251192826392,-0.244069804575,-0.236946782758,-0.229823760941,
    -0.222700739124,-0.215577717306,-0.208454695489,-0.201331673672,
    -0.194208651855,-0.187085630038,-0.179962608221,-0.172839586403,
    -0.165716564586,-0.158593542769,-0.151470520952,-0.144347499135,
    -0.137224477318,-0.1301014555,-0.122978433683,-0.115855411866,
    -0.108732390049,-0.101609368232,-9.448634641454E-02,
    -8.736332459738E-02,-8.024030278021E-02,-7.311728096304E-02,
    -6.599425914587E-02,-5.88712373287E-02),.QUASI_UNIFORM_KNOTS.);
#2980 = CARTESIAN_POINT('',(6.28318530718,4.438560108744));
#2981 = CARTESIAN_POINT('',(6.27138671033,4.440806304515));
#2982 = CARTESIAN_POINT('',(6.247810108169,4.445673051405));
#2983 = CARTESIAN_POINT('',(6.212519486234,4.454083969945));
#2984 = CARTESIAN_POINT('',(6.177329357144,4.463590777393));
#2985 = CARTESIAN_POINT('',(6.142217965456,4.474187809566));
#2986 = CARTESIAN_POINT('',(6.107176860138,4.485866637777));
#2987 = CARTESIAN_POINT('',(6.072195492399,4.498620746754));
#2988 = CARTESIAN_POINT('',(6.03739212507,4.51239020223));
#2989 = CARTESIAN_POINT('',(6.002730259513,4.52716462071));
#2990 = CARTESIAN_POINT('',(5.968202821431,4.54292483008));
#2991 = CARTESIAN_POINT('',(5.933796030154,4.559654011417));
#2992 = CARTESIAN_POINT('',(5.899499019983,4.577334721665));
#2993 = CARTESIAN_POINT('',(5.865301176501,4.595949661098));
#2994 = CARTESIAN_POINT('',(5.831192812094,4.615481580812));
#2995 = CARTESIAN_POINT('',(5.797164726284,4.635912885276));
#2996 = CARTESIAN_POINT('',(5.763208849245,4.65722731465));
#2997 = CARTESIAN_POINT('',(5.729436881631,4.679325156547));
#2998 = CARTESIAN_POINT('',(5.695814570054,4.702192818995));
#2999 = CARTESIAN_POINT('',(5.662335271745,4.72580137273));
#3000 = CARTESIAN_POINT('',(5.628986137678,4.750125981927));
#3001 = CARTESIAN_POINT('',(5.595757034161,4.775140774295));
#3002 = CARTESIAN_POINT('',(5.562638426129,4.800819929968));
#3003 = CARTESIAN_POINT('',(5.529620628282,4.827138455845));
#3004 = CARTESIAN_POINT('',(5.496698581093,4.854067999349));
#3005 = CARTESIAN_POINT('',(5.463853121891,4.881592819028));
#3006 = CARTESIAN_POINT('',(5.431139538963,4.909634674876));
#3007 = CARTESIAN_POINT('',(5.398548485025,4.9381608575));
#3008 = CARTESIAN_POINT('',(5.366067964289,4.967142466692));
#3009 = CARTESIAN_POINT('',(5.333687496757,4.996549581557));
#3010 = CARTESIAN_POINT('',(5.301396963337,5.026352554776));
#3011 = CARTESIAN_POINT('',(5.269186869694,5.0565216654));
#3012 = CARTESIAN_POINT('',(5.237048222841,5.087027213432));
#3013 = CARTESIAN_POINT('',(5.204972510062,5.117839488701));
#3014 = CARTESIAN_POINT('',(5.172951631016,5.148928800767));
#3015 = CARTESIAN_POINT('',(5.140977892991,5.180265390447));
#3016 = CARTESIAN_POINT('',(5.109043781456,5.211819753804));
#3017 = CARTESIAN_POINT('',(5.077142550039,5.243561434656));
#3018 = CARTESIAN_POINT('',(5.045265743818,5.275463530547));
#3019 = CARTESIAN_POINT('',(5.013418286738,5.307476083602));
#3020 = CARTESIAN_POINT('',(4.981591330307,5.339566533293));
#3021 = CARTESIAN_POINT('',(4.949777252912,5.371701417748));
#3022 = CARTESIAN_POINT('',(4.917968225319,5.40384751661));
#3023 = CARTESIAN_POINT('',(4.886156526186,5.435971544805));
#3024 = CARTESIAN_POINT('',(4.854334404827,5.468040234608));
#3025 = CARTESIAN_POINT('',(4.833107470647,5.489360287283));
#3026 = CARTESIAN_POINT('',(4.822489652386,5.499999999979));
#3027 = ( GEOMETRIC_REPRESENTATION_CONTEXT(2) 
PARAMETRIC_REPRESENTATION_CONTEXT() REPRESENTATION_CONTEXT('2D SPACE',''
  ) );
#3028 = ORIENTED_EDGE('',*,*,#2317,.F.);
#3029 = ADVANCED_FACE('',(#3030),#1053,.T.);
#3030 = FACE_BOUND('',#3031,.T.);
#3031 = EDGE_LOOP('',(#3032,#3060,#3061,#3062));
#3032 = ORIENTED_EDGE('',*,*,#3033,.T.);
#3033 = EDGE_CURVE('',#3034,#1038,#3036,.T.);
#3034 = VERTEX_POINT('',#3035);
#3035 = CARTESIAN_POINT('',(29.,-11.00000000001,21.615947631008));
#3036 = SURFACE_CURVE('',#3037,(#3042,#3049),.PCURVE_S1.);
#3037 = CIRCLE('',#3038,2.000000000007);
#3038 = AXIS2_PLACEMENT_3D('',#3039,#3040,#3041);
#3039 = CARTESIAN_POINT('',(29.,-9.000000000009,21.615947631008));
#3040 = DIRECTION('',(1.,0.,0.));
#3041 = DIRECTION('',(0.,5.551115123106E-16,-1.));
#3042 = PCURVE('',#1053,#3043);
#3043 = DEFINITIONAL_REPRESENTATION('',(#3044),#3048);
#3044 = LINE('',#3045,#3046);
#3045 = CARTESIAN_POINT('',(-1.7763568394E-15,0.));
#3046 = VECTOR('',#3047,1.);
#3047 = DIRECTION('',(1.,0.));
#3048 = ( GEOMETRIC_REPRESENTATION_CONTEXT(2) 
PARAMETRIC_REPRESENTATION_CONTEXT() REPRESENTATION_CONTEXT('2D SPACE',''
  ) );
#3049 = PCURVE('',#73,#3050);
#3050 = DEFINITIONAL_REPRESENTATION('',(#3051),#3059);
#3051 = ( BOUNDED_CURVE() B_SPLINE_CURVE(2,(#3052,#3053,#3054,#3055,
#3056,#3057,#3058),.UNSPECIFIED.,.T.,.F.) B_SPLINE_CURVE_WITH_KNOTS((1,2
    ,2,2,2,1),(-2.094395102393,0.,2.094395102393,4.188790204786,
6.28318530718,8.377580409573),.UNSPECIFIED.) CURVE() 
GEOMETRIC_REPRESENTATION_ITEM() RATIONAL_B_SPLINE_CURVE((1.,0.5,1.,0.5,
1.,0.5,1.)) REPRESENTATION_ITEM('') );
#3052 = CARTESIAN_POINT('',(1.748356923301,-2.999988732975));
#3053 = CARTESIAN_POINT('',(-1.715744691849,-2.999988732975));
#3054 = CARTESIAN_POINT('',(1.630611572613E-02,1.126703561072E-05));
#3055 = CARTESIAN_POINT('',(1.748356923301,3.000011267046));
#3056 = CARTESIAN_POINT('',(3.480407730876,1.126703561027E-05));
#3057 = CARTESIAN_POINT('',(5.212458538451,-2.999988732975));
#3058 = CARTESIAN_POINT('',(1.748356923301,-2.999988732975));
#3059 = ( GEOMETRIC_REPRESENTATION_CONTEXT(2) 
PARAMETRIC_REPRESENTATION_CONTEXT() REPRESENTATION_CONTEXT('2D SPACE',''
  ) );
#3060 = ORIENTED_EDGE('',*,*,#1037,.T.);
#3061 = ORIENTED_EDGE('',*,*,#1389,.F.);
#3062 = ORIENTED_EDGE('',*,*,#3063,.F.);
#3063 = EDGE_CURVE('',#3034,#1362,#3064,.T.);
#3064 = SURFACE_CURVE('',#3065,(#3069,#3076),.PCURVE_S1.);
#3065 = LINE('',#3066,#3067);
#3066 = CARTESIAN_POINT('',(29.,-11.00000000001,21.615947631008));
#3067 = VECTOR('',#3068,1.);
#3068 = DIRECTION('',(1.,0.,0.));
#3069 = PCURVE('',#1053,#3070);
#3070 = DEFINITIONAL_REPRESENTATION('',(#3071),#3075);
#3071 = LINE('',#3072,#3073);
#3072 = CARTESIAN_POINT('',(4.712388980385,0.));
#3073 = VECTOR('',#3074,1.);
#3074 = DIRECTION('',(0.,1.));
#3075 = ( GEOMETRIC_REPRESENTATION_CONTEXT(2) 
PARAMETRIC_REPRESENTATION_CONTEXT() REPRESENTATION_CONTEXT('2D SPACE',''
  ) );
#3076 = PCURVE('',#1377,#3077);
#3077 = DEFINITIONAL_REPRESENTATION('',(#3078),#3082);
#3078 = LINE('',#3079,#3080);
#3079 = CARTESIAN_POINT('',(1.999999999992,0.));
#3080 = VECTOR('',#3081,1.);
#3081 = DIRECTION('',(0.,1.));
#3082 = ( GEOMETRIC_REPRESENTATION_CONTEXT(2) 
PARAMETRIC_REPRESENTATION_CONTEXT() REPRESENTATION_CONTEXT('2D SPACE',''
  ) );
#3083 = ADVANCED_FACE('',(#3084),#1377,.T.);
#3084 = FACE_BOUND('',#3085,.T.);
#3085 = EDGE_LOOP('',(#3086,#3109,#3110,#3111));
#3086 = ORIENTED_EDGE('',*,*,#3087,.T.);
#3087 = EDGE_CURVE('',#3088,#3034,#3090,.T.);
#3088 = VERTEX_POINT('',#3089);
#3089 = CARTESIAN_POINT('',(29.,-11.00000000001,23.615947631));
#3090 = SURFACE_CURVE('',#3091,(#3095,#3102),.PCURVE_S1.);
#3091 = LINE('',#3092,#3093);
#3092 = CARTESIAN_POINT('',(29.,-11.00000000001,22.115947631005));
#3093 = VECTOR('',#3094,1.);
#3094 = DIRECTION('',(0.,-1.387778780787E-13,-1.));
#3095 = PCURVE('',#1377,#3096);
#3096 = DEFINITIONAL_REPRESENTATION('',(#3097),#3101);
#3097 = LINE('',#3098,#3099);
#3098 = CARTESIAN_POINT('',(1.499999999995,0.));
#3099 = VECTOR('',#3100,1.);
#3100 = DIRECTION('',(1.,0.));
#3101 = ( GEOMETRIC_REPRESENTATION_CONTEXT(2) 
PARAMETRIC_REPRESENTATION_CONTEXT() REPRESENTATION_CONTEXT('2D SPACE',''
  ) );
#3102 = PCURVE('',#73,#3103);
#3103 = DEFINITIONAL_REPRESENTATION('',(#3104),#3108);
#3104 = LINE('',#3105,#3106);
#3105 = CARTESIAN_POINT('',(3.748356923308,-0.499988732971));
#3106 = VECTOR('',#3107,1.);
#3107 = DIRECTION('',(1.387778780787E-13,-1.));
#3108 = ( GEOMETRIC_REPRESENTATION_CONTEXT(2) 
PARAMETRIC_REPRESENTATION_CONTEXT() REPRESENTATION_CONTEXT('2D SPACE',''
  ) );
#3109 = ORIENTED_EDGE('',*,*,#3063,.T.);
#3110 = ORIENTED_EDGE('',*,*,#1361,.F.);
#3111 = ORIENTED_EDGE('',*,*,#3112,.F.);
#3112 = EDGE_CURVE('',#3088,#1329,#3113,.T.);
#3113 = SURFACE_CURVE('',#3114,(#3118,#3125),.PCURVE_S1.);
#3114 = LINE('',#3115,#3116);
#3115 = CARTESIAN_POINT('',(29.,-11.00000000001,23.615947631));
#3116 = VECTOR('',#3117,1.);
#3117 = DIRECTION('',(1.,0.,0.));
#3118 = PCURVE('',#1377,#3119);
#3119 = DEFINITIONAL_REPRESENTATION('',(#3120),#3124);
#3120 = LINE('',#3121,#3122);
#3121 = CARTESIAN_POINT('',(0.,0.));
#3122 = VECTOR('',#3123,1.);
#3123 = DIRECTION('',(0.,1.));
#3124 = ( GEOMETRIC_REPRESENTATION_CONTEXT(2) 
PARAMETRIC_REPRESENTATION_CONTEXT() REPRESENTATION_CONTEXT('2D SPACE',''
  ) );
#3125 = PCURVE('',#1349,#3126);
#3126 = DEFINITIONAL_REPRESENTATION('',(#3127),#3131);
#3127 = LINE('',#3128,#3129);
#3128 = CARTESIAN_POINT('',(6.28318530718,0.));
#3129 = VECTOR('',#3130,1.);
#3130 = DIRECTION('',(0.,1.));
#3131 = ( GEOMETRIC_REPRESENTATION_CONTEXT(2) 
PARAMETRIC_REPRESENTATION_CONTEXT() REPRESENTATION_CONTEXT('2D SPACE',''
  ) );
#3132 = ADVANCED_FACE('',(#3133),#1349,.T.);
#3133 = FACE_BOUND('',#3134,.T.);
#3134 = EDGE_LOOP('',(#3135,#3161,#3162,#3163));
#3135 = ORIENTED_EDGE('',*,*,#3136,.T.);
#3136 = EDGE_CURVE('',#1477,#3088,#3137,.T.);
#3137 = SURFACE_CURVE('',#3138,(#3143,#3150),.PCURVE_S1.);
#3138 = CIRCLE('',#3139,2.);
#3139 = AXIS2_PLACEMENT_3D('',#3140,#3141,#3142);
#3140 = CARTESIAN_POINT('',(29.,-9.000000000016,23.615947631));
#3141 = DIRECTION('',(1.,0.,0.));
#3142 = DIRECTION('',(0.,-1.,0.));
#3143 = PCURVE('',#1349,#3144);
#3144 = DEFINITIONAL_REPRESENTATION('',(#3145),#3149);
#3145 = LINE('',#3146,#3147);
#3146 = CARTESIAN_POINT('',(0.,0.));
#3147 = VECTOR('',#3148,1.);
#3148 = DIRECTION('',(1.,0.));
#3149 = ( GEOMETRIC_REPRESENTATION_CONTEXT(2) 
PARAMETRIC_REPRESENTATION_CONTEXT() REPRESENTATION_CONTEXT('2D SPACE',''
  ) );
#3150 = PCURVE('',#73,#3151);
#3151 = DEFINITIONAL_REPRESENTATION('',(#3152),#3160);
#3152 = ( BOUNDED_CURVE() B_SPLINE_CURVE(2,(#3153,#3154,#3155,#3156,
#3157,#3158,#3159),.UNSPECIFIED.,.T.,.F.) B_SPLINE_CURVE_WITH_KNOTS((1,2
    ,2,2,2,1),(-2.094395102393,0.,2.094395102393,4.188790204786,
6.28318530718,8.377580409573),.UNSPECIFIED.) CURVE() 
GEOMETRIC_REPRESENTATION_ITEM() RATIONAL_B_SPLINE_CURVE((1.,0.5,1.,0.5,
1.,0.5,1.)) REPRESENTATION_ITEM('') );
#3153 = CARTESIAN_POINT('',(3.748356923308,1.000011267024));
#3154 = CARTESIAN_POINT('',(3.748356923308,-2.464090348114));
#3155 = CARTESIAN_POINT('',(0.748356923308,-0.732039540545));
#3156 = CARTESIAN_POINT('',(-2.251643076692,1.000011267024));
#3157 = CARTESIAN_POINT('',(0.748356923308,2.732062074593));
#3158 = CARTESIAN_POINT('',(3.748356923308,4.464112882162));
#3159 = CARTESIAN_POINT('',(3.748356923308,1.000011267024));
#3160 = ( GEOMETRIC_REPRESENTATION_CONTEXT(2) 
PARAMETRIC_REPRESENTATION_CONTEXT() REPRESENTATION_CONTEXT('2D SPACE',''
  ) );
#3161 = ORIENTED_EDGE('',*,*,#3112,.T.);
#3162 = ORIENTED_EDGE('',*,*,#1328,.F.);
#3163 = ORIENTED_EDGE('',*,*,#1499,.F.);
#3164 = ADVANCED_FACE('',(#3165),#1233,.T.);
#3165 = FACE_BOUND('',#3166,.T.);
#3166 = EDGE_LOOP('',(#3167,#3168,#3189,#3211,#3234));
#3167 = ORIENTED_EDGE('',*,*,#1215,.T.);
#3168 = ORIENTED_EDGE('',*,*,#3169,.F.);
#3169 = EDGE_CURVE('',#3170,#1113,#3172,.T.);
#3170 = VERTEX_POINT('',#3171);
#3171 = CARTESIAN_POINT('',(32.308729046155,-9.992745833853,
    22.786135884601));
#3172 = SURFACE_CURVE('',#3173,(#3177,#3183),.PCURVE_S1.);
#3173 = LINE('',#3174,#3175);
#3174 = CARTESIAN_POINT('',(32.,-9.992745833853,22.786135884601));
#3175 = VECTOR('',#3176,1.);
#3176 = DIRECTION('',(-1.,0.,0.));
#3177 = PCURVE('',#1233,#3178);
#3178 = DEFINITIONAL_REPRESENTATION('',(#3179),#3182);
#3179 = B_SPLINE_CURVE_WITH_KNOTS('',1,(#3180,#3181),.UNSPECIFIED.,.F.,
  .F.,(2,2),(-0.308729046155,2.),.PIECEWISE_BEZIER_KNOTS.);
#3180 = CARTESIAN_POINT('',(3.928382659742E-16,3.087290461549E-02));
#3181 = CARTESIAN_POINT('',(3.928382659742E-16,-0.2));
#3182 = ( GEOMETRIC_REPRESENTATION_CONTEXT(2) 
PARAMETRIC_REPRESENTATION_CONTEXT() REPRESENTATION_CONTEXT('2D SPACE',''
  ) );
#3183 = PCURVE('',#1172,#3184);
#3184 = DEFINITIONAL_REPRESENTATION('',(#3185),#3188);
#3185 = B_SPLINE_CURVE_WITH_KNOTS('',1,(#3186,#3187),.UNSPECIFIED.,.F.,
  .F.,(2,2),(-0.308729046155,2.),.PIECEWISE_BEZIER_KNOTS.);
#3186 = CARTESIAN_POINT('',(-0.727202171825,3.087290461549E-02));
#3187 = CARTESIAN_POINT('',(-0.727202171825,-0.2));
#3188 = ( GEOMETRIC_REPRESENTATION_CONTEXT(2) 
PARAMETRIC_REPRESENTATION_CONTEXT() REPRESENTATION_CONTEXT('2D SPACE',''
  ) );
#3189 = ORIENTED_EDGE('',*,*,#3190,.F.);
#3190 = EDGE_CURVE('',#3191,#3170,#3193,.T.);
#3191 = VERTEX_POINT('',#3192);
#3192 = CARTESIAN_POINT('',(32.1,-9.912711135846,23.200358540227));
#3193 = SURFACE_CURVE('',#3194,(#3199,#3205),.PCURVE_S1.);
#3194 = B_SPLINE_CURVE_WITH_KNOTS('',3,(#3195,#3196,#3197,#3198),
  .UNSPECIFIED.,.F.,.F.,(4,4),(-4.716926019237E-02,0.),
  .PIECEWISE_BEZIER_KNOTS.);
#3195 = CARTESIAN_POINT('',(32.099999999999,-9.912713158157,
    23.20035915816));
#3196 = CARTESIAN_POINT('',(32.17135782102,-9.953620397837,
    23.066481951236));
#3197 = CARTESIAN_POINT('',(32.241356538164,-9.980656928769,
    22.92768569624));
#3198 = CARTESIAN_POINT('',(32.308729046155,-9.992745833853,
    22.786135884601));
#3199 = PCURVE('',#1233,#3200);
#3200 = DEFINITIONAL_REPRESENTATION('',(#3201),#3204);
#3201 = B_SPLINE_CURVE_WITH_KNOTS('',1,(#3202,#3203),.UNSPECIFIED.,.F.,
  .F.,(2,2),(-4.716926019236E-02,0.),.PIECEWISE_BEZIER_KNOTS.);
#3202 = CARTESIAN_POINT('',(-4.717102368735E-02,9.99999999995E-03));
#3203 = CARTESIAN_POINT('',(3.928382659742E-16,3.087290461549E-02));
#3204 = ( GEOMETRIC_REPRESENTATION_CONTEXT(2) 
PARAMETRIC_REPRESENTATION_CONTEXT() REPRESENTATION_CONTEXT('2D SPACE',''
  ) );
#3205 = PCURVE('',#385,#3206);
#3206 = DEFINITIONAL_REPRESENTATION('',(#3207),#3210);
#3207 = B_SPLINE_CURVE_WITH_KNOTS('',1,(#3208,#3209),.UNSPECIFIED.,.F.,
  .F.,(2,2),(-4.716926019236E-02,0.),.PIECEWISE_BEZIER_KNOTS.);
#3208 = CARTESIAN_POINT('',(5.00892111149,5.9));
#3209 = CARTESIAN_POINT('',(4.797586137836,5.691270953845));
#3210 = ( GEOMETRIC_REPRESENTATION_CONTEXT(2) 
PARAMETRIC_REPRESENTATION_CONTEXT() REPRESENTATION_CONTEXT('2D SPACE',''
  ) );
#3211 = ORIENTED_EDGE('',*,*,#3212,.F.);
#3212 = EDGE_CURVE('',#3213,#3191,#3215,.T.);
#3213 = VERTEX_POINT('',#3214);
#3214 = CARTESIAN_POINT('',(32.1,-9.846924111378,23.383327150411));
#3215 = SURFACE_CURVE('',#3216,(#3221,#3227),.PCURVE_S1.);
#3216 = CIRCLE('',#3217,2.);
#3217 = AXIS2_PLACEMENT_3D('',#3218,#3219,#3220);
#3218 = CARTESIAN_POINT('',(32.1,-8.,22.615947631001));
#3219 = DIRECTION('',(1.,0.,-0.));
#3220 = DIRECTION('',(0.,0.,1.));
#3221 = PCURVE('',#1233,#3222);
#3222 = DEFINITIONAL_REPRESENTATION('',(#3223),#3226);
#3223 = B_SPLINE_CURVE_WITH_KNOTS('',1,(#3224,#3225),.UNSPECIFIED.,.F.,
  .F.,(2,2),(1.177007758185,1.274264195707),.PIECEWISE_BEZIER_KNOTS.);
#3224 = CARTESIAN_POINT('',(-6.905236909538E-02,9.999999999999E-03));
#3225 = CARTESIAN_POINT('',(-4.717102368736E-02,9.999999999999E-03));
#3226 = ( GEOMETRIC_REPRESENTATION_CONTEXT(2) 
PARAMETRIC_REPRESENTATION_CONTEXT() REPRESENTATION_CONTEXT('2D SPACE',''
  ) );
#3227 = PCURVE('',#385,#3228);
#3228 = DEFINITIONAL_REPRESENTATION('',(#3229),#3233);
#3229 = LINE('',#3230,#3231);
#3230 = CARTESIAN_POINT('',(6.28318530718,5.9));
#3231 = VECTOR('',#3232,1.);
#3232 = DIRECTION('',(-1.,0.));
#3233 = ( GEOMETRIC_REPRESENTATION_CONTEXT(2) 
PARAMETRIC_REPRESENTATION_CONTEXT() REPRESENTATION_CONTEXT('2D SPACE',''
  ) );
#3234 = ORIENTED_EDGE('',*,*,#3235,.T.);
#3235 = EDGE_CURVE('',#3213,#1216,#3236,.T.);
#3236 = SURFACE_CURVE('',#3237,(#3241,#3247),.PCURVE_S1.);
#3237 = LINE('',#3238,#3239);
#3238 = CARTESIAN_POINT('',(32.,-9.846924111378,23.383327150411));
#3239 = VECTOR('',#3240,1.);
#3240 = DIRECTION('',(-1.,0.,0.));
#3241 = PCURVE('',#1233,#3242);
#3242 = DEFINITIONAL_REPRESENTATION('',(#3243),#3246);
#3243 = B_SPLINE_CURVE_WITH_KNOTS('',1,(#3244,#3245),.UNSPECIFIED.,.F.,
  .F.,(2,2),(-0.1,2.),.PIECEWISE_BEZIER_KNOTS.);
#3244 = CARTESIAN_POINT('',(-6.905236909538E-02,9.999999999999E-03));
#3245 = CARTESIAN_POINT('',(-6.905236909538E-02,-0.2));
#3246 = ( GEOMETRIC_REPRESENTATION_CONTEXT(2) 
PARAMETRIC_REPRESENTATION_CONTEXT() REPRESENTATION_CONTEXT('2D SPACE',''
  ) );
#3247 = PCURVE('',#385,#3248);
#3248 = DEFINITIONAL_REPRESENTATION('',(#3249),#3253);
#3249 = LINE('',#3250,#3251);
#3250 = CARTESIAN_POINT('',(5.106177548995,6.));
#3251 = VECTOR('',#3252,1.);
#3252 = DIRECTION('',(0.,1.));
#3253 = ( GEOMETRIC_REPRESENTATION_CONTEXT(2) 
PARAMETRIC_REPRESENTATION_CONTEXT() REPRESENTATION_CONTEXT('2D SPACE',''
  ) );
#3254 = ADVANCED_FACE('',(#3255),#1172,.T.);
#3255 = FACE_BOUND('',#3256,.T.);
#3256 = EDGE_LOOP('',(#3257,#3258,#3259,#3389,#3412));
#3257 = ORIENTED_EDGE('',*,*,#1112,.T.);
#3258 = ORIENTED_EDGE('',*,*,#2435,.F.);
#3259 = ORIENTED_EDGE('',*,*,#3260,.F.);
#3260 = EDGE_CURVE('',#3261,#2413,#3263,.T.);
#3261 = VERTEX_POINT('',#3262);
#3262 = CARTESIAN_POINT('',(32.5,-9.987890082642,22.396190903383));
#3263 = SURFACE_CURVE('',#3264,(#3287,#3338),.PCURVE_S1.);
#3264 = B_SPLINE_CURVE_WITH_KNOTS('',3,(#3265,#3266,#3267,#3268,#3269,
    #3270,#3271,#3272,#3273,#3274,#3275,#3276,#3277,#3278,#3279,#3280,
    #3281,#3282,#3283,#3284,#3285,#3286),.UNSPECIFIED.,.F.,.F.,(4,3,3,3,
    3,3,3,4),(-0.683641015638,-0.628028918683,-0.547331955749,
    -0.48018515031,-0.425887359849,-0.389142903657,-0.374006449344,
    -0.3697397437),.UNSPECIFIED.);
#3265 = CARTESIAN_POINT('',(32.499999918709,-9.987890071333,
    22.396190863656));
#3266 = CARTESIAN_POINT('',(32.582918144649,-9.969705287289,
    22.231694677116));
#3267 = CARTESIAN_POINT('',(32.667048769565,-9.931164843893,
    22.07002804395));
#3268 = CARTESIAN_POINT('',(32.749780712842,-9.873117689037,
    21.914926858828));
#3269 = CARTESIAN_POINT('',(32.869830430898,-9.788887290252,
    21.689864412493));
#3270 = CARTESIAN_POINT('',(32.986698923321,-9.663708319554,
    21.478931011909));
#3271 = CARTESIAN_POINT('',(33.093182295858,-9.500818726304,
    21.294000903339));
#3272 = CARTESIAN_POINT('',(33.18178560927,-9.365280591677,
    21.140123166575));
#3273 = CARTESIAN_POINT('',(33.262592566584,-9.204554200782,
    21.005339253163));
#3274 = CARTESIAN_POINT('',(33.33194815836,-9.022201714744,
    20.896906138145));
#3275 = CARTESIAN_POINT('',(33.388032068309,-8.874743663506,
    20.80922246474));
#3276 = CARTESIAN_POINT('',(33.43606967778,-8.714619333522,
    20.73968021342));
#3277 = CARTESIAN_POINT('',(33.474614275726,-8.545051158208,
    20.691650555461));
#3278 = CARTESIAN_POINT('',(33.500698215397,-8.4303008095,
    20.659147876294));
#3279 = CARTESIAN_POINT('',(33.522242910318,-8.312083389965,
    20.636749826847));
#3280 = CARTESIAN_POINT('',(33.538995620044,-8.191727105665,
    20.625158662538));
#3281 = CARTESIAN_POINT('',(33.545896705314,-8.142147724519,
    20.620383816285));
#3282 = CARTESIAN_POINT('',(33.551970700558,-8.092306905797,
    20.617453074258));
#3283 = CARTESIAN_POINT('',(33.557209696701,-8.042307515687,
    20.616395162543));
#3284 = CARTESIAN_POINT('',(33.558686479436,-8.02821354919,
    20.61609695546));
#3285 = CARTESIAN_POINT('',(33.560096573232,-8.01411025648,
    20.615947631001));
#3286 = CARTESIAN_POINT('',(33.561439891256,-8.,20.615947631001));
#3287 = PCURVE('',#1172,#3288);
#3288 = DEFINITIONAL_REPRESENTATION('',(#3289),#3337);
#3289 = B_SPLINE_CURVE_WITH_KNOTS('',3,(#3290,#3291,#3292,#3293,#3294,
    #3295,#3296,#3297,#3298,#3299,#3300,#3301,#3302,#3303,#3304,#3305,
    #3306,#3307,#3308,#3309,#3310,#3311,#3312,#3313,#3314,#3315,#3316,
    #3317,#3318,#3319,#3320,#3321,#3322,#3323,#3324,#3325,#3326,#3327,
    #3328,#3329,#3330,#3331,#3332,#3333,#3334,#3335,#3336),
  .UNSPECIFIED.,.F.,.F.,(4,1,1,1,1,1,1,1,1,1,1,1,1,1,1,1,1,1,1,1,1,1,1,1
    ,1,1,1,1,1,1,1,1,1,1,1,1,1,1,1,1,1,1,1,1,4),(-0.683641015638,
    -0.676506895822,-0.669372776005,-0.662238656188,-0.655104536371,
    -0.647970416555,-0.640836296738,-0.633702176921,-0.626568057104,
    -0.619433937287,-0.612299817471,-0.605165697654,-0.598031577837,
    -0.59089745802,-0.583763338204,-0.576629218387,-0.56949509857,
    -0.562360978753,-0.555226858936,-0.54809273912,-0.540958619303,
    -0.533824499486,-0.526690379669,-0.519556259853,-0.512422140036,
    -0.505288020219,-0.498153900402,-0.491019780585,-0.483885660769,
    -0.476751540952,-0.469617421135,-0.462483301318,-0.455349181502,
    -0.448215061685,-0.441080941868,-0.433946822051,-0.426812702234,
    -0.419678582418,-0.412544462601,-0.405410342784,-0.398276222967,
    -0.391142103151,-0.384007983334,-0.376873863517,-0.3697397437),
  .QUASI_UNIFORM_KNOTS.);
#3290 = CARTESIAN_POINT('',(-0.683641015638,4.999999187093E-02));
#3291 = CARTESIAN_POINT('',(-0.681262975699,5.106369669638E-02));
#3292 = CARTESIAN_POINT('',(-0.676506895821,5.319509674728E-02));
#3293 = CARTESIAN_POINT('',(-0.669372776005,5.640086075149E-02));
#3294 = CARTESIAN_POINT('',(-0.662238656188,5.961198095512E-02));
#3295 = CARTESIAN_POINT('',(-0.655104536371,6.282515122668E-02));
#3296 = CARTESIAN_POINT('',(-0.647970416554,6.603705950316E-02));
#3297 = CARTESIAN_POINT('',(-0.640836296738,6.924441585077E-02));
#3298 = CARTESIAN_POINT('',(-0.633702176921,7.244384775029E-02));
#3299 = CARTESIAN_POINT('',(-0.626568057104,7.563229089503E-02));
#3300 = CARTESIAN_POINT('',(-0.619433937287,7.880539415727E-02));
#3301 = CARTESIAN_POINT('',(-0.612299817471,8.195993043098E-02));
#3302 = CARTESIAN_POINT('',(-0.605165697654,8.509297764818E-02));
#3303 = CARTESIAN_POINT('',(-0.598031577837,8.820153195221E-02));
#3304 = CARTESIAN_POINT('',(-0.59089745802,9.128261160303E-02));
#3305 = CARTESIAN_POINT('',(-0.583763338204,9.433322818277E-02));
#3306 = CARTESIAN_POINT('',(-0.576629218387,9.735039786831E-02));
#3307 = CARTESIAN_POINT('',(-0.56949509857,0.100331125135));
#3308 = CARTESIAN_POINT('',(-0.562360978753,0.10327245667));
#3309 = CARTESIAN_POINT('',(-0.555226858936,0.106171282018));
#3310 = CARTESIAN_POINT('',(-0.54809273912,0.109025077073));
#3311 = CARTESIAN_POINT('',(-0.540958619303,0.111829129481));
#3312 = CARTESIAN_POINT('',(-0.533824499486,0.114577319763));
#3313 = CARTESIAN_POINT('',(-0.526690379669,0.117267914995));
#3314 = CARTESIAN_POINT('',(-0.519556259853,0.119898044819));
#3315 = CARTESIAN_POINT('',(-0.512422140036,0.122465142531));
#3316 = CARTESIAN_POINT('',(-0.505288020219,0.124966564249));
#3317 = CARTESIAN_POINT('',(-0.498153900403,0.127399671147));
#3318 = CARTESIAN_POINT('',(-0.491019780586,0.12976188135));
#3319 = CARTESIAN_POINT('',(-0.483885660769,0.132050380128));
#3320 = CARTESIAN_POINT('',(-0.476751540952,0.134263227213));
#3321 = CARTESIAN_POINT('',(-0.469617421136,0.136391273082));
#3322 = CARTESIAN_POINT('',(-0.462483301319,0.13843319716));
#3323 = CARTESIAN_POINT('',(-0.455349181502,0.140386859065));
#3324 = CARTESIAN_POINT('',(-0.448215061685,0.142250327936));
#3325 = CARTESIAN_POINT('',(-0.441080941868,0.144021654631));
#3326 = CARTESIAN_POINT('',(-0.433946822051,0.145698753607));
#3327 = CARTESIAN_POINT('',(-0.426812702234,0.147280103214));
#3328 = CARTESIAN_POINT('',(-0.419678582418,0.148762062627));
#3329 = CARTESIAN_POINT('',(-0.412544462601,0.150139607393));
#3330 = CARTESIAN_POINT('',(-0.405410342784,0.151412622817));
#3331 = CARTESIAN_POINT('',(-0.398276222967,0.152579711975));
#3332 = CARTESIAN_POINT('',(-0.391142103151,0.15363991804));
#3333 = CARTESIAN_POINT('',(-0.384007983334,0.154591806029));
#3334 = CARTESIAN_POINT('',(-0.376873863517,0.155432758027));
#3335 = CARTESIAN_POINT('',(-0.372117783639,0.155919346743));
#3336 = CARTESIAN_POINT('',(-0.3697397437,0.156143989126));
#3337 = ( GEOMETRIC_REPRESENTATION_CONTEXT(2) 
PARAMETRIC_REPRESENTATION_CONTEXT() REPRESENTATION_CONTEXT('2D SPACE',''
  ) );
#3338 = PCURVE('',#385,#3339);
#3339 = DEFINITIONAL_REPRESENTATION('',(#3340),#3388);
#3340 = B_SPLINE_CURVE_WITH_KNOTS('',3,(#3341,#3342,#3343,#3344,#3345,
    #3346,#3347,#3348,#3349,#3350,#3351,#3352,#3353,#3354,#3355,#3356,
    #3357,#3358,#3359,#3360,#3361,#3362,#3363,#3364,#3365,#3366,#3367,
    #3368,#3369,#3370,#3371,#3372,#3373,#3374,#3375,#3376,#3377,#3378,
    #3379,#3380,#3381,#3382,#3383,#3384,#3385,#3386,#3387),
  .UNSPECIFIED.,.F.,.F.,(4,1,1,1,1,1,1,1,1,1,1,1,1,1,1,1,1,1,1,1,1,1,1,1
    ,1,1,1,1,1,1,1,1,1,1,1,1,1,1,1,1,1,1,1,1,4),(-0.683641015638,
    -0.676506895822,-0.669372776005,-0.662238656188,-0.655104536371,
    -0.647970416555,-0.640836296738,-0.633702176921,-0.626568057104,
    -0.619433937287,-0.612299817471,-0.605165697654,-0.598031577837,
    -0.59089745802,-0.583763338204,-0.576629218387,-0.56949509857,
    -0.562360978753,-0.555226858936,-0.54809273912,-0.540958619303,
    -0.533824499486,-0.526690379669,-0.519556259853,-0.512422140036,
    -0.505288020219,-0.498153900402,-0.491019780585,-0.483885660769,
    -0.476751540952,-0.469617421135,-0.462483301318,-0.455349181502,
    -0.448215061685,-0.441080941868,-0.433946822051,-0.426812702234,
    -0.419678582418,-0.412544462601,-0.405410342784,-0.398276222967,
    -0.391142103151,-0.384007983334,-0.376873863517,-0.3697397437),
  .QUASI_UNIFORM_KNOTS.);
#3341 = CARTESIAN_POINT('',(4.602288288041,5.500000081291));
#3342 = CARTESIAN_POINT('',(4.591672940337,5.489363033036));
#3343 = CARTESIAN_POINT('',(4.570451681241,5.468049032527));
#3344 = CARTESIAN_POINT('',(4.538640119444,5.435991392485));
#3345 = CARTESIAN_POINT('',(4.506840870972,5.403880190449));
#3346 = CARTESIAN_POINT('',(4.475046032341,5.371748487733));
#3347 = CARTESIAN_POINT('',(4.443247761936,5.339629404968));
#3348 = CARTESIAN_POINT('',(4.411438030986,5.307555841492));
#3349 = CARTESIAN_POINT('',(4.379609366327,5.275561522497));
#3350 = CARTESIAN_POINT('',(4.347751827826,5.24367709105));
#3351 = CARTESIAN_POINT('',(4.315865041579,5.211946058427));
#3352 = CARTESIAN_POINT('',(4.283943949795,5.18040069569));
#3353 = CARTESIAN_POINT('',(4.251980758688,5.149070223518));
#3354 = CARTESIAN_POINT('',(4.219968082603,5.117984680478));
#3355 = CARTESIAN_POINT('',(4.187898026555,5.08717388397));
#3356 = CARTESIAN_POINT('',(4.155762373828,5.056667718172));
#3357 = CARTESIAN_POINT('',(4.123552429197,5.026496021317));
#3358 = CARTESIAN_POINT('',(4.091259151493,4.996688748647));
#3359 = CARTESIAN_POINT('',(4.05887249275,4.967275433304));
#3360 = CARTESIAN_POINT('',(4.026383644181,4.938287179822));
#3361 = CARTESIAN_POINT('',(3.993776473736,4.909749229271));
#3362 = CARTESIAN_POINT('',(3.961059319334,4.881708705187));
#3363 = CARTESIAN_POINT('',(3.928265531321,4.854226802371));
#3364 = CARTESIAN_POINT('',(3.895377196211,4.827320850053));
#3365 = CARTESIAN_POINT('',(3.862388908804,4.80101955181));
#3366 = CARTESIAN_POINT('',(3.829291065548,4.775348574689));
#3367 = CARTESIAN_POINT('',(3.796074168614,4.750334357512));
#3368 = CARTESIAN_POINT('',(3.762727956171,4.726003288529));
#3369 = CARTESIAN_POINT('',(3.729240253939,4.702381186504));
#3370 = CARTESIAN_POINT('',(3.695602156548,4.679496198719));
#3371 = CARTESIAN_POINT('',(3.661788214226,4.657367727868));
#3372 = CARTESIAN_POINT('',(3.627893379556,4.636087269181));
#3373 = CARTESIAN_POINT('',(3.593900615762,4.615668028396));
#3374 = CARTESIAN_POINT('',(3.559802781357,4.596131409346));
#3375 = CARTESIAN_POINT('',(3.525589352712,4.577496720641));
#3376 = CARTESIAN_POINT('',(3.49124882325,4.559783453687));
#3377 = CARTESIAN_POINT('',(3.456771981661,4.543012463928));
#3378 = CARTESIAN_POINT('',(3.422136041789,4.527198967863));
#3379 = CARTESIAN_POINT('',(3.38736453661,4.51237937373));
#3380 = CARTESIAN_POINT('',(3.352536379193,4.498603926067));
#3381 = CARTESIAN_POINT('',(3.317618639224,4.485873771832));
#3382 = CARTESIAN_POINT('',(3.282606952869,4.474202880254));
#3383 = CARTESIAN_POINT('',(3.247485648467,4.4636008196));
#3384 = CARTESIAN_POINT('',(3.212251486421,4.454081939708));
#3385 = CARTESIAN_POINT('',(3.176964806295,4.445672419727));
#3386 = CARTESIAN_POINT('',(3.15339130204,4.440806532569));
#3387 = CARTESIAN_POINT('',(3.14159265359,4.438560108744));
#3388 = ( GEOMETRIC_REPRESENTATION_CONTEXT(2) 
PARAMETRIC_REPRESENTATION_CONTEXT() REPRESENTATION_CONTEXT('2D SPACE',''
  ) );
#3389 = ORIENTED_EDGE('',*,*,#3390,.F.);
#3390 = EDGE_CURVE('',#3170,#3261,#3391,.T.);
#3391 = SURFACE_CURVE('',#3392,(#3400,#3406),.PCURVE_S1.);
#3392 = B_SPLINE_CURVE_WITH_KNOTS('',3,(#3393,#3394,#3395,#3396,#3397,
    #3398,#3399),.UNSPECIFIED.,.F.,.F.,(4,3,4),(-0.727202171825,
    -0.686089599894,-0.683641015638),.UNSPECIFIED.);
#3393 = CARTESIAN_POINT('',(32.308729046155,-9.992745833853,
    22.786135884601));
#3394 = CARTESIAN_POINT('',(32.367345569622,-10.00326361936,
    22.662982418844));
#3395 = CARTESIAN_POINT('',(32.427837986338,-10.00229079122,
    22.53972174457));
#3396 = CARTESIAN_POINT('',(32.489054597481,-9.990173625574,
    22.417935157003));
#3397 = CARTESIAN_POINT('',(32.492700538934,-9.989451950922,
    22.410681786395));
#3398 = CARTESIAN_POINT('',(32.496349053634,-9.98869074202,
    22.403433582319));
#3399 = CARTESIAN_POINT('',(32.499999918709,-9.987890071333,
    22.396190863656));
#3400 = PCURVE('',#1172,#3401);
#3401 = DEFINITIONAL_REPRESENTATION('',(#3402),#3405);
#3402 = B_SPLINE_CURVE_WITH_KNOTS('',1,(#3403,#3404),.UNSPECIFIED.,.F.,
  .F.,(2,2),(-0.727202171825,-0.683641015638),.PIECEWISE_BEZIER_KNOTS.);
#3403 = CARTESIAN_POINT('',(-0.727202171825,3.087290461549E-02));
#3404 = CARTESIAN_POINT('',(-0.683641015638,4.999999187093E-02));
#3405 = ( GEOMETRIC_REPRESENTATION_CONTEXT(2) 
PARAMETRIC_REPRESENTATION_CONTEXT() REPRESENTATION_CONTEXT('2D SPACE',''
  ) );
#3406 = PCURVE('',#385,#3407);
#3407 = DEFINITIONAL_REPRESENTATION('',(#3408),#3411);
#3408 = B_SPLINE_CURVE_WITH_KNOTS('',1,(#3409,#3410),.UNSPECIFIED.,.F.,
  .F.,(2,2),(-0.727202171825,-0.683641015638),.PIECEWISE_BEZIER_KNOTS.);
#3409 = CARTESIAN_POINT('',(4.797586137836,5.691270953845));
#3410 = CARTESIAN_POINT('',(4.602288288041,5.500000081291));
#3411 = ( GEOMETRIC_REPRESENTATION_CONTEXT(2) 
PARAMETRIC_REPRESENTATION_CONTEXT() REPRESENTATION_CONTEXT('2D SPACE',''
  ) );
#3412 = ORIENTED_EDGE('',*,*,#3169,.T.);
#3413 = ADVANCED_FACE('',(#3414),#73,.T.);
#3414 = FACE_BOUND('',#3415,.T.);
#3415 = EDGE_LOOP('',(#3416,#3417,#3418,#3419,#3420,#3421,#3422,#3423,
    #3424,#3425,#3426,#3427));
#3416 = ORIENTED_EDGE('',*,*,#200,.F.);
#3417 = ORIENTED_EDGE('',*,*,#1065,.F.);
#3418 = ORIENTED_EDGE('',*,*,#3033,.F.);
#3419 = ORIENTED_EDGE('',*,*,#3087,.F.);
#3420 = ORIENTED_EDGE('',*,*,#3136,.F.);
#3421 = ORIENTED_EDGE('',*,*,#1476,.F.);
#3422 = ORIENTED_EDGE('',*,*,#1422,.F.);
#3423 = ORIENTED_EDGE('',*,*,#264,.F.);
#3424 = ORIENTED_EDGE('',*,*,#825,.T.);
#3425 = ORIENTED_EDGE('',*,*,#2534,.F.);
#3426 = ORIENTED_EDGE('',*,*,#2098,.T.);
#3427 = ORIENTED_EDGE('',*,*,#56,.F.);
#3428 = ADVANCED_FACE('',(#3429),#385,.T.);
#3429 = FACE_BOUND('',#3430,.T.);
#3430 = EDGE_LOOP('',(#3431,#3432,#3433,#3434,#3435,#3436,#3437,#3438,
    #3530,#3564,#3586,#3612));
#3431 = ORIENTED_EDGE('',*,*,#1248,.T.);
#3432 = ORIENTED_EDGE('',*,*,#3235,.F.);
#3433 = ORIENTED_EDGE('',*,*,#3212,.T.);
#3434 = ORIENTED_EDGE('',*,*,#3190,.T.);
#3435 = ORIENTED_EDGE('',*,*,#3390,.T.);
#3436 = ORIENTED_EDGE('',*,*,#3260,.T.);
#3437 = ORIENTED_EDGE('',*,*,#2412,.F.);
#3438 = ORIENTED_EDGE('',*,*,#3439,.F.);
#3439 = EDGE_CURVE('',#3440,#2363,#3442,.T.);
#3440 = VERTEX_POINT('',#3441);
#3441 = CARTESIAN_POINT('',(34.,-9.941681563538,23.095398051606));
#3442 = SURFACE_CURVE('',#3443,(#3451,#3480),.PCURVE_S1.);
#3443 = B_SPLINE_CURVE_WITH_KNOTS('',3,(#3444,#3445,#3446,#3447,#3448,
    #3449,#3450),.UNSPECIFIED.,.F.,.F.,(4,1,1,1,4),(-0.19394959753,
    -0.167352800634,-0.100411680439,-3.34705602442E-02,
    -1.46749750692E-10),.UNSPECIFIED.);
#3444 = CARTESIAN_POINT('',(33.999915258437,-9.940462988938,
    23.096436719851));
#3445 = CARTESIAN_POINT('',(34.033420012225,-9.979814635142,
    22.937083805624));
#3446 = CARTESIAN_POINT('',(34.158868594195,-10.048732245,22.36466230039
    ));
#3447 = CARTESIAN_POINT('',(34.395284084673,-9.749297936871,
    21.406608922195));
#3448 = CARTESIAN_POINT('',(34.593307074541,-8.88534183028,
    20.728434084845));
#3449 = CARTESIAN_POINT('',(34.65165390181,-8.221993841307,
    20.615947631001));
#3450 = CARTESIAN_POINT('',(34.662933144197,-8.000000000001,
    20.615947631001));
#3451 = PCURVE('',#385,#3452);
#3452 = DEFINITIONAL_REPRESENTATION('',(#3453),#3479);
#3453 = B_SPLINE_CURVE_WITH_KNOTS('',3,(#3454,#3455,#3456,#3457,#3458,
    #3459,#3460,#3461,#3462,#3463,#3464,#3465,#3466,#3467,#3468,#3469,
    #3470,#3471,#3472,#3473,#3474,#3475,#3476,#3477,#3478),
  .UNSPECIFIED.,.F.,.F.,(4,1,1,1,1,1,1,1,1,1,1,1,1,1,1,1,1,1,1,1,1,1,4),
  (-0.193881295904,-0.185068509733,-0.176255723562,-0.167442937391,
    -0.158630151221,-0.14981736505,-0.141004578879,-0.132191792708,
    -0.123379006537,-0.114566220367,-0.105753434196,-9.694064802517E-02,
    -8.812786185441E-02,-7.931507568364E-02,-7.050228951288E-02,
    -6.168950334211E-02,-5.287671717135E-02,-4.406393100058E-02,
    -3.525114482981E-02,-2.643835865905E-02,-1.762557248828E-02,
    -8.812786317516E-03,-1.46749750692E-10),.UNSPECIFIED.);
#3454 = CARTESIAN_POINT('',(4.954489776731,3.999826574137));
#3455 = CARTESIAN_POINT('',(4.92728534914,3.988721169753));
#3456 = CARTESIAN_POINT('',(4.873028340197,3.966035489218));
#3457 = CARTESIAN_POINT('',(4.792072014586,3.930837117152));
#3458 = CARTESIAN_POINT('',(4.711517989498,3.894723575926));
#3459 = CARTESIAN_POINT('',(4.631341254932,3.857949834393));
#3460 = CARTESIAN_POINT('',(4.551413663495,3.820735567704));
#3461 = CARTESIAN_POINT('',(4.471620230078,3.783300158085));
#3462 = CARTESIAN_POINT('',(4.391851615732,3.745863058263));
#3463 = CARTESIAN_POINT('',(4.311998883267,3.708643731856));
#3464 = CARTESIAN_POINT('',(4.231945502786,3.671861528418));
#3465 = CARTESIAN_POINT('',(4.151567998532,3.635736242869));
#3466 = CARTESIAN_POINT('',(4.070706111006,3.600486002723));
#3467 = CARTESIAN_POINT('',(3.989260173663,3.566336114443));
#3468 = CARTESIAN_POINT('',(3.907269280972,3.533523331499));
#3469 = CARTESIAN_POINT('',(3.824749539485,3.502282261736));
#3470 = CARTESIAN_POINT('',(3.74170804008,3.472848128147));
#3471 = CARTESIAN_POINT('',(3.658122001016,3.445455838769));
#3472 = CARTESIAN_POINT('',(3.573922777747,3.420340946306));
#3473 = CARTESIAN_POINT('',(3.489001913398,3.397736739756));
#3474 = CARTESIAN_POINT('',(3.403133919631,3.37788491827));
#3475 = CARTESIAN_POINT('',(3.316452048586,3.360957121187));
#3476 = CARTESIAN_POINT('',(3.229212086371,3.347109040822));
#3477 = CARTESIAN_POINT('',(3.170814583267,3.340036676178));
#3478 = CARTESIAN_POINT('',(3.14159265359,3.337066855803));
#3479 = ( GEOMETRIC_REPRESENTATION_CONTEXT(2) 
PARAMETRIC_REPRESENTATION_CONTEXT() REPRESENTATION_CONTEXT('2D SPACE',''
  ) );
#3480 = PCURVE('',#3481,#3524);
#3481 = B_SPLINE_SURFACE_WITH_KNOTS('',3,3,(
    (#3482,#3483,#3484,#3485,#3486,#3487,#3488)
    ,(#3489,#3490,#3491,#3492,#3493,#3494,#3495)
    ,(#3496,#3497,#3498,#3499,#3500,#3501,#3502)
    ,(#3503,#3504,#3505,#3506,#3507,#3508,#3509)
    ,(#3510,#3511,#3512,#3513,#3514,#3515,#3516)
    ,(#3517,#3518,#3519,#3520,#3521,#3522,#3523
  )),.UNSPECIFIED.,.F.,.F.,.F.,(4,1,1,4),(4,1,1,1,4),(0.,0.285714285714,
    0.571428571429,1.),(1.46749750692E-10,3.34705602442E-02,
    0.100411680439,0.167352800634,0.234293920829),.UNSPECIFIED.);
#3482 = CARTESIAN_POINT('',(35.578533172523,-8.093041091481,
    22.007125267663));
#3483 = CARTESIAN_POINT('',(35.566496951837,-8.205274422699,
    22.008602991106));
#3484 = CARTESIAN_POINT('',(35.50565481455,-8.541514090559,
    22.069555079057));
#3485 = CARTESIAN_POINT('',(35.303014752622,-8.984187678005,
    22.416400689926));
#3486 = CARTESIAN_POINT('',(35.002716003291,-9.185086676644,
    23.021815316519));
#3487 = CARTESIAN_POINT('',(34.829761363573,-9.067134261698,
    23.435974395243));
#3488 = CARTESIAN_POINT('',(34.768997892472,-8.94363942531,
    23.609209816505));
#3489 = CARTESIAN_POINT('',(35.651649866893,-8.100471035604,
    21.834219326198));
#3490 = CARTESIAN_POINT('',(35.637236822872,-8.23524381076,
    21.836658165863));
#3491 = CARTESIAN_POINT('',(35.563217786112,-8.636688301294,
    21.914819491149));
#3492 = CARTESIAN_POINT('',(35.322937025285,-9.133934709583,
    22.332471306279));
#3493 = CARTESIAN_POINT('',(34.985050343006,-9.328156357569,
    23.017641090402));
#3494 = CARTESIAN_POINT('',(34.796393938181,-9.180936113634,
    23.473218240953));
#3495 = CARTESIAN_POINT('',(34.730424736364,-9.038437944258,
    23.663753603206));
#3496 = CARTESIAN_POINT('',(35.697782794028,-8.105158953648,
    21.446986545974));
#3497 = CARTESIAN_POINT('',(35.679724930414,-8.284857239018,
    21.451598548331));
#3498 = CARTESIAN_POINT('',(35.585221238966,-8.816437271363,
    21.565796695474));
#3499 = CARTESIAN_POINT('',(35.288495574299,-9.423780275659,
    22.131718670867));
#3500 = CARTESIAN_POINT('',(34.898436726729,-9.606926123338,
    22.985929493346));
#3501 = CARTESIAN_POINT('',(34.689188082166,-9.4025562323,
    23.529182137967));
#3502 = CARTESIAN_POINT('',(34.61645718385,-9.222555693211,
    23.756019234306));
#3503 = CARTESIAN_POINT('',(35.40632211796,-8.075541414782,
    20.827353228999));
#3504 = CARTESIAN_POINT('',(35.387843009671,-8.309646984136,
    20.833555849354));
#3505 = CARTESIAN_POINT('',(35.29033721256,-9.00143074998,
    20.986530109944));
#3506 = CARTESIAN_POINT('',(34.986718337261,-9.77853810194,
    21.73845969159));
#3507 = CARTESIAN_POINT('',(34.594267975658,-9.992214375999,
    22.852083448209));
#3508 = CARTESIAN_POINT('',(34.385117306544,-9.720298514187,
    23.549385348548));
#3509 = CARTESIAN_POINT('',(34.312287752623,-9.487799910272,
    23.839938689791));
#3510 = CARTESIAN_POINT('',(34.943304595107,-8.028490678251,
    20.615947631001));
#3511 = CARTESIAN_POINT('',(34.92925592952,-8.264251222547,
    20.619173503172));
#3512 = CARTESIAN_POINT('',(34.855982482263,-8.965026250855,
    20.756113253208));
#3513 = CARTESIAN_POINT('',(34.617700847174,-9.815852011627,
    21.499584687709));
#3514 = CARTESIAN_POINT('',(34.285142752618,-10.11817279804,
    22.702213392682));
#3515 = CARTESIAN_POINT('',(34.099295242264,-9.846764292781,
    23.490574592795));
#3516 = CARTESIAN_POINT('',(34.033793962637,-9.597019198156,
    23.820851654629));
#3517 = CARTESIAN_POINT('',(34.662933144197,-8.000000000001,
    20.615947631001));
#3518 = CARTESIAN_POINT('',(34.65165390181,-8.221993841307,
    20.615947631001));
#3519 = CARTESIAN_POINT('',(34.593307074541,-8.88534183028,
    20.728434084845));
#3520 = CARTESIAN_POINT('',(34.395284084673,-9.749297936871,
    21.406608922195));
#3521 = CARTESIAN_POINT('',(34.099433897041,-10.12400983102,
    22.605516282821));
#3522 = CARTESIAN_POINT('',(33.927501795682,-9.875074912836,
    23.43347715878));
#3523 = CARTESIAN_POINT('',(33.866468719189,-9.624765307499,
    23.782197044955));
#3524 = DEFINITIONAL_REPRESENTATION('',(#3525),#3529);
#3525 = LINE('',#3526,#3527);
#3526 = CARTESIAN_POINT('',(1.,6.661338147751E-16));
#3527 = VECTOR('',#3528,1.);
#3528 = DIRECTION('',(-1.786606502349E-13,-1.));
#3529 = ( GEOMETRIC_REPRESENTATION_CONTEXT(2) 
PARAMETRIC_REPRESENTATION_CONTEXT() REPRESENTATION_CONTEXT('2D SPACE',''
  ) );
#3530 = ORIENTED_EDGE('',*,*,#3531,.F.);
#3531 = EDGE_CURVE('',#3532,#3440,#3534,.T.);
#3532 = VERTEX_POINT('',#3533);
#3533 = CARTESIAN_POINT('',(33.941173729088,-9.846924111378,
    23.383327150411));
#3534 = SURFACE_CURVE('',#3535,(#3543,#3549),.PCURVE_S1.);
#3535 = B_SPLINE_CURVE_WITH_KNOTS('',3,(#3536,#3537,#3538,#3539,#3540,
    #3541,#3542),.UNSPECIFIED.,.F.,.F.,(4,3,4),(-0.210221672033,
    -0.19736319154,-0.19394959753),.UNSPECIFIED.);
#3536 = CARTESIAN_POINT('',(33.941173729088,-9.846924111378,
    23.383327150411));
#3537 = CARTESIAN_POINT('',(33.955892571256,-9.877815180975,
    23.308978721999));
#3538 = CARTESIAN_POINT('',(33.971282251726,-9.904025554344,
    23.233221995555));
#3539 = CARTESIAN_POINT('',(33.987206709983,-9.925540955451,
    23.156598356265));
#3540 = CARTESIAN_POINT('',(33.991434241793,-9.931252737987,
    23.136256761765));
#3541 = CARTESIAN_POINT('',(33.995699496456,-9.936633943864,
    23.115853764281));
#3542 = CARTESIAN_POINT('',(34.,-9.94168491738,23.095398879779));
#3543 = PCURVE('',#385,#3544);
#3544 = DEFINITIONAL_REPRESENTATION('',(#3545),#3548);
#3545 = B_SPLINE_CURVE_WITH_KNOTS('',1,(#3546,#3547),.UNSPECIFIED.,.F.,
  .F.,(2,2),(-0.210221672033,-0.19394959753),.PIECEWISE_BEZIER_KNOTS.);
#3546 = CARTESIAN_POINT('',(5.106177548995,4.058826270912));
#3547 = CARTESIAN_POINT('',(4.95447177853,4.));
#3548 = ( GEOMETRIC_REPRESENTATION_CONTEXT(2) 
PARAMETRIC_REPRESENTATION_CONTEXT() REPRESENTATION_CONTEXT('2D SPACE',''
  ) );
#3549 = PCURVE('',#3550,#3559);
#3550 = B_SPLINE_SURFACE_WITH_KNOTS('',3,1,(
    (#3551,#3552)
    ,(#3553,#3554)
    ,(#3555,#3556)
    ,(#3557,#3558
    )),.UNSPECIFIED.,.F.,.F.,.F.,(4,4),(2,2),(-6.905236909538E-02,0.),(
    0.,0.2),.PIECEWISE_BEZIER_KNOTS.);
#3551 = CARTESIAN_POINT('',(32.,-9.846924111378,23.383327150411));
#3552 = CARTESIAN_POINT('',(34.,-9.846924111378,23.383327150411));
#3553 = CARTESIAN_POINT('',(32.,-9.925332283871,23.194614863149));
#3554 = CARTESIAN_POINT('',(34.,-9.925332283871,23.194614863149));
#3555 = CARTESIAN_POINT('',(32.,-9.975048555321,22.993354522308));
#3556 = CARTESIAN_POINT('',(34.,-9.975048555321,22.993354522308));
#3557 = CARTESIAN_POINT('',(32.,-9.992745833853,22.786135884601));
#3558 = CARTESIAN_POINT('',(34.,-9.992745833853,22.786135884601));
#3559 = DEFINITIONAL_REPRESENTATION('',(#3560),#3563);
#3560 = B_SPLINE_CURVE_WITH_KNOTS('',1,(#3561,#3562),.UNSPECIFIED.,.F.,
  .F.,(2,2),(-0.210221672033,-0.19394959753),.PIECEWISE_BEZIER_KNOTS.);
#3561 = CARTESIAN_POINT('',(-6.905236909538E-02,0.194117372909));
#3562 = CARTESIAN_POINT('',(-3.495612637095E-02,0.2));
#3563 = ( GEOMETRIC_REPRESENTATION_CONTEXT(2) 
PARAMETRIC_REPRESENTATION_CONTEXT() REPRESENTATION_CONTEXT('2D SPACE',''
  ) );
#3564 = ORIENTED_EDGE('',*,*,#3565,.T.);
#3565 = EDGE_CURVE('',#3532,#3566,#3568,.T.);
#3566 = VERTEX_POINT('',#3567);
#3567 = CARTESIAN_POINT('',(34.,-9.846924111378,23.383327150411));
#3568 = SURFACE_CURVE('',#3569,(#3573,#3580),.PCURVE_S1.);
#3569 = LINE('',#3570,#3571);
#3570 = CARTESIAN_POINT('',(32.,-9.846924111378,23.383327150411));
#3571 = VECTOR('',#3572,1.);
#3572 = DIRECTION('',(1.,0.,0.));
#3573 = PCURVE('',#385,#3574);
#3574 = DEFINITIONAL_REPRESENTATION('',(#3575),#3579);
#3575 = LINE('',#3576,#3577);
#3576 = CARTESIAN_POINT('',(5.106177548995,6.));
#3577 = VECTOR('',#3578,1.);
#3578 = DIRECTION('',(0.,-1.));
#3579 = ( GEOMETRIC_REPRESENTATION_CONTEXT(2) 
PARAMETRIC_REPRESENTATION_CONTEXT() REPRESENTATION_CONTEXT('2D SPACE',''
  ) );
#3580 = PCURVE('',#3550,#3581);
#3581 = DEFINITIONAL_REPRESENTATION('',(#3582),#3585);
#3582 = B_SPLINE_CURVE_WITH_KNOTS('',1,(#3583,#3584),.UNSPECIFIED.,.F.,
  .F.,(2,2),(1.941173729088,2.),.PIECEWISE_BEZIER_KNOTS.);
#3583 = CARTESIAN_POINT('',(-6.905236909538E-02,0.194117372909));
#3584 = CARTESIAN_POINT('',(-6.905236909538E-02,0.2));
#3585 = ( GEOMETRIC_REPRESENTATION_CONTEXT(2) 
PARAMETRIC_REPRESENTATION_CONTEXT() REPRESENTATION_CONTEXT('2D SPACE',''
  ) );
#3586 = ORIENTED_EDGE('',*,*,#3587,.F.);
#3587 = EDGE_CURVE('',#370,#3566,#3588,.T.);
#3588 = SURFACE_CURVE('',#3589,(#3594,#3601),.PCURVE_S1.);
#3589 = CIRCLE('',#3590,2.);
#3590 = AXIS2_PLACEMENT_3D('',#3591,#3592,#3593);
#3591 = CARTESIAN_POINT('',(34.,-8.,22.615947631001));
#3592 = DIRECTION('',(1.,0.,0.));
#3593 = DIRECTION('',(0.,-0.923462055689,0.383689759705));
#3594 = PCURVE('',#385,#3595);
#3595 = DEFINITIONAL_REPRESENTATION('',(#3596),#3600);
#3596 = LINE('',#3597,#3598);
#3597 = CARTESIAN_POINT('',(11.389362856174,4.));
#3598 = VECTOR('',#3599,1.);
#3599 = DIRECTION('',(-1.,0.));
#3600 = ( GEOMETRIC_REPRESENTATION_CONTEXT(2) 
PARAMETRIC_REPRESENTATION_CONTEXT() REPRESENTATION_CONTEXT('2D SPACE',''
  ) );
#3601 = PCURVE('',#413,#3602);
#3602 = DEFINITIONAL_REPRESENTATION('',(#3603),#3611);
#3603 = ( BOUNDED_CURVE() B_SPLINE_CURVE(2,(#3604,#3605,#3606,#3607,
#3608,#3609,#3610),.UNSPECIFIED.,.T.,.F.) B_SPLINE_CURVE_WITH_KNOTS((1,2
    ,2,2,2,1),(-2.094395102393,0.,2.094395102393,4.188790204786,
6.28318530718,8.377580409573),.UNSPECIFIED.) CURVE() 
GEOMETRIC_REPRESENTATION_ITEM() RATIONAL_B_SPLINE_CURVE((1.,0.5,1.,0.5,
1.,0.5,1.)) REPRESENTATION_ITEM('') );
#3604 = CARTESIAN_POINT('',(9.853624340264,0.767398853338));
#3605 = CARTESIAN_POINT('',(11.182764656571,-2.431567545293));
#3606 = CARTESIAN_POINT('',(7.74780833135,-1.983153625093));
#3607 = CARTESIAN_POINT('',(4.31285200613,-1.534739704893));
#3608 = CARTESIAN_POINT('',(6.418668015044,1.215812773538));
#3609 = CARTESIAN_POINT('',(8.524484023957,3.966365251969));
#3610 = CARTESIAN_POINT('',(9.853624340264,0.767398853338));
#3611 = ( GEOMETRIC_REPRESENTATION_CONTEXT(2) 
PARAMETRIC_REPRESENTATION_CONTEXT() REPRESENTATION_CONTEXT('2D SPACE',''
  ) );
#3612 = ORIENTED_EDGE('',*,*,#369,.T.);
#3613 = ADVANCED_FACE('',(#3614),#723,.F.);
#3614 = FACE_BOUND('',#3615,.T.);
#3615 = EDGE_LOOP('',(#3616,#3617,#3618,#3619));
#3616 = ORIENTED_EDGE('',*,*,#2607,.F.);
#3617 = ORIENTED_EDGE('',*,*,#707,.F.);
#3618 = ORIENTED_EDGE('',*,*,#2634,.F.);
#3619 = ORIENTED_EDGE('',*,*,#2196,.F.);
#3620 = ADVANCED_FACE('',(#3621),#1905,.T.);
#3621 = FACE_BOUND('',#3622,.T.);
#3622 = EDGE_LOOP('',(#3623,#3624,#3646,#3669,#3689));
#3623 = ORIENTED_EDGE('',*,*,#1887,.T.);
#3624 = ORIENTED_EDGE('',*,*,#3625,.F.);
#3625 = EDGE_CURVE('',#3626,#1860,#3628,.T.);
#3626 = VERTEX_POINT('',#3627);
#3627 = CARTESIAN_POINT('',(32.1,9.846924111378,23.383327150411));
#3628 = SURFACE_CURVE('',#3629,(#3633,#3639),.PCURVE_S1.);
#3629 = LINE('',#3630,#3631);
#3630 = CARTESIAN_POINT('',(32.,9.846924111378,23.383327150411));
#3631 = VECTOR('',#3632,1.);
#3632 = DIRECTION('',(-1.,0.,0.));
#3633 = PCURVE('',#1905,#3634);
#3634 = DEFINITIONAL_REPRESENTATION('',(#3635),#3638);
#3635 = B_SPLINE_CURVE_WITH_KNOTS('',1,(#3636,#3637),.UNSPECIFIED.,.F.,
  .F.,(2,2),(-0.1,2.),.PIECEWISE_BEZIER_KNOTS.);
#3636 = CARTESIAN_POINT('',(-4.038931157543E-16,9.999999999998E-03));
#3637 = CARTESIAN_POINT('',(-3.271543348161E-16,-0.2));
#3638 = ( GEOMETRIC_REPRESENTATION_CONTEXT(2) 
PARAMETRIC_REPRESENTATION_CONTEXT() REPRESENTATION_CONTEXT('2D SPACE',''
  ) );
#3639 = PCURVE('',#521,#3640);
#3640 = DEFINITIONAL_REPRESENTATION('',(#3641),#3645);
#3641 = LINE('',#3642,#3643);
#3642 = CARTESIAN_POINT('',(4.318600411775,6.));
#3643 = VECTOR('',#3644,1.);
#3644 = DIRECTION('',(0.,1.));
#3645 = ( GEOMETRIC_REPRESENTATION_CONTEXT(2) 
PARAMETRIC_REPRESENTATION_CONTEXT() REPRESENTATION_CONTEXT('2D SPACE',''
  ) );
#3646 = ORIENTED_EDGE('',*,*,#3647,.F.);
#3647 = EDGE_CURVE('',#3648,#3626,#3650,.T.);
#3648 = VERTEX_POINT('',#3649);
#3649 = CARTESIAN_POINT('',(32.1,9.912711135846,23.200358540227));
#3650 = SURFACE_CURVE('',#3651,(#3656,#3662),.PCURVE_S1.);
#3651 = CIRCLE('',#3652,2.);
#3652 = AXIS2_PLACEMENT_3D('',#3653,#3654,#3655);
#3653 = CARTESIAN_POINT('',(32.1,8.,22.615947631001));
#3654 = DIRECTION('',(1.,0.,0.));
#3655 = DIRECTION('',(0.,0.,-1.));
#3656 = PCURVE('',#1905,#3657);
#3657 = DEFINITIONAL_REPRESENTATION('',(#3658),#3661);
#3658 = B_SPLINE_CURVE_WITH_KNOTS('',1,(#3659,#3660),.UNSPECIFIED.,.F.,
  .F.,(2,2),(1.867328457883,1.964584895405),.PIECEWISE_BEZIER_KNOTS.);
#3659 = CARTESIAN_POINT('',(-2.187269470539E-02,9.999999999998E-03));
#3660 = CARTESIAN_POINT('',(-3.752829318237E-16,9.999999999998E-03));
#3661 = ( GEOMETRIC_REPRESENTATION_CONTEXT(2) 
PARAMETRIC_REPRESENTATION_CONTEXT() REPRESENTATION_CONTEXT('2D SPACE',''
  ) );
#3662 = PCURVE('',#521,#3663);
#3663 = DEFINITIONAL_REPRESENTATION('',(#3664),#3668);
#3664 = LINE('',#3665,#3666);
#3665 = CARTESIAN_POINT('',(6.28318530718,5.9));
#3666 = VECTOR('',#3667,1.);
#3667 = DIRECTION('',(-1.,0.));
#3668 = ( GEOMETRIC_REPRESENTATION_CONTEXT(2) 
PARAMETRIC_REPRESENTATION_CONTEXT() REPRESENTATION_CONTEXT('2D SPACE',''
  ) );
#3669 = ORIENTED_EDGE('',*,*,#3670,.F.);
#3670 = EDGE_CURVE('',#2862,#3648,#3671,.T.);
#3671 = SURFACE_CURVE('',#3672,(#3677,#3683),.PCURVE_S1.);
#3672 = B_SPLINE_CURVE_WITH_KNOTS('',3,(#3673,#3674,#3675,#3676),
  .UNSPECIFIED.,.F.,.F.,(4,4),(-6.902506951671E-02,-2.18744575032E-02),
  .PIECEWISE_BEZIER_KNOTS.);
#3673 = CARTESIAN_POINT('',(32.308729046155,9.992745833853,
    22.786135884601));
#3674 = CARTESIAN_POINT('',(32.241356538164,9.980656928769,
    22.92768569624));
#3675 = CARTESIAN_POINT('',(32.17135782102,9.953620397837,
    23.066481951236));
#3676 = CARTESIAN_POINT('',(32.099999999999,9.912713158157,
    23.20035915816));
#3677 = PCURVE('',#1905,#3678);
#3678 = DEFINITIONAL_REPRESENTATION('',(#3679),#3682);
#3679 = B_SPLINE_CURVE_WITH_KNOTS('',1,(#3680,#3681),.UNSPECIFIED.,.F.,
  .F.,(2,2),(-6.902506951671E-02,-2.18744575032E-02),
  .PIECEWISE_BEZIER_KNOTS.);
#3680 = CARTESIAN_POINT('',(-6.902506951671E-02,3.087290461549E-02));
#3681 = CARTESIAN_POINT('',(-2.187269470541E-02,9.99999999995E-03));
#3682 = ( GEOMETRIC_REPRESENTATION_CONTEXT(2) 
PARAMETRIC_REPRESENTATION_CONTEXT() REPRESENTATION_CONTEXT('2D SPACE',''
  ) );
#3683 = PCURVE('',#521,#3684);
#3684 = DEFINITIONAL_REPRESENTATION('',(#3685),#3688);
#3685 = B_SPLINE_CURVE_WITH_KNOTS('',1,(#3686,#3687),.UNSPECIFIED.,.F.,
  .F.,(2,2),(-6.902506951671E-02,-2.18744575032E-02),
  .PIECEWISE_BEZIER_KNOTS.);
#3686 = CARTESIAN_POINT('',(4.627191822933,5.691270953845));
#3687 = CARTESIAN_POINT('',(4.41585684928,5.9));
#3688 = ( GEOMETRIC_REPRESENTATION_CONTEXT(2) 
PARAMETRIC_REPRESENTATION_CONTEXT() REPRESENTATION_CONTEXT('2D SPACE',''
  ) );
#3689 = ORIENTED_EDGE('',*,*,#2861,.T.);
#3690 = ADVANCED_FACE('',(#3691),#413,.F.);
#3691 = FACE_BOUND('',#3692,.T.);
#3692 = EDGE_LOOP('',(#3693,#3740,#3741,#3742,#3765,#3813));
#3693 = ORIENTED_EDGE('',*,*,#3694,.F.);
#3694 = EDGE_CURVE('',#398,#3695,#3697,.T.);
#3695 = VERTEX_POINT('',#3696);
#3696 = CARTESIAN_POINT('',(34.,-8.029439817795,24.589609491962));
#3697 = SURFACE_CURVE('',#3698,(#3703,#3711),.PCURVE_S1.);
#3698 = B_SPLINE_CURVE_WITH_KNOTS('',3,(#3699,#3700,#3701,#3702),
  .UNSPECIFIED.,.F.,.F.,(4,4),(-0.203118686174,0.),
  .PIECEWISE_BEZIER_KNOTS.);
#3699 = CARTESIAN_POINT('',(34.,-5.975055581995,24.615947631001));
#3700 = CARTESIAN_POINT('',(34.,-6.645863731861,24.615947631001));
#3701 = CARTESIAN_POINT('',(34.,-7.35268681272,24.610071919382));
#3702 = CARTESIAN_POINT('',(34.,-8.029439817794,24.589609491962));
#3703 = PCURVE('',#413,#3704);
#3704 = DEFINITIONAL_REPRESENTATION('',(#3705),#3710);
#3705 = B_SPLINE_CURVE_WITH_KNOTS('',3,(#3706,#3707,#3708,#3709),
  .UNSPECIFIED.,.F.,.F.,(4,4),(-0.203118686174,0.),
  .PIECEWISE_BEZIER_KNOTS.);
#3706 = CARTESIAN_POINT('',(5.981755810881,2.000019333928));
#3707 = CARTESIAN_POINT('',(6.652563960747,2.000019333928));
#3708 = CARTESIAN_POINT('',(7.359387041606,1.994143622309));
#3709 = CARTESIAN_POINT('',(8.03614004668,1.973681194889));
#3710 = ( GEOMETRIC_REPRESENTATION_CONTEXT(2) 
PARAMETRIC_REPRESENTATION_CONTEXT() REPRESENTATION_CONTEXT('2D SPACE',''
  ) );
#3711 = PCURVE('',#445,#3712);
#3712 = DEFINITIONAL_REPRESENTATION('',(#3713),#3739);
#3713 = B_SPLINE_CURVE_WITH_KNOTS('',3,(#3714,#3715,#3716,#3717,#3718,
    #3719,#3720,#3721,#3722,#3723,#3724,#3725,#3726,#3727,#3728,#3729,
    #3730,#3731,#3732,#3733,#3734,#3735,#3736,#3737,#3738),
  .UNSPECIFIED.,.F.,.F.,(4,1,1,1,1,1,1,1,1,1,1,1,1,1,1,1,1,1,1,1,1,1,4),
  (-0.203118686174,-0.193886018621,-0.184653351067,-0.175420683514,
    -0.166188015961,-0.156955348407,-0.147722680854,-0.138490013301,
    -0.129257345747,-0.120024678194,-0.11079201064,-0.101559343087,
    -9.232667553375E-02,-8.309400798037E-02,-7.3861340427E-02,
    -6.462867287362E-02,-5.539600532025E-02,-4.616333776687E-02,
    -3.69306702135E-02,-2.769800266012E-02,-1.846533510675E-02,
    -9.232667553375E-03,0.),.QUASI_UNIFORM_KNOTS.);
#3714 = CARTESIAN_POINT('',(1.000128231915,0.203788432423));
#3715 = CARTESIAN_POINT('',(0.997640297092,0.200752080166));
#3716 = CARTESIAN_POINT('',(0.992351713581,0.194665428112));
#3717 = CARTESIAN_POINT('',(0.9842507185,0.185497424166));
#3718 = CARTESIAN_POINT('',(0.975982186408,0.176295201173));
#3719 = CARTESIAN_POINT('',(0.967546866312,0.167062563495));
#3720 = CARTESIAN_POINT('',(0.958945618534,0.157803313566));
#3721 = CARTESIAN_POINT('',(0.950179431271,0.148521251423));
#3722 = CARTESIAN_POINT('',(0.941249417454,0.139220174498));
#3723 = CARTESIAN_POINT('',(0.93215681629,0.129903877329));
#3724 = CARTESIAN_POINT('',(0.922902992913,0.120576151282));
#3725 = CARTESIAN_POINT('',(0.913489437872,0.111240784262));
#3726 = CARTESIAN_POINT('',(0.903917765964,0.101901560422));
#3727 = CARTESIAN_POINT('',(0.894189714499,9.256225986318E-02));
#3728 = CARTESIAN_POINT('',(0.884307140957,8.322665832889E-02));
#3729 = CARTESIAN_POINT('',(0.874272020012,7.389852690036E-02));
#3730 = CARTESIAN_POINT('',(0.864086439913,6.45816316839E-02));
#3731 = CARTESIAN_POINT('',(0.853752598202,5.527973349634E-02));
#3732 = CARTESIAN_POINT('',(0.843272796712,4.599658755461E-02));
#3733 = CARTESIAN_POINT('',(0.832649436056,3.673594314166E-02));
#3734 = CARTESIAN_POINT('',(0.821885008707,2.750154335817E-02));
#3735 = CARTESIAN_POINT('',(0.810982094024,1.829712455667E-02));
#3736 = CARTESIAN_POINT('',(0.799943342632,9.126416968408E-03));
#3737 = CARTESIAN_POINT('',(0.792495445621,3.037566250772E-03));
#3738 = CARTESIAN_POINT('',(0.788749767479,5.621630494974E-16));
#3739 = ( GEOMETRIC_REPRESENTATION_CONTEXT(2) 
PARAMETRIC_REPRESENTATION_CONTEXT() REPRESENTATION_CONTEXT('2D SPACE',''
  ) );
#3740 = ORIENTED_EDGE('',*,*,#397,.T.);
#3741 = ORIENTED_EDGE('',*,*,#3587,.T.);
#3742 = ORIENTED_EDGE('',*,*,#3743,.T.);
#3743 = EDGE_CURVE('',#3566,#3440,#3744,.T.);
#3744 = SURFACE_CURVE('',#3745,(#3750,#3758),.PCURVE_S1.);
#3745 = B_SPLINE_CURVE_WITH_KNOTS('',3,(#3746,#3747,#3748,#3749),
  .UNSPECIFIED.,.F.,.F.,(4,4),(-6.905236909538E-02,-3.495612637091E-02),
  .PIECEWISE_BEZIER_KNOTS.);
#3746 = CARTESIAN_POINT('',(34.,-9.846924111378,23.383327150411));
#3747 = CARTESIAN_POINT('',(34.,-9.885640003619,23.290145988984));
#3748 = CARTESIAN_POINT('',(34.,-9.917360453124,23.193905455851));
#3749 = CARTESIAN_POINT('',(34.,-9.94168491738,23.095398879779));
#3750 = PCURVE('',#413,#3751);
#3751 = DEFINITIONAL_REPRESENTATION('',(#3752),#3757);
#3752 = B_SPLINE_CURVE_WITH_KNOTS('',3,(#3753,#3754,#3755,#3756),
  .UNSPECIFIED.,.F.,.F.,(4,4),(-6.905236909538E-02,-3.495612637091E-02),
  .PIECEWISE_BEZIER_KNOTS.);
#3753 = CARTESIAN_POINT('',(9.853624340264,0.767398853338));
#3754 = CARTESIAN_POINT('',(9.892340232505,0.674217691911));
#3755 = CARTESIAN_POINT('',(9.92406068201,0.577977158777));
#3756 = CARTESIAN_POINT('',(9.948385146266,0.479470582705));
#3757 = ( GEOMETRIC_REPRESENTATION_CONTEXT(2) 
PARAMETRIC_REPRESENTATION_CONTEXT() REPRESENTATION_CONTEXT('2D SPACE',''
  ) );
#3758 = PCURVE('',#3550,#3759);
#3759 = DEFINITIONAL_REPRESENTATION('',(#3760),#3764);
#3760 = LINE('',#3761,#3762);
#3761 = CARTESIAN_POINT('',(1.804112415016E-16,0.2));
#3762 = VECTOR('',#3763,1.);
#3763 = DIRECTION('',(1.,0.));
#3764 = ( GEOMETRIC_REPRESENTATION_CONTEXT(2) 
PARAMETRIC_REPRESENTATION_CONTEXT() REPRESENTATION_CONTEXT('2D SPACE',''
  ) );
#3765 = ORIENTED_EDGE('',*,*,#3766,.F.);
#3766 = EDGE_CURVE('',#3767,#3440,#3769,.T.);
#3767 = VERTEX_POINT('',#3768);
#3768 = CARTESIAN_POINT('',(34.,-9.594756566337,23.807398285105));
#3769 = SURFACE_CURVE('',#3770,(#3787,#3807),.PCURVE_S1.);
#3770 = B_SPLINE_CURVE_WITH_KNOTS('',3,(#3771,#3772,#3773,#3774,#3775,
    #3776,#3777,#3778,#3779,#3780,#3781,#3782,#3783,#3784,#3785,#3786),
  .UNSPECIFIED.,.F.,.F.,(4,3,3,3,3,4),(-7.985387746734E-02,
    -6.138702346551E-02,-4.25714731506E-02,-3.967191652764E-02,
    -1.983595826382E-02,0.),.UNSPECIFIED.);
#3771 = CARTESIAN_POINT('',(33.999969136404,-9.594646952937,
    23.807308801567));
#3772 = CARTESIAN_POINT('',(33.999972450723,-9.632455554675,
    23.758707021924));
#3773 = CARTESIAN_POINT('',(33.999973904337,-9.66783022859,
    23.708470580671));
#3774 = CARTESIAN_POINT('',(33.999968839519,-9.700699485932,
    23.656694513941));
#3775 = CARTESIAN_POINT('',(33.999963679066,-9.734189389803,
    23.603940797007));
#3776 = CARTESIAN_POINT('',(33.999951759089,-9.765077614795,
    23.549587917309));
#3777 = CARTESIAN_POINT('',(33.999942195381,-9.793247036269,
    23.493766736884));
#3778 = CARTESIAN_POINT('',(33.999940721573,-9.797588064367,
    23.485164454692));
#3779 = CARTESIAN_POINT('',(33.999939330169,-9.801864460354,
    23.476527374796));
#3780 = CARTESIAN_POINT('',(33.999938083121,-9.806075728384,
    23.467856057785));
#3781 = CARTESIAN_POINT('',(33.999929552028,-9.834885145731,
    23.408535304752));
#3782 = CARTESIAN_POINT('',(33.999926112523,-9.860561508184,
    23.347791271813));
#3783 = CARTESIAN_POINT('',(33.999921662839,-9.882999944609,
    23.2858173199));
#3784 = CARTESIAN_POINT('',(33.999917213155,-9.905438381033,
    23.223843367986));
#3785 = CARTESIAN_POINT('',(33.999911962134,-9.924638183517,
    23.160638669231));
#3786 = CARTESIAN_POINT('',(33.999915258437,-9.940462988937,
    23.096436719851));
#3787 = PCURVE('',#413,#3788);
#3788 = DEFINITIONAL_REPRESENTATION('',(#3789),#3806);
#3789 = B_SPLINE_CURVE_WITH_KNOTS('',3,(#3790,#3791,#3792,#3793,#3794,
    #3795,#3796,#3797,#3798,#3799,#3800,#3801,#3802,#3803,#3804,#3805),
  .UNSPECIFIED.,.F.,.F.,(4,3,3,3,3,4),(-7.985387746734E-02,
    -6.138702346551E-02,-4.25714731506E-02,-3.967191652764E-02,
    -1.983595826382E-02,0.),.UNSPECIFIED.);
#3790 = CARTESIAN_POINT('',(9.601347181823,1.191380504494));
#3791 = CARTESIAN_POINT('',(9.639155783561,1.14277872485));
#3792 = CARTESIAN_POINT('',(9.674530457476,1.092542283597));
#3793 = CARTESIAN_POINT('',(9.707399714818,1.040766216867));
#3794 = CARTESIAN_POINT('',(9.740889618689,0.988012499933));
#3795 = CARTESIAN_POINT('',(9.77177784368,0.933659620235));
#3796 = CARTESIAN_POINT('',(9.799947265155,0.87783843981));
#3797 = CARTESIAN_POINT('',(9.804288293253,0.869236157619));
#3798 = CARTESIAN_POINT('',(9.80856468924,0.860599077723));
#3799 = CARTESIAN_POINT('',(9.81277595727,0.851927760711));
#3800 = CARTESIAN_POINT('',(9.841585374617,0.792607007678));
#3801 = CARTESIAN_POINT('',(9.86726173707,0.73186297474));
#3802 = CARTESIAN_POINT('',(9.889700173495,0.669889022826));
#3803 = CARTESIAN_POINT('',(9.912138609919,0.607915070913));
#3804 = CARTESIAN_POINT('',(9.931338412402,0.544710372158));
#3805 = CARTESIAN_POINT('',(9.947163217823,0.480508422778));
#3806 = ( GEOMETRIC_REPRESENTATION_CONTEXT(2) 
PARAMETRIC_REPRESENTATION_CONTEXT() REPRESENTATION_CONTEXT('2D SPACE',''
  ) );
#3807 = PCURVE('',#3481,#3808);
#3808 = DEFINITIONAL_REPRESENTATION('',(#3809),#3812);
#3809 = B_SPLINE_CURVE_WITH_KNOTS('',1,(#3810,#3811),.UNSPECIFIED.,.F.,
  .F.,(2,2),(-7.985387746734E-02,0.),.PIECEWISE_BEZIER_KNOTS.);
#3810 = CARTESIAN_POINT('',(0.885625696946,0.234293920829));
#3811 = CARTESIAN_POINT('',(1.,0.19394959753));
#3812 = ( GEOMETRIC_REPRESENTATION_CONTEXT(2) 
PARAMETRIC_REPRESENTATION_CONTEXT() REPRESENTATION_CONTEXT('2D SPACE',''
  ) );
#3813 = ORIENTED_EDGE('',*,*,#3814,.F.);
#3814 = EDGE_CURVE('',#3695,#3767,#3815,.T.);
#3815 = SURFACE_CURVE('',#3816,(#3825,#3837),.PCURVE_S1.);
#3816 = B_SPLINE_CURVE_WITH_KNOTS('',3,(#3817,#3818,#3819,#3820,#3821,
    #3822,#3823,#3824),.UNSPECIFIED.,.F.,.F.,(4,2,2,4),(-0.180955335169,
    -0.127941651378,-7.505529834614E-02,0.),.UNSPECIFIED.);
#3817 = CARTESIAN_POINT('',(34.,-8.029439817795,24.589609491962));
#3818 = CARTESIAN_POINT('',(34.,-8.206123017449,24.58426726648));
#3819 = CARTESIAN_POINT('',(34.,-8.381949987068,24.556453995019));
#3820 = CARTESIAN_POINT('',(34.,-8.721117053438,24.458294028035));
#3821 = CARTESIAN_POINT('',(34.,-8.88409517675,24.388162798651));
#3822 = CARTESIAN_POINT('',(34.,-9.251186441529,24.170678196906));
#3823 = CARTESIAN_POINT('',(34.,-9.441187677515,24.004904725556));
#3824 = CARTESIAN_POINT('',(34.,-9.594756566648,23.807398284705));
#3825 = PCURVE('',#413,#3826);
#3826 = DEFINITIONAL_REPRESENTATION('',(#3827),#3836);
#3827 = B_SPLINE_CURVE_WITH_KNOTS('',3,(#3828,#3829,#3830,#3831,#3832,
    #3833,#3834,#3835),.UNSPECIFIED.,.F.,.F.,(4,2,2,4),(-0.180955335169,
    -0.127941651378,-7.505529834614E-02,0.),.UNSPECIFIED.);
#3828 = CARTESIAN_POINT('',(8.03614004668,1.973681194889));
#3829 = CARTESIAN_POINT('',(8.212823246335,1.968338969406));
#3830 = CARTESIAN_POINT('',(8.388650215954,1.940525697946));
#3831 = CARTESIAN_POINT('',(8.727817282324,1.842365730962));
#3832 = CARTESIAN_POINT('',(8.890795405636,1.772234501578));
#3833 = CARTESIAN_POINT('',(9.257886670415,1.554749899833));
#3834 = CARTESIAN_POINT('',(9.447887906401,1.388976428482));
#3835 = CARTESIAN_POINT('',(9.601456795534,1.191469987631));
#3836 = ( GEOMETRIC_REPRESENTATION_CONTEXT(2) 
PARAMETRIC_REPRESENTATION_CONTEXT() REPRESENTATION_CONTEXT('2D SPACE',''
  ) );
#3837 = PCURVE('',#3838,#3864);
#3838 = B_SPLINE_SURFACE_WITH_KNOTS('',3,3,(
    (#3839,#3840,#3841,#3842,#3843)
    ,(#3844,#3845,#3846,#3847,#3848)
    ,(#3849,#3850,#3851,#3852,#3853)
    ,(#3854,#3855,#3856,#3857,#3858)
    ,(#3859,#3860,#3861,#3862,#3863
  )),.UNSPECIFIED.,.F.,.F.,.F.,(4,1,4),(4,1,4),(0.,0.442812848857,
    0.885625697713),(3.361455818291E-10,4.798701606512E-02,
    9.59740317941E-02),.UNSPECIFIED.);
#3839 = CARTESIAN_POINT('',(34.768997892274,-8.943639425337,
    23.60920981693));
#3840 = CARTESIAN_POINT('',(34.718322665401,-8.851456002959,
    23.75022489586));
#3841 = CARTESIAN_POINT('',(34.6352441955,-8.603510199036,
    23.990456882706));
#3842 = CARTESIAN_POINT('',(34.631554430526,-8.27563176755,
    24.079530660617));
#3843 = CARTESIAN_POINT('',(34.652547665077,-8.114410566875,
    24.079530660617));
#3844 = CARTESIAN_POINT('',(34.709215480257,-9.090562433213,
    23.693744230334));
#3845 = CARTESIAN_POINT('',(34.652184010035,-8.976833605369,
    23.852029038879));
#3846 = CARTESIAN_POINT('',(34.55956674131,-8.678800409093,
    24.118355155658));
#3847 = CARTESIAN_POINT('',(34.555393639042,-8.294267266329,
    24.219233124667));
#3848 = CARTESIAN_POINT('',(34.578670832196,-8.104790779439,
    24.221924658346));
#3849 = CARTESIAN_POINT('',(34.499962671889,-9.371017540408,
    23.821806676808));
#3850 = CARTESIAN_POINT('',(34.438676704502,-9.215740006038,
    24.01653415828));
#3851 = CARTESIAN_POINT('',(34.340256950445,-8.819883783088,
    24.338877383968));
#3852 = CARTESIAN_POINT('',(34.336392867742,-8.322580288627,
    24.46322077342));
#3853 = CARTESIAN_POINT('',(34.361485600171,-8.07651025245,
    24.469823167672));
#3854 = CARTESIAN_POINT('',(34.171211387375,-9.546095133926,
    23.8324002757));
#3855 = CARTESIAN_POINT('',(34.118386527479,-9.369882297702,
    24.059750303448));
#3856 = CARTESIAN_POINT('',(34.033615317677,-8.912377026322,
    24.439433373871));
#3857 = CARTESIAN_POINT('',(34.032215917768,-8.326510804393,
    24.583451460524));
#3858 = CARTESIAN_POINT('',(34.055203300837,-8.036628052578,
    24.588243805196));
#3859 = CARTESIAN_POINT('',(33.999999999141,-9.594756566892,
    23.807398284579));
#3860 = CARTESIAN_POINT('',(33.952242514508,-9.415924701328,
    24.04787874613));
#3861 = CARTESIAN_POINT('',(33.87547674156,-8.941740725311,
    24.453905279762));
#3862 = CARTESIAN_POINT('',(33.875389909499,-8.321973916263,
    24.605951317737));
#3863 = CARTESIAN_POINT('',(33.897076771246,-8.016037787088,
    24.608204239626));
#3864 = DEFINITIONAL_REPRESENTATION('',(#3865),#3891);
#3865 = B_SPLINE_CURVE_WITH_KNOTS('',3,(#3866,#3867,#3868,#3869,#3870,
    #3871,#3872,#3873,#3874,#3875,#3876,#3877,#3878,#3879,#3880,#3881,
    #3882,#3883,#3884,#3885,#3886,#3887,#3888,#3889,#3890),
  .UNSPECIFIED.,.F.,.F.,(4,1,1,1,1,1,1,1,1,1,1,1,1,1,1,1,1,1,1,1,1,1,4),
  (-0.180955335169,-0.172730092661,-0.164504850154,-0.156279607646,
    -0.148054365138,-0.139829122631,-0.131603880123,-0.123378637615,
    -0.115153395107,-0.1069281526,-9.870291009214E-02,
    -9.047766758446E-02,-8.225242507678E-02,-7.40271825691E-02,
    -6.580194006143E-02,-5.757669755375E-02,-4.935145504607E-02,
    -4.112621253839E-02,-3.290097003071E-02,-2.467572752303E-02,
    -1.645048501536E-02,-8.225242507678E-03,0.),.QUASI_UNIFORM_KNOTS.);
#3866 = CARTESIAN_POINT('',(0.788729947616,9.59740316053E-02));
#3867 = CARTESIAN_POINT('',(0.786757675873,9.450023754038E-02));
#3868 = CARTESIAN_POINT('',(0.783177214435,9.154803937557E-02));
#3869 = CARTESIAN_POINT('',(0.778900774153,8.710885276201E-02));
#3870 = CARTESIAN_POINT('',(0.775723037359,8.266175110848E-02));
#3871 = CARTESIAN_POINT('',(0.773639895076,7.820959118405E-02));
#3872 = CARTESIAN_POINT('',(0.772642475427,7.375510492023E-02));
#3873 = CARTESIAN_POINT('',(0.772716783797,6.93009395109E-02));
#3874 = CARTESIAN_POINT('',(0.773844986523,6.484933067623E-02));
#3875 = CARTESIAN_POINT('',(0.776003037608,6.040609083888E-02));
#3876 = CARTESIAN_POINT('',(0.779164233727,5.597238510014E-02));
#3877 = CARTESIAN_POINT('',(0.783298861411,5.154993640578E-02));
#3878 = CARTESIAN_POINT('',(0.788378244408,4.713975429499E-02));
#3879 = CARTESIAN_POINT('',(0.794359803449,4.274403210775E-02));
#3880 = CARTESIAN_POINT('',(0.801157462324,3.836236866744E-02));
#3881 = CARTESIAN_POINT('',(0.80867097993,3.400623297426E-02));
#3882 = CARTESIAN_POINT('',(0.816808008563,2.967965754364E-02));
#3883 = CARTESIAN_POINT('',(0.825492911616,2.538004046202E-02));
#3884 = CARTESIAN_POINT('',(0.834654147173,2.110563773904E-02));
#3885 = CARTESIAN_POINT('',(0.844227880249,1.685367482815E-02));
#3886 = CARTESIAN_POINT('',(0.854156827118,1.26209614702E-02));
#3887 = CARTESIAN_POINT('',(0.864390255705,8.403810528312E-03));
#3888 = CARTESIAN_POINT('',(0.874882782409,4.198176274008E-03));
#3889 = CARTESIAN_POINT('',(0.882024745631,1.399098180836E-03));
#3890 = CARTESIAN_POINT('',(0.885625697713,3.361455818291E-10));
#3891 = ( GEOMETRIC_REPRESENTATION_CONTEXT(2) 
PARAMETRIC_REPRESENTATION_CONTEXT() REPRESENTATION_CONTEXT('2D SPACE',''
  ) );
#3892 = ADVANCED_FACE('',(#3893),#3550,.T.);
#3893 = FACE_BOUND('',#3894,.T.);
#3894 = EDGE_LOOP('',(#3895,#3896,#3897));
#3895 = ORIENTED_EDGE('',*,*,#3531,.T.);
#3896 = ORIENTED_EDGE('',*,*,#3743,.F.);
#3897 = ORIENTED_EDGE('',*,*,#3565,.F.);
#3898 = ADVANCED_FACE('',(#3899),#3917,.T.);
#3899 = FACE_BOUND('',#3900,.T.);
#3900 = EDGE_LOOP('',(#3901,#3937,#3959));
#3901 = ORIENTED_EDGE('',*,*,#3902,.T.);
#3902 = EDGE_CURVE('',#3903,#3905,#3907,.T.);
#3903 = VERTEX_POINT('',#3904);
#3904 = CARTESIAN_POINT('',(34.,9.941681563537,23.095398051607));
#3905 = VERTEX_POINT('',#3906);
#3906 = CARTESIAN_POINT('',(33.941173729088,9.846924111378,
    23.383327150411));
#3907 = SURFACE_CURVE('',#3908,(#3916,#3931),.PCURVE_S1.);
#3908 = B_SPLINE_CURVE_WITH_KNOTS('',3,(#3909,#3910,#3911,#3912,#3913,
    #3914,#3915),.UNSPECIFIED.,.F.,.F.,(4,3,4),(-4.034359475721E-02,
    -2.745217717427E-02,-2.40708702336E-02),.UNSPECIFIED.);
#3909 = CARTESIAN_POINT('',(34.,9.94168491738,23.095398879779));
#3910 = CARTESIAN_POINT('',(33.983758664988,9.922609348162,
    23.172649050243));
#3911 = CARTESIAN_POINT('',(33.968020595295,9.898821036979,
    23.249158290166));
#3912 = CARTESIAN_POINT('',(33.952920996405,9.870321135703,
    23.324396653933));
#3913 = CARTESIAN_POINT('',(33.948960502673,9.862845858964,
    23.344131023715));
#3914 = CARTESIAN_POINT('',(33.94504393365,9.855046676802,
    23.363777811984));
#3915 = CARTESIAN_POINT('',(33.941173729088,9.846924111378,
    23.383327150411));
#3916 = PCURVE('',#3917,#3926);
#3917 = B_SPLINE_SURFACE_WITH_KNOTS('',3,1,(
    (#3918,#3919)
    ,(#3920,#3921)
    ,(#3922,#3923)
    ,(#3924,#3925
    )),.UNSPECIFIED.,.F.,.F.,.F.,(4,4),(2,2),(-6.902506951671E-02,0.),(
    0.,0.2),.PIECEWISE_BEZIER_KNOTS.);
#3918 = CARTESIAN_POINT('',(32.,9.992745833853,22.786135884601));
#3919 = CARTESIAN_POINT('',(34.,9.992745833853,22.786135884601));
#3920 = CARTESIAN_POINT('',(32.,9.975048555321,22.993354522308));
#3921 = CARTESIAN_POINT('',(34.,9.975048555321,22.993354522308));
#3922 = CARTESIAN_POINT('',(32.,9.925332283871,23.194614863149));
#3923 = CARTESIAN_POINT('',(34.,9.925332283871,23.194614863149));
#3924 = CARTESIAN_POINT('',(32.,9.846924111378,23.383327150411));
#3925 = CARTESIAN_POINT('',(34.,9.846924111378,23.383327150411));
#3926 = DEFINITIONAL_REPRESENTATION('',(#3927),#3930);
#3927 = B_SPLINE_CURVE_WITH_KNOTS('',1,(#3928,#3929),.UNSPECIFIED.,.F.,
  .F.,(2,2),(-4.034359475721E-02,-2.40708702336E-02),
  .PIECEWISE_BEZIER_KNOTS.);
#3928 = CARTESIAN_POINT('',(-3.408276291087E-02,0.2));
#3929 = CARTESIAN_POINT('',(-4.038931157543E-16,0.194117372909));
#3930 = ( GEOMETRIC_REPRESENTATION_CONTEXT(2) 
PARAMETRIC_REPRESENTATION_CONTEXT() REPRESENTATION_CONTEXT('2D SPACE',''
  ) );
#3931 = PCURVE('',#521,#3932);
#3932 = DEFINITIONAL_REPRESENTATION('',(#3933),#3936);
#3933 = B_SPLINE_CURVE_WITH_KNOTS('',1,(#3934,#3935),.UNSPECIFIED.,.F.,
  .F.,(2,2),(-4.034359475721E-02,-2.40708702336E-02),
  .PIECEWISE_BEZIER_KNOTS.);
#3934 = CARTESIAN_POINT('',(4.47030618224,4.));
#3935 = CARTESIAN_POINT('',(4.318600411775,4.058826270912));
#3936 = ( GEOMETRIC_REPRESENTATION_CONTEXT(2) 
PARAMETRIC_REPRESENTATION_CONTEXT() REPRESENTATION_CONTEXT('2D SPACE',''
  ) );
#3937 = ORIENTED_EDGE('',*,*,#3938,.T.);
#3938 = EDGE_CURVE('',#3905,#3939,#3941,.T.);
#3939 = VERTEX_POINT('',#3940);
#3940 = CARTESIAN_POINT('',(34.,9.846924111378,23.383327150411));
#3941 = SURFACE_CURVE('',#3942,(#3946,#3952),.PCURVE_S1.);
#3942 = LINE('',#3943,#3944);
#3943 = CARTESIAN_POINT('',(32.,9.846924111378,23.383327150411));
#3944 = VECTOR('',#3945,1.);
#3945 = DIRECTION('',(1.,0.,0.));
#3946 = PCURVE('',#3917,#3947);
#3947 = DEFINITIONAL_REPRESENTATION('',(#3948),#3951);
#3948 = B_SPLINE_CURVE_WITH_KNOTS('',1,(#3949,#3950),.UNSPECIFIED.,.F.,
  .F.,(2,2),(1.941173729088,2.),.PIECEWISE_BEZIER_KNOTS.);
#3949 = CARTESIAN_POINT('',(-3.271543348161E-16,0.194117372909));
#3950 = CARTESIAN_POINT('',(-1.112430835855E-16,0.2));
#3951 = ( GEOMETRIC_REPRESENTATION_CONTEXT(2) 
PARAMETRIC_REPRESENTATION_CONTEXT() REPRESENTATION_CONTEXT('2D SPACE',''
  ) );
#3952 = PCURVE('',#521,#3953);
#3953 = DEFINITIONAL_REPRESENTATION('',(#3954),#3958);
#3954 = LINE('',#3955,#3956);
#3955 = CARTESIAN_POINT('',(4.318600411775,6.));
#3956 = VECTOR('',#3957,1.);
#3957 = DIRECTION('',(0.,-1.));
#3958 = ( GEOMETRIC_REPRESENTATION_CONTEXT(2) 
PARAMETRIC_REPRESENTATION_CONTEXT() REPRESENTATION_CONTEXT('2D SPACE',''
  ) );
#3959 = ORIENTED_EDGE('',*,*,#3960,.F.);
#3960 = EDGE_CURVE('',#3903,#3939,#3961,.T.);
#3961 = SURFACE_CURVE('',#3962,(#3967,#3974),.PCURVE_S1.);
#3962 = B_SPLINE_CURVE_WITH_KNOTS('',3,(#3963,#3964,#3965,#3966),
  .UNSPECIFIED.,.F.,.F.,(4,4),(-3.408276291088E-02,0.),
  .PIECEWISE_BEZIER_KNOTS.);
#3963 = CARTESIAN_POINT('',(34.,9.94168491738,23.095398879779));
#3964 = CARTESIAN_POINT('',(34.,9.917360453124,23.193905455851));
#3965 = CARTESIAN_POINT('',(34.,9.885640003619,23.290145988985));
#3966 = CARTESIAN_POINT('',(34.,9.846924111378,23.383327150411));
#3967 = PCURVE('',#3917,#3968);
#3968 = DEFINITIONAL_REPRESENTATION('',(#3969),#3973);
#3969 = LINE('',#3970,#3971);
#3970 = CARTESIAN_POINT('',(5.530298441414E-15,0.2));
#3971 = VECTOR('',#3972,1.);
#3972 = DIRECTION('',(1.,0.));
#3973 = ( GEOMETRIC_REPRESENTATION_CONTEXT(2) 
PARAMETRIC_REPRESENTATION_CONTEXT() REPRESENTATION_CONTEXT('2D SPACE',''
  ) );
#3974 = PCURVE('',#493,#3975);
#3975 = DEFINITIONAL_REPRESENTATION('',(#3976),#3981);
#3976 = B_SPLINE_CURVE_WITH_KNOTS('',3,(#3977,#3978,#3979,#3980),
  .UNSPECIFIED.,.F.,.F.,(4,4),(-3.408276291088E-02,0.),
  .PIECEWISE_BEZIER_KNOTS.);
#3977 = CARTESIAN_POINT('',(-9.934984688494,0.479470582706));
#3978 = CARTESIAN_POINT('',(-9.910660224238,0.577977158777));
#3979 = CARTESIAN_POINT('',(-9.878939774733,0.674217691911));
#3980 = CARTESIAN_POINT('',(-9.840223882492,0.767398853338));
#3981 = ( GEOMETRIC_REPRESENTATION_CONTEXT(2) 
PARAMETRIC_REPRESENTATION_CONTEXT() REPRESENTATION_CONTEXT('2D SPACE',''
  ) );
#3982 = ADVANCED_FACE('',(#3983),#493,.F.);
#3983 = FACE_BOUND('',#3984,.T.);
#3984 = EDGE_LOOP('',(#3985,#4076,#4077,#4103,#4104,#4151));
#3985 = ORIENTED_EDGE('',*,*,#3986,.F.);
#3986 = EDGE_CURVE('',#3903,#3987,#3989,.T.);
#3987 = VERTEX_POINT('',#3988);
#3988 = CARTESIAN_POINT('',(34.,9.594756574286,23.807398274881));
#3989 = SURFACE_CURVE('',#3990,(#4007,#4027),.PCURVE_S1.);
#3990 = B_SPLINE_CURVE_WITH_KNOTS('',3,(#3991,#3992,#3993,#3994,#3995,
    #3996,#3997,#3998,#3999,#4000,#4001,#4002,#4003,#4004,#4005,#4006),
  .UNSPECIFIED.,.F.,.F.,(4,3,3,3,3,4),(-7.987798123959E-02,
    -6.003015590709E-02,-4.018233057459E-02,-2.144054462423E-02,
    -3.063619011192E-03,0.),.UNSPECIFIED.);
#3991 = CARTESIAN_POINT('',(33.999913522637,9.940458758769,
    23.096445796013));
#3992 = CARTESIAN_POINT('',(33.999910520343,9.924629508616,
    23.160665306099));
#3993 = CARTESIAN_POINT('',(33.999915055476,9.90542208901,
    23.223891781105));
#3994 = CARTESIAN_POINT('',(33.999918659703,9.882973331695,
    23.285887347569));
#3995 = CARTESIAN_POINT('',(33.999922263929,9.860524574379,
    23.347882914033));
#3996 = CARTESIAN_POINT('',(33.999924735853,9.834835196523,
    23.40864837625));
#3997 = CARTESIAN_POINT('',(33.999932950976,9.806012012613,
    23.467986528322));
#3998 = CARTESIAN_POINT('',(33.999940708303,9.778795028675,
    23.524018004124));
#3999 = CARTESIAN_POINT('',(33.999954918886,9.748864773261,
    23.578609421723));
#4000 = CARTESIAN_POINT('',(33.999963021873,9.716339945583,
    23.631632737962));
#4001 = CARTESIAN_POINT('',(33.999970967113,9.684448303003,
    23.683623809724));
#4002 = CARTESIAN_POINT('',(33.999973022173,9.6500628147,23.734108048152
    ));
#4003 = CARTESIAN_POINT('',(33.999970590765,9.613256720322,
    23.782993325024));
#4004 = CARTESIAN_POINT('',(33.999970185425,9.607120772839,
    23.791142994166));
#4005 = CARTESIAN_POINT('',(33.999969686078,9.600917449178,
    23.799248273889));
#4006 = CARTESIAN_POINT('',(33.999969136404,9.594646960885,
    23.807308791348));
#4007 = PCURVE('',#493,#4008);
#4008 = DEFINITIONAL_REPRESENTATION('',(#4009),#4026);
#4009 = B_SPLINE_CURVE_WITH_KNOTS('',3,(#4010,#4011,#4012,#4013,#4014,
    #4015,#4016,#4017,#4018,#4019,#4020,#4021,#4022,#4023,#4024,#4025),
  .UNSPECIFIED.,.F.,.F.,(4,3,3,3,3,4),(-7.987798123959E-02,
    -6.003015590709E-02,-4.018233057459E-02,-2.144054462423E-02,
    -3.063619011192E-03,0.),.UNSPECIFIED.);
#4010 = CARTESIAN_POINT('',(-9.933758529883,0.480517498939));
#4011 = CARTESIAN_POINT('',(-9.91792927973,0.544737009025));
#4012 = CARTESIAN_POINT('',(-9.898721860124,0.607963484031));
#4013 = CARTESIAN_POINT('',(-9.876273102809,0.669959050495));
#4014 = CARTESIAN_POINT('',(-9.853824345494,0.73195461696));
#4015 = CARTESIAN_POINT('',(-9.828134967637,0.792720079176));
#4016 = CARTESIAN_POINT('',(-9.799311783727,0.852058231249));
#4017 = CARTESIAN_POINT('',(-9.77209479979,0.908089707051));
#4018 = CARTESIAN_POINT('',(-9.742164544375,0.962681124649));
#4019 = CARTESIAN_POINT('',(-9.709639716697,1.015704440889));
#4020 = CARTESIAN_POINT('',(-9.677748074118,1.06769551265));
#4021 = CARTESIAN_POINT('',(-9.643362585814,1.118179751078));
#4022 = CARTESIAN_POINT('',(-9.606556491437,1.16706502795));
#4023 = CARTESIAN_POINT('',(-9.600420543953,1.175214697092));
#4024 = CARTESIAN_POINT('',(-9.594217220292,1.183319976816));
#4025 = CARTESIAN_POINT('',(-9.587946731999,1.191380494275));
#4026 = ( GEOMETRIC_REPRESENTATION_CONTEXT(2) 
PARAMETRIC_REPRESENTATION_CONTEXT() REPRESENTATION_CONTEXT('2D SPACE',''
  ) );
#4027 = PCURVE('',#4028,#4071);
#4028 = B_SPLINE_SURFACE_WITH_KNOTS('',3,3,(
    (#4029,#4030,#4031,#4032,#4033,#4034,#4035)
    ,(#4036,#4037,#4038,#4039,#4040,#4041,#4042)
    ,(#4043,#4044,#4045,#4046,#4047,#4048,#4049)
    ,(#4050,#4051,#4052,#4053,#4054,#4055,#4056)
    ,(#4057,#4058,#4059,#4060,#4061,#4062,#4063)
    ,(#4064,#4065,#4066,#4067,#4068,#4069,#4070
  )),.UNSPECIFIED.,.F.,.F.,.F.,(4,1,1,4),(4,1,1,1,4),(0.,0.285714285714,
    0.571428571429,1.),(0.,6.694054702517E-02,0.13388109405,
    0.200821641076,0.234291914588),.UNSPECIFIED.);
#4029 = CARTESIAN_POINT('',(34.768997894286,8.943639428997,
    23.609209811332));
#4030 = CARTESIAN_POINT('',(34.829760845628,9.067133206754,
    23.435975872654));
#4031 = CARTESIAN_POINT('',(35.002716284016,9.185084931698,
    23.02181542455));
#4032 = CARTESIAN_POINT('',(35.303012310258,8.984185632785,
    22.416406703478));
#4033 = CARTESIAN_POINT('',(35.505653585683,8.5415184247,22.069556899076
    ));
#4034 = CARTESIAN_POINT('',(35.566497054895,8.205273461722,
    22.008602978453));
#4035 = CARTESIAN_POINT('',(35.578533172523,8.093041091481,
    22.007125267663));
#4036 = CARTESIAN_POINT('',(34.730424738334,9.038437948513,
    23.663753597516));
#4037 = CARTESIAN_POINT('',(34.796393375872,9.18093489646,
    23.473219865902));
#4038 = CARTESIAN_POINT('',(34.985050666793,9.32815463263,
    23.017641173245));
#4039 = CARTESIAN_POINT('',(35.322934367281,9.133932270032,
    22.332477903454));
#4040 = CARTESIAN_POINT('',(35.563216360608,8.636693497599,
    21.914821594208));
#4041 = CARTESIAN_POINT('',(35.637236946281,8.235242656792,
    21.836658144981));
#4042 = CARTESIAN_POINT('',(35.651649866893,8.100471035604,
    21.834219326198));
#4043 = CARTESIAN_POINT('',(34.616457186022,9.222555698585,
    23.756019227532));
#4044 = CARTESIAN_POINT('',(34.689187462235,9.402554694965,
    23.529184072498));
#4045 = CARTESIAN_POINT('',(34.898437105877,9.60692443319,
    22.985929511839));
#4046 = CARTESIAN_POINT('',(35.288492636295,9.423777066222,
    22.131726504037));
#4047 = CARTESIAN_POINT('',(35.585219521799,8.816444190882,
    21.56579939785));
#4048 = CARTESIAN_POINT('',(35.679725085031,8.284855700384,
    21.451598508841));
#4049 = CARTESIAN_POINT('',(35.697782794028,8.105158953649,
    21.446986545974));
#4050 = CARTESIAN_POINT('',(34.312287754798,9.487799917214,
    23.839938681114));
#4051 = CARTESIAN_POINT('',(34.385116685769,9.720296528555,
    23.549387826459));
#4052 = CARTESIAN_POINT('',(34.594268348445,9.992212360506,
    22.852083409204));
#4053 = CARTESIAN_POINT('',(34.986715400998,9.778533883529,
    21.738469721975));
#4054 = CARTESIAN_POINT('',(35.290335464472,9.001439756778,
    20.986533632457));
#4055 = CARTESIAN_POINT('',(35.387843167895,8.30964497965,
    20.833555796245));
#4056 = CARTESIAN_POINT('',(35.40632211796,8.075541414783,
    20.827353228999));
#4057 = CARTESIAN_POINT('',(34.033793964593,9.59701920561,
    23.820851644767));
#4058 = CARTESIAN_POINT('',(34.09929468393,9.84676215966,23.490577409516
    ));
#4059 = CARTESIAN_POINT('',(34.285143056425,10.118169995855,
    22.702213476812));
#4060 = CARTESIAN_POINT('',(34.617698224378,9.815847593874,
    21.499596096586));
#4061 = CARTESIAN_POINT('',(34.855981076254,8.965035307607,
    20.75611689828));
#4062 = CARTESIAN_POINT('',(34.929256049809,8.26424920389,
    20.619173475551));
#4063 = CARTESIAN_POINT('',(34.943304595107,8.028490678251,
    20.615947631001));
#4064 = CARTESIAN_POINT('',(33.866468721011,9.624765314974,
    23.782197034542));
#4065 = CARTESIAN_POINT('',(33.927501275422,9.875072774684,
    23.433480132837));
#4066 = CARTESIAN_POINT('',(34.099434159144,10.124006390111,
    22.605516562514));
#4067 = CARTESIAN_POINT('',(34.395281653194,9.749293668071,
    21.406620957252));
#4068 = CARTESIAN_POINT('',(34.593305881474,8.885350342902,
    20.728437597331));
#4069 = CARTESIAN_POINT('',(34.651653998387,8.221991940525,
    20.615947631001));
#4070 = CARTESIAN_POINT('',(34.662933144197,8.000000000001,
    20.615947631001));
#4071 = DEFINITIONAL_REPRESENTATION('',(#4072),#4075);
#4072 = B_SPLINE_CURVE_WITH_KNOTS('',1,(#4073,#4074),.UNSPECIFIED.,.F.,
  .F.,(2,2),(-7.987798123959E-02,0.),.PIECEWISE_BEZIER_KNOTS.);
#4073 = CARTESIAN_POINT('',(1.,4.034359475721E-02));
#4074 = CARTESIAN_POINT('',(0.885625698608,1.382946263459E-16));
#4075 = ( GEOMETRIC_REPRESENTATION_CONTEXT(2) 
PARAMETRIC_REPRESENTATION_CONTEXT() REPRESENTATION_CONTEXT('2D SPACE',''
  ) );
#4076 = ORIENTED_EDGE('',*,*,#3960,.T.);
#4077 = ORIENTED_EDGE('',*,*,#4078,.T.);
#4078 = EDGE_CURVE('',#3939,#478,#4079,.T.);
#4079 = SURFACE_CURVE('',#4080,(#4085,#4096),.PCURVE_S1.);
#4080 = CIRCLE('',#4081,2.);
#4081 = AXIS2_PLACEMENT_3D('',#4082,#4083,#4084);
#4082 = CARTESIAN_POINT('',(34.,8.,22.615947631001));
#4083 = DIRECTION('',(1.,0.,-0.));
#4084 = DIRECTION('',(0.,0.,1.));
#4085 = PCURVE('',#493,#4086);
#4086 = DEFINITIONAL_REPRESENTATION('',(#4087),#4095);
#4087 = ( BOUNDED_CURVE() B_SPLINE_CURVE(2,(#4088,#4089,#4090,#4091,
#4092,#4093,#4094),.UNSPECIFIED.,.T.,.F.) B_SPLINE_CURVE_WITH_KNOTS((1,2
    ,2,2,2,1),(-2.094395102393,0.,2.094395102393,4.188790204786,
6.28318530718,8.377580409573),.UNSPECIFIED.) CURVE() 
GEOMETRIC_REPRESENTATION_ITEM() RATIONAL_B_SPLINE_CURVE((1.,0.5,1.,0.5,
1.,0.5,1.)) REPRESENTATION_ITEM('') );
#4088 = CARTESIAN_POINT('',(-7.993299771114,2.000019333928));
#4089 = CARTESIAN_POINT('',(-4.529198155976,2.000019333928));
#4090 = CARTESIAN_POINT('',(-6.261248963545,-0.999980666072));
#4091 = CARTESIAN_POINT('',(-7.993299771114,-3.999980666072));
#4092 = CARTESIAN_POINT('',(-9.725350578683,-0.999980666073));
#4093 = CARTESIAN_POINT('',(-11.45740138625,2.000019333927));
#4094 = CARTESIAN_POINT('',(-7.993299771114,2.000019333928));
#4095 = ( GEOMETRIC_REPRESENTATION_CONTEXT(2) 
PARAMETRIC_REPRESENTATION_CONTEXT() REPRESENTATION_CONTEXT('2D SPACE',''
  ) );
#4096 = PCURVE('',#521,#4097);
#4097 = DEFINITIONAL_REPRESENTATION('',(#4098),#4102);
#4098 = LINE('',#4099,#4100);
#4099 = CARTESIAN_POINT('',(9.424777960769,4.));
#4100 = VECTOR('',#4101,1.);
#4101 = DIRECTION('',(-1.,0.));
#4102 = ( GEOMETRIC_REPRESENTATION_CONTEXT(2) 
PARAMETRIC_REPRESENTATION_CONTEXT() REPRESENTATION_CONTEXT('2D SPACE',''
  ) );
#4103 = ORIENTED_EDGE('',*,*,#477,.T.);
#4104 = ORIENTED_EDGE('',*,*,#4105,.F.);
#4105 = EDGE_CURVE('',#4106,#426,#4108,.T.);
#4106 = VERTEX_POINT('',#4107);
#4107 = CARTESIAN_POINT('',(34.,8.029439817795,24.589609491962));
#4108 = SURFACE_CURVE('',#4109,(#4114,#4122),.PCURVE_S1.);
#4109 = B_SPLINE_CURVE_WITH_KNOTS('',3,(#4110,#4111,#4112,#4113),
  .UNSPECIFIED.,.F.,.F.,(4,4),(-0.20124244496,0.),
  .PIECEWISE_BEZIER_KNOTS.);
#4110 = CARTESIAN_POINT('',(34.,8.029439817795,24.589609491962));
#4111 = CARTESIAN_POINT('',(34.,7.35268681272,24.610071919382));
#4112 = CARTESIAN_POINT('',(34.,6.645863731861,24.615947631001));
#4113 = CARTESIAN_POINT('',(34.,5.975055581995,24.615947631001));
#4114 = PCURVE('',#493,#4115);
#4115 = DEFINITIONAL_REPRESENTATION('',(#4116),#4121);
#4116 = B_SPLINE_CURVE_WITH_KNOTS('',3,(#4117,#4118,#4119,#4120),
  .UNSPECIFIED.,.F.,.F.,(4,4),(-0.20124244496,0.),
  .PIECEWISE_BEZIER_KNOTS.);
#4117 = CARTESIAN_POINT('',(-8.022739588909,1.973681194889));
#4118 = CARTESIAN_POINT('',(-7.345986583834,1.994143622309));
#4119 = CARTESIAN_POINT('',(-6.639163502975,2.000019333928));
#4120 = CARTESIAN_POINT('',(-5.968355353109,2.000019333928));
#4121 = ( GEOMETRIC_REPRESENTATION_CONTEXT(2) 
PARAMETRIC_REPRESENTATION_CONTEXT() REPRESENTATION_CONTEXT('2D SPACE',''
  ) );
#4122 = PCURVE('',#445,#4123);
#4123 = DEFINITIONAL_REPRESENTATION('',(#4124),#4150);
#4124 = B_SPLINE_CURVE_WITH_KNOTS('',3,(#4125,#4126,#4127,#4128,#4129,
    #4130,#4131,#4132,#4133,#4134,#4135,#4136,#4137,#4138,#4139,#4140,
    #4141,#4142,#4143,#4144,#4145,#4146,#4147,#4148,#4149),
  .UNSPECIFIED.,.F.,.F.,(4,1,1,1,1,1,1,1,1,1,1,1,1,1,1,1,1,1,1,1,1,1,4),
  (-0.20124244496,-0.192095061098,-0.182947677236,-0.173800293374,
    -0.164652909513,-0.155505525651,-0.146358141789,-0.137210757927,
    -0.128063374065,-0.118915990204,-0.109768606342,-0.10062122248,
    -9.147383861809E-02,-8.232645475628E-02,-7.317907089447E-02,
    -6.403168703266E-02,-5.488430317086E-02,-4.573691930905E-02,
    -3.658953544724E-02,-2.744215158543E-02,-1.829476772362E-02,
    -9.147383861809E-03,0.),.UNSPECIFIED.);
#4125 = CARTESIAN_POINT('',(0.788749767479,1.604221594331));
#4126 = CARTESIAN_POINT('',(0.792495444537,1.601184027986));
#4127 = CARTESIAN_POINT('',(0.799944576876,1.595095191009));
#4128 = CARTESIAN_POINT('',(0.810988819957,1.585924542585));
#4129 = CARTESIAN_POINT('',(0.821900796201,1.576720218272));
#4130 = CARTESIAN_POINT('',(0.832677768787,1.567485945045));
#4131 = CARTESIAN_POINT('',(0.8433170616,1.558225456008));
#4132 = CARTESIAN_POINT('',(0.85381607389,1.548942491029));
#4133 = CARTESIAN_POINT('',(0.864172286429,1.539640796197));
#4134 = CARTESIAN_POINT('',(0.874383269075,1.530324123581));
#4135 = CARTESIAN_POINT('',(0.884446687111,1.520996230917));
#4136 = CARTESIAN_POINT('',(0.894360307055,1.511660881302));
#4137 = CARTESIAN_POINT('',(0.904122001775,1.502321842899));
#4138 = CARTESIAN_POINT('',(0.913729754953,1.492982888629));
#4139 = CARTESIAN_POINT('',(0.923181664921,1.483647795877));
#4140 = CARTESIAN_POINT('',(0.932475947856,1.474320346196));
#4141 = CARTESIAN_POINT('',(0.941610940366,1.465004325015));
#4142 = CARTESIAN_POINT('',(0.95058510151,1.455703521353));
#4143 = CARTESIAN_POINT('',(0.959397014144,1.446421727535));
#4144 = CARTESIAN_POINT('',(0.968045386091,1.437162738921));
#4145 = CARTESIAN_POINT('',(0.976529049383,1.427930353621));
#4146 = CARTESIAN_POINT('',(0.984846964251,1.418728372291));
#4147 = CARTESIAN_POINT('',(0.992998203034,1.409560597649));
#4148 = CARTESIAN_POINT('',(0.998320738916,1.403474089269));
#4149 = CARTESIAN_POINT('',(1.000476983257,1.400437843355));
#4150 = ( GEOMETRIC_REPRESENTATION_CONTEXT(2) 
PARAMETRIC_REPRESENTATION_CONTEXT() REPRESENTATION_CONTEXT('2D SPACE',''
  ) );
#4151 = ORIENTED_EDGE('',*,*,#4152,.F.);
#4152 = EDGE_CURVE('',#3987,#4106,#4153,.T.);
#4153 = SURFACE_CURVE('',#4154,(#4163,#4175),.PCURVE_S1.);
#4154 = B_SPLINE_CURVE_WITH_KNOTS('',3,(#4155,#4156,#4157,#4158,#4159,
    #4160,#4161,#4162),.UNSPECIFIED.,.F.,.F.,(4,2,2,4),(-0.18086209469,
    -0.130758709493,-8.137541907739E-02,0.),.UNSPECIFIED.);
#4155 = CARTESIAN_POINT('',(34.,9.594756574286,23.807398274881));
#4156 = CARTESIAN_POINT('',(34.,9.492227082092,23.939262453018));
#4157 = CARTESIAN_POINT('',(34.,9.37322284995,24.057271385218));
#4158 = CARTESIAN_POINT('',(34.,9.110501416584,24.259820651875));
#4159 = CARTESIAN_POINT('',(34.,8.968184071888,24.344028606512));
#4160 = CARTESIAN_POINT('',(34.,8.569441055434,24.520327292212));
#4161 = CARTESIAN_POINT('',(34.,8.300567307033,24.581411631697));
#4162 = CARTESIAN_POINT('',(34.,8.029439817795,24.589609491962));
#4163 = PCURVE('',#493,#4164);
#4164 = DEFINITIONAL_REPRESENTATION('',(#4165),#4174);
#4165 = B_SPLINE_CURVE_WITH_KNOTS('',3,(#4166,#4167,#4168,#4169,#4170,
    #4171,#4172,#4173),.UNSPECIFIED.,.F.,.F.,(4,2,2,4),(-0.18086209469,
    -0.130758709493,-8.137541907739E-02,0.),.UNSPECIFIED.);
#4166 = CARTESIAN_POINT('',(-9.5880563454,1.191469977807));
#4167 = CARTESIAN_POINT('',(-9.485526853206,1.323334155944));
#4168 = CARTESIAN_POINT('',(-9.366522621064,1.441343088145));
#4169 = CARTESIAN_POINT('',(-9.103801187698,1.643892354802));
#4170 = CARTESIAN_POINT('',(-8.961483843002,1.728100309439));
#4171 = CARTESIAN_POINT('',(-8.562740826548,1.904398995138));
#4172 = CARTESIAN_POINT('',(-8.293867078147,1.965483334623));
#4173 = CARTESIAN_POINT('',(-8.022739588909,1.973681194889));
#4174 = ( GEOMETRIC_REPRESENTATION_CONTEXT(2) 
PARAMETRIC_REPRESENTATION_CONTEXT() REPRESENTATION_CONTEXT('2D SPACE',''
  ) );
#4175 = PCURVE('',#4176,#4202);
#4176 = B_SPLINE_SURFACE_WITH_KNOTS('',3,3,(
    (#4177,#4178,#4179,#4180,#4181)
    ,(#4182,#4183,#4184,#4185,#4186)
    ,(#4187,#4188,#4189,#4190,#4191)
    ,(#4192,#4193,#4194,#4195,#4196)
    ,(#4197,#4198,#4199,#4200,#4201
  )),.UNSPECIFIED.,.F.,.F.,.F.,(4,1,4),(4,1,4),(0.,0.442812849304,
    0.885625698608),(1.604045514892E-16,4.798717794155E-02,
    9.59743558831E-02),.UNSPECIFIED.);
#4177 = CARTESIAN_POINT('',(34.652547665077,8.114410566875,
    24.079530660617));
#4178 = CARTESIAN_POINT('',(34.631554359561,8.275632312533,
    24.079530660617));
#4179 = CARTESIAN_POINT('',(34.635243147203,8.603505556516,
    23.990460362595));
#4180 = CARTESIAN_POINT('',(34.718322495865,8.851455695818,
    23.750225367501));
#4181 = CARTESIAN_POINT('',(34.768997894286,8.943639428997,
    23.609209811332));
#4182 = CARTESIAN_POINT('',(34.578670832122,8.10479077943,
    24.221924658489));
#4183 = CARTESIAN_POINT('',(34.55539356028,8.294267906843,
    24.219233115709));
#4184 = CARTESIAN_POINT('',(34.559565567388,8.678794860831,
    24.11835904229));
#4185 = CARTESIAN_POINT('',(34.652183819155,8.976833226472,
    23.852029568425));
#4186 = CARTESIAN_POINT('',(34.709215482458,9.090562437875,
    23.693744224134));
#4187 = CARTESIAN_POINT('',(34.361485599804,8.076510252402,
    24.469823168027));
#4188 = CARTESIAN_POINT('',(34.336392782552,8.322581120466,
    24.463220751452));
#4189 = CARTESIAN_POINT('',(34.34025570267,8.819876458684,
    24.338882127889));
#4190 = CARTESIAN_POINT('',(34.438676499075,9.215739488766,
    24.016534809915));
#4191 = CARTESIAN_POINT('',(34.499962673956,9.37101754699,
    23.821806669248));
#4192 = CARTESIAN_POINT('',(34.055203300058,8.036628052476,
    24.588243805452));
#4193 = CARTESIAN_POINT('',(34.032215839289,8.326511784299,
    24.583451444587));
#4194 = CARTESIAN_POINT('',(34.03361425341,8.912368518822,
    24.439438929918));
#4195 = CARTESIAN_POINT('',(34.118386349912,9.369881710743,
    24.059751064015));
#4196 = CARTESIAN_POINT('',(34.171211388633,9.546095141316,
    23.832400266667));
#4197 = CARTESIAN_POINT('',(33.897076770288,8.016037786963,
    24.608204239747));
#4198 = CARTESIAN_POINT('',(33.87538983524,8.321974950405,
    24.605951310257));
#4199 = CARTESIAN_POINT('',(33.875475785578,8.941731867511,
    24.453911187815));
#4200 = CARTESIAN_POINT('',(33.952242353708,9.415924105685,
    24.047879550419));
#4201 = CARTESIAN_POINT('',(34.,9.594756574286,23.807398274881));
#4202 = DEFINITIONAL_REPRESENTATION('',(#4203),#4229);
#4203 = B_SPLINE_CURVE_WITH_KNOTS('',3,(#4204,#4205,#4206,#4207,#4208,
    #4209,#4210,#4211,#4212,#4213,#4214,#4215,#4216,#4217,#4218,#4219,
    #4220,#4221,#4222,#4223,#4224,#4225,#4226,#4227,#4228),
  .UNSPECIFIED.,.F.,.F.,(4,1,1,1,1,1,1,1,1,1,1,1,1,1,1,1,1,1,1,1,1,1,4),
  (-0.18086209469,-0.172641090386,-0.164420086082,-0.156199081778,
    -0.147978077474,-0.13975707317,-0.131536068865,-0.123315064561,
    -0.115094060257,-0.106873055953,-9.865205164911E-02,
    -9.043104734502E-02,-8.221004304093E-02,-7.398903873684E-02,
    -6.576803443274E-02,-5.754703012865E-02,-4.932602582456E-02,
    -4.110502152046E-02,-3.288401721637E-02,-2.466301291228E-02,
    -1.644200860819E-02,-8.221004304093E-03,0.),.UNSPECIFIED.);
#4204 = CARTESIAN_POINT('',(0.885625698608,9.59743558831E-02));
#4205 = CARTESIAN_POINT('',(0.882026114549,9.457578358772E-02));
#4206 = CARTESIAN_POINT('',(0.87488413434,9.177674686362E-02));
#4207 = CARTESIAN_POINT('',(0.864384174427,8.756818466776E-02));
#4208 = CARTESIAN_POINT('',(0.854136790225,8.334520254607E-02));
#4209 = CARTESIAN_POINT('',(0.844188131813,7.910367505499E-02));
#4210 = CARTESIAN_POINT('',(0.83459078423,7.484026224974E-02));
#4211 = CARTESIAN_POINT('',(0.825400484345,7.055039099758E-02));
#4212 = CARTESIAN_POINT('',(0.816693136233,6.623621644791E-02));
#4213 = CARTESIAN_POINT('',(0.808556787433,6.190500858081E-02));
#4214 = CARTESIAN_POINT('',(0.801061222657,5.755324852785E-02));
#4215 = CARTESIAN_POINT('',(0.794288395882,5.318128412128E-02));
#4216 = CARTESIAN_POINT('',(0.788321707784,4.878980719187E-02));
#4217 = CARTESIAN_POINT('',(0.783252236247,4.438013405634E-02));
#4218 = CARTESIAN_POINT('',(0.779125905573,3.995602078387E-02));
#4219 = CARTESIAN_POINT('',(0.775976355815,3.552410572858E-02));
#4220 = CARTESIAN_POINT('',(0.773830288257,3.108478908574E-02));
#4221 = CARTESIAN_POINT('',(0.772712878481,2.664036652087E-02));
#4222 = CARTESIAN_POINT('',(0.772645887278,2.219289726059E-02));
#4223 = CARTESIAN_POINT('',(0.773647556477,1.774475664511E-02));
#4224 = CARTESIAN_POINT('',(0.775732026104,1.32984580968E-02));
#4225 = CARTESIAN_POINT('',(0.778908571025,8.856668588159E-03));
#4226 = CARTESIAN_POINT('',(0.78318181196,4.422159386439E-03));
#4227 = CARTESIAN_POINT('',(0.786759278965,1.472604599753E-03));
#4228 = CARTESIAN_POINT('',(0.788729947616,1.887951193451E-10));
#4229 = ( GEOMETRIC_REPRESENTATION_CONTEXT(2) 
PARAMETRIC_REPRESENTATION_CONTEXT() REPRESENTATION_CONTEXT('2D SPACE',''
  ) );
#4230 = ADVANCED_FACE('',(#4231),#4176,.F.);
#4231 = FACE_BOUND('',#4232,.F.);
#4232 = EDGE_LOOP('',(#4233,#4255,#4323,#4343));
#4233 = ORIENTED_EDGE('',*,*,#4234,.T.);
#4234 = EDGE_CURVE('',#3987,#4235,#4237,.T.);
#4235 = VERTEX_POINT('',#4236);
#4236 = CARTESIAN_POINT('',(34.768997894287,8.943639428997,
    23.609209811331));
#4237 = SURFACE_CURVE('',#4238,(#4243,#4249),.PCURVE_S1.);
#4238 = CIRCLE('',#4239,1.);
#4239 = AXIS2_PLACEMENT_3D('',#4240,#4241,#4242);
#4240 = CARTESIAN_POINT('',(33.866468721011,8.812382657487,
    23.199072332771));
#4241 = DIRECTION('',(0.27352280698,0.560887543128,-0.781402865381));
#4242 = DIRECTION('',(7.718941424432E-17,0.812382657487,0.58312470177));
#4243 = PCURVE('',#4176,#4244);
#4244 = DEFINITIONAL_REPRESENTATION('',(#4245),#4248);
#4245 = B_SPLINE_CURVE_WITH_KNOTS('',1,(#4246,#4247),.UNSPECIFIED.,.F.,
  .F.,(2,2),(0.139275140256,1.217713582166),.PIECEWISE_BEZIER_KNOTS.);
#4246 = CARTESIAN_POINT('',(0.885625698608,9.597435588309E-02));
#4247 = CARTESIAN_POINT('',(-5.149374328363E-13,9.59743558831E-02));
#4248 = ( GEOMETRIC_REPRESENTATION_CONTEXT(2) 
PARAMETRIC_REPRESENTATION_CONTEXT() REPRESENTATION_CONTEXT('2D SPACE',''
  ) );
#4249 = PCURVE('',#4028,#4250);
#4250 = DEFINITIONAL_REPRESENTATION('',(#4251),#4254);
#4251 = B_SPLINE_CURVE_WITH_KNOTS('',1,(#4252,#4253),.UNSPECIFIED.,.F.,
  .F.,(2,2),(0.139275140256,1.217713582166),.PIECEWISE_BEZIER_KNOTS.);
#4252 = CARTESIAN_POINT('',(0.88561587204,-1.121088724876E-09));
#4253 = CARTESIAN_POINT('',(-5.135564031686E-13,2.887784949263E-15));
#4254 = ( GEOMETRIC_REPRESENTATION_CONTEXT(2) 
PARAMETRIC_REPRESENTATION_CONTEXT() REPRESENTATION_CONTEXT('2D SPACE',''
  ) );
#4255 = ORIENTED_EDGE('',*,*,#4256,.F.);
#4256 = EDGE_CURVE('',#4257,#4235,#4259,.T.);
#4257 = VERTEX_POINT('',#4258);
#4258 = CARTESIAN_POINT('',(34.652547665077,8.114410566875,
    24.079530660617));
#4259 = SURFACE_CURVE('',#4260,(#4266,#4273),.PCURVE_S1.);
#4260 = B_SPLINE_CURVE_WITH_KNOTS('',3,(#4261,#4262,#4263,#4264,#4265),
  .UNSPECIFIED.,.F.,.F.,(4,1,4),(1.604045514892E-16,4.798717794155E-02,
    9.59743558831E-02),.UNSPECIFIED.);
#4261 = CARTESIAN_POINT('',(34.652547665077,8.114410566875,
    24.079530660617));
#4262 = CARTESIAN_POINT('',(34.631554359561,8.275632312533,
    24.079530660617));
#4263 = CARTESIAN_POINT('',(34.635243147203,8.603505556516,
    23.990460362595));
#4264 = CARTESIAN_POINT('',(34.718322495865,8.851455695818,
    23.750225367501));
#4265 = CARTESIAN_POINT('',(34.768997894286,8.943639428997,
    23.609209811332));
#4266 = PCURVE('',#4176,#4267);
#4267 = DEFINITIONAL_REPRESENTATION('',(#4268),#4272);
#4268 = LINE('',#4269,#4270);
#4269 = CARTESIAN_POINT('',(2.851238713802E-15,5.924423852889E-17));
#4270 = VECTOR('',#4271,1.);
#4271 = DIRECTION('',(1.0259081418E-14,1.));
#4272 = ( GEOMETRIC_REPRESENTATION_CONTEXT(2) 
PARAMETRIC_REPRESENTATION_CONTEXT() REPRESENTATION_CONTEXT('2D SPACE',''
  ) );
#4273 = PCURVE('',#4274,#4295);
#4274 = B_SPLINE_SURFACE_WITH_KNOTS('',3,3,(
    (#4275,#4276,#4277,#4278,#4279)
    ,(#4280,#4281,#4282,#4283,#4284)
    ,(#4285,#4286,#4287,#4288,#4289)
    ,(#4290,#4291,#4292,#4293,#4294
    )),.UNSPECIFIED.,.F.,.F.,.F.,(4,4),(4,1,4),(0.88635967598,1.),(
    -0.272492395267,3.891859883579E-02,0.272476844413),.UNSPECIFIED.);
#4275 = CARTESIAN_POINT('',(34.236775358434,8.866237153426,
    24.622774927734));
#4276 = CARTESIAN_POINT('',(34.989386237073,5.462070539774,
    24.209960693165));
#4277 = CARTESIAN_POINT('',(35.42217003276,-0.418174701453,
    23.905599504267));
#4278 = CARTESIAN_POINT('',(34.800142187432,-6.318048433575,
    24.313762856664));
#4279 = CARTESIAN_POINT('',(34.236775359148,-8.866237150197,
    24.622774927343));
#4280 = CARTESIAN_POINT('',(34.435743441679,8.895173512509,
    24.297095265218));
#4281 = CARTESIAN_POINT('',(35.183283345993,5.476809262662,
    23.855554556875));
#4282 = CARTESIAN_POINT('',(35.607575527911,-0.418764375884,
    23.531321572461));
#4283 = CARTESIAN_POINT('',(34.995314393141,-6.336357152916,
    23.966579993891));
#4284 = CARTESIAN_POINT('',(34.435743442388,-8.895173509266,
    24.297095264799));
#4285 = CARTESIAN_POINT('',(34.61365449786,8.92104750256,23.958281276293
    ));
#4286 = CARTESIAN_POINT('',(35.352917576459,5.489444281263,
    23.487761996117));
#4287 = CARTESIAN_POINT('',(35.766176551304,-0.419157663571,
    23.143854736859));
#4288 = CARTESIAN_POINT('',(35.167029831917,-6.352321111664,
    23.606074096721));
#4289 = CARTESIAN_POINT('',(34.613654498562,-8.921047499304,
    23.958281275847));
#4290 = CARTESIAN_POINT('',(34.768997894287,8.943639428998,
    23.609209811331));
#4291 = CARTESIAN_POINT('',(35.496685289471,5.499844580239,
    23.110016930191));
#4292 = CARTESIAN_POINT('',(35.896369449255,-0.419345659606,
    22.747127901683));
#4293 = CARTESIAN_POINT('',(35.3137082512,-6.36578699608,23.23553900944)
  );
#4294 = CARTESIAN_POINT('',(34.768997894977,-8.94363942573,
    23.609209810858));
#4295 = DEFINITIONAL_REPRESENTATION('',(#4296),#4322);
#4296 = B_SPLINE_CURVE_WITH_KNOTS('',3,(#4297,#4298,#4299,#4300,#4301,
    #4302,#4303,#4304,#4305,#4306,#4307,#4308,#4309,#4310,#4311,#4312,
    #4313,#4314,#4315,#4316,#4317,#4318,#4319,#4320,#4321),
  .UNSPECIFIED.,.F.,.F.,(4,1,1,1,1,1,1,1,1,1,1,1,1,1,1,1,1,1,1,1,1,1,4),
  (1.604045514892E-16,4.362470721959E-03,8.724941443918E-03,
    1.308741216588E-02,1.744988288784E-02,2.181235360979E-02,
    2.617482433175E-02,3.053729505371E-02,3.489976577567E-02,
    3.926223649763E-02,4.362470721959E-02,4.798717794155E-02,
    5.234964866351E-02,5.671211938547E-02,6.107459010743E-02,
    6.543706082938E-02,6.979953155134E-02,7.41620022733E-02,
    7.852447299526E-02,8.288694371722E-02,8.724941443918E-02,
    9.161188516114E-02,9.59743558831E-02),.QUASI_UNIFORM_KNOTS.);
#4297 = CARTESIAN_POINT('',(0.937058515117,-0.248547043996));
#4298 = CARTESIAN_POINT('',(0.937252749312,-0.248988862364));
#4299 = CARTESIAN_POINT('',(0.937723990773,-0.249872205277));
#4300 = CARTESIAN_POINT('',(0.93867435341,-0.251193282585));
#4301 = CARTESIAN_POINT('',(0.939863419968,-0.252507364095));
#4302 = CARTESIAN_POINT('',(0.941286316075,-0.253811402048));
#4303 = CARTESIAN_POINT('',(0.942938114677,-0.255102356698));
#4304 = CARTESIAN_POINT('',(0.944813827502,-0.256377197851));
#4305 = CARTESIAN_POINT('',(0.946908405493,-0.257632905131));
#4306 = CARTESIAN_POINT('',(0.949216736842,-0.2588664685));
#4307 = CARTESIAN_POINT('',(0.951733645788,-0.260074888635));
#4308 = CARTESIAN_POINT('',(0.95445389118,-0.261255177258));
#4309 = CARTESIAN_POINT('',(0.957372165958,-0.262404357371));
#4310 = CARTESIAN_POINT('',(0.960483094233,-0.26351946354));
#4311 = CARTESIAN_POINT('',(0.96377675258,-0.264599129041));
#4312 = CARTESIAN_POINT('',(0.967243176748,-0.265641997205));
#4313 = CARTESIAN_POINT('',(0.970872361723,-0.266646721209));
#4314 = CARTESIAN_POINT('',(0.974654264687,-0.267611963696));
#4315 = CARTESIAN_POINT('',(0.978578807718,-0.268536396381));
#4316 = CARTESIAN_POINT('',(0.982635881081,-0.269418699617));
#4317 = CARTESIAN_POINT('',(0.986815347032,-0.270257561851));
#4318 = CARTESIAN_POINT('',(0.991107043653,-0.271051679288));
#4319 = CARTESIAN_POINT('',(0.995500790738,-0.271799754572));
#4320 = CARTESIAN_POINT('',(0.998491190328,-0.272266917492));
#4321 = CARTESIAN_POINT('',(1.,-0.272492395267));
#4322 = ( GEOMETRIC_REPRESENTATION_CONTEXT(2) 
PARAMETRIC_REPRESENTATION_CONTEXT() REPRESENTATION_CONTEXT('2D SPACE',''
  ) );
#4323 = ORIENTED_EDGE('',*,*,#4324,.T.);
#4324 = EDGE_CURVE('',#4257,#4106,#4325,.T.);
#4325 = SURFACE_CURVE('',#4326,(#4331,#4337),.PCURVE_S1.);
#4326 = CIRCLE('',#4327,1.);
#4327 = AXIS2_PLACEMENT_3D('',#4328,#4329,#4330);
#4328 = CARTESIAN_POINT('',(33.773911792352,8.,23.615947631001));
#4329 = DIRECTION('',(0.129123770829,-0.99162848477,-2.330716544446E-18)
  );
#4330 = DIRECTION('',(0.878635872725,0.114410566875,0.463583029616));
#4331 = PCURVE('',#4176,#4332);
#4332 = DEFINITIONAL_REPRESENTATION('',(#4333),#4336);
#4333 = B_SPLINE_CURVE_WITH_KNOTS('',1,(#4334,#4335),.UNSPECIFIED.,.F.,
  .F.,(2,2),(0.,0.858741691405),.PIECEWISE_BEZIER_KNOTS.);
#4334 = CARTESIAN_POINT('',(-9.045323570603E-14,-9.393560432995E-16));
#4335 = CARTESIAN_POINT('',(0.788729947616,1.887950162392E-10));
#4336 = ( GEOMETRIC_REPRESENTATION_CONTEXT(2) 
PARAMETRIC_REPRESENTATION_CONTEXT() REPRESENTATION_CONTEXT('2D SPACE',''
  ) );
#4337 = PCURVE('',#445,#4338);
#4338 = DEFINITIONAL_REPRESENTATION('',(#4339),#4342);
#4339 = B_SPLINE_CURVE_WITH_KNOTS('',1,(#4340,#4341),.UNSPECIFIED.,.F.,
  .F.,(2,2),(0.,0.858741691405),.PIECEWISE_BEZIER_KNOTS.);
#4340 = CARTESIAN_POINT('',(-4.892938243678E-14,1.604221594331));
#4341 = CARTESIAN_POINT('',(0.788749767479,1.604221594331));
#4342 = ( GEOMETRIC_REPRESENTATION_CONTEXT(2) 
PARAMETRIC_REPRESENTATION_CONTEXT() REPRESENTATION_CONTEXT('2D SPACE',''
  ) );
#4343 = ORIENTED_EDGE('',*,*,#4152,.F.);
#4344 = ADVANCED_FACE('',(#4345),#445,.F.);
#4345 = FACE_BOUND('',#4346,.F.);
#4346 = EDGE_LOOP('',(#4347,#4348,#4395,#4415,#4416,#4417));
#4347 = ORIENTED_EDGE('',*,*,#4324,.F.);
#4348 = ORIENTED_EDGE('',*,*,#4349,.F.);
#4349 = EDGE_CURVE('',#4350,#4257,#4352,.T.);
#4350 = VERTEX_POINT('',#4351);
#4351 = CARTESIAN_POINT('',(34.652547665077,-8.114410566875,
    24.079530660617));
#4352 = SURFACE_CURVE('',#4353,(#4359,#4366),.PCURVE_S1.);
#4353 = B_SPLINE_CURVE_WITH_KNOTS('',3,(#4354,#4355,#4356,#4357,#4358),
  .UNSPECIFIED.,.F.,.F.,(4,1,4),(0.,0.687523540428,1.604221594331),
  .UNSPECIFIED.);
#4354 = CARTESIAN_POINT('',(34.652547665077,-8.114410566875,
    24.079530660617));
#4355 = CARTESIAN_POINT('',(34.95332367135,-5.804548847062,
    24.079530660617));
#4356 = CARTESIAN_POINT('',(35.315940383061,-0.389097134354,
    24.079530660617));
#4357 = CARTESIAN_POINT('',(35.053582340108,5.034594940458,
    24.079530660617));
#4358 = CARTESIAN_POINT('',(34.652547665077,8.114410566875,
    24.079530660617));
#4359 = PCURVE('',#445,#4360);
#4360 = DEFINITIONAL_REPRESENTATION('',(#4361),#4365);
#4361 = LINE('',#4362,#4363);
#4362 = CARTESIAN_POINT('',(-2.460180664516E-15,-4.208596136173E-17));
#4363 = VECTOR('',#4364,1.);
#4364 = DIRECTION('',(3.928259123953E-15,1.));
#4365 = ( GEOMETRIC_REPRESENTATION_CONTEXT(2) 
PARAMETRIC_REPRESENTATION_CONTEXT() REPRESENTATION_CONTEXT('2D SPACE',''
  ) );
#4366 = PCURVE('',#4274,#4367);
#4367 = DEFINITIONAL_REPRESENTATION('',(#4368),#4394);
#4368 = B_SPLINE_CURVE_WITH_KNOTS('',3,(#4369,#4370,#4371,#4372,#4373,
    #4374,#4375,#4376,#4377,#4378,#4379,#4380,#4381,#4382,#4383,#4384,
    #4385,#4386,#4387,#4388,#4389,#4390,#4391,#4392,#4393),
  .UNSPECIFIED.,.F.,.F.,(4,1,1,1,1,1,1,1,1,1,1,1,1,1,1,1,1,1,1,1,1,1,4),
  (0.,7.291916337868E-02,0.145838326757,0.218757490136,0.291676653515,
    0.364595816893,0.437514980272,0.510434143651,0.583353307029,
    0.656272470408,0.729191633787,0.802110797166,0.875029960544,
    0.947949123923,1.020868287302,1.09378745068,1.166706614059,
    1.239625777438,1.312544940816,1.385464104195,1.458383267574,
    1.531302430952,1.604221594331),.QUASI_UNIFORM_KNOTS.);
#4369 = CARTESIAN_POINT('',(0.937080443054,0.248488033464));
#4370 = CARTESIAN_POINT('',(0.933846767425,0.24109052654));
#4371 = CARTESIAN_POINT('',(0.92773913489,0.226256760699));
#4372 = CARTESIAN_POINT('',(0.919611380032,0.203902195949));
#4373 = CARTESIAN_POINT('',(0.912470299652,0.181456239441));
#4374 = CARTESIAN_POINT('',(0.906274324653,0.158930770583));
#4375 = CARTESIAN_POINT('',(0.90098519091,0.136337196535));
#4376 = CARTESIAN_POINT('',(0.896568226061,0.113686375553));
#4377 = CARTESIAN_POINT('',(0.892992094573,9.098862999622E-02));
#4378 = CARTESIAN_POINT('',(0.89022830766,6.825374539668E-02));
#4379 = CARTESIAN_POINT('',(0.88825221924,4.549102980232E-02));
#4380 = CARTESIAN_POINT('',(0.887038273061,2.270923810422E-02));
#4381 = CARTESIAN_POINT('',(0.886589484602,-8.275482908035E-05));
#4382 = CARTESIAN_POINT('',(0.886917066223,-2.287560135995E-02));
#4383 = CARTESIAN_POINT('',(0.888032875391,-4.565970318116E-02));
#4384 = CARTESIAN_POINT('',(0.889951681597,-6.84251169684E-02));
#4385 = CARTESIAN_POINT('',(0.892690727129,-9.11615525097E-02));
#4386 = CARTESIAN_POINT('',(0.896269998301,-0.113858359003));
#4387 = CARTESIAN_POINT('',(0.900712298614,-0.13650452739));
#4388 = CARTESIAN_POINT('',(0.906043387308,-0.159088700483));
#4389 = CARTESIAN_POINT('',(0.91229206889,-0.181599195238));
#4390 = CARTESIAN_POINT('',(0.919490442569,-0.204024026649));
#4391 = CARTESIAN_POINT('',(0.927673585452,-0.226350968239));
#4392 = CARTESIAN_POINT('',(0.933812084863,-0.241161998915));
#4393 = CARTESIAN_POINT('',(0.937058515117,-0.248547043996));
#4394 = ( GEOMETRIC_REPRESENTATION_CONTEXT(2) 
PARAMETRIC_REPRESENTATION_CONTEXT() REPRESENTATION_CONTEXT('2D SPACE',''
  ) );
#4395 = ORIENTED_EDGE('',*,*,#4396,.T.);
#4396 = EDGE_CURVE('',#4350,#3695,#4397,.T.);
#4397 = SURFACE_CURVE('',#4398,(#4403,#4409),.PCURVE_S1.);
#4398 = CIRCLE('',#4399,1.);
#4399 = AXIS2_PLACEMENT_3D('',#4400,#4401,#4402);
#4400 = CARTESIAN_POINT('',(33.773911792352,-8.,23.615947631001));
#4401 = DIRECTION('',(-0.129123770829,-0.99162848477,2.330716544446E-18)
  );
#4402 = DIRECTION('',(0.878635872725,-0.114410566875,0.463583029616));
#4403 = PCURVE('',#445,#4404);
#4404 = DEFINITIONAL_REPRESENTATION('',(#4405),#4408);
#4405 = B_SPLINE_CURVE_WITH_KNOTS('',1,(#4406,#4407),.UNSPECIFIED.,.F.,
  .F.,(2,2),(0.,0.858741691405),.PIECEWISE_BEZIER_KNOTS.);
#4406 = CARTESIAN_POINT('',(-5.29230950581E-14,-3.786193172844E-15));
#4407 = CARTESIAN_POINT('',(0.788749767479,-3.541757673616E-15));
#4408 = ( GEOMETRIC_REPRESENTATION_CONTEXT(2) 
PARAMETRIC_REPRESENTATION_CONTEXT() REPRESENTATION_CONTEXT('2D SPACE',''
  ) );
#4409 = PCURVE('',#3838,#4410);
#4410 = DEFINITIONAL_REPRESENTATION('',(#4411),#4414);
#4411 = B_SPLINE_CURVE_WITH_KNOTS('',1,(#4412,#4413),.UNSPECIFIED.,.F.,
  .F.,(2,2),(0.,0.858741691405),.PIECEWISE_BEZIER_KNOTS.);
#4412 = CARTESIAN_POINT('',(-9.554238301951E-14,9.59740317941E-02));
#4413 = CARTESIAN_POINT('',(0.788729947616,9.59740316053E-02));
#4414 = ( GEOMETRIC_REPRESENTATION_CONTEXT(2) 
PARAMETRIC_REPRESENTATION_CONTEXT() REPRESENTATION_CONTEXT('2D SPACE',''
  ) );
#4415 = ORIENTED_EDGE('',*,*,#3694,.F.);
#4416 = ORIENTED_EDGE('',*,*,#425,.F.);
#4417 = ORIENTED_EDGE('',*,*,#4105,.F.);
#4418 = ADVANCED_FACE('',(#4419),#3838,.F.);
#4419 = FACE_BOUND('',#4420,.F.);
#4420 = EDGE_LOOP('',(#4421,#4422,#4469,#4489));
#4421 = ORIENTED_EDGE('',*,*,#4396,.F.);
#4422 = ORIENTED_EDGE('',*,*,#4423,.F.);
#4423 = EDGE_CURVE('',#4424,#4350,#4426,.T.);
#4424 = VERTEX_POINT('',#4425);
#4425 = CARTESIAN_POINT('',(34.768997895185,-8.943639418609,
    23.609209812679));
#4426 = SURFACE_CURVE('',#4427,(#4433,#4440),.PCURVE_S1.);
#4427 = B_SPLINE_CURVE_WITH_KNOTS('',3,(#4428,#4429,#4430,#4431,#4432),
  .UNSPECIFIED.,.F.,.F.,(4,1,4),(3.361455818291E-10,4.798701606512E-02,
    9.59740317941E-02),.QUASI_UNIFORM_KNOTS.);
#4428 = CARTESIAN_POINT('',(34.768997892274,-8.943639425337,
    23.60920981693));
#4429 = CARTESIAN_POINT('',(34.718322665401,-8.851456002959,
    23.75022489586));
#4430 = CARTESIAN_POINT('',(34.6352441955,-8.603510199036,
    23.990456882706));
#4431 = CARTESIAN_POINT('',(34.631554430526,-8.27563176755,
    24.079530660617));
#4432 = CARTESIAN_POINT('',(34.652547665077,-8.114410566875,
    24.079530660617));
#4433 = PCURVE('',#3838,#4434);
#4434 = DEFINITIONAL_REPRESENTATION('',(#4435),#4439);
#4435 = LINE('',#4436,#4437);
#4436 = CARTESIAN_POINT('',(1.181413329563E-15,-3.545175143162E-16));
#4437 = VECTOR('',#4438,1.);
#4438 = DIRECTION('',(-3.382499760502E-14,1.));
#4439 = ( GEOMETRIC_REPRESENTATION_CONTEXT(2) 
PARAMETRIC_REPRESENTATION_CONTEXT() REPRESENTATION_CONTEXT('2D SPACE',''
  ) );
#4440 = PCURVE('',#4274,#4441);
#4441 = DEFINITIONAL_REPRESENTATION('',(#4442),#4468);
#4442 = B_SPLINE_CURVE_WITH_KNOTS('',3,(#4443,#4444,#4445,#4446,#4447,
    #4448,#4449,#4450,#4451,#4452,#4453,#4454,#4455,#4456,#4457,#4458,
    #4459,#4460,#4461,#4462,#4463,#4464,#4465,#4466,#4467),
  .UNSPECIFIED.,.F.,.F.,(4,1,1,1,1,1,1,1,1,1,1,1,1,1,1,1,1,1,1,1,1,1,4),
  (3.361455818291E-10,4.362456311507E-03,8.724912286869E-03,
    1.308736826223E-02,1.744982423759E-02,2.181228021295E-02,
    2.617473618831E-02,3.053719216368E-02,3.489964813904E-02,
    3.92621041144E-02,4.362456008976E-02,4.798701606512E-02,
    5.234947204048E-02,5.671192801585E-02,6.107438399121E-02,
    6.543683996657E-02,6.979929594193E-02,7.416175191729E-02,
    7.852420789265E-02,8.288666386801E-02,8.724911984338E-02,
    9.161157581874E-02,9.59740317941E-02),.QUASI_UNIFORM_KNOTS.);
#4443 = CARTESIAN_POINT('',(1.,0.272476844413));
#4444 = CARTESIAN_POINT('',(0.99849119504,0.272250930619));
#4445 = CARTESIAN_POINT('',(0.995500820387,0.271782866513));
#4446 = CARTESIAN_POINT('',(0.9911071634,0.271033355014));
#4447 = CARTESIAN_POINT('',(0.986815615365,0.270237719905));
#4448 = CARTESIAN_POINT('',(0.982636363525,0.269397261618));
#4449 = CARTESIAN_POINT('',(0.978579576493,0.268513287076));
#4450 = CARTESIAN_POINT('',(0.974655398697,0.267587111014));
#4451 = CARTESIAN_POINT('',(0.970873946352,0.266620056304));
#4452 = CARTESIAN_POINT('',(0.967245303625,0.265613454489));
#4453 = CARTESIAN_POINT('',(0.963779519258,0.264568646208));
#4454 = CARTESIAN_POINT('',(0.960486603815,0.263486981586));
#4455 = CARTESIAN_POINT('',(0.957376526649,0.262369820603));
#4456 = CARTESIAN_POINT('',(0.954459215825,0.261218533308));
#4457 = CARTESIAN_POINT('',(0.951740053336,0.260036092551));
#4458 = CARTESIAN_POINT('',(0.949224351144,0.258825482656));
#4459 = CARTESIAN_POINT('',(0.946917354101,0.257589699122));
#4460 = CARTESIAN_POINT('',(0.944824240428,0.256331748395));
#4461 = CARTESIAN_POINT('',(0.942950123138,0.255054647522));
#4462 = CARTESIAN_POINT('',(0.941300051233,0.253761423777));
#4463 = CARTESIAN_POINT('',(0.939879011684,0.252455114138));
#4464 = CARTESIAN_POINT('',(0.938691928986,0.251138765017));
#4465 = CARTESIAN_POINT('',(0.937743673857,0.249815430739));
#4466 = CARTESIAN_POINT('',(0.93727391634,0.24893059455));
#4467 = CARTESIAN_POINT('',(0.937080443054,0.248488033464));
#4468 = ( GEOMETRIC_REPRESENTATION_CONTEXT(2) 
PARAMETRIC_REPRESENTATION_CONTEXT() REPRESENTATION_CONTEXT('2D SPACE',''
  ) );
#4469 = ORIENTED_EDGE('',*,*,#4470,.T.);
#4470 = EDGE_CURVE('',#4424,#3767,#4471,.T.);
#4471 = SURFACE_CURVE('',#4472,(#4477,#4483),.PCURVE_S1.);
#4472 = CIRCLE('',#4473,1.);
#4473 = AXIS2_PLACEMENT_3D('',#4474,#4475,#4476);
#4474 = CARTESIAN_POINT('',(33.866468719189,-8.81238265375,
    23.199072337978));
#4475 = DIRECTION('',(0.273522804765,-0.560887548503,-0.781402862298));
#4476 = DIRECTION('',(0.902529175996,-0.131256764859,0.410137474702));
#4477 = PCURVE('',#3838,#4478);
#4478 = DEFINITIONAL_REPRESENTATION('',(#4479),#4482);
#4479 = B_SPLINE_CURVE_WITH_KNOTS('',1,(#4480,#4481),.UNSPECIFIED.,.F.,
  .F.,(2,2),(0.,1.078438446491),.PIECEWISE_BEZIER_KNOTS.);
#4480 = CARTESIAN_POINT('',(-6.940934145805E-09,3.04876928398E-10));
#4481 = CARTESIAN_POINT('',(0.885625696906,3.620135853582E-10));
#4482 = ( GEOMETRIC_REPRESENTATION_CONTEXT(2) 
PARAMETRIC_REPRESENTATION_CONTEXT() REPRESENTATION_CONTEXT('2D SPACE',''
  ) );
#4483 = PCURVE('',#3481,#4484);
#4484 = DEFINITIONAL_REPRESENTATION('',(#4485),#4488);
#4485 = B_SPLINE_CURVE_WITH_KNOTS('',1,(#4486,#4487),.UNSPECIFIED.,.F.,
  .F.,(2,2),(0.,1.078438446491),.PIECEWISE_BEZIER_KNOTS.);
#4486 = CARTESIAN_POINT('',(-6.71655057712E-09,0.234293920832));
#4487 = CARTESIAN_POINT('',(0.885615870378,0.23429392195));
#4488 = ( GEOMETRIC_REPRESENTATION_CONTEXT(2) 
PARAMETRIC_REPRESENTATION_CONTEXT() REPRESENTATION_CONTEXT('2D SPACE',''
  ) );
#4489 = ORIENTED_EDGE('',*,*,#3814,.F.);
#4490 = ADVANCED_FACE('',(#4491),#3481,.F.);
#4491 = FACE_BOUND('',#4492,.F.);
#4492 = EDGE_LOOP('',(#4493,#4494,#4560,#4580,#4581));
#4493 = ORIENTED_EDGE('',*,*,#4470,.F.);
#4494 = ORIENTED_EDGE('',*,*,#4495,.F.);
#4495 = EDGE_CURVE('',#4496,#4424,#4498,.T.);
#4496 = VERTEX_POINT('',#4497);
#4497 = CARTESIAN_POINT('',(35.578533172523,-8.093041091481,
    22.007125267663));
#4498 = SURFACE_CURVE('',#4499,(#4507,#4514),.PCURVE_S1.);
#4499 = B_SPLINE_CURVE_WITH_KNOTS('',3,(#4500,#4501,#4502,#4503,#4504,
    #4505,#4506),.UNSPECIFIED.,.F.,.F.,(4,1,1,1,4),(1.46749750692E-10,
    3.34705602442E-02,0.100411680439,0.167352800634,0.234293920829),
  .UNSPECIFIED.);
#4500 = CARTESIAN_POINT('',(35.578533172523,-8.093041091481,
    22.007125267663));
#4501 = CARTESIAN_POINT('',(35.566496951837,-8.205274422699,
    22.008602991106));
#4502 = CARTESIAN_POINT('',(35.50565481455,-8.541514090559,
    22.069555079057));
#4503 = CARTESIAN_POINT('',(35.303014752622,-8.984187678005,
    22.416400689926));
#4504 = CARTESIAN_POINT('',(35.002716003291,-9.185086676644,
    23.021815316519));
#4505 = CARTESIAN_POINT('',(34.829761363573,-9.067134261698,
    23.435974395243));
#4506 = CARTESIAN_POINT('',(34.768997892472,-8.94363942531,
    23.609209816505));
#4507 = PCURVE('',#3481,#4508);
#4508 = DEFINITIONAL_REPRESENTATION('',(#4509),#4513);
#4509 = LINE('',#4510,#4511);
#4510 = CARTESIAN_POINT('',(-1.137135728277E-16,3.816262508746E-17));
#4511 = VECTOR('',#4512,1.);
#4512 = DIRECTION('',(-6.933041494432E-15,1.));
#4513 = ( GEOMETRIC_REPRESENTATION_CONTEXT(2) 
PARAMETRIC_REPRESENTATION_CONTEXT() REPRESENTATION_CONTEXT('2D SPACE',''
  ) );
#4514 = PCURVE('',#4515,#4532);
#4515 = B_SPLINE_SURFACE_WITH_KNOTS('',3,3,(
    (#4516,#4517,#4518,#4519)
    ,(#4520,#4521,#4522,#4523)
    ,(#4524,#4525,#4526,#4527)
    ,(#4528,#4529,#4530,#4531
    )),.UNSPECIFIED.,.F.,.F.,.F.,(4,4),(4,4),(0.461025398272,
    0.538942810369),(0.548573646251,0.662935702406),
  .PIECEWISE_BEZIER_KNOTS.);
#4516 = CARTESIAN_POINT('',(35.442243306547,9.339319541016,
    22.006900823634));
#4517 = CARTESIAN_POINT('',(35.212928404769,9.240267293681,
    22.541436776208));
#4518 = CARTESIAN_POINT('',(34.983493831281,9.14142176509,
    23.075962577427));
#4519 = CARTESIAN_POINT('',(34.75392023455,9.042794542804,
    23.610472253632));
#4520 = CARTESIAN_POINT('',(36.197636820322,3.178447714472,
    21.933691746526));
#4521 = CARTESIAN_POINT('',(36.01989139138,3.14986446491,22.467113972115
    ));
#4522 = CARTESIAN_POINT('',(35.841483665709,3.121405816212,
    23.000942665374));
#4523 = CARTESIAN_POINT('',(35.663821596292,3.093057119171,
    23.534376694682));
#4524 = CARTESIAN_POINT('',(36.197952289685,-3.170752853829,
    21.933649266112));
#4525 = CARTESIAN_POINT('',(36.020228602542,-3.142244938285,
    22.467070642243));
#4526 = CARTESIAN_POINT('',(35.841842876489,-3.113861351669,
    23.000898475885));
#4527 = CARTESIAN_POINT('',(35.664202769216,-3.085587528401,
    23.534331591535));
#4528 = CARTESIAN_POINT('',(35.443167566306,-9.331778289591,
    22.006811241573));
#4529 = CARTESIAN_POINT('',(35.213915491045,-9.232812299602,
    22.541345980693));
#4530 = CARTESIAN_POINT('',(34.984543925553,-9.134052906309,
    23.075870600103));
#4531 = CARTESIAN_POINT('',(34.755033542703,-9.035511708175,
    23.610379138957));
#4532 = DEFINITIONAL_REPRESENTATION('',(#4533),#4559);
#4533 = B_SPLINE_CURVE_WITH_KNOTS('',3,(#4534,#4535,#4536,#4537,#4538,
    #4539,#4540,#4541,#4542,#4543,#4544,#4545,#4546,#4547,#4548,#4549,
    #4550,#4551,#4552,#4553,#4554,#4555,#4556,#4557,#4558),
  .UNSPECIFIED.,.F.,.F.,(4,1,1,1,1,1,1,1,1,1,1,1,1,1,1,1,1,1,1,1,1,1,4),
  (1.46749750692E-10,1.064972381412E-02,2.129944748149E-02,
    3.194917114886E-02,4.259889481623E-02,5.32486184836E-02,
    6.389834215097E-02,7.454806581834E-02,8.519778948571E-02,
    9.584751315308E-02,0.10649723682,0.117146960488,0.127796684155,
    0.138446407823,0.14909613149,0.159745855157,0.170395578825,
    0.181045302492,0.191695026159,0.202344749827,0.212994473494,
    0.223644197162,0.234293920829),.QUASI_UNIFORM_KNOTS.);
#4534 = CARTESIAN_POINT('',(0.533740285899,0.54957109804));
#4535 = CARTESIAN_POINT('',(0.533890368811,0.549578565637));
#4536 = CARTESIAN_POINT('',(0.534193000022,0.549864563157));
#4537 = CARTESIAN_POINT('',(0.534648059118,0.551074169256));
#4538 = CARTESIAN_POINT('',(0.535098048812,0.55303096319));
#4539 = CARTESIAN_POINT('',(0.535536429714,0.555704479846));
#4540 = CARTESIAN_POINT('',(0.53596003268,0.559038881063));
#4541 = CARTESIAN_POINT('',(0.536366131581,0.562974939311));
#4542 = CARTESIAN_POINT('',(0.536751820525,0.567454822467));
#4543 = CARTESIAN_POINT('',(0.537114157669,0.572420781968));
#4544 = CARTESIAN_POINT('',(0.537450196889,0.577815784986));
#4545 = CARTESIAN_POINT('',(0.537756716785,0.583582337438));
#4546 = CARTESIAN_POINT('',(0.538031586122,0.589667725062));
#4547 = CARTESIAN_POINT('',(0.538273469767,0.596022691484));
#4548 = CARTESIAN_POINT('',(0.538480807031,0.60259743749));
#4549 = CARTESIAN_POINT('',(0.538652051737,0.609342610306));
#4550 = CARTESIAN_POINT('',(0.538785625662,0.616208670995));
#4551 = CARTESIAN_POINT('',(0.538879888889,0.623147226864));
#4552 = CARTESIAN_POINT('',(0.538933343257,0.630105782938));
#4553 = CARTESIAN_POINT('',(0.53894491697,0.637020652253));
#4554 = CARTESIAN_POINT('',(0.538913465805,0.643829774598));
#4555 = CARTESIAN_POINT('',(0.538837865954,0.650470472401));
#4556 = CARTESIAN_POINT('',(0.538716995702,0.656880004745));
#4557 = CARTESIAN_POINT('',(0.538605505572,0.660956781375));
#4558 = CARTESIAN_POINT('',(0.538541849299,0.662935596754));
#4559 = ( GEOMETRIC_REPRESENTATION_CONTEXT(2) 
PARAMETRIC_REPRESENTATION_CONTEXT() REPRESENTATION_CONTEXT('2D SPACE',''
  ) );
#4560 = ORIENTED_EDGE('',*,*,#4561,.T.);
#4561 = EDGE_CURVE('',#4496,#2363,#4562,.T.);
#4562 = SURFACE_CURVE('',#4563,(#4568,#4574),.PCURVE_S1.);
#4563 = CIRCLE('',#4564,1.);
#4564 = AXIS2_PLACEMENT_3D('',#4565,#4566,#4567);
#4565 = CARTESIAN_POINT('',(34.662933144197,-8.000000000001,
    21.615947631001));
#4566 = DIRECTION('',(0.101096985111,0.994876575059,3.313518878019E-13)
  );
#4567 = DIRECTION('',(0.915600028327,-9.304109148039E-02,0.391177636662)
  );
#4568 = PCURVE('',#3481,#4569);
#4569 = DEFINITIONAL_REPRESENTATION('',(#4570),#4573);
#4570 = B_SPLINE_CURVE_WITH_KNOTS('',1,(#4571,#4572),.UNSPECIFIED.,.F.,
  .F.,(2,2),(0.,1.972707173507),.PIECEWISE_BEZIER_KNOTS.);
#4571 = CARTESIAN_POINT('',(4.033631232049E-14,1.467761655144E-10));
#4572 = CARTESIAN_POINT('',(1.,1.467255409862E-10));
#4573 = ( GEOMETRIC_REPRESENTATION_CONTEXT(2) 
PARAMETRIC_REPRESENTATION_CONTEXT() REPRESENTATION_CONTEXT('2D SPACE',''
  ) );
#4574 = PCURVE('',#2380,#4575);
#4575 = DEFINITIONAL_REPRESENTATION('',(#4576),#4579);
#4576 = B_SPLINE_CURVE_WITH_KNOTS('',1,(#4577,#4578),.UNSPECIFIED.,.F.,
  .F.,(2,2),(0.,1.972707173507),.PIECEWISE_BEZIER_KNOTS.);
#4577 = CARTESIAN_POINT('',(3.145528193626E-14,1.602732493153));
#4578 = CARTESIAN_POINT('',(1.,1.602732493153));
#4579 = ( GEOMETRIC_REPRESENTATION_CONTEXT(2) 
PARAMETRIC_REPRESENTATION_CONTEXT() REPRESENTATION_CONTEXT('2D SPACE',''
  ) );
#4580 = ORIENTED_EDGE('',*,*,#3439,.F.);
#4581 = ORIENTED_EDGE('',*,*,#3766,.F.);
#4582 = ADVANCED_FACE('',(#4583),#4028,.F.);
#4583 = FACE_BOUND('',#4584,.F.);
#4584 = EDGE_LOOP('',(#4585,#4632,#4654,#4701,#4702));
#4585 = ORIENTED_EDGE('',*,*,#4586,.F.);
#4586 = EDGE_CURVE('',#2340,#3903,#4587,.T.);
#4587 = SURFACE_CURVE('',#4588,(#4596,#4603),.PCURVE_S1.);
#4588 = B_SPLINE_CURVE_WITH_KNOTS('',3,(#4589,#4590,#4591,#4592,#4593,
    #4594,#4595),.UNSPECIFIED.,.F.,.F.,(4,1,1,1,4),(-0.234291914588,
    -0.200821641076,-0.13388109405,-6.694054702517E-02,
    -4.034359475721E-02),.UNSPECIFIED.);
#4589 = CARTESIAN_POINT('',(34.662933144197,8.000000000001,
    20.615947631001));
#4590 = CARTESIAN_POINT('',(34.651653998387,8.221991940525,
    20.615947631001));
#4591 = CARTESIAN_POINT('',(34.593305881474,8.885350342902,
    20.728437597331));
#4592 = CARTESIAN_POINT('',(34.395281653194,9.749293668071,
    21.406620957252));
#4593 = CARTESIAN_POINT('',(34.158867750792,10.0487293526,
    22.364667228768));
#4594 = CARTESIAN_POINT('',(34.033418701772,9.979811215488,
    22.93709080109));
#4595 = CARTESIAN_POINT('',(33.999913522637,9.940458758769,
    23.096445796013));
#4596 = PCURVE('',#4028,#4597);
#4597 = DEFINITIONAL_REPRESENTATION('',(#4598),#4602);
#4598 = LINE('',#4599,#4600);
#4599 = CARTESIAN_POINT('',(1.,-1.110223024625E-16));
#4600 = VECTOR('',#4601,1.);
#4601 = DIRECTION('',(5.26824769844E-14,-1.));
#4602 = ( GEOMETRIC_REPRESENTATION_CONTEXT(2) 
PARAMETRIC_REPRESENTATION_CONTEXT() REPRESENTATION_CONTEXT('2D SPACE',''
  ) );
#4603 = PCURVE('',#521,#4604);
#4604 = DEFINITIONAL_REPRESENTATION('',(#4605),#4631);
#4605 = B_SPLINE_CURVE_WITH_KNOTS('',3,(#4606,#4607,#4608,#4609,#4610,
    #4611,#4612,#4613,#4614,#4615,#4616,#4617,#4618,#4619,#4620,#4621,
    #4622,#4623,#4624,#4625,#4626,#4627,#4628,#4629,#4630),
  .UNSPECIFIED.,.F.,.F.,(4,1,1,1,1,1,1,1,1,1,1,1,1,1,1,1,1,1,1,1,1,1,4),
  (-0.234291914588,-0.225479210448,-0.216666506308,-0.207853802168,
    -0.199041098028,-0.190228393888,-0.181415689748,-0.172602985608,
    -0.163790281468,-0.154977577328,-0.146164873188,-0.137352169048,
    -0.128539464908,-0.119726760768,-0.110914056628,-0.102101352488,
    -9.328864834836E-02,-8.447594420838E-02,-7.566324006839E-02,
    -6.685053592841E-02,-5.803783178842E-02,-4.922512764844E-02,
    -4.041242350846E-02),.QUASI_UNIFORM_KNOTS.);
#4606 = CARTESIAN_POINT('',(6.28318530718,3.337066855803));
#4607 = CARTESIAN_POINT('',(6.253963652428,3.340036648534));
#4608 = CARTESIAN_POINT('',(6.195566314692,3.347109029222));
#4609 = CARTESIAN_POINT('',(6.108325841632,3.36095728346));
#4610 = CARTESIAN_POINT('',(6.021643081747,3.37788534096));
#4611 = CARTESIAN_POINT('',(5.93577424979,3.397737442921));
#4612 = CARTESIAN_POINT('',(5.850852904165,3.420341895988));
#4613 = CARTESIAN_POINT('',(5.766653430867,3.445457000452));
#4614 = CARTESIAN_POINT('',(5.683067307862,3.472849460259));
#4615 = CARTESIAN_POINT('',(5.600025823545,3.502283717375));
#4616 = CARTESIAN_POINT('',(5.5175061485,3.53352485803));
#4617 = CARTESIAN_POINT('',(5.435515343608,3.566337653384));
#4618 = CARTESIAN_POINT('',(5.354069505717,3.600487490605));
#4619 = CARTESIAN_POINT('',(5.273207743516,3.635737607901));
#4620 = CARTESIAN_POINT('',(5.192830417236,3.671862708297));
#4621 = CARTESIAN_POINT('',(5.112777274159,3.70864468522));
#4622 = CARTESIAN_POINT('',(5.032924833021,3.745863762042));
#4623 = CARTESIAN_POINT('',(4.953156546313,3.78330060821));
#4624 = CARTESIAN_POINT('',(4.873363449385,3.820735778918));
#4625 = CARTESIAN_POINT('',(4.793436167877,3.857949840305));
#4626 = CARTESIAN_POINT('',(4.713259675967,3.894723428973));
#4627 = CARTESIAN_POINT('',(4.632705781624,3.930836888695));
#4628 = CARTESIAN_POINT('',(4.551749523722,3.966035229912));
#4629 = CARTESIAN_POINT('',(4.497492555146,3.988720909804));
#4630 = CARTESIAN_POINT('',(4.470288155526,3.999826315388));
#4631 = ( GEOMETRIC_REPRESENTATION_CONTEXT(2) 
PARAMETRIC_REPRESENTATION_CONTEXT() REPRESENTATION_CONTEXT('2D SPACE',''
  ) );
#4632 = ORIENTED_EDGE('',*,*,#4633,.F.);
#4633 = EDGE_CURVE('',#4634,#2340,#4636,.T.);
#4634 = VERTEX_POINT('',#4635);
#4635 = CARTESIAN_POINT('',(35.578533172523,8.093041091481,
    22.007125267663));
#4636 = SURFACE_CURVE('',#4637,(#4642,#4648),.PCURVE_S1.);
#4637 = CIRCLE('',#4638,1.);
#4638 = AXIS2_PLACEMENT_3D('',#4639,#4640,#4641);
#4639 = CARTESIAN_POINT('',(34.662933144197,8.000000000001,
    21.615947631001));
#4640 = DIRECTION('',(-0.101096985111,0.994876575059,7.242228091188E-19)
  );
#4641 = DIRECTION('',(0.915600028327,9.304109148038E-02,0.391177636662)
  );
#4642 = PCURVE('',#4028,#4643);
#4643 = DEFINITIONAL_REPRESENTATION('',(#4644),#4647);
#4644 = B_SPLINE_CURVE_WITH_KNOTS('',1,(#4645,#4646),.UNSPECIFIED.,.F.,
  .F.,(2,2),(0.,1.972707173507),.PIECEWISE_BEZIER_KNOTS.);
#4645 = CARTESIAN_POINT('',(3.25286261228E-14,0.234291914588));
#4646 = CARTESIAN_POINT('',(1.,0.234291914588));
#4647 = ( GEOMETRIC_REPRESENTATION_CONTEXT(2) 
PARAMETRIC_REPRESENTATION_CONTEXT() REPRESENTATION_CONTEXT('2D SPACE',''
  ) );
#4648 = PCURVE('',#2380,#4649);
#4649 = DEFINITIONAL_REPRESENTATION('',(#4650),#4653);
#4650 = B_SPLINE_CURVE_WITH_KNOTS('',1,(#4651,#4652),.UNSPECIFIED.,.F.,
  .F.,(2,2),(0.,1.972707173507),.PIECEWISE_BEZIER_KNOTS.);
#4651 = CARTESIAN_POINT('',(3.087454524267E-15,-1.491960592344E-10));
#4652 = CARTESIAN_POINT('',(1.,-1.49196116139E-10));
#4653 = ( GEOMETRIC_REPRESENTATION_CONTEXT(2) 
PARAMETRIC_REPRESENTATION_CONTEXT() REPRESENTATION_CONTEXT('2D SPACE',''
  ) );
#4654 = ORIENTED_EDGE('',*,*,#4655,.F.);
#4655 = EDGE_CURVE('',#4235,#4634,#4656,.T.);
#4656 = SURFACE_CURVE('',#4657,(#4665,#4672),.PCURVE_S1.);
#4657 = B_SPLINE_CURVE_WITH_KNOTS('',3,(#4658,#4659,#4660,#4661,#4662,
    #4663,#4664),.UNSPECIFIED.,.F.,.F.,(4,1,1,1,4),(0.,
    6.694054702517E-02,0.13388109405,0.200821641076,0.234291914588),
  .UNSPECIFIED.);
#4658 = CARTESIAN_POINT('',(34.768997894286,8.943639428997,
    23.609209811332));
#4659 = CARTESIAN_POINT('',(34.829760845628,9.067133206754,
    23.435975872654));
#4660 = CARTESIAN_POINT('',(35.002716284016,9.185084931698,
    23.02181542455));
#4661 = CARTESIAN_POINT('',(35.303012310258,8.984185632785,
    22.416406703478));
#4662 = CARTESIAN_POINT('',(35.505653585683,8.5415184247,22.069556899076
    ));
#4663 = CARTESIAN_POINT('',(35.566497054895,8.205273461722,
    22.008602978453));
#4664 = CARTESIAN_POINT('',(35.578533172523,8.093041091481,
    22.007125267663));
#4665 = PCURVE('',#4028,#4666);
#4666 = DEFINITIONAL_REPRESENTATION('',(#4667),#4671);
#4667 = LINE('',#4668,#4669);
#4668 = CARTESIAN_POINT('',(1.219570243334E-15,2.414552508218E-16));
#4669 = VECTOR('',#4670,1.);
#4670 = DIRECTION('',(-1.129739661749E-14,1.));
#4671 = ( GEOMETRIC_REPRESENTATION_CONTEXT(2) 
PARAMETRIC_REPRESENTATION_CONTEXT() REPRESENTATION_CONTEXT('2D SPACE',''
  ) );
#4672 = PCURVE('',#4515,#4673);
#4673 = DEFINITIONAL_REPRESENTATION('',(#4674),#4700);
#4674 = B_SPLINE_CURVE_WITH_KNOTS('',3,(#4675,#4676,#4677,#4678,#4679,
    #4680,#4681,#4682,#4683,#4684,#4685,#4686,#4687,#4688,#4689,#4690,
    #4691,#4692,#4693,#4694,#4695,#4696,#4697,#4698,#4699),
  .UNSPECIFIED.,.F.,.F.,(4,1,1,1,1,1,1,1,1,1,1,1,1,1,1,1,1,1,1,1,1,1,4),
  (0.,1.064963248128E-02,2.129926496256E-02,3.194889744383E-02,
    4.259852992511E-02,5.324816240639E-02,6.389779488767E-02,
    7.454742736894E-02,8.519705985022E-02,9.58466923315E-02,
    0.106496324813,0.117145957294,0.127795589775,0.138445222257,
    0.149094854738,0.159744487219,0.1703941197,0.181043752182,
    0.191693384663,0.202343017144,0.212992649626,0.223642282107,
    0.234291914588),.QUASI_UNIFORM_KNOTS.);
#4675 = CARTESIAN_POINT('',(0.461458150915,0.662935579055));
#4676 = CARTESIAN_POINT('',(0.461394495171,0.660956782306));
#4677 = CARTESIAN_POINT('',(0.461283006032,0.656880034611));
#4678 = CARTESIAN_POINT('',(0.461162137061,0.65047052683));
#4679 = CARTESIAN_POINT('',(0.461086538279,0.643829840902));
#4680 = CARTESIAN_POINT('',(0.461055087967,0.637020723815));
#4681 = CARTESIAN_POINT('',(0.461066662313,0.630105859289));
#4682 = CARTESIAN_POINT('',(0.461120117087,0.623147313264));
#4683 = CARTESIAN_POINT('',(0.461214380494,0.616208779917));
#4684 = CARTESIAN_POINT('',(0.46134795433,0.609342751661));
#4685 = CARTESIAN_POINT('',(0.461519198615,0.602597614992));
#4686 = CARTESIAN_POINT('',(0.461726535068,0.596022903589));
#4687 = CARTESIAN_POINT('',(0.461968417447,0.589667964667));
#4688 = CARTESIAN_POINT('',(0.462243285014,0.583582592253));
#4689 = CARTESIAN_POINT('',(0.46254980252,0.57781603646));
#4690 = CARTESIAN_POINT('',(0.462885838899,0.572421010073));
#4691 = CARTESIAN_POINT('',(0.463248173316,0.567455012173));
#4692 = CARTESIAN_POINT('',(0.463633860127,0.562975079309));
#4693 = CARTESIAN_POINT('',(0.464039958003,0.559038964082));
#4694 = CARTESIAN_POINT('',(0.464463561519,0.555704502571));
#4695 = CARTESIAN_POINT('',(0.464901945152,0.553030926149));
#4696 = CARTESIAN_POINT('',(0.465351939859,0.551074077219));
#4697 = CARTESIAN_POINT('',(0.465807002894,0.549864428237));
#4698 = CARTESIAN_POINT('',(0.466109633997,0.549578415027));
#4699 = CARTESIAN_POINT('',(0.466259715651,0.54957094402));
#4700 = ( GEOMETRIC_REPRESENTATION_CONTEXT(2) 
PARAMETRIC_REPRESENTATION_CONTEXT() REPRESENTATION_CONTEXT('2D SPACE',''
  ) );
#4701 = ORIENTED_EDGE('',*,*,#4234,.F.);
#4702 = ORIENTED_EDGE('',*,*,#3986,.F.);
#4703 = ADVANCED_FACE('',(#4704),#2380,.F.);
#4704 = FACE_BOUND('',#4705,.F.);
#4705 = EDGE_LOOP('',(#4706,#4750,#4751,#4752));
#4706 = ORIENTED_EDGE('',*,*,#4707,.F.);
#4707 = EDGE_CURVE('',#4634,#4496,#4708,.T.);
#4708 = SURFACE_CURVE('',#4709,(#4714,#4721),.PCURVE_S1.);
#4709 = B_SPLINE_CURVE_WITH_KNOTS('',3,(#4710,#4711,#4712,#4713),
  .UNSPECIFIED.,.F.,.F.,(4,4),(0.,1.602732493153),
  .PIECEWISE_BEZIER_KNOTS.);
#4710 = CARTESIAN_POINT('',(35.578533172684,8.09304108998,
    22.007125267643));
#4711 = CARTESIAN_POINT('',(36.15488570244,2.718765719904,
    21.936364713552));
#4712 = CARTESIAN_POINT('',(36.154885702387,-2.718765721417,
    21.936364713561));
#4713 = CARTESIAN_POINT('',(35.578533172523,-8.093041091481,
    22.007125267663));
#4714 = PCURVE('',#2380,#4715);
#4715 = DEFINITIONAL_REPRESENTATION('',(#4716),#4720);
#4716 = LINE('',#4717,#4718);
#4717 = CARTESIAN_POINT('',(-1.77938295779E-16,8.796854066491E-17));
#4718 = VECTOR('',#4719,1.);
#4719 = DIRECTION('',(-5.149968811769E-16,1.));
#4720 = ( GEOMETRIC_REPRESENTATION_CONTEXT(2) 
PARAMETRIC_REPRESENTATION_CONTEXT() REPRESENTATION_CONTEXT('2D SPACE',''
  ) );
#4721 = PCURVE('',#4515,#4722);
#4722 = DEFINITIONAL_REPRESENTATION('',(#4723),#4749);
#4723 = B_SPLINE_CURVE_WITH_KNOTS('',3,(#4724,#4725,#4726,#4727,#4728,
    #4729,#4730,#4731,#4732,#4733,#4734,#4735,#4736,#4737,#4738,#4739,
    #4740,#4741,#4742,#4743,#4744,#4745,#4746,#4747,#4748),
  .UNSPECIFIED.,.F.,.F.,(4,1,1,1,1,1,1,1,1,1,1,1,1,1,1,1,1,1,1,1,1,1,4),
  (0.,7.285147696149E-02,0.145702953923,0.218554430884,0.291405907846,
    0.364257384807,0.437108861769,0.50996033873,0.582811815692,
    0.655663292653,0.728514769615,0.801366246576,0.874217723538,
    0.947069200499,1.019920677461,1.092772154422,1.165623631384,
    1.238475108345,1.311326585307,1.384178062268,1.45702953923,
    1.529881016191,1.602732493153),.QUASI_UNIFORM_KNOTS.);
#4724 = CARTESIAN_POINT('',(0.466259715657,0.54957094402));
#4725 = CARTESIAN_POINT('',(0.467286400861,0.549520025721));
#4726 = CARTESIAN_POINT('',(0.469338621263,0.549421282905));
#4727 = CARTESIAN_POINT('',(0.472413805964,0.549283650512));
#4728 = CARTESIAN_POINT('',(0.475486147261,0.549157780056));
#4729 = CARTESIAN_POINT('',(0.478555953313,0.549044672966));
#4730 = CARTESIAN_POINT('',(0.481623535066,0.548945173373));
#4731 = CARTESIAN_POINT('',(0.484689206207,0.548859960775));
#4732 = CARTESIAN_POINT('',(0.487753282448,0.548789575982));
#4733 = CARTESIAN_POINT('',(0.490816081092,0.548734436047));
#4734 = CARTESIAN_POINT('',(0.493877920611,0.548694849321));
#4735 = CARTESIAN_POINT('',(0.496939120302,0.54867102706));
#4736 = CARTESIAN_POINT('',(0.499999999981,0.548663092082));
#4737 = CARTESIAN_POINT('',(0.503060879712,0.54867108402));
#4738 = CARTESIAN_POINT('',(0.506122079557,0.548694961098));
#4739 = CARTESIAN_POINT('',(0.509183919321,0.548734598359));
#4740 = CARTESIAN_POINT('',(0.512246718279,0.548789782407));
#4741 = CARTESIAN_POINT('',(0.515310794877,0.548860202755));
#4742 = CARTESIAN_POINT('',(0.518376466383,0.548945440222));
#4743 = CARTESIAN_POINT('',(0.521444048466,0.549044951884));
#4744 = CARTESIAN_POINT('',(0.524513854761,0.549158056148));
#4745 = CARTESIAN_POINT('',(0.527586196157,0.549283906819));
#4746 = CARTESIAN_POINT('',(0.530661380747,0.549421500441));
#4747 = CARTESIAN_POINT('',(0.532713600886,0.549520203457));
#4748 = CARTESIAN_POINT('',(0.533740285899,0.54957109804));
#4749 = ( GEOMETRIC_REPRESENTATION_CONTEXT(2) 
PARAMETRIC_REPRESENTATION_CONTEXT() REPRESENTATION_CONTEXT('2D SPACE',''
  ) );
#4750 = ORIENTED_EDGE('',*,*,#4633,.T.);
#4751 = ORIENTED_EDGE('',*,*,#2362,.F.);
#4752 = ORIENTED_EDGE('',*,*,#4561,.F.);
#4753 = ADVANCED_FACE('',(#4754),#521,.T.);
#4754 = FACE_BOUND('',#4755,.T.);
#4755 = EDGE_LOOP('',(#4756,#4757,#4758,#4759,#4760,#4761,#4762,#4763,
    #4764,#4765,#4766,#4767));
#4756 = ORIENTED_EDGE('',*,*,#1859,.T.);
#4757 = ORIENTED_EDGE('',*,*,#505,.F.);
#4758 = ORIENTED_EDGE('',*,*,#4078,.F.);
#4759 = ORIENTED_EDGE('',*,*,#3938,.F.);
#4760 = ORIENTED_EDGE('',*,*,#3902,.F.);
#4761 = ORIENTED_EDGE('',*,*,#4586,.F.);
#4762 = ORIENTED_EDGE('',*,*,#2339,.T.);
#4763 = ORIENTED_EDGE('',*,*,#2907,.T.);
#4764 = ORIENTED_EDGE('',*,*,#2882,.T.);
#4765 = ORIENTED_EDGE('',*,*,#3670,.T.);
#4766 = ORIENTED_EDGE('',*,*,#3647,.T.);
#4767 = ORIENTED_EDGE('',*,*,#3625,.T.);
#4768 = ADVANCED_FACE('',(#4769),#4515,.F.);
#4769 = FACE_BOUND('',#4770,.F.);
#4770 = EDGE_LOOP('',(#4771,#4816,#4817,#4818));
#4771 = ORIENTED_EDGE('',*,*,#4772,.T.);
#4772 = EDGE_CURVE('',#4424,#4235,#4773,.T.);
#4773 = SURFACE_CURVE('',#4774,(#4780,#4809),.PCURVE_S1.);
#4774 = B_SPLINE_CURVE_WITH_KNOTS('',3,(#4775,#4776,#4777,#4778,#4779),
  .UNSPECIFIED.,.F.,.F.,(4,1,4),(-0.272476844217,-3.891859883579E-02,
    0.272492395267),.UNSPECIFIED.);
#4775 = CARTESIAN_POINT('',(34.768997896345,-8.943639419254,
    23.609209809919));
#4776 = CARTESIAN_POINT('',(35.313708251618,-6.365786991812,
    23.23553900909));
#4777 = CARTESIAN_POINT('',(35.896369449112,-0.419345657482,
    22.747127901813));
#4778 = CARTESIAN_POINT('',(35.496685289471,5.499844580239,
    23.110016930191));
#4779 = CARTESIAN_POINT('',(34.768997894287,8.943639428998,
    23.609209811331));
#4780 = PCURVE('',#4515,#4781);
#4781 = DEFINITIONAL_REPRESENTATION('',(#4782),#4808);
#4782 = B_SPLINE_CURVE_WITH_KNOTS('',3,(#4783,#4784,#4785,#4786,#4787,
    #4788,#4789,#4790,#4791,#4792,#4793,#4794,#4795,#4796,#4797,#4798,
    #4799,#4800,#4801,#4802,#4803,#4804,#4805,#4806,#4807),
  .UNSPECIFIED.,.F.,.F.,(4,1,1,1,1,1,1,1,1,1,1,1,1,1,1,1,1,1,1,1,1,1,4),
  (-0.272476844217,-0.24770551515,-0.222934186082,-0.198162857015,
    -0.173391527947,-0.14862019888,-0.123848869812,-9.907754074501E-02,
    -7.430621167754E-02,-4.953488261008E-02,-2.476355354261E-02,
    7.775524851483E-06,2.477910459232E-02,4.955043365978E-02,
    7.432176272725E-02,9.909309179471E-02,0.123864420862,0.14863574993,
    0.173407078997,0.198178408065,0.222949737132,0.2477210662,
    0.272492395267),.UNSPECIFIED.);
#4783 = CARTESIAN_POINT('',(0.538541849267,0.662935596291));
#4784 = CARTESIAN_POINT('',(0.537320131028,0.660360889101));
#4785 = CARTESIAN_POINT('',(0.534892113702,0.655440224746));
#4786 = CARTESIAN_POINT('',(0.531291578237,0.64875614646));
#4787 = CARTESIAN_POINT('',(0.527727727937,0.642781998151));
#4788 = CARTESIAN_POINT('',(0.524195891946,0.637522589073));
#4789 = CARTESIAN_POINT('',(0.520691532318,0.632978736555));
#4790 = CARTESIAN_POINT('',(0.517210274511,0.629147181175));
#4791 = CARTESIAN_POINT('',(0.513747918312,0.626021508561));
#4792 = CARTESIAN_POINT('',(0.510300448228,0.623591998852));
#4793 = CARTESIAN_POINT('',(0.506864035905,0.62184751933));
#4794 = CARTESIAN_POINT('',(0.503435060288,0.620769183986));
#4795 = CARTESIAN_POINT('',(0.500010050477,0.620360793098));
#4796 = CARTESIAN_POINT('',(0.496585383271,0.620641655597));
#4797 = CARTESIAN_POINT('',(0.493157289579,0.621623926552));
#4798 = CARTESIAN_POINT('',(0.489721864228,0.623318256588));
#4799 = CARTESIAN_POINT('',(0.486275071511,0.625732464594));
#4800 = CARTESIAN_POINT('',(0.482812749961,0.628871890811));
#4801 = CARTESIAN_POINT('',(0.479330617606,0.632739105019));
#4802 = CARTESIAN_POINT('',(0.475824280014,0.63733354979));
#4803 = CARTESIAN_POINT('',(0.472289242773,0.64265105013));
#4804 = CARTESIAN_POINT('',(0.46872093325,0.648682803118));
#4805 = CARTESIAN_POINT('',(0.465114725918,0.655415382127));
#4806 = CARTESIAN_POINT('',(0.462682245966,0.660355754997));
#4807 = CARTESIAN_POINT('',(0.461458150915,0.662935579055));
#4808 = ( GEOMETRIC_REPRESENTATION_CONTEXT(2) 
PARAMETRIC_REPRESENTATION_CONTEXT() REPRESENTATION_CONTEXT('2D SPACE',''
  ) );
#4809 = PCURVE('',#4274,#4810);
#4810 = DEFINITIONAL_REPRESENTATION('',(#4811),#4815);
#4811 = LINE('',#4812,#4813);
#4812 = CARTESIAN_POINT('',(1.,4.440892098501E-16));
#4813 = VECTOR('',#4814,1.);
#4814 = DIRECTION('',(-4.481887191444E-15,-1.));
#4815 = ( GEOMETRIC_REPRESENTATION_CONTEXT(2) 
PARAMETRIC_REPRESENTATION_CONTEXT() REPRESENTATION_CONTEXT('2D SPACE',''
  ) );
#4816 = ORIENTED_EDGE('',*,*,#4655,.T.);
#4817 = ORIENTED_EDGE('',*,*,#4707,.T.);
#4818 = ORIENTED_EDGE('',*,*,#4495,.T.);
#4819 = ADVANCED_FACE('',(#4820),#4274,.F.);
#4820 = FACE_BOUND('',#4821,.F.);
#4821 = EDGE_LOOP('',(#4822,#4823,#4824,#4825));
#4822 = ORIENTED_EDGE('',*,*,#4349,.T.);
#4823 = ORIENTED_EDGE('',*,*,#4256,.T.);
#4824 = ORIENTED_EDGE('',*,*,#4772,.F.);
#4825 = ORIENTED_EDGE('',*,*,#4423,.T.);
#4826 = ( GEOMETRIC_REPRESENTATION_CONTEXT(3) 
GLOBAL_UNCERTAINTY_ASSIGNED_CONTEXT((#4830)) 
GLOBAL_UNIT_ASSIGNED_CONTEXT((#4827,#4828,#4829)) REPRESENTATION_CONTEXT
('Context #1','3D Context with UNIT and UNCERTAINTY') );
#4827 = ( LENGTH_UNIT() NAMED_UNIT(*) SI_UNIT(.MILLI.,.METRE.) );
#4828 = ( NAMED_UNIT(*) PLANE_ANGLE_UNIT() SI_UNIT($,.RADIAN.) );
#4829 = ( NAMED_UNIT(*) SI_UNIT($,.STERADIAN.) SOLID_ANGLE_UNIT() );
#4830 = UNCERTAINTY_MEASURE_WITH_UNIT(LENGTH_MEASURE(5.E-04),#4827,
  'distance_accuracy_value','confusion accuracy');
#4831 = PRODUCT_RELATED_PRODUCT_CATEGORY('part',$,(#7));
#4832 = MECHANICAL_DESIGN_GEOMETRIC_PRESENTATION_REPRESENTATION('',(
    #4833),#4826);
#4833 = STYLED_ITEM('color',(#4834),#15);
#4834 = PRESENTATION_STYLE_ASSIGNMENT((#4835,#4841));
#4835 = SURFACE_STYLE_USAGE(.BOTH.,#4836);
#4836 = SURFACE_SIDE_STYLE('',(#4837));
#4837 = SURFACE_STYLE_FILL_AREA(#4838);
#4838 = FILL_AREA_STYLE('',(#4839));
#4839 = FILL_AREA_STYLE_COLOUR('',#4840);
#4840 = COLOUR_RGB('',0.137254891762,0.137254891762,0.137254891762);
#4841 = CURVE_STYLE('',#4842,POSITIVE_LENGTH_MEASURE(0.1),#4843);
#4842 = DRAUGHTING_PRE_DEFINED_CURVE_FONT('continuous');
#4843 = COLOUR_RGB('',9.803921802644E-02,9.803921802644E-02,
  9.803921802644E-02);
ENDSEC;
END-ISO-10303-21;
