ISO-10303-21;
HEADER;
FILE_DESCRIPTION(('FreeCAD Model'),'2;1');
FILE_NAME('Open CASCADE Shape Model','2026-07-06T10:44:36',(''),(''),
  'Open CASCADE STEP processor 7.8','FreeCAD','Unknown');
FILE_SCHEMA(('AUTOMOTIVE_DESIGN { 1 0 10303 214 1 1 1 1 }'));
ENDSEC;
DATA;
#1 = APPLICATION_PROTOCOL_DEFINITION('international standard',
  'automotive_design',2000,#2);
#2 = APPLICATION_CONTEXT(
  'core data for automotive mechanical design processes');
#3 = SHAPE_DEFINITION_REPRESENTATION(#4,#10);
#4 = PRODUCT_DEFINITION_SHAPE('','',#5);
#5 = PRODUCT_DEFINITION('design','',#6,#9);
#6 = PRODUCT_DEFINITION_FORMATION('','',#7);
#7 = PRODUCT('Diffuser','Diffuser','',(#8));
#8 = PRODUCT_CONTEXT('',#2,'mechanical');
#9 = PRODUCT_DEFINITION_CONTEXT('part definition',#2,'design');
#10 = ADVANCED_BREP_SHAPE_REPRESENTATION('',(#11,#15),#12401);
#11 = AXIS2_PLACEMENT_3D('',#12,#13,#14);
#12 = CARTESIAN_POINT('',(0.,0.,0.));
#13 = DIRECTION('',(0.,0.,1.));
#14 = DIRECTION('',(1.,0.,-0.));
#15 = MANIFOLD_SOLID_BREP('',#16);
#16 = CLOSED_SHELL('',(#17,#239,#492,#814,#941,#1116,#1238,#1322,#1404,
    #1488,#1565,#1619,#1695,#1745,#1794,#1838,#1926,#2014,#2128,#2294,
    #2450,#2578,#2660,#2773,#2856,#2909,#3027,#3104,#3151,#3239,#3327,
    #3441,#3607,#3763,#3881,#3969,#4062,#4150,#4264,#4430,#4525,#4681,
    #4809,#4891,#5004,#5087,#5140,#5258,#5335,#5382,#5470,#5558,#5672,
    #5838,#5994,#6107,#6190,#6243,#6338,#6433,#6528,#6604,#6658,#6690,
    #6717,#6771,#6825,#6879,#6933,#6987,#7041,#7095,#7149,#7181,#7208,
    #7262,#7316,#7370,#7513,#7542,#7570,#7598,#7652,#7685,#7713,#7726,
    #7735,#7748,#7899,#7975,#8086,#8165,#8246,#8912,#8962,#9018,#9125,
    #9227,#9332,#9359,#9408,#9487,#9515,#9630,#9712,#9788,#9870,#9941,
    #9994,#10188,#10201,#10251,#10258,#10308,#10335,#10352,#10462,#10544
    ,#10620,#10702,#10773,#10826,#10873,#10900,#10927,#11337,#11387,
    #11437,#11485,#11512,#11562,#11612,#11640,#11690,#11740,#11790,
    #11840,#11890,#11940,#11968,#12015,#12042,#12069,#12096,#12123,
    #12150,#12177,#12184,#12231,#12238,#12245,#12272,#12299,#12326,
    #12333,#12360,#12367,#12394));
#17 = ADVANCED_FACE('',(#18),#39,.T.);
#18 = FACE_BOUND('',#19,.T.);
#19 = EDGE_LOOP('',(#20,#106,#134,#213));
#20 = ORIENTED_EDGE('',*,*,#21,.T.);
#21 = EDGE_CURVE('',#22,#24,#26,.T.);
#22 = VERTEX_POINT('',#23);
#23 = CARTESIAN_POINT('',(-6.999985899321,27.730131579372,
    20.757510160843));
#24 = VERTEX_POINT('',#25);
#25 = CARTESIAN_POINT('',(-5.999992949661,27.963549213289,
    21.753755080463));
#26 = SURFACE_CURVE('',#27,(#38,#72),.PCURVE_S1.);
#27 = B_SPLINE_CURVE_WITH_KNOTS('',3,(#28,#29,#30,#31,#32,#33,#34,#35,
    #36,#37),.UNSPECIFIED.,.F.,.F.,(4,2,2,2,4),(0.153371171033,
    0.192152410849,0.230933650664,0.268532071263,0.305755225915),
  .UNSPECIFIED.);
#28 = CARTESIAN_POINT('',(-6.999985899321,27.730131579372,
    20.757510160843));
#29 = CARTESIAN_POINT('',(-6.87464686868,27.761771221781,20.757510160843
    ));
#30 = CARTESIAN_POINT('',(-6.740430308466,27.79465453056,20.782507245934
    ));
#31 = CARTESIAN_POINT('',(-6.492615595007,27.853584400394,
    20.885400553106));
#32 = CARTESIAN_POINT('',(-6.379040414881,27.879675740973,
    20.963326450314));
#33 = CARTESIAN_POINT('',(-6.202156074339,27.919549188987,
    21.142051439685));
#34 = CARTESIAN_POINT('',(-6.126100522017,27.93624112386,21.253631798826
    ));
#35 = CARTESIAN_POINT('',(-6.025511353452,27.95810858248,21.497472726132
    ));
#36 = CARTESIAN_POINT('',(-6.000459471516,27.963449114127,
    21.629518441313));
#37 = CARTESIAN_POINT('',(-5.999992949661,27.963549213289,
    21.753755080463));
#38 = PCURVE('',#39,#44);
#39 = CYLINDRICAL_SURFACE('',#40,1.);
#40 = AXIS2_PLACEMENT_3D('',#41,#42,#43);
#41 = CARTESIAN_POINT('',(-6.999985899321,15.676213027718,
    21.757510160843));
#42 = DIRECTION('',(6.661385112776E-15,-1.,0.));
#43 = DIRECTION('',(0.,0.,1.));
#44 = DEFINITIONAL_REPRESENTATION('',(#45),#71);
#45 = B_SPLINE_CURVE_WITH_KNOTS('',3,(#46,#47,#48,#49,#50,#51,#52,#53,
    #54,#55,#56,#57,#58,#59,#60,#61,#62,#63,#64,#65,#66,#67,#68,#69,#70)
  ,.UNSPECIFIED.,.F.,.F.,(4,1,1,1,1,1,1,1,1,1,1,1,1,1,1,1,1,1,1,1,1,1,4)
  ,(0.153371171033,0.160297718982,0.167224266931,0.17415081488,
    0.18107736283,0.188003910779,0.194930458728,0.201857006677,
    0.208783554626,0.215710102576,0.222636650525,0.229563198474,
    0.236489746423,0.243416294372,0.250342842322,0.257269390271,
    0.26419593822,0.271122486169,0.278049034118,0.284975582068,
    0.291902130017,0.298828677966,0.305755225915),
  .QUASI_UNIFORM_KNOTS.);
#46 = CARTESIAN_POINT('',(3.14159265359,-12.05391855165));
#47 = CARTESIAN_POINT('',(3.163978169714,-12.05956957006));
#48 = CARTESIAN_POINT('',(3.209318890814,-12.07095095848));
#49 = CARTESIAN_POINT('',(3.278718200516,-12.08810167191));
#50 = CARTESIAN_POINT('',(3.349183731361,-12.10517179901));
#51 = CARTESIAN_POINT('',(3.42039756587,-12.12200139873));
#52 = CARTESIAN_POINT('',(3.49207068391,-12.13843321884));
#53 = CARTESIAN_POINT('',(3.563967494474,-12.15429997572));
#54 = CARTESIAN_POINT('',(3.635909210862,-12.16948078809));
#55 = CARTESIAN_POINT('',(3.707666629139,-12.18389968828));
#56 = CARTESIAN_POINT('',(3.778938113646,-12.19746747814));
#57 = CARTESIAN_POINT('',(3.849472351847,-12.21010982706));
#58 = CARTESIAN_POINT('',(3.918726013431,-12.22170616473));
#59 = CARTESIAN_POINT('',(3.987243261354,-12.23230601203));
#60 = CARTESIAN_POINT('',(4.057923299743,-12.24232054752));
#61 = CARTESIAN_POINT('',(4.129631442168,-12.25152460517));
#62 = CARTESIAN_POINT('',(4.202209028428,-12.25984613045));
#63 = CARTESIAN_POINT('',(4.275265724775,-12.26717562868));
#64 = CARTESIAN_POINT('',(4.348536400563,-12.27340025433));
#65 = CARTESIAN_POINT('',(4.421811158529,-12.27846854719));
#66 = CARTESIAN_POINT('',(4.494824355016,-12.2824047041));
#67 = CARTESIAN_POINT('',(4.567249541684,-12.28521684532));
#68 = CARTESIAN_POINT('',(4.638730175084,-12.28691740029));
#69 = CARTESIAN_POINT('',(4.685516767644,-12.28731755894));
#70 = CARTESIAN_POINT('',(4.708633891179,-12.28733618557));
#71 = ( GEOMETRIC_REPRESENTATION_CONTEXT(2) 
PARAMETRIC_REPRESENTATION_CONTEXT() REPRESENTATION_CONTEXT('2D SPACE',''
  ) );
#72 = PCURVE('',#73,#78);
#73 = CYLINDRICAL_SURFACE('',#74,28.6);
#74 = AXIS2_PLACEMENT_3D('',#75,#76,#77);
#75 = CARTESIAN_POINT('',(-5.666681978065E-15,5.705855277383E-16,23.5));
#76 = DIRECTION('',(0.,0.,-1.));
#77 = DIRECTION('',(-0.549890673145,0.83523664167,0.));
#78 = DEFINITIONAL_REPRESENTATION('',(#79),#105);
#79 = B_SPLINE_CURVE_WITH_KNOTS('',3,(#80,#81,#82,#83,#84,#85,#86,#87,
    #88,#89,#90,#91,#92,#93,#94,#95,#96,#97,#98,#99,#100,#101,#102,#103,
    #104),.UNSPECIFIED.,.F.,.F.,(4,1,1,1,1,1,1,1,1,1,1,1,1,1,1,1,1,1,1,1
    ,1,1,4),(0.153371171033,0.160297718982,0.167224266931,0.17415081488,
    0.18107736283,0.188003910779,0.194930458728,0.201857006677,
    0.208783554626,0.215710102576,0.222636650525,0.229563198474,
    0.236489746423,0.243416294372,0.250342842322,0.257269390271,
    0.26419593822,0.271122486169,0.278049034118,0.284975582068,
    0.291902130017,0.298828677966,0.305755225915),
  .QUASI_UNIFORM_KNOTS.);
#80 = CARTESIAN_POINT('',(0.334966595988,2.742489839157));
#81 = CARTESIAN_POINT('',(0.335773885746,2.742489839157));
#82 = CARTESIAN_POINT('',(0.337408346943,2.740895057984));
#83 = CARTESIAN_POINT('',(0.339896093858,2.733668605999));
#84 = CARTESIAN_POINT('',(0.342396322377,2.721559070817));
#85 = CARTESIAN_POINT('',(0.344885401566,2.704513681379));
#86 = CARTESIAN_POINT('',(0.347339905257,2.682494405245));
#87 = CARTESIAN_POINT('',(0.349735646139,2.655408223583));
#88 = CARTESIAN_POINT('',(0.352051717763,2.623397911312));
#89 = CARTESIAN_POINT('',(0.354272725199,2.586983013901));
#90 = CARTESIAN_POINT('',(0.356381753327,2.546627036805));
#91 = CARTESIAN_POINT('',(0.358364085245,2.502757971208));
#92 = CARTESIAN_POINT('',(0.360197711533,2.45600190539));
#93 = CARTESIAN_POINT('',(0.36188757905,2.406228053518));
#94 = CARTESIAN_POINT('',(0.363496015437,2.351598435275));
#95 = CARTESIAN_POINT('',(0.364984435668,2.293133560752));
#96 = CARTESIAN_POINT('',(0.366338546995,2.231160407487));
#97 = CARTESIAN_POINT('',(0.367538061849,2.166197897352));
#98 = CARTESIAN_POINT('',(0.368562370817,2.098690707428));
#99 = CARTESIAN_POINT('',(0.369399251995,2.029200997383));
#100 = CARTESIAN_POINT('',(0.370051506235,1.958471122845));
#101 = CARTESIAN_POINT('',(0.370519170099,1.887211266285));
#102 = CARTESIAN_POINT('',(0.370803020633,1.816140233906));
#103 = CARTESIAN_POINT('',(0.37087009686,1.769363084727));
#104 = CARTESIAN_POINT('',(0.370873201316,1.746244919537));
#105 = ( GEOMETRIC_REPRESENTATION_CONTEXT(2) 
PARAMETRIC_REPRESENTATION_CONTEXT() REPRESENTATION_CONTEXT('2D SPACE',''
  ) );
#106 = ORIENTED_EDGE('',*,*,#107,.T.);
#107 = EDGE_CURVE('',#24,#108,#110,.T.);
#108 = VERTEX_POINT('',#109);
#109 = CARTESIAN_POINT('',(-5.999992949661,26.939934755007,
    21.753755080466));
#110 = SURFACE_CURVE('',#111,(#115,#122),.PCURVE_S1.);
#111 = LINE('',#112,#113);
#112 = CARTESIAN_POINT('',(-5.999992949661,15.676213027718,
    21.753755080422));
#113 = VECTOR('',#114,1.);
#114 = DIRECTION('',(6.661385112776E-15,-1.,0.));
#115 = PCURVE('',#39,#116);
#116 = DEFINITIONAL_REPRESENTATION('',(#117),#121);
#117 = LINE('',#118,#119);
#118 = CARTESIAN_POINT('',(4.708633891138,7.105427357601E-15));
#119 = VECTOR('',#120,1.);
#120 = DIRECTION('',(0.,1.));
#121 = ( GEOMETRIC_REPRESENTATION_CONTEXT(2) 
PARAMETRIC_REPRESENTATION_CONTEXT() REPRESENTATION_CONTEXT('2D SPACE',''
  ) );
#122 = PCURVE('',#123,#128);
#123 = CYLINDRICAL_SURFACE('',#124,1.);
#124 = AXIS2_PLACEMENT_3D('',#125,#126,#127);
#125 = CARTESIAN_POINT('',(-5.,15.676213027718,21.75));
#126 = DIRECTION('',(5.433734128465E-15,-1.,0.));
#127 = DIRECTION('',(-0.707106781187,-3.842230249402E-15,0.707106781187)
  );
#128 = DEFINITIONAL_REPRESENTATION('',(#129),#133);
#129 = LINE('',#130,#131);
#130 = CARTESIAN_POINT('',(7.064828381331,-5.329070518201E-15));
#131 = VECTOR('',#132,1.);
#132 = DIRECTION('',(-8.676884275266E-16,1.));
#133 = ( GEOMETRIC_REPRESENTATION_CONTEXT(2) 
PARAMETRIC_REPRESENTATION_CONTEXT() REPRESENTATION_CONTEXT('2D SPACE',''
  ) );
#134 = ORIENTED_EDGE('',*,*,#135,.T.);
#135 = EDGE_CURVE('',#108,#136,#138,.T.);
#136 = VERTEX_POINT('',#137);
#137 = CARTESIAN_POINT('',(-6.999985899321,26.697569129217,
    20.757510160843));
#138 = SURFACE_CURVE('',#139,(#150,#179),.PCURVE_S1.);
#139 = B_SPLINE_CURVE_WITH_KNOTS('',3,(#140,#141,#142,#143,#144,#145,
    #146,#147,#148,#149),.UNSPECIFIED.,.F.,.F.,(4,2,2,2,4),(
    -0.306128316663,-0.268910505933,-0.231317428841,-0.192450192224,
    -0.153582955607),.UNSPECIFIED.);
#140 = CARTESIAN_POINT('',(-5.999992949661,26.939934755007,
    21.753755080466));
#141 = CARTESIAN_POINT('',(-6.000459403502,26.939830867607,
    21.629536553533));
#142 = CARTESIAN_POINT('',(-6.025505478515,26.93428877237,
    21.497524962898));
#143 = CARTESIAN_POINT('',(-6.126021898475,26.911605989196,
    21.253784046155));
#144 = CARTESIAN_POINT('',(-6.202008573368,26.894294243042,
    21.142269657523));
#145 = CARTESIAN_POINT('',(-6.378842768838,26.85291209054,
    20.963454849488));
#146 = CARTESIAN_POINT('',(-6.492504019998,26.825802783368,
    20.885455901782));
#147 = CARTESIAN_POINT('',(-6.740427241265,26.764583763425,
    20.782499501171));
#148 = CARTESIAN_POINT('',(-6.87466455434,26.730427837944,
    20.757510160843));
#149 = CARTESIAN_POINT('',(-6.999985899321,26.697569129217,
    20.757510160843));
#150 = PCURVE('',#39,#151);
#151 = DEFINITIONAL_REPRESENTATION('',(#152),#178);
#152 = B_SPLINE_CURVE_WITH_KNOTS('',3,(#153,#154,#155,#156,#157,#158,
    #159,#160,#161,#162,#163,#164,#165,#166,#167,#168,#169,#170,#171,
    #172,#173,#174,#175,#176,#177),.UNSPECIFIED.,.F.,.F.,(4,1,1,1,1,1,1,
    1,1,1,1,1,1,1,1,1,1,1,1,1,1,1,4),(-0.306128316663,-0.299194436615,
    -0.292260556567,-0.285326676519,-0.278392796471,-0.271458916423,
    -0.264525036375,-0.257591156327,-0.250657276279,-0.243723396231,
    -0.236789516183,-0.229855636135,-0.222921756087,-0.215987876039,
    -0.209053995991,-0.202120115943,-0.195186235895,-0.188252355847,
    -0.181318475799,-0.174384595751,-0.167450715703,-0.160516835655,
    -0.153582955607),.QUASI_UNIFORM_KNOTS.);
#153 = CARTESIAN_POINT('',(4.708633891182,-11.26372172728));
#154 = CARTESIAN_POINT('',(4.685492363132,-11.2637023725));
#155 = CARTESIAN_POINT('',(4.638656693877,-11.26328615533));
#156 = CARTESIAN_POINT('',(4.567103281062,-11.26151741715));
#157 = CARTESIAN_POINT('',(4.494607751589,-11.25859272435));
#158 = CARTESIAN_POINT('',(4.421528381657,-11.2544993188));
#159 = CARTESIAN_POINT('',(4.348193266534,-11.24922895853));
#160 = CARTESIAN_POINT('',(4.274869350409,-11.24275655299));
#161 = CARTESIAN_POINT('',(4.20176792513,-11.23513690581));
#162 = CARTESIAN_POINT('',(4.129156074491,-11.22648769914));
#163 = CARTESIAN_POINT('',(4.057426349728,-11.21692325053));
#164 = CARTESIAN_POINT('',(3.986739363595,-11.20651894686));
#165 = CARTESIAN_POINT('',(3.918233031566,-11.19550926232));
#166 = CARTESIAN_POINT('',(3.848953936933,-11.18345901072));
#167 = CARTESIAN_POINT('',(3.77842524917,-11.17032811624));
#168 = CARTESIAN_POINT('',(3.707170049767,-11.1562386133));
#169 = CARTESIAN_POINT('',(3.63544293669,-11.14126840687));
#170 = CARTESIAN_POINT('',(3.563542688031,-11.12550980932));
#171 = CARTESIAN_POINT('',(3.491697648181,-11.10904163298));
#172 = CARTESIAN_POINT('',(3.420085549607,-11.0919897422));
#173 = CARTESIAN_POINT('',(3.3489407754,-11.07452725355));
#174 = CARTESIAN_POINT('',(3.27855102263,-11.05681699993));
#175 = CARTESIAN_POINT('',(3.209232882577,-11.03902457068));
#176 = CARTESIAN_POINT('',(3.163949149033,-11.02721806557));
#177 = CARTESIAN_POINT('',(3.14159265359,-11.02135610149));
#178 = ( GEOMETRIC_REPRESENTATION_CONTEXT(2) 
PARAMETRIC_REPRESENTATION_CONTEXT() REPRESENTATION_CONTEXT('2D SPACE',''
  ) );
#179 = PCURVE('',#180,#185);
#180 = CYLINDRICAL_SURFACE('',#181,27.6);
#181 = AXIS2_PLACEMENT_3D('',#182,#183,#184);
#182 = CARTESIAN_POINT('',(-5.666681978065E-15,5.705855277383E-16,23.5)
  );
#183 = DIRECTION('',(0.,0.,-1.));
#184 = DIRECTION('',(-0.549890673145,0.83523664167,0.));
#185 = DEFINITIONAL_REPRESENTATION('',(#186),#212);
#186 = B_SPLINE_CURVE_WITH_KNOTS('',3,(#187,#188,#189,#190,#191,#192,
    #193,#194,#195,#196,#197,#198,#199,#200,#201,#202,#203,#204,#205,
    #206,#207,#208,#209,#210,#211),.UNSPECIFIED.,.F.,.F.,(4,1,1,1,1,1,1,
    1,1,1,1,1,1,1,1,1,1,1,1,1,1,1,4),(-0.306128316663,-0.299194436615,
    -0.292260556567,-0.285326676519,-0.278392796471,-0.271458916423,
    -0.264525036375,-0.257591156327,-0.250657276279,-0.243723396231,
    -0.236789516183,-0.229855636135,-0.222921756087,-0.215987876039,
    -0.209053995991,-0.202120115943,-0.195186235895,-0.188252355847,
    -0.181318475799,-0.174384595751,-0.167450715703,-0.160516835655,
    -0.153582955607),.QUASI_UNIFORM_KNOTS.);
#187 = CARTESIAN_POINT('',(0.363092541666,1.746244919534));
#188 = CARTESIAN_POINT('',(0.363089315847,1.769387504996));
#189 = CARTESIAN_POINT('',(0.36301954834,1.81621368444));
#190 = CARTESIAN_POINT('',(0.362724319547,1.887356252637));
#191 = CARTESIAN_POINT('',(0.362237942801,1.958683060694));
#192 = CARTESIAN_POINT('',(0.361559639416,2.029472713658));
#193 = CARTESIAN_POINT('',(0.360689401965,2.099012492337));
#194 = CARTESIAN_POINT('',(0.359624343719,2.166557310281));
#195 = CARTESIAN_POINT('',(0.358377387268,2.231545355626));
#196 = CARTESIAN_POINT('',(0.356970007654,2.293530847681));
#197 = CARTESIAN_POINT('',(0.355423373819,2.351993901972));
#198 = CARTESIAN_POINT('',(0.353752417942,2.406606887574));
#199 = CARTESIAN_POINT('',(0.351997315429,2.456347263145));
#200 = CARTESIAN_POINT('',(0.350092035894,2.50309379528));
#201 = CARTESIAN_POINT('',(0.348033230284,2.546931188814));
#202 = CARTESIAN_POINT('',(0.345843242062,2.587249324285));
#203 = CARTESIAN_POINT('',(0.343537458299,2.623619563478));
#204 = CARTESIAN_POINT('',(0.341133381693,2.655582167476));
#205 = CARTESIAN_POINT('',(0.338646986645,2.682620318927));
#206 = CARTESIAN_POINT('',(0.33609998491,2.704597619991));
#207 = CARTESIAN_POINT('',(0.333517401328,2.721607671524));
#208 = CARTESIAN_POINT('',(0.330923488213,2.733690163598));
#209 = CARTESIAN_POINT('',(0.328342705779,2.740899236597));
#210 = CARTESIAN_POINT('',(0.326647205738,2.742489839157));
#211 = CARTESIAN_POINT('',(0.325809780848,2.742489839157));
#212 = ( GEOMETRIC_REPRESENTATION_CONTEXT(2) 
PARAMETRIC_REPRESENTATION_CONTEXT() REPRESENTATION_CONTEXT('2D SPACE',''
  ) );
#213 = ORIENTED_EDGE('',*,*,#214,.T.);
#214 = EDGE_CURVE('',#136,#22,#215,.T.);
#215 = SURFACE_CURVE('',#216,(#220,#227),.PCURVE_S1.);
#216 = LINE('',#217,#218);
#217 = CARTESIAN_POINT('',(-6.999985899321,15.676213027718,
    20.757510160843));
#218 = VECTOR('',#219,1.);
#219 = DIRECTION('',(-6.661385112776E-15,1.,0.));
#220 = PCURVE('',#39,#221);
#221 = DEFINITIONAL_REPRESENTATION('',(#222),#226);
#222 = LINE('',#223,#224);
#223 = CARTESIAN_POINT('',(3.14159265359,0.));
#224 = VECTOR('',#225,1.);
#225 = DIRECTION('',(8.601692029051E-16,-1.));
#226 = ( GEOMETRIC_REPRESENTATION_CONTEXT(2) 
PARAMETRIC_REPRESENTATION_CONTEXT() REPRESENTATION_CONTEXT('2D SPACE',''
  ) );
#227 = PCURVE('',#228,#233);
#228 = PLANE('',#229);
#229 = AXIS2_PLACEMENT_3D('',#230,#231,#232);
#230 = CARTESIAN_POINT('',(2.659816811246E-14,4.446443213624E-15,
    20.757510160843));
#231 = DIRECTION('',(2.359223927328E-16,-2.775557561563E-17,-1.));
#232 = DIRECTION('',(-1.,0.,-2.359223927328E-16));
#233 = DEFINITIONAL_REPRESENTATION('',(#234),#238);
#234 = LINE('',#235,#236);
#235 = CARTESIAN_POINT('',(6.999985899321,15.676213027718));
#236 = VECTOR('',#237,1.);
#237 = DIRECTION('',(6.661385112776E-15,1.));
#238 = ( GEOMETRIC_REPRESENTATION_CONTEXT(2) 
PARAMETRIC_REPRESENTATION_CONTEXT() REPRESENTATION_CONTEXT('2D SPACE',''
  ) );
#239 = ADVANCED_FACE('',(#240),#123,.F.);
#240 = FACE_BOUND('',#241,.F.);
#241 = EDGE_LOOP('',(#242,#312,#391,#419,#491));
#242 = ORIENTED_EDGE('',*,*,#243,.F.);
#243 = EDGE_CURVE('',#244,#108,#246,.T.);
#244 = VERTEX_POINT('',#245);
#245 = CARTESIAN_POINT('',(-5.8,26.983698782784,22.35));
#246 = SURFACE_CURVE('',#247,(#254,#283),.PCURVE_S1.);
#247 = B_SPLINE_CURVE_WITH_KNOTS('',3,(#248,#249,#250,#251,#252,#253),
  .UNSPECIFIED.,.F.,.F.,(4,2,4),(0.546184185896,0.570195815538,
    0.607471175503),.UNSPECIFIED.);
#248 = CARTESIAN_POINT('',(-5.8,26.983698782784,22.35));
#249 = CARTESIAN_POINT('',(-5.849478128025,26.973063726973,
    22.284029162634));
#250 = CARTESIAN_POINT('',(-5.891923672294,26.963796660132,
    22.210040034611));
#251 = CARTESIAN_POINT('',(-5.974411503016,26.945668404896,
    22.010362061448));
#252 = CARTESIAN_POINT('',(-5.999525776852,26.940038802533,
    21.878165068179));
#253 = CARTESIAN_POINT('',(-5.999992949661,26.939934755007,
    21.753755080466));
#254 = PCURVE('',#123,#255);
#255 = DEFINITIONAL_REPRESENTATION('',(#256),#282);
#256 = B_SPLINE_CURVE_WITH_KNOTS('',3,(#257,#258,#259,#260,#261,#262,
    #263,#264,#265,#266,#267,#268,#269,#270,#271,#272,#273,#274,#275,
    #276,#277,#278,#279,#280,#281),.UNSPECIFIED.,.F.,.F.,(4,1,1,1,1,1,1,
    1,1,1,1,1,1,1,1,1,1,1,1,1,1,1,4),(0.546184185896,0.548969958151,
    0.551755730405,0.55454150266,0.557327274915,0.56011304717,
    0.562898819425,0.56568459168,0.568470363935,0.57125613619,
    0.574041908444,0.576827680699,0.579613452954,0.582399225209,
    0.585184997464,0.587970769719,0.590756541974,0.593542314229,
    0.596328086483,0.599113858738,0.601899630993,0.604685403248,
    0.607471175503),.QUASI_UNIFORM_KNOTS.);
#257 = CARTESIAN_POINT('',(6.425082361784,-11.30748575506));
#258 = CARTESIAN_POINT('',(6.434649557881,-11.30625190114));
#259 = CARTESIAN_POINT('',(6.453843157785,-11.3038210198));
#260 = CARTESIAN_POINT('',(6.482790101158,-11.30029264129));
#261 = CARTESIAN_POINT('',(6.511872586382,-11.29688967003));
#262 = CARTESIAN_POINT('',(6.541069338993,-11.29361957074));
#263 = CARTESIAN_POINT('',(6.570359211977,-11.2904898044));
#264 = CARTESIAN_POINT('',(6.599721459016,-11.28750784601));
#265 = CARTESIAN_POINT('',(6.629135796923,-11.28468111829));
#266 = CARTESIAN_POINT('',(6.65858345095,-11.28201723897));
#267 = CARTESIAN_POINT('',(6.688044472774,-11.2795230981));
#268 = CARTESIAN_POINT('',(6.717512615893,-11.27721052497));
#269 = CARTESIAN_POINT('',(6.746973533582,-11.27507907248));
#270 = CARTESIAN_POINT('',(6.776410316676,-11.27312927125));
#271 = CARTESIAN_POINT('',(6.805804509802,-11.27136138994));
#272 = CARTESIAN_POINT('',(6.835136155289,-11.26977576739));
#273 = CARTESIAN_POINT('',(6.864384109653,-11.26837272363));
#274 = CARTESIAN_POINT('',(6.893526295981,-11.26715258374));
#275 = CARTESIAN_POINT('',(6.922539977771,-11.26611567146));
#276 = CARTESIAN_POINT('',(6.951402029785,-11.26526231085));
#277 = CARTESIAN_POINT('',(6.980089197274,-11.26459282592));
#278 = CARTESIAN_POINT('',(7.008578380816,-11.26410754069));
#279 = CARTESIAN_POINT('',(7.036846784415,-11.26380677915));
#280 = CARTESIAN_POINT('',(7.055530606688,-11.26372950327));
#281 = CARTESIAN_POINT('',(7.064828381286,-11.26372172728));
#282 = ( GEOMETRIC_REPRESENTATION_CONTEXT(2) 
PARAMETRIC_REPRESENTATION_CONTEXT() REPRESENTATION_CONTEXT('2D SPACE',''
  ) );
#283 = PCURVE('',#180,#284);
#284 = DEFINITIONAL_REPRESENTATION('',(#285),#311);
#285 = B_SPLINE_CURVE_WITH_KNOTS('',3,(#286,#287,#288,#289,#290,#291,
    #292,#293,#294,#295,#296,#297,#298,#299,#300,#301,#302,#303,#304,
    #305,#306,#307,#308,#309,#310),.UNSPECIFIED.,.F.,.F.,(4,1,1,1,1,1,1,
    1,1,1,1,1,1,1,1,1,1,1,1,1,1,1,4),(0.546184185896,0.548969958151,
    0.551755730405,0.55454150266,0.557327274915,0.56011304717,
    0.562898819425,0.56568459168,0.568470363935,0.57125613619,
    0.574041908444,0.576827680699,0.579613452954,0.582399225209,
    0.585184997464,0.587970769719,0.590756541974,0.593542314229,
    0.596328086483,0.599113858738,0.601899630993,0.604685403248,
    0.607471175503),.QUASI_UNIFORM_KNOTS.);
#286 = CARTESIAN_POINT('',(0.370510143914,1.15));
#287 = CARTESIAN_POINT('',(0.370297410484,1.157653779902));
#288 = CARTESIAN_POINT('',(0.369878930195,1.173177193489));
#289 = CARTESIAN_POINT('',(0.369273253384,1.197074499635));
#290 = CARTESIAN_POINT('',(0.36869070405,1.221548614707));
#291 = CARTESIAN_POINT('',(0.368132366234,1.246564166245));
#292 = CARTESIAN_POINT('',(0.367599323591,1.272085765533));
#293 = CARTESIAN_POINT('',(0.367092661421,1.298078084501));
#294 = CARTESIAN_POINT('',(0.366613459096,1.324505568746));
#295 = CARTESIAN_POINT('',(0.366162818301,1.35133350855));
#296 = CARTESIAN_POINT('',(0.365741757632,1.378524041791));
#297 = CARTESIAN_POINT('',(0.365351899141,1.406058127646));
#298 = CARTESIAN_POINT('',(0.364993088409,1.433888142415));
#299 = CARTESIAN_POINT('',(0.364665324067,1.461967978197));
#300 = CARTESIAN_POINT('',(0.364368563738,1.490251120932));
#301 = CARTESIAN_POINT('',(0.364102776044,1.51869116539));
#302 = CARTESIAN_POINT('',(0.363867926669,1.547241677183));
#303 = CARTESIAN_POINT('',(0.3636639821,1.575856229733));
#304 = CARTESIAN_POINT('',(0.363490908623,1.60448839437));
#305 = CARTESIAN_POINT('',(0.363348672593,1.633091742985));
#306 = CARTESIAN_POINT('',(0.363237240362,1.661619847319));
#307 = CARTESIAN_POINT('',(0.363156578293,1.690026279152));
#308 = CARTESIAN_POINT('',(0.363106652755,1.718264610254));
#309 = CARTESIAN_POINT('',(0.363093837665,1.736947145017));
#310 = CARTESIAN_POINT('',(0.363092541666,1.746244919534));
#311 = ( GEOMETRIC_REPRESENTATION_CONTEXT(2) 
PARAMETRIC_REPRESENTATION_CONTEXT() REPRESENTATION_CONTEXT('2D SPACE',''
  ) );
#312 = ORIENTED_EDGE('',*,*,#313,.T.);
#313 = EDGE_CURVE('',#244,#314,#316,.T.);
#314 = VERTEX_POINT('',#315);
#315 = CARTESIAN_POINT('',(-5.,26.73649191648,22.75));
#316 = SURFACE_CURVE('',#317,(#328,#357),.PCURVE_S1.);
#317 = B_SPLINE_CURVE_WITH_KNOTS('',3,(#318,#319,#320,#321,#322,#323,
    #324,#325,#326,#327),.UNSPECIFIED.,.F.,.F.,(4,2,2,2,4),(0.,
    2.251505191711E-02,4.89410712281E-02,8.135214174541E-02,
    8.173761448116E-02),.UNSPECIFIED.);
#318 = CARTESIAN_POINT('',(-5.8,26.983698782784,22.35));
#319 = CARTESIAN_POINT('',(-5.755339768476,26.99329825782,
    22.409546975365));
#320 = CARTESIAN_POINT('',(-5.701174973711,26.991290505537,
    22.467899318215));
#321 = CARTESIAN_POINT('',(-5.560652902395,26.964519548474,
    22.58387463501));
#322 = CARTESIAN_POINT('',(-5.473181596107,26.936424948885,
    22.637237582495));
#323 = CARTESIAN_POINT('',(-5.255864584455,26.852621911801,
    22.725303851618));
#324 = CARTESIAN_POINT('',(-5.129787461554,26.795709997243,
    22.749429690021));
#325 = CARTESIAN_POINT('',(-5.0029807384,26.737852253251,22.749996668288
    ));
#326 = CARTESIAN_POINT('',(-5.001490349448,26.737172126214,22.75));
#327 = CARTESIAN_POINT('',(-5.,26.73649191648,22.75));
#328 = PCURVE('',#123,#329);
#329 = DEFINITIONAL_REPRESENTATION('',(#330),#356);
#330 = B_SPLINE_CURVE_WITH_KNOTS('',3,(#331,#332,#333,#334,#335,#336,
    #337,#338,#339,#340,#341,#342,#343,#344,#345,#346,#347,#348,#349,
    #350,#351,#352,#353,#354,#355),.UNSPECIFIED.,.F.,.F.,(4,1,1,1,1,1,1,
    1,1,1,1,1,1,1,1,1,1,1,1,1,1,1,4),(0.,3.71534611278E-03,
    7.43069222556E-03,1.114603833834E-02,1.486138445112E-02,
    1.85767305639E-02,2.229207667668E-02,2.600742278946E-02,
    2.972276890224E-02,3.343811501502E-02,3.71534611278E-02,
    4.086880724058E-02,4.458415335336E-02,4.829949946614E-02,
    5.201484557892E-02,5.57301916917E-02,5.944553780448E-02,
    6.316088391726E-02,6.687623003004E-02,7.059157614282E-02,
    7.43069222556E-02,7.802226836838E-02,8.173761448116E-02),
  .QUASI_UNIFORM_KNOTS.);
#331 = CARTESIAN_POINT('',(6.425082361784,-11.30748575506));
#332 = CARTESIAN_POINT('',(6.412799066483,-11.30906982302));
#333 = CARTESIAN_POINT('',(6.387976005241,-11.31160582838));
#334 = CARTESIAN_POINT('',(6.349977636834,-11.31354841385));
#335 = CARTESIAN_POINT('',(6.311225285758,-11.31366477408));
#336 = CARTESIAN_POINT('',(6.271714191118,-11.31198930749));
#337 = CARTESIAN_POINT('',(6.231453349844,-11.30855937997));
#338 = CARTESIAN_POINT('',(6.190368873485,-11.30340128634));
#339 = CARTESIAN_POINT('',(6.148660584177,-11.29658263826));
#340 = CARTESIAN_POINT('',(6.106654366691,-11.28822075678));
#341 = CARTESIAN_POINT('',(6.064252592248,-11.27837086669));
#342 = CARTESIAN_POINT('',(6.02146606253,-11.26710513955));
#343 = CARTESIAN_POINT('',(5.978265944692,-11.25448934458));
#344 = CARTESIAN_POINT('',(5.934647026432,-11.24059791366));
#345 = CARTESIAN_POINT('',(5.890521305237,-11.22547703035));
#346 = CARTESIAN_POINT('',(5.846079321312,-11.2092772088));
#347 = CARTESIAN_POINT('',(5.802006671797,-11.19235922506));
#348 = CARTESIAN_POINT('',(5.758102659633,-11.17475331731));
#349 = CARTESIAN_POINT('',(5.714388858057,-11.15657150659));
#350 = CARTESIAN_POINT('',(5.67082997122,-11.13790389874));
#351 = CARTESIAN_POINT('',(5.627408380766,-11.11884647752));
#352 = CARTESIAN_POINT('',(5.584103878523,-11.09949363023));
#353 = CARTESIAN_POINT('',(5.540898807336,-11.07994025207));
#354 = CARTESIAN_POINT('',(5.512150433831,-11.06683395279));
#355 = CARTESIAN_POINT('',(5.497787143782,-11.06027888876));
#356 = ( GEOMETRIC_REPRESENTATION_CONTEXT(2) 
PARAMETRIC_REPRESENTATION_CONTEXT() REPRESENTATION_CONTEXT('2D SPACE',''
  ) );
#357 = PCURVE('',#358,#363);
#358 = TOROIDAL_SURFACE('',#359,27.2,0.4);
#359 = AXIS2_PLACEMENT_3D('',#360,#361,#362);
#360 = CARTESIAN_POINT('',(-5.666681978065E-15,5.705855277383E-16,22.35)
  );
#361 = DIRECTION('',(0.,0.,1.));
#362 = DIRECTION('',(1.,0.,-0.));
#363 = DEFINITIONAL_REPRESENTATION('',(#364),#390);
#364 = B_SPLINE_CURVE_WITH_KNOTS('',3,(#365,#366,#367,#368,#369,#370,
    #371,#372,#373,#374,#375,#376,#377,#378,#379,#380,#381,#382,#383,
    #384,#385,#386,#387,#388,#389),.UNSPECIFIED.,.F.,.F.,(4,1,1,1,1,1,1,
    1,1,1,1,1,1,1,1,1,1,1,1,1,1,1,4),(0.,3.71534611278E-03,
    7.43069222556E-03,1.114603833834E-02,1.486138445112E-02,
    1.85767305639E-02,2.229207667668E-02,2.600742278946E-02,
    2.972276890224E-02,3.343811501502E-02,3.71534611278E-02,
    4.086880724058E-02,4.458415335336E-02,4.829949946614E-02,
    5.201484557892E-02,5.57301916917E-02,5.944553780448E-02,
    6.316088391726E-02,6.687623003004E-02,7.059157614282E-02,
    7.43069222556E-02,7.802226836838E-02,8.173761448116E-02),
  .QUASI_UNIFORM_KNOTS.);
#365 = CARTESIAN_POINT('',(1.782519521838,0.));
#366 = CARTESIAN_POINT('',(1.782246405322,2.456501541637E-02));
#367 = CARTESIAN_POINT('',(1.781686655858,7.353427855223E-02));
#368 = CARTESIAN_POINT('',(1.78080505382,0.146634317232));
#369 = CARTESIAN_POINT('',(1.7798800923,0.219508292977));
#370 = CARTESIAN_POINT('',(1.778910225459,0.292286287795));
#371 = CARTESIAN_POINT('',(1.777894417187,0.365059396211));
#372 = CARTESIAN_POINT('',(1.77682965306,0.438050845469));
#373 = CARTESIAN_POINT('',(1.775720215252,0.510982588142));
#374 = CARTESIAN_POINT('',(1.77457482969,0.583392547945));
#375 = CARTESIAN_POINT('',(1.773391290853,0.655557742216));
#376 = CARTESIAN_POINT('',(1.772170327993,0.72754822602));
#377 = CARTESIAN_POINT('',(1.770911731789,0.799491463976));
#378 = CARTESIAN_POINT('',(1.769616111716,0.871463756817));
#379 = CARTESIAN_POINT('',(1.768281746367,0.943672745683));
#380 = CARTESIAN_POINT('',(1.766915431237,1.015849141636));
#381 = CARTESIAN_POINT('',(1.765540229682,1.086948188185));
#382 = CARTESIAN_POINT('',(1.764152390982,1.15739989727));
#383 = CARTESIAN_POINT('',(1.762754831624,1.22724654944));
#384 = CARTESIAN_POINT('',(1.76134871436,1.29661264928));
#385 = CARTESIAN_POINT('',(1.759935705618,1.3655811148));
#386 = CARTESIAN_POINT('',(1.758517371279,1.43422919159));
#387 = CARTESIAN_POINT('',(1.757095339978,1.502622388379));
#388 = CARTESIAN_POINT('',(1.756145951492,1.548086812546));
#389 = CARTESIAN_POINT('',(1.755671188795,1.570796326795));
#390 = ( GEOMETRIC_REPRESENTATION_CONTEXT(2) 
PARAMETRIC_REPRESENTATION_CONTEXT() REPRESENTATION_CONTEXT('2D SPACE',''
  ) );
#391 = ORIENTED_EDGE('',*,*,#392,.F.);
#392 = EDGE_CURVE('',#393,#314,#395,.T.);
#393 = VERTEX_POINT('',#394);
#394 = CARTESIAN_POINT('',(-5.,28.159545450877,22.75));
#395 = SURFACE_CURVE('',#396,(#400,#407),.PCURVE_S1.);
#396 = LINE('',#397,#398);
#397 = CARTESIAN_POINT('',(-5.,15.676213027718,22.75));
#398 = VECTOR('',#399,1.);
#399 = DIRECTION('',(5.433734128465E-15,-1.,0.));
#400 = PCURVE('',#123,#401);
#401 = DEFINITIONAL_REPRESENTATION('',(#402),#406);
#402 = LINE('',#403,#404);
#403 = CARTESIAN_POINT('',(5.497787143782,-1.7763568394E-15));
#404 = VECTOR('',#405,1.);
#405 = DIRECTION('',(0.,1.));
#406 = ( GEOMETRIC_REPRESENTATION_CONTEXT(2) 
PARAMETRIC_REPRESENTATION_CONTEXT() REPRESENTATION_CONTEXT('2D SPACE',''
  ) );
#407 = PCURVE('',#408,#413);
#408 = PLANE('',#409);
#409 = AXIS2_PLACEMENT_3D('',#410,#411,#412);
#410 = CARTESIAN_POINT('',(2.6645352591E-14,0.,22.75));
#411 = DIRECTION('',(0.,0.,-1.));
#412 = DIRECTION('',(1.,0.,0.));
#413 = DEFINITIONAL_REPRESENTATION('',(#414),#418);
#414 = LINE('',#415,#416);
#415 = CARTESIAN_POINT('',(-5.,-15.67621302771));
#416 = VECTOR('',#417,1.);
#417 = DIRECTION('',(5.433734128465E-15,1.));
#418 = ( GEOMETRIC_REPRESENTATION_CONTEXT(2) 
PARAMETRIC_REPRESENTATION_CONTEXT() REPRESENTATION_CONTEXT('2D SPACE',''
  ) );
#419 = ORIENTED_EDGE('',*,*,#420,.F.);
#420 = EDGE_CURVE('',#24,#393,#421,.T.);
#421 = SURFACE_CURVE('',#422,(#433,#462),.PCURVE_S1.);
#422 = B_SPLINE_CURVE_WITH_KNOTS('',3,(#423,#424,#425,#426,#427,#428,
    #429,#430,#431,#432),.UNSPECIFIED.,.F.,.F.,(4,2,2,2,4),(
    3.752668196454E-04,3.765177735037E-02,7.530355470074E-02,
    0.113690866126,0.152078177551),.UNSPECIFIED.);
#423 = CARTESIAN_POINT('',(-5.999992949661,27.963549213289,
    21.753755080463));
#424 = CARTESIAN_POINT('',(-5.999525761223,27.963649455476,
    21.878169230442));
#425 = CARTESIAN_POINT('',(-5.974410652451,27.969073094816,
    22.010386907419));
#426 = CARTESIAN_POINT('',(-5.873516634989,27.990435652654,
    22.25457485075));
#427 = CARTESIAN_POINT('',(-5.797219376764,28.006431863548,
    22.366340021307));
#428 = CARTESIAN_POINT('',(-5.620463901476,28.042444232253,
    22.544397378947));
#429 = CARTESIAN_POINT('',(-5.50754813134,28.06497383325,22.621962195167
    ));
#430 = CARTESIAN_POINT('',(-5.260313425726,28.112362855915,
    22.724761560347));
#431 = CARTESIAN_POINT('',(-5.125987091004,28.137175222774,22.75));
#432 = CARTESIAN_POINT('',(-5.,28.159545450877,22.75));
#433 = PCURVE('',#123,#434);
#434 = DEFINITIONAL_REPRESENTATION('',(#435),#461);
#435 = B_SPLINE_CURVE_WITH_KNOTS('',3,(#436,#437,#438,#439,#440,#441,
    #442,#443,#444,#445,#446,#447,#448,#449,#450,#451,#452,#453,#454,
    #455,#456,#457,#458,#459,#460),.UNSPECIFIED.,.F.,.F.,(4,1,1,1,1,1,1,
    1,1,1,1,1,1,1,1,1,1,1,1,1,1,1,4),(3.752668196454E-04,
    7.270853671075E-03,1.416644052251E-02,2.106202737394E-02,
    2.795761422537E-02,3.48532010768E-02,4.174878792822E-02,
    4.864437477965E-02,5.553996163108E-02,6.243554848251E-02,
    6.933113533394E-02,7.622672218537E-02,8.31223090368E-02,
    9.001789588823E-02,9.691348273966E-02,0.103809069591,0.110704656443,
    0.117600243294,0.124495830145,0.131391416997,0.138287003848,
    0.1451825907,0.152078177551),.QUASI_UNIFORM_KNOTS.);
#436 = CARTESIAN_POINT('',(7.06482838129,-12.28733618557));
#437 = CARTESIAN_POINT('',(7.041814669242,-12.28735472884));
#438 = CARTESIAN_POINT('',(6.99524183012,-12.28775613215));
#439 = CARTESIAN_POINT('',(6.924094435996,-12.28944674632));
#440 = CARTESIAN_POINT('',(6.852006876658,-12.29222107575));
#441 = CARTESIAN_POINT('',(6.779327610274,-12.29607556157));
#442 = CARTESIAN_POINT('',(6.706375707656,-12.30100205757));
#443 = CARTESIAN_POINT('',(6.633412190988,-12.30700953178));
#444 = CARTESIAN_POINT('',(6.560637971359,-12.31400731786));
#445 = CARTESIAN_POINT('',(6.488307176679,-12.32186242049));
#446 = CARTESIAN_POINT('',(6.41679643802,-12.33044331707));
#447 = CARTESIAN_POINT('',(6.346258369289,-12.33965156075));
#448 = CARTESIAN_POINT('',(6.277793171235,-12.34925492903));
#449 = CARTESIAN_POINT('',(6.208785875533,-12.35954867476));
#450 = CARTESIAN_POINT('',(6.138325384763,-12.37059556044));
#451 = CARTESIAN_POINT('',(6.067057543396,-12.38223831729));
#452 = CARTESIAN_POINT('',(5.995208768337,-12.39437879418));
#453 = CARTESIAN_POINT('',(5.923088559111,-12.40690240068));
#454 = CARTESIAN_POINT('',(5.850922591152,-12.41970118601));
#455 = CARTESIAN_POINT('',(5.778888457042,-12.43264591478));
#456 = CARTESIAN_POINT('',(5.70722730781,-12.44561314329));
#457 = CARTESIAN_POINT('',(5.636231281798,-12.45847896505));
#458 = CARTESIAN_POINT('',(5.566220505628,-12.47111959759));
#459 = CARTESIAN_POINT('',(5.520417486917,-12.4793140159));
#460 = CARTESIAN_POINT('',(5.497787143782,-12.48333242315));
#461 = ( GEOMETRIC_REPRESENTATION_CONTEXT(2) 
PARAMETRIC_REPRESENTATION_CONTEXT() REPRESENTATION_CONTEXT('2D SPACE',''
  ) );
#462 = PCURVE('',#73,#463);
#463 = DEFINITIONAL_REPRESENTATION('',(#464),#490);
#464 = B_SPLINE_CURVE_WITH_KNOTS('',3,(#465,#466,#467,#468,#469,#470,
    #471,#472,#473,#474,#475,#476,#477,#478,#479,#480,#481,#482,#483,
    #484,#485,#486,#487,#488,#489),.UNSPECIFIED.,.F.,.F.,(4,1,1,1,1,1,1,
    1,1,1,1,1,1,1,1,1,1,1,1,1,1,1,4),(3.752668196454E-04,
    7.270853671075E-03,1.416644052251E-02,2.106202737394E-02,
    2.795761422537E-02,3.48532010768E-02,4.174878792822E-02,
    4.864437477965E-02,5.553996163108E-02,6.243554848251E-02,
    6.933113533394E-02,7.622672218537E-02,8.31223090368E-02,
    9.001789588823E-02,9.691348273966E-02,0.103809069591,0.110704656443,
    0.117600243294,0.124495830145,0.131391416997,0.138287003848,
    0.1451825907,0.152078177551),.QUASI_UNIFORM_KNOTS.);
#465 = CARTESIAN_POINT('',(0.370873201316,1.746244919537));
#466 = CARTESIAN_POINT('',(0.370876291881,1.723230196203));
#467 = CARTESIAN_POINT('',(0.370942812874,1.676666667974));
#468 = CARTESIAN_POINT('',(0.371224154791,1.605923401004));
#469 = CARTESIAN_POINT('',(0.371687542238,1.534985779237));
#470 = CARTESIAN_POINT('',(0.372333655416,1.464559698285));
#471 = CARTESIAN_POINT('',(0.373162451864,1.395342600864));
#472 = CARTESIAN_POINT('',(0.374176586899,1.328063465483));
#473 = CARTESIAN_POINT('',(0.375364551205,1.263281157352));
#474 = CARTESIAN_POINT('',(0.37670598171,1.201431930056));
#475 = CARTESIAN_POINT('',(0.378180962983,1.143025586516));
#476 = CARTESIAN_POINT('',(0.379775339701,1.088385667023));
#477 = CARTESIAN_POINT('',(0.381451477018,1.038507213043));
#478 = CARTESIAN_POINT('',(0.383264378486,0.991758517872));
#479 = CARTESIAN_POINT('',(0.385228287419,0.947760026257));
#480 = CARTESIAN_POINT('',(0.387318791982,0.907222763181));
#481 = CARTESIAN_POINT('',(0.389521906897,0.870570149065));
#482 = CARTESIAN_POINT('',(0.391820611015,0.83828544234));
#483 = CARTESIAN_POINT('',(0.39419961943,0.810900153967));
#484 = CARTESIAN_POINT('',(0.396638416558,0.788598662135));
#485 = CARTESIAN_POINT('',(0.399112799152,0.771301929713));
#486 = CARTESIAN_POINT('',(0.401599392034,0.758990443437));
#487 = CARTESIAN_POINT('',(0.404074597331,0.751628735193));
#488 = CARTESIAN_POINT('',(0.405701452037,0.75));
#489 = CARTESIAN_POINT('',(0.406505133278,0.75));
#490 = ( GEOMETRIC_REPRESENTATION_CONTEXT(2) 
PARAMETRIC_REPRESENTATION_CONTEXT() REPRESENTATION_CONTEXT('2D SPACE',''
  ) );
#491 = ORIENTED_EDGE('',*,*,#107,.T.);
#492 = ADVANCED_FACE('',(#493),#73,.T.);
#493 = FACE_BOUND('',#494,.T.);
#494 = EDGE_LOOP('',(#495,#496,#520,#548,#577,#605,#629,#708,#787,#813)
  );
#495 = ORIENTED_EDGE('',*,*,#21,.F.);
#496 = ORIENTED_EDGE('',*,*,#497,.F.);
#497 = EDGE_CURVE('',#498,#22,#500,.T.);
#498 = VERTEX_POINT('',#499);
#499 = CARTESIAN_POINT('',(-15.72687325193,23.88776795177,
    20.757510160843));
#500 = SURFACE_CURVE('',#501,(#506,#513),.PCURVE_S1.);
#501 = CIRCLE('',#502,28.6);
#502 = AXIS2_PLACEMENT_3D('',#503,#504,#505);
#503 = CARTESIAN_POINT('',(-5.666681978065E-15,5.705855277383E-16,
    20.757510160843));
#504 = DIRECTION('',(2.359223927328E-16,-2.775557561563E-17,-1.));
#505 = DIRECTION('',(-0.549890673145,0.83523664167,-1.529139971146E-16)
  );
#506 = PCURVE('',#73,#507);
#507 = DEFINITIONAL_REPRESENTATION('',(#508),#512);
#508 = LINE('',#509,#510);
#509 = CARTESIAN_POINT('',(0.,2.742489839157));
#510 = VECTOR('',#511,1.);
#511 = DIRECTION('',(1.,0.));
#512 = ( GEOMETRIC_REPRESENTATION_CONTEXT(2) 
PARAMETRIC_REPRESENTATION_CONTEXT() REPRESENTATION_CONTEXT('2D SPACE',''
  ) );
#513 = PCURVE('',#228,#514);
#514 = DEFINITIONAL_REPRESENTATION('',(#515),#519);
#515 = CIRCLE('',#516,28.6);
#516 = AXIS2_PLACEMENT_2D('',#517,#518);
#517 = CARTESIAN_POINT('',(3.226485009052E-14,-3.875857685885E-15));
#518 = DIRECTION('',(0.549890673145,0.83523664167));
#519 = ( GEOMETRIC_REPRESENTATION_CONTEXT(2) 
PARAMETRIC_REPRESENTATION_CONTEXT() REPRESENTATION_CONTEXT('2D SPACE',''
  ) );
#520 = ORIENTED_EDGE('',*,*,#521,.F.);
#521 = EDGE_CURVE('',#522,#498,#524,.T.);
#522 = VERTEX_POINT('',#523);
#523 = CARTESIAN_POINT('',(-15.72687325193,23.88776795177,23.3));
#524 = SURFACE_CURVE('',#525,(#529,#536),.PCURVE_S1.);
#525 = LINE('',#526,#527);
#526 = CARTESIAN_POINT('',(-15.72687325193,23.88776795177,23.5));
#527 = VECTOR('',#528,1.);
#528 = DIRECTION('',(0.,0.,-1.));
#529 = PCURVE('',#73,#530);
#530 = DEFINITIONAL_REPRESENTATION('',(#531),#535);
#531 = LINE('',#532,#533);
#532 = CARTESIAN_POINT('',(0.,0.));
#533 = VECTOR('',#534,1.);
#534 = DIRECTION('',(0.,1.));
#535 = ( GEOMETRIC_REPRESENTATION_CONTEXT(2) 
PARAMETRIC_REPRESENTATION_CONTEXT() REPRESENTATION_CONTEXT('2D SPACE',''
  ) );
#536 = PCURVE('',#537,#542);
#537 = CYLINDRICAL_SURFACE('',#538,1.6);
#538 = AXIS2_PLACEMENT_3D('',#539,#540,#541);
#539 = CARTESIAN_POINT('',(-14.8470481749,22.551389325098,23.5));
#540 = DIRECTION('',(0.,0.,-1.));
#541 = DIRECTION('',(-0.8961655348,-0.443719882626,-0.));
#542 = DEFINITIONAL_REPRESENTATION('',(#543),#547);
#543 = LINE('',#544,#545);
#544 = CARTESIAN_POINT('',(1.448308304161,0.));
#545 = VECTOR('',#546,1.);
#546 = DIRECTION('',(0.,1.));
#547 = ( GEOMETRIC_REPRESENTATION_CONTEXT(2) 
PARAMETRIC_REPRESENTATION_CONTEXT() REPRESENTATION_CONTEXT('2D SPACE',''
  ) );
#548 = ORIENTED_EDGE('',*,*,#549,.F.);
#549 = EDGE_CURVE('',#550,#522,#552,.T.);
#550 = VERTEX_POINT('',#551);
#551 = CARTESIAN_POINT('',(15.726873251933,23.88776795177,23.3));
#552 = SURFACE_CURVE('',#553,(#558,#565),.PCURVE_S1.);
#553 = CIRCLE('',#554,28.6);
#554 = AXIS2_PLACEMENT_3D('',#555,#556,#557);
#555 = CARTESIAN_POINT('',(-5.666681978065E-15,5.705855277383E-16,23.3)
  );
#556 = DIRECTION('',(0.,0.,1.));
#557 = DIRECTION('',(-0.549890673145,0.83523664167,0.));
#558 = PCURVE('',#73,#559);
#559 = DEFINITIONAL_REPRESENTATION('',(#560),#564);
#560 = LINE('',#561,#562);
#561 = CARTESIAN_POINT('',(6.28318530718,0.2));
#562 = VECTOR('',#563,1.);
#563 = DIRECTION('',(-1.,0.));
#564 = ( GEOMETRIC_REPRESENTATION_CONTEXT(2) 
PARAMETRIC_REPRESENTATION_CONTEXT() REPRESENTATION_CONTEXT('2D SPACE',''
  ) );
#565 = PCURVE('',#566,#571);
#566 = CONICAL_SURFACE('',#567,28.5,0.785398163397);
#567 = AXIS2_PLACEMENT_3D('',#568,#569,#570);
#568 = CARTESIAN_POINT('',(-5.666681978065E-15,5.705855277383E-16,23.4)
  );
#569 = DIRECTION('',(0.,0.,-1.));
#570 = DIRECTION('',(-0.549890673145,0.83523664167,0.));
#571 = DEFINITIONAL_REPRESENTATION('',(#572),#576);
#572 = LINE('',#573,#574);
#573 = CARTESIAN_POINT('',(6.28318530718,0.1));
#574 = VECTOR('',#575,1.);
#575 = DIRECTION('',(-1.,-3.050610425479E-15));
#576 = ( GEOMETRIC_REPRESENTATION_CONTEXT(2) 
PARAMETRIC_REPRESENTATION_CONTEXT() REPRESENTATION_CONTEXT('2D SPACE',''
  ) );
#577 = ORIENTED_EDGE('',*,*,#578,.T.);
#578 = EDGE_CURVE('',#550,#579,#581,.T.);
#579 = VERTEX_POINT('',#580);
#580 = CARTESIAN_POINT('',(15.726873251933,23.88776795177,
    20.757510160843));
#581 = SURFACE_CURVE('',#582,(#586,#593),.PCURVE_S1.);
#582 = LINE('',#583,#584);
#583 = CARTESIAN_POINT('',(15.726873251933,23.88776795177,23.5));
#584 = VECTOR('',#585,1.);
#585 = DIRECTION('',(0.,0.,-1.));
#586 = PCURVE('',#73,#587);
#587 = DEFINITIONAL_REPRESENTATION('',(#588),#592);
#588 = LINE('',#589,#590);
#589 = CARTESIAN_POINT('',(1.164466677915,0.));
#590 = VECTOR('',#591,1.);
#591 = DIRECTION('',(0.,1.));
#592 = ( GEOMETRIC_REPRESENTATION_CONTEXT(2) 
PARAMETRIC_REPRESENTATION_CONTEXT() REPRESENTATION_CONTEXT('2D SPACE',''
  ) );
#593 = PCURVE('',#594,#599);
#594 = CYLINDRICAL_SURFACE('',#595,1.6);
#595 = AXIS2_PLACEMENT_3D('',#596,#597,#598);
#596 = CARTESIAN_POINT('',(14.847048174902,22.551389325098,23.5));
#597 = DIRECTION('',(0.,0.,-1.));
#598 = DIRECTION('',(0.549890673145,0.83523664167,0.));
#599 = DEFINITIONAL_REPRESENTATION('',(#600),#604);
#600 = LINE('',#601,#602);
#601 = CARTESIAN_POINT('',(0.,0.));
#602 = VECTOR('',#603,1.);
#603 = DIRECTION('',(0.,1.));
#604 = ( GEOMETRIC_REPRESENTATION_CONTEXT(2) 
PARAMETRIC_REPRESENTATION_CONTEXT() REPRESENTATION_CONTEXT('2D SPACE',''
  ) );
#605 = ORIENTED_EDGE('',*,*,#606,.F.);
#606 = EDGE_CURVE('',#607,#579,#609,.T.);
#607 = VERTEX_POINT('',#608);
#608 = CARTESIAN_POINT('',(6.999985899321,27.730131579372,
    20.757510160843));
#609 = SURFACE_CURVE('',#610,(#615,#622),.PCURVE_S1.);
#610 = CIRCLE('',#611,28.6);
#611 = AXIS2_PLACEMENT_3D('',#612,#613,#614);
#612 = CARTESIAN_POINT('',(-5.666681978065E-15,5.705855277383E-16,
    20.757510160843));
#613 = DIRECTION('',(2.359223927328E-16,-2.775557561563E-17,-1.));
#614 = DIRECTION('',(-0.549890673145,0.83523664167,-1.529139971146E-16)
  );
#615 = PCURVE('',#73,#616);
#616 = DEFINITIONAL_REPRESENTATION('',(#617),#621);
#617 = LINE('',#618,#619);
#618 = CARTESIAN_POINT('',(1.110223024625E-16,2.742489839157));
#619 = VECTOR('',#620,1.);
#620 = DIRECTION('',(1.,-1.060617303741E-14));
#621 = ( GEOMETRIC_REPRESENTATION_CONTEXT(2) 
PARAMETRIC_REPRESENTATION_CONTEXT() REPRESENTATION_CONTEXT('2D SPACE',''
  ) );
#622 = PCURVE('',#228,#623);
#623 = DEFINITIONAL_REPRESENTATION('',(#624),#628);
#624 = CIRCLE('',#625,28.6);
#625 = AXIS2_PLACEMENT_2D('',#626,#627);
#626 = CARTESIAN_POINT('',(3.226485009052E-14,-3.875857685885E-15));
#627 = DIRECTION('',(0.549890673145,0.83523664167));
#628 = ( GEOMETRIC_REPRESENTATION_CONTEXT(2) 
PARAMETRIC_REPRESENTATION_CONTEXT() REPRESENTATION_CONTEXT('2D SPACE',''
  ) );
#629 = ORIENTED_EDGE('',*,*,#630,.F.);
#630 = EDGE_CURVE('',#631,#607,#633,.T.);
#631 = VERTEX_POINT('',#632);
#632 = CARTESIAN_POINT('',(5.999992949661,27.963549213289,
    21.753755080463));
#633 = SURFACE_CURVE('',#634,(#645,#674),.PCURVE_S1.);
#634 = B_SPLINE_CURVE_WITH_KNOTS('',3,(#635,#636,#637,#638,#639,#640,
    #641,#642,#643,#644),.UNSPECIFIED.,.F.,.F.,(4,2,2,2,4),(
    0.306505757807,0.343728912459,0.381327333058,0.420108572873,
    0.458889812689),.UNSPECIFIED.);
#635 = CARTESIAN_POINT('',(5.999992949661,27.963549213289,
    21.753755080463));
#636 = CARTESIAN_POINT('',(6.000459471516,27.963449114127,
    21.629518441313));
#637 = CARTESIAN_POINT('',(6.025511353452,27.95810858248,21.497472726132
    ));
#638 = CARTESIAN_POINT('',(6.126100522017,27.93624112386,21.253631798826
    ));
#639 = CARTESIAN_POINT('',(6.202156074339,27.919549188987,
    21.142051439685));
#640 = CARTESIAN_POINT('',(6.379040414881,27.879675740973,
    20.963326450314));
#641 = CARTESIAN_POINT('',(6.492615595007,27.853584400394,
    20.885400553106));
#642 = CARTESIAN_POINT('',(6.740430308466,27.79465453056,20.782507245934
    ));
#643 = CARTESIAN_POINT('',(6.87464686868,27.761771221781,20.757510160843
    ));
#644 = CARTESIAN_POINT('',(6.999985899321,27.730131579372,
    20.757510160843));
#645 = PCURVE('',#73,#646);
#646 = DEFINITIONAL_REPRESENTATION('',(#647),#673);
#647 = B_SPLINE_CURVE_WITH_KNOTS('',3,(#648,#649,#650,#651,#652,#653,
    #654,#655,#656,#657,#658,#659,#660,#661,#662,#663,#664,#665,#666,
    #667,#668,#669,#670,#671,#672),.UNSPECIFIED.,.F.,.F.,(4,1,1,1,1,1,1,
    1,1,1,1,1,1,1,1,1,1,1,1,1,1,1,4),(0.306505757807,0.313432305756,
    0.320358853705,0.327285401654,0.334211949604,0.341138497553,
    0.348065045502,0.354991593451,0.3619181414,0.36884468935,
    0.375771237299,0.382697785248,0.389624333197,0.396550881146,
    0.403477429096,0.410403977045,0.417330524994,0.424257072943,
    0.431183620892,0.438110168842,0.445036716791,0.45196326474,
    0.458889812689),.QUASI_UNIFORM_KNOTS.);
#648 = CARTESIAN_POINT('',(0.793593476599,1.746244919537));
#649 = CARTESIAN_POINT('',(0.793596581055,1.769363084727));
#650 = CARTESIAN_POINT('',(0.793663657282,1.816140233906));
#651 = CARTESIAN_POINT('',(0.793947507816,1.887211266285));
#652 = CARTESIAN_POINT('',(0.79441517168,1.958471122845));
#653 = CARTESIAN_POINT('',(0.795067425921,2.029200997383));
#654 = CARTESIAN_POINT('',(0.795904307098,2.098690707428));
#655 = CARTESIAN_POINT('',(0.796928616067,2.166197897352));
#656 = CARTESIAN_POINT('',(0.798128130921,2.231160407487));
#657 = CARTESIAN_POINT('',(0.799482242248,2.293133560752));
#658 = CARTESIAN_POINT('',(0.800970662479,2.351598435275));
#659 = CARTESIAN_POINT('',(0.802579098866,2.406228053518));
#660 = CARTESIAN_POINT('',(0.804268966382,2.45600190539));
#661 = CARTESIAN_POINT('',(0.80610259267,2.502757971208));
#662 = CARTESIAN_POINT('',(0.808084924589,2.546627036805));
#663 = CARTESIAN_POINT('',(0.810193952717,2.586983013901));
#664 = CARTESIAN_POINT('',(0.812414960153,2.623397911312));
#665 = CARTESIAN_POINT('',(0.814731031776,2.655408223583));
#666 = CARTESIAN_POINT('',(0.817126772658,2.682494405245));
#667 = CARTESIAN_POINT('',(0.819581276349,2.704513681379));
#668 = CARTESIAN_POINT('',(0.822070355538,2.721559070817));
#669 = CARTESIAN_POINT('',(0.824570584057,2.733668605999));
#670 = CARTESIAN_POINT('',(0.827058330972,2.740895057984));
#671 = CARTESIAN_POINT('',(0.828692792169,2.742489839157));
#672 = CARTESIAN_POINT('',(0.829500081927,2.742489839157));
#673 = ( GEOMETRIC_REPRESENTATION_CONTEXT(2) 
PARAMETRIC_REPRESENTATION_CONTEXT() REPRESENTATION_CONTEXT('2D SPACE',''
  ) );
#674 = PCURVE('',#675,#680);
#675 = CYLINDRICAL_SURFACE('',#676,1.);
#676 = AXIS2_PLACEMENT_3D('',#677,#678,#679);
#677 = CARTESIAN_POINT('',(6.999985899321,11.245342928537,
    21.757510160843));
#678 = DIRECTION('',(0.,1.,0.));
#679 = DIRECTION('',(0.,-0.,1.));
#680 = DEFINITIONAL_REPRESENTATION('',(#681),#707);
#681 = B_SPLINE_CURVE_WITH_KNOTS('',3,(#682,#683,#684,#685,#686,#687,
    #688,#689,#690,#691,#692,#693,#694,#695,#696,#697,#698,#699,#700,
    #701,#702,#703,#704,#705,#706),.UNSPECIFIED.,.F.,.F.,(4,1,1,1,1,1,1,
    1,1,1,1,1,1,1,1,1,1,1,1,1,1,1,4),(0.306505757807,0.313432305756,
    0.320358853705,0.327285401654,0.334211949604,0.341138497553,
    0.348065045502,0.354991593451,0.3619181414,0.36884468935,
    0.375771237299,0.382697785248,0.389624333197,0.396550881146,
    0.403477429096,0.410403977045,0.417330524994,0.424257072943,
    0.431183620892,0.438110168842,0.445036716791,0.45196326474,
    0.458889812689),.QUASI_UNIFORM_KNOTS.);
#682 = CARTESIAN_POINT('',(4.708633891179,16.718206284752));
#683 = CARTESIAN_POINT('',(4.685516767644,16.718187658129));
#684 = CARTESIAN_POINT('',(4.638730175084,16.717787499474));
#685 = CARTESIAN_POINT('',(4.567249541684,16.716086944508));
#686 = CARTESIAN_POINT('',(4.494824355016,16.713274803288));
#687 = CARTESIAN_POINT('',(4.421811158529,16.709338646373));
#688 = CARTESIAN_POINT('',(4.348536400563,16.704270353512));
#689 = CARTESIAN_POINT('',(4.275265724775,16.698045727868));
#690 = CARTESIAN_POINT('',(4.202209028428,16.690716229636));
#691 = CARTESIAN_POINT('',(4.129631442168,16.682394704353));
#692 = CARTESIAN_POINT('',(4.057923299743,16.673190646705));
#693 = CARTESIAN_POINT('',(3.987243261354,16.663176111219));
#694 = CARTESIAN_POINT('',(3.918726013431,16.652576263918));
#695 = CARTESIAN_POINT('',(3.849472351847,16.640979926242));
#696 = CARTESIAN_POINT('',(3.778938113646,16.628337577329));
#697 = CARTESIAN_POINT('',(3.707666629139,16.614769787468));
#698 = CARTESIAN_POINT('',(3.635909210862,16.600350887274));
#699 = CARTESIAN_POINT('',(3.563967494474,16.585170074903));
#700 = CARTESIAN_POINT('',(3.49207068391,16.569303318022));
#701 = CARTESIAN_POINT('',(3.42039756587,16.55287149791));
#702 = CARTESIAN_POINT('',(3.349183731361,16.536041898193));
#703 = CARTESIAN_POINT('',(3.278718200516,16.518971771093));
#704 = CARTESIAN_POINT('',(3.209318890814,16.501821057663));
#705 = CARTESIAN_POINT('',(3.163978169714,16.490439669247));
#706 = CARTESIAN_POINT('',(3.14159265359,16.484788650835));
#707 = ( GEOMETRIC_REPRESENTATION_CONTEXT(2) 
PARAMETRIC_REPRESENTATION_CONTEXT() REPRESENTATION_CONTEXT('2D SPACE',''
  ) );
#708 = ORIENTED_EDGE('',*,*,#709,.F.);
#709 = EDGE_CURVE('',#710,#631,#712,.T.);
#710 = VERTEX_POINT('',#711);
#711 = CARTESIAN_POINT('',(5.,28.159545450877,22.75));
#712 = SURFACE_CURVE('',#713,(#724,#753),.PCURVE_S1.);
#713 = B_SPLINE_CURVE_WITH_KNOTS('',3,(#714,#715,#716,#717,#718,#719,
    #720,#721,#722,#723),.UNSPECIFIED.,.F.,.F.,(4,2,2,2,4),(
    -0.152078177551,-0.113690866126,-7.530355470074E-02,
    -3.765177735037E-02,-3.752668196458E-04),.UNSPECIFIED.);
#714 = CARTESIAN_POINT('',(5.,28.159545450877,22.75));
#715 = CARTESIAN_POINT('',(5.125987091004,28.137175222774,22.75));
#716 = CARTESIAN_POINT('',(5.260313425726,28.112362855915,
    22.724761560347));
#717 = CARTESIAN_POINT('',(5.50754813134,28.06497383325,22.621962195167)
  );
#718 = CARTESIAN_POINT('',(5.620463901476,28.042444232253,
    22.544397378947));
#719 = CARTESIAN_POINT('',(5.797219376764,28.006431863548,
    22.366340021307));
#720 = CARTESIAN_POINT('',(5.873516634988,27.990435652654,22.25457485075
    ));
#721 = CARTESIAN_POINT('',(5.974410652451,27.969073094816,
    22.010386907419));
#722 = CARTESIAN_POINT('',(5.999525761223,27.963649455476,
    21.878169230442));
#723 = CARTESIAN_POINT('',(5.999992949661,27.963549213289,
    21.753755080463));
#724 = PCURVE('',#73,#725);
#725 = DEFINITIONAL_REPRESENTATION('',(#726),#752);
#726 = B_SPLINE_CURVE_WITH_KNOTS('',3,(#727,#728,#729,#730,#731,#732,
    #733,#734,#735,#736,#737,#738,#739,#740,#741,#742,#743,#744,#745,
    #746,#747,#748,#749,#750,#751),.UNSPECIFIED.,.F.,.F.,(4,1,1,1,1,1,1,
    1,1,1,1,1,1,1,1,1,1,1,1,1,1,1,4),(-0.152078177551,-0.1451825907,
    -0.138287003848,-0.131391416997,-0.124495830145,-0.117600243294,
    -0.110704656443,-0.103809069591,-9.691348273966E-02,
    -9.001789588823E-02,-8.31223090368E-02,-7.622672218537E-02,
    -6.933113533394E-02,-6.243554848252E-02,-5.553996163109E-02,
    -4.864437477966E-02,-4.174878792823E-02,-3.48532010768E-02,
    -2.795761422537E-02,-2.106202737394E-02,-1.416644052251E-02,
    -7.270853671076E-03,-3.752668196458E-04),.UNSPECIFIED.);
#727 = CARTESIAN_POINT('',(0.757961544637,0.75));
#728 = CARTESIAN_POINT('',(0.758765225878,0.75));
#729 = CARTESIAN_POINT('',(0.760392080584,0.751628735193));
#730 = CARTESIAN_POINT('',(0.762867285881,0.758990443437));
#731 = CARTESIAN_POINT('',(0.765353878763,0.771301929713));
#732 = CARTESIAN_POINT('',(0.767828261357,0.788598662135));
#733 = CARTESIAN_POINT('',(0.770267058486,0.810900153967));
#734 = CARTESIAN_POINT('',(0.7726460669,0.83828544234));
#735 = CARTESIAN_POINT('',(0.774944771019,0.870570149065));
#736 = CARTESIAN_POINT('',(0.777147885933,0.907222763181));
#737 = CARTESIAN_POINT('',(0.779238390497,0.947760026257));
#738 = CARTESIAN_POINT('',(0.78120229943,0.991758517872));
#739 = CARTESIAN_POINT('',(0.783015200897,1.038507213043));
#740 = CARTESIAN_POINT('',(0.784691338214,1.088385667023));
#741 = CARTESIAN_POINT('',(0.786285714933,1.143025586516));
#742 = CARTESIAN_POINT('',(0.787760696206,1.201431930056));
#743 = CARTESIAN_POINT('',(0.78910212671,1.263281157352));
#744 = CARTESIAN_POINT('',(0.790290091017,1.328063465483));
#745 = CARTESIAN_POINT('',(0.791304226052,1.395342600864));
#746 = CARTESIAN_POINT('',(0.7921330225,1.464559698285));
#747 = CARTESIAN_POINT('',(0.792779135678,1.534985779237));
#748 = CARTESIAN_POINT('',(0.793242523124,1.605923401004));
#749 = CARTESIAN_POINT('',(0.793523865042,1.676666667974));
#750 = CARTESIAN_POINT('',(0.793590386034,1.723230196203));
#751 = CARTESIAN_POINT('',(0.793593476599,1.746244919537));
#752 = ( GEOMETRIC_REPRESENTATION_CONTEXT(2) 
PARAMETRIC_REPRESENTATION_CONTEXT() REPRESENTATION_CONTEXT('2D SPACE',''
  ) );
#753 = PCURVE('',#754,#759);
#754 = CYLINDRICAL_SURFACE('',#755,1.);
#755 = AXIS2_PLACEMENT_3D('',#756,#757,#758);
#756 = CARTESIAN_POINT('',(5.,11.245342928537,21.75));
#757 = DIRECTION('',(0.,1.,0.));
#758 = DIRECTION('',(0.707106781187,-0.,0.707106781187));
#759 = DEFINITIONAL_REPRESENTATION('',(#760),#786);
#760 = B_SPLINE_CURVE_WITH_KNOTS('',3,(#761,#762,#763,#764,#765,#766,
    #767,#768,#769,#770,#771,#772,#773,#774,#775,#776,#777,#778,#779,
    #780,#781,#782,#783,#784,#785),.UNSPECIFIED.,.F.,.F.,(4,1,1,1,1,1,1,
    1,1,1,1,1,1,1,1,1,1,1,1,1,1,1,4),(-0.152078177551,-0.1451825907,
    -0.138287003848,-0.131391416997,-0.124495830145,-0.117600243294,
    -0.110704656443,-0.103809069591,-9.691348273966E-02,
    -9.001789588823E-02,-8.31223090368E-02,-7.622672218537E-02,
    -6.933113533394E-02,-6.243554848252E-02,-5.553996163109E-02,
    -4.864437477966E-02,-4.174878792823E-02,-3.48532010768E-02,
    -2.795761422537E-02,-2.106202737394E-02,-1.416644052251E-02,
    -7.270853671076E-03,-3.752668196458E-04),.UNSPECIFIED.);
#761 = CARTESIAN_POINT('',(5.497787143782,16.91420252234));
#762 = CARTESIAN_POINT('',(5.520417486917,16.910184115084));
#763 = CARTESIAN_POINT('',(5.566220505628,16.901989696775));
#764 = CARTESIAN_POINT('',(5.636231281798,16.889349064237));
#765 = CARTESIAN_POINT('',(5.70722730781,16.87648324248));
#766 = CARTESIAN_POINT('',(5.778888457042,16.863516013961));
#767 = CARTESIAN_POINT('',(5.850922591152,16.85057128519));
#768 = CARTESIAN_POINT('',(5.923088559111,16.837772499866));
#769 = CARTESIAN_POINT('',(5.995208768337,16.825248893369));
#770 = CARTESIAN_POINT('',(6.067057543396,16.813108416471));
#771 = CARTESIAN_POINT('',(6.138325384763,16.801465659625));
#772 = CARTESIAN_POINT('',(6.208785875533,16.79041877395));
#773 = CARTESIAN_POINT('',(6.277793171235,16.780125028215));
#774 = CARTESIAN_POINT('',(6.346258369289,16.770521659931));
#775 = CARTESIAN_POINT('',(6.41679643802,16.761313416259));
#776 = CARTESIAN_POINT('',(6.488307176679,16.752732519672));
#777 = CARTESIAN_POINT('',(6.560637971359,16.744877417043));
#778 = CARTESIAN_POINT('',(6.633412190988,16.73787963097));
#779 = CARTESIAN_POINT('',(6.706375707656,16.731872156751));
#780 = CARTESIAN_POINT('',(6.779327610274,16.726945660753));
#781 = CARTESIAN_POINT('',(6.852006876658,16.723091174935));
#782 = CARTESIAN_POINT('',(6.924094435996,16.720316845503));
#783 = CARTESIAN_POINT('',(6.99524183012,16.71862623134));
#784 = CARTESIAN_POINT('',(7.041814669242,16.71822482803));
#785 = CARTESIAN_POINT('',(7.06482838129,16.718206284752));
#786 = ( GEOMETRIC_REPRESENTATION_CONTEXT(2) 
PARAMETRIC_REPRESENTATION_CONTEXT() REPRESENTATION_CONTEXT('2D SPACE',''
  ) );
#787 = ORIENTED_EDGE('',*,*,#788,.T.);
#788 = EDGE_CURVE('',#710,#393,#789,.T.);
#789 = SURFACE_CURVE('',#790,(#795,#802),.PCURVE_S1.);
#790 = CIRCLE('',#791,28.6);
#791 = AXIS2_PLACEMENT_3D('',#792,#793,#794);
#792 = CARTESIAN_POINT('',(-5.666681978065E-15,5.705855277383E-16,22.75)
  );
#793 = DIRECTION('',(0.,0.,1.));
#794 = DIRECTION('',(-0.549890673145,0.83523664167,0.));
#795 = PCURVE('',#73,#796);
#796 = DEFINITIONAL_REPRESENTATION('',(#797),#801);
#797 = LINE('',#798,#799);
#798 = CARTESIAN_POINT('',(6.28318530718,0.75));
#799 = VECTOR('',#800,1.);
#800 = DIRECTION('',(-1.,0.));
#801 = ( GEOMETRIC_REPRESENTATION_CONTEXT(2) 
PARAMETRIC_REPRESENTATION_CONTEXT() REPRESENTATION_CONTEXT('2D SPACE',''
  ) );
#802 = PCURVE('',#408,#803);
#803 = DEFINITIONAL_REPRESENTATION('',(#804),#812);
#804 = ( BOUNDED_CURVE() B_SPLINE_CURVE(2,(#805,#806,#807,#808,#809,#810
,#811),.UNSPECIFIED.,.T.,.F.) B_SPLINE_CURVE_WITH_KNOTS((1,2,2,2,2,1),(
    -2.094395102393,0.,2.094395102393,4.188790204786,6.28318530718,
8.377580409573),.UNSPECIFIED.) CURVE() GEOMETRIC_REPRESENTATION_ITEM() 
RATIONAL_B_SPLINE_CURVE((1.,0.5,1.,0.5,1.,0.5,1.)) REPRESENTATION_ITEM(
  '') );
#805 = CARTESIAN_POINT('',(-15.72687325193,-23.88776795177));
#806 = CARTESIAN_POINT('',(-57.10170102381,3.351975564775));
#807 = CARTESIAN_POINT('',(-12.82397725997,25.563755734158));
#808 = CARTESIAN_POINT('',(31.453746503867,47.77553590354));
#809 = CARTESIAN_POINT('',(28.550850511907,-1.675987782387));
#810 = CARTESIAN_POINT('',(25.647954519948,-51.12751146831));
#811 = CARTESIAN_POINT('',(-15.72687325193,-23.88776795177));
#812 = ( GEOMETRIC_REPRESENTATION_CONTEXT(2) 
PARAMETRIC_REPRESENTATION_CONTEXT() REPRESENTATION_CONTEXT('2D SPACE',''
  ) );
#813 = ORIENTED_EDGE('',*,*,#420,.F.);
#814 = ADVANCED_FACE('',(#815),#675,.T.);
#815 = FACE_BOUND('',#816,.T.);
#816 = EDGE_LOOP('',(#817,#898,#919,#920));
#817 = ORIENTED_EDGE('',*,*,#818,.T.);
#818 = EDGE_CURVE('',#819,#821,#823,.T.);
#819 = VERTEX_POINT('',#820);
#820 = CARTESIAN_POINT('',(6.999985899321,26.697569129217,
    20.757510160843));
#821 = VERTEX_POINT('',#822);
#822 = CARTESIAN_POINT('',(5.99999294966,26.939934755007,21.753755080466
    ));
#823 = SURFACE_CURVE('',#824,(#835,#864),.PCURVE_S1.);
#824 = B_SPLINE_CURVE_WITH_KNOTS('',3,(#825,#826,#827,#828,#829,#830,
    #831,#832,#833,#834),.UNSPECIFIED.,.F.,.F.,(4,2,2,2,4),(
    0.153582955607,0.192450192224,0.231317428841,0.268910505933,
    0.306128316663),.UNSPECIFIED.);
#825 = CARTESIAN_POINT('',(6.999985899321,26.697569129217,
    20.757510160843));
#826 = CARTESIAN_POINT('',(6.87466455434,26.730427837944,20.757510160843
    ));
#827 = CARTESIAN_POINT('',(6.740427241265,26.764583763425,
    20.782499501171));
#828 = CARTESIAN_POINT('',(6.492504019998,26.825802783368,
    20.885455901782));
#829 = CARTESIAN_POINT('',(6.378842768838,26.85291209054,20.963454849488
    ));
#830 = CARTESIAN_POINT('',(6.202008573368,26.894294243042,
    21.142269657523));
#831 = CARTESIAN_POINT('',(6.126021898475,26.911605989196,
    21.253784046155));
#832 = CARTESIAN_POINT('',(6.025505478515,26.93428877237,21.497524962898
    ));
#833 = CARTESIAN_POINT('',(6.000459403502,26.939830867607,
    21.629536553533));
#834 = CARTESIAN_POINT('',(5.99999294966,26.939934755007,21.753755080466
    ));
#835 = PCURVE('',#675,#836);
#836 = DEFINITIONAL_REPRESENTATION('',(#837),#863);
#837 = B_SPLINE_CURVE_WITH_KNOTS('',3,(#838,#839,#840,#841,#842,#843,
    #844,#845,#846,#847,#848,#849,#850,#851,#852,#853,#854,#855,#856,
    #857,#858,#859,#860,#861,#862),.UNSPECIFIED.,.F.,.F.,(4,1,1,1,1,1,1,
    1,1,1,1,1,1,1,1,1,1,1,1,1,1,1,4),(0.153582955607,0.160516835655,
    0.167450715703,0.174384595751,0.181318475799,0.188252355847,
    0.195186235895,0.202120115943,0.209053995991,0.215987876039,
    0.222921756087,0.229855636135,0.236789516183,0.243723396231,
    0.250657276279,0.257591156327,0.264525036375,0.271458916423,
    0.278392796471,0.285326676519,0.292260556567,0.299194436615,
    0.306128316663),.QUASI_UNIFORM_KNOTS.);
#838 = CARTESIAN_POINT('',(3.14159265359,15.45222620068));
#839 = CARTESIAN_POINT('',(3.163949149033,15.458088164757));
#840 = CARTESIAN_POINT('',(3.209232882577,15.469894669864));
#841 = CARTESIAN_POINT('',(3.27855102263,15.487687099117));
#842 = CARTESIAN_POINT('',(3.3489407754,15.50539735274));
#843 = CARTESIAN_POINT('',(3.420085549607,15.522859841389));
#844 = CARTESIAN_POINT('',(3.491697648181,15.539911732163));
#845 = CARTESIAN_POINT('',(3.563542688031,15.55637990851));
#846 = CARTESIAN_POINT('',(3.63544293669,15.572138506054));
#847 = CARTESIAN_POINT('',(3.707170049767,15.58710871248));
#848 = CARTESIAN_POINT('',(3.77842524917,15.60119821543));
#849 = CARTESIAN_POINT('',(3.848953936933,15.614329109901));
#850 = CARTESIAN_POINT('',(3.918233031566,15.626379361504));
#851 = CARTESIAN_POINT('',(3.986739363595,15.63738904605));
#852 = CARTESIAN_POINT('',(4.057426349728,15.64779334972));
#853 = CARTESIAN_POINT('',(4.129156074491,15.657357798325));
#854 = CARTESIAN_POINT('',(4.20176792513,15.666007004992));
#855 = CARTESIAN_POINT('',(4.274869350409,15.673626652173));
#856 = CARTESIAN_POINT('',(4.348193266534,15.680099057714));
#857 = CARTESIAN_POINT('',(4.421528381657,15.685369417986));
#858 = CARTESIAN_POINT('',(4.494607751589,15.689462823531));
#859 = CARTESIAN_POINT('',(4.567103281062,15.69238751634));
#860 = CARTESIAN_POINT('',(4.638656693877,15.694156254512));
#861 = CARTESIAN_POINT('',(4.685492363132,15.694572471684));
#862 = CARTESIAN_POINT('',(4.708633891182,15.69459182647));
#863 = ( GEOMETRIC_REPRESENTATION_CONTEXT(2) 
PARAMETRIC_REPRESENTATION_CONTEXT() REPRESENTATION_CONTEXT('2D SPACE',''
  ) );
#864 = PCURVE('',#865,#870);
#865 = CYLINDRICAL_SURFACE('',#866,27.6);
#866 = AXIS2_PLACEMENT_3D('',#867,#868,#869);
#867 = CARTESIAN_POINT('',(-5.666681978065E-15,5.705855277383E-16,23.5)
  );
#868 = DIRECTION('',(0.,0.,-1.));
#869 = DIRECTION('',(-0.549890673145,0.83523664167,0.));
#870 = DEFINITIONAL_REPRESENTATION('',(#871),#897);
#871 = B_SPLINE_CURVE_WITH_KNOTS('',3,(#872,#873,#874,#875,#876,#877,
    #878,#879,#880,#881,#882,#883,#884,#885,#886,#887,#888,#889,#890,
    #891,#892,#893,#894,#895,#896),.UNSPECIFIED.,.F.,.F.,(4,1,1,1,1,1,1,
    1,1,1,1,1,1,1,1,1,1,1,1,1,1,1,4),(0.153582955607,0.160516835655,
    0.167450715703,0.174384595751,0.181318475799,0.188252355847,
    0.195186235895,0.202120115943,0.209053995991,0.215987876039,
    0.222921756087,0.229855636135,0.236789516183,0.243723396231,
    0.250657276279,0.257591156327,0.264525036375,0.271458916423,
    0.278392796471,0.285326676519,0.292260556567,0.299194436615,
    0.306128316663),.QUASI_UNIFORM_KNOTS.);
#872 = CARTESIAN_POINT('',(0.838656897068,2.742489839157));
#873 = CARTESIAN_POINT('',(0.837819472178,2.742489839157));
#874 = CARTESIAN_POINT('',(0.836123972136,2.740899236597));
#875 = CARTESIAN_POINT('',(0.833543189702,2.733690163598));
#876 = CARTESIAN_POINT('',(0.830949276587,2.721607671524));
#877 = CARTESIAN_POINT('',(0.828366693005,2.704597619991));
#878 = CARTESIAN_POINT('',(0.82581969127,2.682620318927));
#879 = CARTESIAN_POINT('',(0.823333296222,2.655582167476));
#880 = CARTESIAN_POINT('',(0.820929219617,2.623619563478));
#881 = CARTESIAN_POINT('',(0.818623435853,2.587249324285));
#882 = CARTESIAN_POINT('',(0.816433447631,2.546931188814));
#883 = CARTESIAN_POINT('',(0.814374642022,2.50309379528));
#884 = CARTESIAN_POINT('',(0.812469362487,2.456347263145));
#885 = CARTESIAN_POINT('',(0.810714259973,2.406606887574));
#886 = CARTESIAN_POINT('',(0.809043304097,2.351993901971));
#887 = CARTESIAN_POINT('',(0.807496670261,2.293530847681));
#888 = CARTESIAN_POINT('',(0.806089290647,2.231545355626));
#889 = CARTESIAN_POINT('',(0.804842334196,2.166557310281));
#890 = CARTESIAN_POINT('',(0.803777275951,2.099012492337));
#891 = CARTESIAN_POINT('',(0.8029070385,2.029472713658));
#892 = CARTESIAN_POINT('',(0.802228735115,1.958683060694));
#893 = CARTESIAN_POINT('',(0.801742358368,1.887356252637));
#894 = CARTESIAN_POINT('',(0.801447129575,1.81621368444));
#895 = CARTESIAN_POINT('',(0.801377362068,1.769387504996));
#896 = CARTESIAN_POINT('',(0.801374136249,1.746244919534));
#897 = ( GEOMETRIC_REPRESENTATION_CONTEXT(2) 
PARAMETRIC_REPRESENTATION_CONTEXT() REPRESENTATION_CONTEXT('2D SPACE',''
  ) );
#898 = ORIENTED_EDGE('',*,*,#899,.T.);
#899 = EDGE_CURVE('',#821,#631,#900,.T.);
#900 = SURFACE_CURVE('',#901,(#905,#912),.PCURVE_S1.);
#901 = LINE('',#902,#903);
#902 = CARTESIAN_POINT('',(5.999992949661,11.245342928537,
    21.753755080422));
#903 = VECTOR('',#904,1.);
#904 = DIRECTION('',(0.,1.,0.));
#905 = PCURVE('',#675,#906);
#906 = DEFINITIONAL_REPRESENTATION('',(#907),#911);
#907 = LINE('',#908,#909);
#908 = CARTESIAN_POINT('',(4.708633891138,0.));
#909 = VECTOR('',#910,1.);
#910 = DIRECTION('',(0.,1.));
#911 = ( GEOMETRIC_REPRESENTATION_CONTEXT(2) 
PARAMETRIC_REPRESENTATION_CONTEXT() REPRESENTATION_CONTEXT('2D SPACE',''
  ) );
#912 = PCURVE('',#754,#913);
#913 = DEFINITIONAL_REPRESENTATION('',(#914),#918);
#914 = LINE('',#915,#916);
#915 = CARTESIAN_POINT('',(7.064828381331,0.));
#916 = VECTOR('',#917,1.);
#917 = DIRECTION('',(0.,1.));
#918 = ( GEOMETRIC_REPRESENTATION_CONTEXT(2) 
PARAMETRIC_REPRESENTATION_CONTEXT() REPRESENTATION_CONTEXT('2D SPACE',''
  ) );
#919 = ORIENTED_EDGE('',*,*,#630,.T.);
#920 = ORIENTED_EDGE('',*,*,#921,.T.);
#921 = EDGE_CURVE('',#607,#819,#922,.T.);
#922 = SURFACE_CURVE('',#923,(#927,#934),.PCURVE_S1.);
#923 = LINE('',#924,#925);
#924 = CARTESIAN_POINT('',(6.999985899321,11.245342928537,
    20.757510160843));
#925 = VECTOR('',#926,1.);
#926 = DIRECTION('',(0.,-1.,0.));
#927 = PCURVE('',#675,#928);
#928 = DEFINITIONAL_REPRESENTATION('',(#929),#933);
#929 = LINE('',#930,#931);
#930 = CARTESIAN_POINT('',(3.14159265359,0.));
#931 = VECTOR('',#932,1.);
#932 = DIRECTION('',(0.,-1.));
#933 = ( GEOMETRIC_REPRESENTATION_CONTEXT(2) 
PARAMETRIC_REPRESENTATION_CONTEXT() REPRESENTATION_CONTEXT('2D SPACE',''
  ) );
#934 = PCURVE('',#228,#935);
#935 = DEFINITIONAL_REPRESENTATION('',(#936),#940);
#936 = LINE('',#937,#938);
#937 = CARTESIAN_POINT('',(-6.999985899321,11.245342928537));
#938 = VECTOR('',#939,1.);
#939 = DIRECTION('',(1.710569414459E-49,-1.));
#940 = ( GEOMETRIC_REPRESENTATION_CONTEXT(2) 
PARAMETRIC_REPRESENTATION_CONTEXT() REPRESENTATION_CONTEXT('2D SPACE',''
  ) );
#941 = ADVANCED_FACE('',(#942),#754,.F.);
#942 = FACE_BOUND('',#943,.F.);
#943 = EDGE_LOOP('',(#944,#945,#968,#1047,#1115));
#944 = ORIENTED_EDGE('',*,*,#709,.F.);
#945 = ORIENTED_EDGE('',*,*,#946,.F.);
#946 = EDGE_CURVE('',#947,#710,#949,.T.);
#947 = VERTEX_POINT('',#948);
#948 = CARTESIAN_POINT('',(5.,26.73649191648,22.75));
#949 = SURFACE_CURVE('',#950,(#954,#961),.PCURVE_S1.);
#950 = LINE('',#951,#952);
#951 = CARTESIAN_POINT('',(5.,11.245342928537,22.75));
#952 = VECTOR('',#953,1.);
#953 = DIRECTION('',(0.,1.,0.));
#954 = PCURVE('',#754,#955);
#955 = DEFINITIONAL_REPRESENTATION('',(#956),#960);
#956 = LINE('',#957,#958);
#957 = CARTESIAN_POINT('',(5.497787143782,0.));
#958 = VECTOR('',#959,1.);
#959 = DIRECTION('',(0.,1.));
#960 = ( GEOMETRIC_REPRESENTATION_CONTEXT(2) 
PARAMETRIC_REPRESENTATION_CONTEXT() REPRESENTATION_CONTEXT('2D SPACE',''
  ) );
#961 = PCURVE('',#408,#962);
#962 = DEFINITIONAL_REPRESENTATION('',(#963),#967);
#963 = LINE('',#964,#965);
#964 = CARTESIAN_POINT('',(5.,-11.24534292853));
#965 = VECTOR('',#966,1.);
#966 = DIRECTION('',(0.,-1.));
#967 = ( GEOMETRIC_REPRESENTATION_CONTEXT(2) 
PARAMETRIC_REPRESENTATION_CONTEXT() REPRESENTATION_CONTEXT('2D SPACE',''
  ) );
#968 = ORIENTED_EDGE('',*,*,#969,.T.);
#969 = EDGE_CURVE('',#947,#970,#972,.T.);
#970 = VERTEX_POINT('',#971);
#971 = CARTESIAN_POINT('',(5.8,26.983698782784,22.35));
#972 = SURFACE_CURVE('',#973,(#984,#1013),.PCURVE_S1.);
#973 = B_SPLINE_CURVE_WITH_KNOTS('',3,(#974,#975,#976,#977,#978,#979,
    #980,#981,#982,#983),.UNSPECIFIED.,.F.,.F.,(4,2,2,2,4),(
    -4.914716759132E-04,0.,4.132360519435E-02,7.501636422494E-02,
    0.103722701334),.UNSPECIFIED.);
#974 = CARTESIAN_POINT('',(5.,26.73649191648,22.75));
#975 = CARTESIAN_POINT('',(5.001490349448,26.737172126214,22.75));
#976 = CARTESIAN_POINT('',(5.0029807384,26.737852253251,22.749996668288)
  );
#977 = CARTESIAN_POINT('',(5.129787461553,26.795709997243,
    22.749429690021));
#978 = CARTESIAN_POINT('',(5.255864584455,26.852621911801,
    22.725303851618));
#979 = CARTESIAN_POINT('',(5.473181596107,26.936424948884,
    22.637237582495));
#980 = CARTESIAN_POINT('',(5.560652902395,26.964519548474,22.58387463501
    ));
#981 = CARTESIAN_POINT('',(5.701174973711,26.991290505537,
    22.467899318215));
#982 = CARTESIAN_POINT('',(5.755339768476,26.99329825782,22.409546975366
    ));
#983 = CARTESIAN_POINT('',(5.8,26.983698782784,22.35));
#984 = PCURVE('',#754,#985);
#985 = DEFINITIONAL_REPRESENTATION('',(#986),#1012);
#986 = B_SPLINE_CURVE_WITH_KNOTS('',3,(#987,#988,#989,#990,#991,#992,
    #993,#994,#995,#996,#997,#998,#999,#1000,#1001,#1002,#1003,#1004,
    #1005,#1006,#1007,#1008,#1009,#1010,#1011),.UNSPECIFIED.,.F.,.F.,(4,
    1,1,1,1,1,1,1,1,1,1,1,1,1,1,1,1,1,1,1,1,1,4),(-4.914716759132E-04,
    4.245536188184E-03,8.982544052281E-03,1.371955191638E-02,
    1.845655978047E-02,2.319356764457E-02,2.793057550867E-02,
    3.266758337277E-02,3.740459123686E-02,4.214159910096E-02,
    4.687860696506E-02,5.161561482915E-02,5.635262269325E-02,
    6.108963055735E-02,6.582663842145E-02,7.056364628554E-02,
    7.530065414964E-02,8.003766201374E-02,8.477466987783E-02,
    8.951167774193E-02,9.424868560603E-02,9.898569347012E-02,
    0.103722701334),.UNSPECIFIED.);
#987 = CARTESIAN_POINT('',(5.497787143782,15.491148987943));
#988 = CARTESIAN_POINT('',(5.512150433831,15.497704051976));
#989 = CARTESIAN_POINT('',(5.540898807336,15.510810351259));
#990 = CARTESIAN_POINT('',(5.584103878522,15.530363729418));
#991 = CARTESIAN_POINT('',(5.627408380764,15.549716576703));
#992 = CARTESIAN_POINT('',(5.670829971218,15.568773997924));
#993 = CARTESIAN_POINT('',(5.714388858056,15.587441605774));
#994 = CARTESIAN_POINT('',(5.758102659631,15.605623416497));
#995 = CARTESIAN_POINT('',(5.802006671795,15.623229324248));
#996 = CARTESIAN_POINT('',(5.846079321311,15.640147307989));
#997 = CARTESIAN_POINT('',(5.890521305235,15.656347129538));
#998 = CARTESIAN_POINT('',(5.93464702643,15.671468012842));
#999 = CARTESIAN_POINT('',(5.97826594469,15.685359443764));
#1000 = CARTESIAN_POINT('',(6.021466062528,15.697975238734));
#1001 = CARTESIAN_POINT('',(6.064252592246,15.709240965872));
#1002 = CARTESIAN_POINT('',(6.10665436669,15.719090855969));
#1003 = CARTESIAN_POINT('',(6.148660584175,15.727452737442));
#1004 = CARTESIAN_POINT('',(6.190368873483,15.734271385528));
#1005 = CARTESIAN_POINT('',(6.231453349842,15.73942947915));
#1006 = CARTESIAN_POINT('',(6.271714191116,15.742859406672));
#1007 = CARTESIAN_POINT('',(6.311225285756,15.744534873268));
#1008 = CARTESIAN_POINT('',(6.349977636833,15.744418513031));
#1009 = CARTESIAN_POINT('',(6.387976005241,15.742475927564));
#1010 = CARTESIAN_POINT('',(6.412799066482,15.739939922202));
#1011 = CARTESIAN_POINT('',(6.425082361784,15.738355854247));
#1012 = ( GEOMETRIC_REPRESENTATION_CONTEXT(2) 
PARAMETRIC_REPRESENTATION_CONTEXT() REPRESENTATION_CONTEXT('2D SPACE',''
  ) );
#1013 = PCURVE('',#1014,#1019);
#1014 = TOROIDAL_SURFACE('',#1015,27.2,0.4);
#1015 = AXIS2_PLACEMENT_3D('',#1016,#1017,#1018);
#1016 = CARTESIAN_POINT('',(-5.666681978065E-15,5.705855277383E-16,22.35
    ));
#1017 = DIRECTION('',(0.,0.,1.));
#1018 = DIRECTION('',(1.,0.,-0.));
#1019 = DEFINITIONAL_REPRESENTATION('',(#1020),#1046);
#1020 = B_SPLINE_CURVE_WITH_KNOTS('',3,(#1021,#1022,#1023,#1024,#1025,
    #1026,#1027,#1028,#1029,#1030,#1031,#1032,#1033,#1034,#1035,#1036,
    #1037,#1038,#1039,#1040,#1041,#1042,#1043,#1044,#1045),
  .UNSPECIFIED.,.F.,.F.,(4,1,1,1,1,1,1,1,1,1,1,1,1,1,1,1,1,1,1,1,1,1,4),
  (-4.914716759132E-04,4.245536188184E-03,8.982544052281E-03,
    1.371955191638E-02,1.845655978047E-02,2.319356764457E-02,
    2.793057550867E-02,3.266758337277E-02,3.740459123686E-02,
    4.214159910096E-02,4.687860696506E-02,5.161561482915E-02,
    5.635262269325E-02,6.108963055735E-02,6.582663842145E-02,
    7.056364628554E-02,7.530065414964E-02,8.003766201374E-02,
    8.477466987783E-02,8.951167774193E-02,9.424868560603E-02,
    9.898569347012E-02,0.103722701334),.UNSPECIFIED.);
#1021 = CARTESIAN_POINT('',(1.385921464795,1.570796326795));
#1022 = CARTESIAN_POINT('',(1.385446702098,1.548086812546));
#1023 = CARTESIAN_POINT('',(1.384497313612,1.50262238838));
#1024 = CARTESIAN_POINT('',(1.383075282311,1.434229191591));
#1025 = CARTESIAN_POINT('',(1.381656947972,1.365581114802));
#1026 = CARTESIAN_POINT('',(1.38024393923,1.296612649281));
#1027 = CARTESIAN_POINT('',(1.378837821966,1.227246549442));
#1028 = CARTESIAN_POINT('',(1.377440262608,1.157399897272));
#1029 = CARTESIAN_POINT('',(1.376052423908,1.086948188187));
#1030 = CARTESIAN_POINT('',(1.374677222353,1.015849141638));
#1031 = CARTESIAN_POINT('',(1.373310907223,0.943672745685));
#1032 = CARTESIAN_POINT('',(1.371976541874,0.871463756819));
#1033 = CARTESIAN_POINT('',(1.370680921801,0.799491463979));
#1034 = CARTESIAN_POINT('',(1.369422325597,0.727548226023));
#1035 = CARTESIAN_POINT('',(1.368201362737,0.655557742219));
#1036 = CARTESIAN_POINT('',(1.3670178239,0.583392547947));
#1037 = CARTESIAN_POINT('',(1.365872438338,0.510982588145));
#1038 = CARTESIAN_POINT('',(1.36476300053,0.438050845472));
#1039 = CARTESIAN_POINT('',(1.363698236403,0.365059396214));
#1040 = CARTESIAN_POINT('',(1.36268242813,0.292286287798));
#1041 = CARTESIAN_POINT('',(1.36171256129,0.219508292979));
#1042 = CARTESIAN_POINT('',(1.36078759977,0.146634317234));
#1043 = CARTESIAN_POINT('',(1.359905997731,7.35342785533E-02));
#1044 = CARTESIAN_POINT('',(1.359346248268,2.456501541674E-02));
#1045 = CARTESIAN_POINT('',(1.359073131751,0.));
#1046 = ( GEOMETRIC_REPRESENTATION_CONTEXT(2) 
PARAMETRIC_REPRESENTATION_CONTEXT() REPRESENTATION_CONTEXT('2D SPACE',''
  ) );
#1047 = ORIENTED_EDGE('',*,*,#1048,.F.);
#1048 = EDGE_CURVE('',#821,#970,#1049,.T.);
#1049 = SURFACE_CURVE('',#1050,(#1057,#1086),.PCURVE_S1.);
#1050 = B_SPLINE_CURVE_WITH_KNOTS('',3,(#1051,#1052,#1053,#1054,#1055,
    #1056),.UNSPECIFIED.,.F.,.F.,(4,2,4),(3.752673060368E-04,
    3.76506272711E-02,6.166225691339E-02),.UNSPECIFIED.);
#1051 = CARTESIAN_POINT('',(5.99999294966,26.939934755007,
    21.753755080466));
#1052 = CARTESIAN_POINT('',(5.999525776852,26.940038802533,
    21.878165068179));
#1053 = CARTESIAN_POINT('',(5.974411503016,26.945668404896,
    22.010362061448));
#1054 = CARTESIAN_POINT('',(5.891923672294,26.963796660132,
    22.210040034611));
#1055 = CARTESIAN_POINT('',(5.849478128025,26.973063726973,
    22.284029162634));
#1056 = CARTESIAN_POINT('',(5.8,26.983698782784,22.35));
#1057 = PCURVE('',#754,#1058);
#1058 = DEFINITIONAL_REPRESENTATION('',(#1059),#1085);
#1059 = B_SPLINE_CURVE_WITH_KNOTS('',3,(#1060,#1061,#1062,#1063,#1064,
    #1065,#1066,#1067,#1068,#1069,#1070,#1071,#1072,#1073,#1074,#1075,
    #1076,#1077,#1078,#1079,#1080,#1081,#1082,#1083,#1084),
  .UNSPECIFIED.,.F.,.F.,(4,1,1,1,1,1,1,1,1,1,1,1,1,1,1,1,1,1,1,1,1,1,4),
  (3.752673060368E-04,3.161039560917E-03,5.946811815796E-03,
    8.732584070676E-03,1.151835632556E-02,1.430412858044E-02,
    1.708990083532E-02,1.98756730902E-02,2.266144534508E-02,
    2.544721759995E-02,2.823298985483E-02,3.101876210971E-02,
    3.380453436459E-02,3.659030661947E-02,3.937607887435E-02,
    4.216185112923E-02,4.494762338411E-02,4.773339563899E-02,
    5.051916789387E-02,5.330494014875E-02,5.609071240363E-02,
    5.887648465851E-02,6.166225691339E-02),.QUASI_UNIFORM_KNOTS.);
#1060 = CARTESIAN_POINT('',(7.064828381286,15.69459182647));
#1061 = CARTESIAN_POINT('',(7.055530606688,15.694599602457));
#1062 = CARTESIAN_POINT('',(7.036846784415,15.694676878338));
#1063 = CARTESIAN_POINT('',(7.008578380816,15.694977639873));
#1064 = CARTESIAN_POINT('',(6.980089197274,15.69546292511));
#1065 = CARTESIAN_POINT('',(6.951402029785,15.696132410038));
#1066 = CARTESIAN_POINT('',(6.92253997777,15.696985770641));
#1067 = CARTESIAN_POINT('',(6.893526295981,15.698022682929));
#1068 = CARTESIAN_POINT('',(6.864384109653,15.699242822815));
#1069 = CARTESIAN_POINT('',(6.835136155289,15.700645866572));
#1070 = CARTESIAN_POINT('',(6.805804509802,15.702231489125));
#1071 = CARTESIAN_POINT('',(6.776410316676,15.703999370437));
#1072 = CARTESIAN_POINT('',(6.746973533582,15.705949171663));
#1073 = CARTESIAN_POINT('',(6.717512615893,15.708080624156));
#1074 = CARTESIAN_POINT('',(6.688044472774,15.710393197286));
#1075 = CARTESIAN_POINT('',(6.65858345095,15.712887338151));
#1076 = CARTESIAN_POINT('',(6.629135796923,15.715551217478));
#1077 = CARTESIAN_POINT('',(6.599721459016,15.718377945193));
#1078 = CARTESIAN_POINT('',(6.570359211977,15.721359903588));
#1079 = CARTESIAN_POINT('',(6.541069338993,15.724489669921));
#1080 = CARTESIAN_POINT('',(6.511872586382,15.727759769212));
#1081 = CARTESIAN_POINT('',(6.482790101158,15.731162740477));
#1082 = CARTESIAN_POINT('',(6.453843157785,15.73469111898));
#1083 = CARTESIAN_POINT('',(6.434649557881,15.737122000325));
#1084 = CARTESIAN_POINT('',(6.425082361784,15.738355854247));
#1085 = ( GEOMETRIC_REPRESENTATION_CONTEXT(2) 
PARAMETRIC_REPRESENTATION_CONTEXT() REPRESENTATION_CONTEXT('2D SPACE',''
  ) );
#1086 = PCURVE('',#865,#1087);
#1087 = DEFINITIONAL_REPRESENTATION('',(#1088),#1114);
#1088 = B_SPLINE_CURVE_WITH_KNOTS('',3,(#1089,#1090,#1091,#1092,#1093,
    #1094,#1095,#1096,#1097,#1098,#1099,#1100,#1101,#1102,#1103,#1104,
    #1105,#1106,#1107,#1108,#1109,#1110,#1111,#1112,#1113),
  .UNSPECIFIED.,.F.,.F.,(4,1,1,1,1,1,1,1,1,1,1,1,1,1,1,1,1,1,1,1,1,1,4),
  (3.752673060368E-04,3.161039560917E-03,5.946811815796E-03,
    8.732584070676E-03,1.151835632556E-02,1.430412858044E-02,
    1.708990083532E-02,1.98756730902E-02,2.266144534508E-02,
    2.544721759995E-02,2.823298985483E-02,3.101876210971E-02,
    3.380453436459E-02,3.659030661947E-02,3.937607887435E-02,
    4.216185112923E-02,4.494762338411E-02,4.773339563899E-02,
    5.051916789387E-02,5.330494014875E-02,5.609071240363E-02,
    5.887648465851E-02,6.166225691339E-02),.QUASI_UNIFORM_KNOTS.);
#1089 = CARTESIAN_POINT('',(0.801374136249,1.746244919534));
#1090 = CARTESIAN_POINT('',(0.80137284025,1.736947145017));
#1091 = CARTESIAN_POINT('',(0.80136002516,1.718264610254));
#1092 = CARTESIAN_POINT('',(0.801310099623,1.690026279152));
#1093 = CARTESIAN_POINT('',(0.801229437554,1.661619847319));
#1094 = CARTESIAN_POINT('',(0.801118005322,1.633091742985));
#1095 = CARTESIAN_POINT('',(0.800975769292,1.60448839437));
#1096 = CARTESIAN_POINT('',(0.800802695815,1.575856229733));
#1097 = CARTESIAN_POINT('',(0.800598751246,1.547241677183));
#1098 = CARTESIAN_POINT('',(0.800363901871,1.51869116539));
#1099 = CARTESIAN_POINT('',(0.800098114177,1.490251120932));
#1100 = CARTESIAN_POINT('',(0.799801353849,1.461967978197));
#1101 = CARTESIAN_POINT('',(0.799473589507,1.433888142415));
#1102 = CARTESIAN_POINT('',(0.799114778775,1.406058127646));
#1103 = CARTESIAN_POINT('',(0.798724920283,1.378524041791));
#1104 = CARTESIAN_POINT('',(0.798303859615,1.35133350855));
#1105 = CARTESIAN_POINT('',(0.797853218819,1.324505568746));
#1106 = CARTESIAN_POINT('',(0.797374016494,1.298078084501));
#1107 = CARTESIAN_POINT('',(0.796867354324,1.272085765533));
#1108 = CARTESIAN_POINT('',(0.796334311682,1.246564166246));
#1109 = CARTESIAN_POINT('',(0.795775973866,1.221548614707));
#1110 = CARTESIAN_POINT('',(0.795193424531,1.197074499635));
#1111 = CARTESIAN_POINT('',(0.79458774772,1.173177193489));
#1112 = CARTESIAN_POINT('',(0.794169267432,1.157653779902));
#1113 = CARTESIAN_POINT('',(0.793956534001,1.15));
#1114 = ( GEOMETRIC_REPRESENTATION_CONTEXT(2) 
PARAMETRIC_REPRESENTATION_CONTEXT() REPRESENTATION_CONTEXT('2D SPACE',''
  ) );
#1115 = ORIENTED_EDGE('',*,*,#899,.T.);
#1116 = ADVANCED_FACE('',(#1117),#1131,.F.);
#1117 = FACE_BOUND('',#1118,.F.);
#1118 = EDGE_LOOP('',(#1119,#1154,#1183,#1211));
#1119 = ORIENTED_EDGE('',*,*,#1120,.F.);
#1120 = EDGE_CURVE('',#1121,#1123,#1125,.T.);
#1121 = VERTEX_POINT('',#1122);
#1122 = CARTESIAN_POINT('',(5.196152422707,-13.1,22.));
#1123 = VERTEX_POINT('',#1124);
#1124 = CARTESIAN_POINT('',(-5.196152422707,-13.1,22.));
#1125 = SURFACE_CURVE('',#1126,(#1130,#1142),.PCURVE_S1.);
#1126 = LINE('',#1127,#1128);
#1127 = CARTESIAN_POINT('',(-2.598076211353,-13.1,22.));
#1128 = VECTOR('',#1129,1.);
#1129 = DIRECTION('',(-1.,-1.068312603546E-16,0.));
#1130 = PCURVE('',#1131,#1136);
#1131 = CYLINDRICAL_SURFACE('',#1132,1.);
#1132 = AXIS2_PLACEMENT_3D('',#1133,#1134,#1135);
#1133 = CARTESIAN_POINT('',(-2.598076211353,-13.1,21.));
#1134 = DIRECTION('',(1.,1.068312603546E-16,0.));
#1135 = DIRECTION('',(-7.554110863947E-17,0.707106781187,0.707106781187)
  );
#1136 = DEFINITIONAL_REPRESENTATION('',(#1137),#1141);
#1137 = LINE('',#1138,#1139);
#1138 = CARTESIAN_POINT('',(7.068583470577,0.));
#1139 = VECTOR('',#1140,1.);
#1140 = DIRECTION('',(0.,-1.));
#1141 = ( GEOMETRIC_REPRESENTATION_CONTEXT(2) 
PARAMETRIC_REPRESENTATION_CONTEXT() REPRESENTATION_CONTEXT('2D SPACE',''
  ) );
#1142 = PCURVE('',#1143,#1148);
#1143 = PLANE('',#1144);
#1144 = AXIS2_PLACEMENT_3D('',#1145,#1146,#1147);
#1145 = CARTESIAN_POINT('',(2.6645352591E-14,8.881784197001E-15,22.));
#1146 = DIRECTION('',(0.,0.,-1.));
#1147 = DIRECTION('',(1.,0.,0.));
#1148 = DEFINITIONAL_REPRESENTATION('',(#1149),#1153);
#1149 = LINE('',#1150,#1151);
#1150 = CARTESIAN_POINT('',(-2.598076211353,13.1));
#1151 = VECTOR('',#1152,1.);
#1152 = DIRECTION('',(-1.,1.068312603546E-16));
#1153 = ( GEOMETRIC_REPRESENTATION_CONTEXT(2) 
PARAMETRIC_REPRESENTATION_CONTEXT() REPRESENTATION_CONTEXT('2D SPACE',''
  ) );
#1154 = ORIENTED_EDGE('',*,*,#1155,.F.);
#1155 = EDGE_CURVE('',#1156,#1121,#1158,.T.);
#1156 = VERTEX_POINT('',#1157);
#1157 = CARTESIAN_POINT('',(5.196152422707,-12.1,21.));
#1158 = SURFACE_CURVE('',#1159,(#1164,#1171),.PCURVE_S1.);
#1159 = CIRCLE('',#1160,1.);
#1160 = AXIS2_PLACEMENT_3D('',#1161,#1162,#1163);
#1161 = CARTESIAN_POINT('',(5.196152422707,-13.1,21.));
#1162 = DIRECTION('',(1.,0.,0.));
#1163 = DIRECTION('',(-0.,1.,0.));
#1164 = PCURVE('',#1131,#1165);
#1165 = DEFINITIONAL_REPRESENTATION('',(#1166),#1170);
#1166 = LINE('',#1167,#1168);
#1167 = CARTESIAN_POINT('',(5.497787143782,7.79422863406));
#1168 = VECTOR('',#1169,1.);
#1169 = DIRECTION('',(1.,-5.654319433713E-16));
#1170 = ( GEOMETRIC_REPRESENTATION_CONTEXT(2) 
PARAMETRIC_REPRESENTATION_CONTEXT() REPRESENTATION_CONTEXT('2D SPACE',''
  ) );
#1171 = PCURVE('',#1172,#1177);
#1172 = TOROIDAL_SURFACE('',#1173,10.1,1.);
#1173 = AXIS2_PLACEMENT_3D('',#1174,#1175,#1176);
#1174 = CARTESIAN_POINT('',(5.196152422707,-3.,21.));
#1175 = DIRECTION('',(0.,0.,1.));
#1176 = DIRECTION('',(1.,0.,-0.));
#1177 = DEFINITIONAL_REPRESENTATION('',(#1178),#1182);
#1178 = LINE('',#1179,#1180);
#1179 = CARTESIAN_POINT('',(4.712388980385,3.14159265359));
#1180 = VECTOR('',#1181,1.);
#1181 = DIRECTION('',(0.,-1.));
#1182 = ( GEOMETRIC_REPRESENTATION_CONTEXT(2) 
PARAMETRIC_REPRESENTATION_CONTEXT() REPRESENTATION_CONTEXT('2D SPACE',''
  ) );
#1183 = ORIENTED_EDGE('',*,*,#1184,.F.);
#1184 = EDGE_CURVE('',#1185,#1156,#1187,.T.);
#1185 = VERTEX_POINT('',#1186);
#1186 = CARTESIAN_POINT('',(-5.196152422707,-12.1,21.));
#1187 = SURFACE_CURVE('',#1188,(#1192,#1199),.PCURVE_S1.);
#1188 = LINE('',#1189,#1190);
#1189 = CARTESIAN_POINT('',(-2.598076211353,-12.1,21.));
#1190 = VECTOR('',#1191,1.);
#1191 = DIRECTION('',(1.,1.068312603546E-16,0.));
#1192 = PCURVE('',#1131,#1193);
#1193 = DEFINITIONAL_REPRESENTATION('',(#1194),#1198);
#1194 = LINE('',#1195,#1196);
#1195 = CARTESIAN_POINT('',(5.497787143782,4.440892098501E-16));
#1196 = VECTOR('',#1197,1.);
#1197 = DIRECTION('',(0.,1.));
#1198 = ( GEOMETRIC_REPRESENTATION_CONTEXT(2) 
PARAMETRIC_REPRESENTATION_CONTEXT() REPRESENTATION_CONTEXT('2D SPACE',''
  ) );
#1199 = PCURVE('',#1200,#1205);
#1200 = PLANE('',#1201);
#1201 = AXIS2_PLACEMENT_3D('',#1202,#1203,#1204);
#1202 = CARTESIAN_POINT('',(-5.196152422707,-12.1,23.5));
#1203 = DIRECTION('',(-1.068312603546E-16,1.,0.));
#1204 = DIRECTION('',(1.,1.068312603546E-16,0.));
#1205 = DEFINITIONAL_REPRESENTATION('',(#1206),#1210);
#1206 = LINE('',#1207,#1208);
#1207 = CARTESIAN_POINT('',(2.598076211353,2.5));
#1208 = VECTOR('',#1209,1.);
#1209 = DIRECTION('',(1.,0.));
#1210 = ( GEOMETRIC_REPRESENTATION_CONTEXT(2) 
PARAMETRIC_REPRESENTATION_CONTEXT() REPRESENTATION_CONTEXT('2D SPACE',''
  ) );
#1211 = ORIENTED_EDGE('',*,*,#1212,.F.);
#1212 = EDGE_CURVE('',#1123,#1185,#1213,.T.);
#1213 = SURFACE_CURVE('',#1214,(#1219,#1226),.PCURVE_S1.);
#1214 = CIRCLE('',#1215,1.);
#1215 = AXIS2_PLACEMENT_3D('',#1216,#1217,#1218);
#1216 = CARTESIAN_POINT('',(-5.196152422707,-13.1,21.));
#1217 = DIRECTION('',(-1.,0.,0.));
#1218 = DIRECTION('',(0.,0.,1.));
#1219 = PCURVE('',#1131,#1220);
#1220 = DEFINITIONAL_REPRESENTATION('',(#1221),#1225);
#1221 = LINE('',#1222,#1223);
#1222 = CARTESIAN_POINT('',(7.068583470577,-2.598076211353));
#1223 = VECTOR('',#1224,1.);
#1224 = DIRECTION('',(-1.,5.654319433713E-16));
#1225 = ( GEOMETRIC_REPRESENTATION_CONTEXT(2) 
PARAMETRIC_REPRESENTATION_CONTEXT() REPRESENTATION_CONTEXT('2D SPACE',''
  ) );
#1226 = PCURVE('',#1227,#1232);
#1227 = TOROIDAL_SURFACE('',#1228,10.1,1.);
#1228 = AXIS2_PLACEMENT_3D('',#1229,#1230,#1231);
#1229 = CARTESIAN_POINT('',(-5.196152422707,-3.,21.));
#1230 = DIRECTION('',(0.,0.,-1.));
#1231 = DIRECTION('',(-1.,0.,0.));
#1232 = DEFINITIONAL_REPRESENTATION('',(#1233),#1237);
#1233 = LINE('',#1234,#1235);
#1234 = CARTESIAN_POINT('',(4.712388980385,4.712388980385));
#1235 = VECTOR('',#1236,1.);
#1236 = DIRECTION('',(0.,-1.));
#1237 = ( GEOMETRIC_REPRESENTATION_CONTEXT(2) 
PARAMETRIC_REPRESENTATION_CONTEXT() REPRESENTATION_CONTEXT('2D SPACE',''
  ) );
#1238 = ADVANCED_FACE('',(#1239),#1172,.F.);
#1239 = FACE_BOUND('',#1240,.F.);
#1240 = EDGE_LOOP('',(#1241,#1270,#1271,#1295));
#1241 = ORIENTED_EDGE('',*,*,#1242,.F.);
#1242 = EDGE_CURVE('',#1156,#1243,#1245,.T.);
#1243 = VERTEX_POINT('',#1244);
#1244 = CARTESIAN_POINT('',(13.076983597145,1.55,21.));
#1245 = SURFACE_CURVE('',#1246,(#1251,#1258),.PCURVE_S1.);
#1246 = CIRCLE('',#1247,9.1);
#1247 = AXIS2_PLACEMENT_3D('',#1248,#1249,#1250);
#1248 = CARTESIAN_POINT('',(5.196152422707,-3.,21.));
#1249 = DIRECTION('',(0.,0.,1.));
#1250 = DIRECTION('',(0.866025403784,-0.5,0.));
#1251 = PCURVE('',#1172,#1252);
#1252 = DEFINITIONAL_REPRESENTATION('',(#1253),#1257);
#1253 = LINE('',#1254,#1255);
#1254 = CARTESIAN_POINT('',(-0.523598775598,3.14159265359));
#1255 = VECTOR('',#1256,1.);
#1256 = DIRECTION('',(1.,-2.120369787642E-16));
#1257 = ( GEOMETRIC_REPRESENTATION_CONTEXT(2) 
PARAMETRIC_REPRESENTATION_CONTEXT() REPRESENTATION_CONTEXT('2D SPACE',''
  ) );
#1258 = PCURVE('',#1259,#1264);
#1259 = CYLINDRICAL_SURFACE('',#1260,9.1);
#1260 = AXIS2_PLACEMENT_3D('',#1261,#1262,#1263);
#1261 = CARTESIAN_POINT('',(5.196152422707,-3.,23.5));
#1262 = DIRECTION('',(0.,0.,-1.));
#1263 = DIRECTION('',(0.866025403784,0.5,0.));
#1264 = DEFINITIONAL_REPRESENTATION('',(#1265),#1269);
#1265 = LINE('',#1266,#1267);
#1266 = CARTESIAN_POINT('',(7.330382858376,2.5));
#1267 = VECTOR('',#1268,1.);
#1268 = DIRECTION('',(-1.,0.));
#1269 = ( GEOMETRIC_REPRESENTATION_CONTEXT(2) 
PARAMETRIC_REPRESENTATION_CONTEXT() REPRESENTATION_CONTEXT('2D SPACE',''
  ) );
#1270 = ORIENTED_EDGE('',*,*,#1155,.T.);
#1271 = ORIENTED_EDGE('',*,*,#1272,.F.);
#1272 = EDGE_CURVE('',#1273,#1121,#1275,.T.);
#1273 = VERTEX_POINT('',#1274);
#1274 = CARTESIAN_POINT('',(13.94300900093,2.05,22.));
#1275 = SURFACE_CURVE('',#1276,(#1281,#1288),.PCURVE_S1.);
#1276 = CIRCLE('',#1277,10.1);
#1277 = AXIS2_PLACEMENT_3D('',#1278,#1279,#1280);
#1278 = CARTESIAN_POINT('',(5.196152422707,-3.,22.));
#1279 = DIRECTION('',(0.,0.,-1.));
#1280 = DIRECTION('',(0.866025403784,-0.5,0.));
#1281 = PCURVE('',#1172,#1282);
#1282 = DEFINITIONAL_REPRESENTATION('',(#1283),#1287);
#1283 = LINE('',#1284,#1285);
#1284 = CARTESIAN_POINT('',(12.042771838761,1.570796326795));
#1285 = VECTOR('',#1286,1.);
#1286 = DIRECTION('',(-1.,2.120369787642E-16));
#1287 = ( GEOMETRIC_REPRESENTATION_CONTEXT(2) 
PARAMETRIC_REPRESENTATION_CONTEXT() REPRESENTATION_CONTEXT('2D SPACE',''
  ) );
#1288 = PCURVE('',#1143,#1289);
#1289 = DEFINITIONAL_REPRESENTATION('',(#1290),#1294);
#1290 = CIRCLE('',#1291,10.1);
#1291 = AXIS2_PLACEMENT_2D('',#1292,#1293);
#1292 = CARTESIAN_POINT('',(5.196152422707,3.));
#1293 = DIRECTION('',(0.866025403784,0.5));
#1294 = ( GEOMETRIC_REPRESENTATION_CONTEXT(2) 
PARAMETRIC_REPRESENTATION_CONTEXT() REPRESENTATION_CONTEXT('2D SPACE',''
  ) );
#1295 = ORIENTED_EDGE('',*,*,#1296,.F.);
#1296 = EDGE_CURVE('',#1243,#1273,#1297,.T.);
#1297 = SURFACE_CURVE('',#1298,(#1303,#1310),.PCURVE_S1.);
#1298 = CIRCLE('',#1299,1.);
#1299 = AXIS2_PLACEMENT_3D('',#1300,#1301,#1302);
#1300 = CARTESIAN_POINT('',(13.94300900093,2.05,21.));
#1301 = DIRECTION('',(-0.5,0.866025403784,0.));
#1302 = DIRECTION('',(-0.866025403784,-0.5,0.));
#1303 = PCURVE('',#1172,#1304);
#1304 = DEFINITIONAL_REPRESENTATION('',(#1305),#1309);
#1305 = LINE('',#1306,#1307);
#1306 = CARTESIAN_POINT('',(6.806784082778,3.14159265359));
#1307 = VECTOR('',#1308,1.);
#1308 = DIRECTION('',(0.,-1.));
#1309 = ( GEOMETRIC_REPRESENTATION_CONTEXT(2) 
PARAMETRIC_REPRESENTATION_CONTEXT() REPRESENTATION_CONTEXT('2D SPACE',''
  ) );
#1310 = PCURVE('',#1311,#1316);
#1311 = CYLINDRICAL_SURFACE('',#1312,1.);
#1312 = AXIS2_PLACEMENT_3D('',#1313,#1314,#1315);
#1313 = CARTESIAN_POINT('',(12.643970895253,4.3,21.));
#1314 = DIRECTION('',(-0.5,0.866025403784,0.));
#1315 = DIRECTION('',(-0.612372435696,-0.353553390593,0.707106781187));
#1316 = DEFINITIONAL_REPRESENTATION('',(#1317),#1321);
#1317 = LINE('',#1318,#1319);
#1318 = CARTESIAN_POINT('',(5.497787143782,-2.598076211353));
#1319 = VECTOR('',#1320,1.);
#1320 = DIRECTION('',(1.,0.));
#1321 = ( GEOMETRIC_REPRESENTATION_CONTEXT(2) 
PARAMETRIC_REPRESENTATION_CONTEXT() REPRESENTATION_CONTEXT('2D SPACE',''
  ) );
#1322 = ADVANCED_FACE('',(#1323),#1311,.F.);
#1323 = FACE_BOUND('',#1324,.F.);
#1324 = EDGE_LOOP('',(#1325,#1353,#1354,#1377));
#1325 = ORIENTED_EDGE('',*,*,#1326,.F.);
#1326 = EDGE_CURVE('',#1243,#1327,#1329,.T.);
#1327 = VERTEX_POINT('',#1328);
#1328 = CARTESIAN_POINT('',(7.880831174438,10.55,21.));
#1329 = SURFACE_CURVE('',#1330,(#1334,#1341),.PCURVE_S1.);
#1330 = LINE('',#1331,#1332);
#1331 = CARTESIAN_POINT('',(11.777945491468,3.8,21.));
#1332 = VECTOR('',#1333,1.);
#1333 = DIRECTION('',(-0.5,0.866025403784,0.));
#1334 = PCURVE('',#1311,#1335);
#1335 = DEFINITIONAL_REPRESENTATION('',(#1336),#1340);
#1336 = LINE('',#1337,#1338);
#1337 = CARTESIAN_POINT('',(5.497787143782,-2.22044604925E-14));
#1338 = VECTOR('',#1339,1.);
#1339 = DIRECTION('',(0.,1.));
#1340 = ( GEOMETRIC_REPRESENTATION_CONTEXT(2) 
PARAMETRIC_REPRESENTATION_CONTEXT() REPRESENTATION_CONTEXT('2D SPACE',''
  ) );
#1341 = PCURVE('',#1342,#1347);
#1342 = PLANE('',#1343);
#1343 = AXIS2_PLACEMENT_3D('',#1344,#1345,#1346);
#1344 = CARTESIAN_POINT('',(13.076983597145,1.55,23.5));
#1345 = DIRECTION('',(-0.866025403784,-0.5,0.));
#1346 = DIRECTION('',(-0.5,0.866025403784,0.));
#1347 = DEFINITIONAL_REPRESENTATION('',(#1348),#1352);
#1348 = LINE('',#1349,#1350);
#1349 = CARTESIAN_POINT('',(2.598076211353,2.5));
#1350 = VECTOR('',#1351,1.);
#1351 = DIRECTION('',(1.,0.));
#1352 = ( GEOMETRIC_REPRESENTATION_CONTEXT(2) 
PARAMETRIC_REPRESENTATION_CONTEXT() REPRESENTATION_CONTEXT('2D SPACE',''
  ) );
#1353 = ORIENTED_EDGE('',*,*,#1296,.T.);
#1354 = ORIENTED_EDGE('',*,*,#1355,.F.);
#1355 = EDGE_CURVE('',#1356,#1273,#1358,.T.);
#1356 = VERTEX_POINT('',#1357);
#1357 = CARTESIAN_POINT('',(8.746856578223,11.05,22.));
#1358 = SURFACE_CURVE('',#1359,(#1363,#1370),.PCURVE_S1.);
#1359 = LINE('',#1360,#1361);
#1360 = CARTESIAN_POINT('',(12.643970895253,4.3,22.));
#1361 = VECTOR('',#1362,1.);
#1362 = DIRECTION('',(0.5,-0.866025403784,0.));
#1363 = PCURVE('',#1311,#1364);
#1364 = DEFINITIONAL_REPRESENTATION('',(#1365),#1369);
#1365 = LINE('',#1366,#1367);
#1366 = CARTESIAN_POINT('',(7.068583470577,0.));
#1367 = VECTOR('',#1368,1.);
#1368 = DIRECTION('',(0.,-1.));
#1369 = ( GEOMETRIC_REPRESENTATION_CONTEXT(2) 
PARAMETRIC_REPRESENTATION_CONTEXT() REPRESENTATION_CONTEXT('2D SPACE',''
  ) );
#1370 = PCURVE('',#1143,#1371);
#1371 = DEFINITIONAL_REPRESENTATION('',(#1372),#1376);
#1372 = LINE('',#1373,#1374);
#1373 = CARTESIAN_POINT('',(12.643970895253,-4.3));
#1374 = VECTOR('',#1375,1.);
#1375 = DIRECTION('',(0.5,0.866025403784));
#1376 = ( GEOMETRIC_REPRESENTATION_CONTEXT(2) 
PARAMETRIC_REPRESENTATION_CONTEXT() REPRESENTATION_CONTEXT('2D SPACE',''
  ) );
#1377 = ORIENTED_EDGE('',*,*,#1378,.F.);
#1378 = EDGE_CURVE('',#1327,#1356,#1379,.T.);
#1379 = SURFACE_CURVE('',#1380,(#1385,#1392),.PCURVE_S1.);
#1380 = CIRCLE('',#1381,1.);
#1381 = AXIS2_PLACEMENT_3D('',#1382,#1383,#1384);
#1382 = CARTESIAN_POINT('',(8.746856578223,11.05,21.));
#1383 = DIRECTION('',(-0.5,0.866025403784,0.));
#1384 = DIRECTION('',(-0.866025403784,-0.5,0.));
#1385 = PCURVE('',#1311,#1386);
#1386 = DEFINITIONAL_REPRESENTATION('',(#1387),#1391);
#1387 = LINE('',#1388,#1389);
#1388 = CARTESIAN_POINT('',(5.497787143782,7.79422863406));
#1389 = VECTOR('',#1390,1.);
#1390 = DIRECTION('',(1.,1.696295830114E-15));
#1391 = ( GEOMETRIC_REPRESENTATION_CONTEXT(2) 
PARAMETRIC_REPRESENTATION_CONTEXT() REPRESENTATION_CONTEXT('2D SPACE',''
  ) );
#1392 = PCURVE('',#1393,#1398);
#1393 = TOROIDAL_SURFACE('',#1394,10.1,1.);
#1394 = AXIS2_PLACEMENT_3D('',#1395,#1396,#1397);
#1395 = CARTESIAN_POINT('',(2.724904008745E-14,6.,21.));
#1396 = DIRECTION('',(0.,0.,-1.));
#1397 = DIRECTION('',(-1.,0.,0.));
#1398 = DEFINITIONAL_REPRESENTATION('',(#1399),#1403);
#1399 = LINE('',#1400,#1401);
#1400 = CARTESIAN_POINT('',(2.617993877991,3.14159265359));
#1401 = VECTOR('',#1402,1.);
#1402 = DIRECTION('',(0.,1.));
#1403 = ( GEOMETRIC_REPRESENTATION_CONTEXT(2) 
PARAMETRIC_REPRESENTATION_CONTEXT() REPRESENTATION_CONTEXT('2D SPACE',''
  ) );
#1404 = ADVANCED_FACE('',(#1405),#1393,.F.);
#1405 = FACE_BOUND('',#1406,.F.);
#1406 = EDGE_LOOP('',(#1407,#1436,#1437,#1461));
#1407 = ORIENTED_EDGE('',*,*,#1408,.F.);
#1408 = EDGE_CURVE('',#1327,#1409,#1411,.T.);
#1409 = VERTEX_POINT('',#1410);
#1410 = CARTESIAN_POINT('',(-7.880831174438,10.55,21.));
#1411 = SURFACE_CURVE('',#1412,(#1417,#1424),.PCURVE_S1.);
#1412 = CIRCLE('',#1413,9.1);
#1413 = AXIS2_PLACEMENT_3D('',#1414,#1415,#1416);
#1414 = CARTESIAN_POINT('',(2.724904008745E-14,6.,21.));
#1415 = DIRECTION('',(0.,0.,1.));
#1416 = DIRECTION('',(2.068704992801E-15,1.,-0.));
#1417 = PCURVE('',#1393,#1418);
#1418 = DEFINITIONAL_REPRESENTATION('',(#1419),#1423);
#1419 = LINE('',#1420,#1421);
#1420 = CARTESIAN_POINT('',(7.853981633974,3.14159265359));
#1421 = VECTOR('',#1422,1.);
#1422 = DIRECTION('',(-1.,6.361109362927E-16));
#1423 = ( GEOMETRIC_REPRESENTATION_CONTEXT(2) 
PARAMETRIC_REPRESENTATION_CONTEXT() REPRESENTATION_CONTEXT('2D SPACE',''
  ) );
#1424 = PCURVE('',#1425,#1430);
#1425 = CYLINDRICAL_SURFACE('',#1426,9.1);
#1426 = AXIS2_PLACEMENT_3D('',#1427,#1428,#1429);
#1427 = CARTESIAN_POINT('',(2.724904008745E-14,6.,23.5));
#1428 = DIRECTION('',(0.,0.,-1.));
#1429 = DIRECTION('',(-0.866025403784,0.5,0.));
#1430 = DEFINITIONAL_REPRESENTATION('',(#1431),#1435);
#1431 = LINE('',#1432,#1433);
#1432 = CARTESIAN_POINT('',(7.330382858376,2.5));
#1433 = VECTOR('',#1434,1.);
#1434 = DIRECTION('',(-1.,0.));
#1435 = ( GEOMETRIC_REPRESENTATION_CONTEXT(2) 
PARAMETRIC_REPRESENTATION_CONTEXT() REPRESENTATION_CONTEXT('2D SPACE',''
  ) );
#1436 = ORIENTED_EDGE('',*,*,#1378,.T.);
#1437 = ORIENTED_EDGE('',*,*,#1438,.F.);
#1438 = EDGE_CURVE('',#1439,#1356,#1441,.T.);
#1439 = VERTEX_POINT('',#1440);
#1440 = CARTESIAN_POINT('',(-8.746856578223,11.05,22.));
#1441 = SURFACE_CURVE('',#1442,(#1447,#1454),.PCURVE_S1.);
#1442 = CIRCLE('',#1443,10.1);
#1443 = AXIS2_PLACEMENT_3D('',#1444,#1445,#1446);
#1444 = CARTESIAN_POINT('',(2.724904008745E-14,6.,22.));
#1445 = DIRECTION('',(0.,0.,-1.));
#1446 = DIRECTION('',(2.068704992801E-15,1.,0.));
#1447 = PCURVE('',#1393,#1448);
#1448 = DEFINITIONAL_REPRESENTATION('',(#1449),#1453);
#1449 = LINE('',#1450,#1451);
#1450 = CARTESIAN_POINT('',(-4.712388980385,4.712388980385));
#1451 = VECTOR('',#1452,1.);
#1452 = DIRECTION('',(1.,4.240739575285E-16));
#1453 = ( GEOMETRIC_REPRESENTATION_CONTEXT(2) 
PARAMETRIC_REPRESENTATION_CONTEXT() REPRESENTATION_CONTEXT('2D SPACE',''
  ) );
#1454 = PCURVE('',#1143,#1455);
#1455 = DEFINITIONAL_REPRESENTATION('',(#1456),#1460);
#1456 = CIRCLE('',#1457,10.1);
#1457 = AXIS2_PLACEMENT_2D('',#1458,#1459);
#1458 = CARTESIAN_POINT('',(6.036874964506E-16,-6.));
#1459 = DIRECTION('',(2.068704992801E-15,-1.));
#1460 = ( GEOMETRIC_REPRESENTATION_CONTEXT(2) 
PARAMETRIC_REPRESENTATION_CONTEXT() REPRESENTATION_CONTEXT('2D SPACE',''
  ) );
#1461 = ORIENTED_EDGE('',*,*,#1462,.F.);
#1462 = EDGE_CURVE('',#1409,#1439,#1463,.T.);
#1463 = SURFACE_CURVE('',#1464,(#1469,#1476),.PCURVE_S1.);
#1464 = CIRCLE('',#1465,1.);
#1465 = AXIS2_PLACEMENT_3D('',#1466,#1467,#1468);
#1466 = CARTESIAN_POINT('',(-8.746856578223,11.05,21.));
#1467 = DIRECTION('',(-0.5,-0.866025403784,0.));
#1468 = DIRECTION('',(0.866025403784,-0.5,0.));
#1469 = PCURVE('',#1393,#1470);
#1470 = DEFINITIONAL_REPRESENTATION('',(#1471),#1475);
#1471 = LINE('',#1472,#1473);
#1472 = CARTESIAN_POINT('',(0.523598775598,3.14159265359));
#1473 = VECTOR('',#1474,1.);
#1474 = DIRECTION('',(0.,1.));
#1475 = ( GEOMETRIC_REPRESENTATION_CONTEXT(2) 
PARAMETRIC_REPRESENTATION_CONTEXT() REPRESENTATION_CONTEXT('2D SPACE',''
  ) );
#1476 = PCURVE('',#1477,#1482);
#1477 = CYLINDRICAL_SURFACE('',#1478,1.);
#1478 = AXIS2_PLACEMENT_3D('',#1479,#1480,#1481);
#1479 = CARTESIAN_POINT('',(-10.04589468389,8.8,21.));
#1480 = DIRECTION('',(0.5,0.866025403784,0.));
#1481 = DIRECTION('',(0.612372435696,-0.353553390593,0.707106781187));
#1482 = DEFINITIONAL_REPRESENTATION('',(#1483),#1487);
#1483 = LINE('',#1484,#1485);
#1484 = CARTESIAN_POINT('',(0.785398163397,2.598076211353));
#1485 = VECTOR('',#1486,1.);
#1486 = DIRECTION('',(-1.,-1.130863886743E-15));
#1487 = ( GEOMETRIC_REPRESENTATION_CONTEXT(2) 
PARAMETRIC_REPRESENTATION_CONTEXT() REPRESENTATION_CONTEXT('2D SPACE',''
  ) );
#1488 = ADVANCED_FACE('',(#1489),#1477,.F.);
#1489 = FACE_BOUND('',#1490,.F.);
#1490 = EDGE_LOOP('',(#1491,#1519,#1520,#1543));
#1491 = ORIENTED_EDGE('',*,*,#1492,.F.);
#1492 = EDGE_CURVE('',#1409,#1493,#1495,.T.);
#1493 = VERTEX_POINT('',#1494);
#1494 = CARTESIAN_POINT('',(-13.07698359714,1.55,21.));
#1495 = SURFACE_CURVE('',#1496,(#1500,#1507),.PCURVE_S1.);
#1496 = LINE('',#1497,#1498);
#1497 = CARTESIAN_POINT('',(-9.179869280115,8.3,21.));
#1498 = VECTOR('',#1499,1.);
#1499 = DIRECTION('',(-0.5,-0.866025403784,0.));
#1500 = PCURVE('',#1477,#1501);
#1501 = DEFINITIONAL_REPRESENTATION('',(#1502),#1506);
#1502 = LINE('',#1503,#1504);
#1503 = CARTESIAN_POINT('',(0.785398163397,2.30926389122E-14));
#1504 = VECTOR('',#1505,1.);
#1505 = DIRECTION('',(0.,-1.));
#1506 = ( GEOMETRIC_REPRESENTATION_CONTEXT(2) 
PARAMETRIC_REPRESENTATION_CONTEXT() REPRESENTATION_CONTEXT('2D SPACE',''
  ) );
#1507 = PCURVE('',#1508,#1513);
#1508 = PLANE('',#1509);
#1509 = AXIS2_PLACEMENT_3D('',#1510,#1511,#1512);
#1510 = CARTESIAN_POINT('',(-7.880831174438,10.55,23.5));
#1511 = DIRECTION('',(0.866025403784,-0.5,0.));
#1512 = DIRECTION('',(-0.5,-0.866025403784,0.));
#1513 = DEFINITIONAL_REPRESENTATION('',(#1514),#1518);
#1514 = LINE('',#1515,#1516);
#1515 = CARTESIAN_POINT('',(2.598076211353,2.5));
#1516 = VECTOR('',#1517,1.);
#1517 = DIRECTION('',(1.,0.));
#1518 = ( GEOMETRIC_REPRESENTATION_CONTEXT(2) 
PARAMETRIC_REPRESENTATION_CONTEXT() REPRESENTATION_CONTEXT('2D SPACE',''
  ) );
#1519 = ORIENTED_EDGE('',*,*,#1462,.T.);
#1520 = ORIENTED_EDGE('',*,*,#1521,.F.);
#1521 = EDGE_CURVE('',#1522,#1439,#1524,.T.);
#1522 = VERTEX_POINT('',#1523);
#1523 = CARTESIAN_POINT('',(-13.94300900092,2.05,22.));
#1524 = SURFACE_CURVE('',#1525,(#1529,#1536),.PCURVE_S1.);
#1525 = LINE('',#1526,#1527);
#1526 = CARTESIAN_POINT('',(-10.04589468389,8.8,22.));
#1527 = VECTOR('',#1528,1.);
#1528 = DIRECTION('',(0.5,0.866025403784,0.));
#1529 = PCURVE('',#1477,#1530);
#1530 = DEFINITIONAL_REPRESENTATION('',(#1531),#1535);
#1531 = LINE('',#1532,#1533);
#1532 = CARTESIAN_POINT('',(-0.785398163397,-8.881784197001E-16));
#1533 = VECTOR('',#1534,1.);
#1534 = DIRECTION('',(-8.546500828371E-17,1.));
#1535 = ( GEOMETRIC_REPRESENTATION_CONTEXT(2) 
PARAMETRIC_REPRESENTATION_CONTEXT() REPRESENTATION_CONTEXT('2D SPACE',''
  ) );
#1536 = PCURVE('',#1143,#1537);
#1537 = DEFINITIONAL_REPRESENTATION('',(#1538),#1542);
#1538 = LINE('',#1539,#1540);
#1539 = CARTESIAN_POINT('',(-10.0458946839,-8.8));
#1540 = VECTOR('',#1541,1.);
#1541 = DIRECTION('',(0.5,-0.866025403784));
#1542 = ( GEOMETRIC_REPRESENTATION_CONTEXT(2) 
PARAMETRIC_REPRESENTATION_CONTEXT() REPRESENTATION_CONTEXT('2D SPACE',''
  ) );
#1543 = ORIENTED_EDGE('',*,*,#1544,.F.);
#1544 = EDGE_CURVE('',#1493,#1522,#1545,.T.);
#1545 = SURFACE_CURVE('',#1546,(#1551,#1558),.PCURVE_S1.);
#1546 = CIRCLE('',#1547,1.);
#1547 = AXIS2_PLACEMENT_3D('',#1548,#1549,#1550);
#1548 = CARTESIAN_POINT('',(-13.94300900092,2.05,21.));
#1549 = DIRECTION('',(-0.5,-0.866025403784,0.));
#1550 = DIRECTION('',(0.866025403784,-0.5,0.));
#1551 = PCURVE('',#1477,#1552);
#1552 = DEFINITIONAL_REPRESENTATION('',(#1553),#1557);
#1553 = LINE('',#1554,#1555);
#1554 = CARTESIAN_POINT('',(0.785398163397,-7.79422863406));
#1555 = VECTOR('',#1556,1.);
#1556 = DIRECTION('',(-1.,-1.130863886743E-15));
#1557 = ( GEOMETRIC_REPRESENTATION_CONTEXT(2) 
PARAMETRIC_REPRESENTATION_CONTEXT() REPRESENTATION_CONTEXT('2D SPACE',''
  ) );
#1558 = PCURVE('',#1227,#1559);
#1559 = DEFINITIONAL_REPRESENTATION('',(#1560),#1564);
#1560 = LINE('',#1561,#1562);
#1561 = CARTESIAN_POINT('',(6.806784082778,3.14159265359));
#1562 = VECTOR('',#1563,1.);
#1563 = DIRECTION('',(-5.654319433713E-16,1.));
#1564 = ( GEOMETRIC_REPRESENTATION_CONTEXT(2) 
PARAMETRIC_REPRESENTATION_CONTEXT() REPRESENTATION_CONTEXT('2D SPACE',''
  ) );
#1565 = ADVANCED_FACE('',(#1566),#1227,.F.);
#1566 = FACE_BOUND('',#1567,.F.);
#1567 = EDGE_LOOP('',(#1568,#1590,#1591,#1618));
#1568 = ORIENTED_EDGE('',*,*,#1569,.F.);
#1569 = EDGE_CURVE('',#1123,#1522,#1570,.T.);
#1570 = SURFACE_CURVE('',#1571,(#1576,#1583),.PCURVE_S1.);
#1571 = CIRCLE('',#1572,10.1);
#1572 = AXIS2_PLACEMENT_3D('',#1573,#1574,#1575);
#1573 = CARTESIAN_POINT('',(-5.196152422707,-3.,22.));
#1574 = DIRECTION('',(0.,0.,-1.));
#1575 = DIRECTION('',(-0.866025403784,-0.5,-0.));
#1576 = PCURVE('',#1227,#1577);
#1577 = DEFINITIONAL_REPRESENTATION('',(#1578),#1582);
#1578 = LINE('',#1579,#1580);
#1579 = CARTESIAN_POINT('',(-0.523598775598,4.712388980385));
#1580 = VECTOR('',#1581,1.);
#1581 = DIRECTION('',(1.,-4.240739575285E-16));
#1582 = ( GEOMETRIC_REPRESENTATION_CONTEXT(2) 
PARAMETRIC_REPRESENTATION_CONTEXT() REPRESENTATION_CONTEXT('2D SPACE',''
  ) );
#1583 = PCURVE('',#1143,#1584);
#1584 = DEFINITIONAL_REPRESENTATION('',(#1585),#1589);
#1585 = CIRCLE('',#1586,10.1);
#1586 = AXIS2_PLACEMENT_2D('',#1587,#1588);
#1587 = CARTESIAN_POINT('',(-5.196152422707,3.));
#1588 = DIRECTION('',(-0.866025403784,0.5));
#1589 = ( GEOMETRIC_REPRESENTATION_CONTEXT(2) 
PARAMETRIC_REPRESENTATION_CONTEXT() REPRESENTATION_CONTEXT('2D SPACE',''
  ) );
#1590 = ORIENTED_EDGE('',*,*,#1212,.T.);
#1591 = ORIENTED_EDGE('',*,*,#1592,.F.);
#1592 = EDGE_CURVE('',#1493,#1185,#1593,.T.);
#1593 = SURFACE_CURVE('',#1594,(#1599,#1606),.PCURVE_S1.);
#1594 = CIRCLE('',#1595,9.1);
#1595 = AXIS2_PLACEMENT_3D('',#1596,#1597,#1598);
#1596 = CARTESIAN_POINT('',(-5.196152422707,-3.,21.));
#1597 = DIRECTION('',(0.,0.,1.));
#1598 = DIRECTION('',(-0.866025403784,-0.5,0.));
#1599 = PCURVE('',#1227,#1600);
#1600 = DEFINITIONAL_REPRESENTATION('',(#1601),#1605);
#1601 = LINE('',#1602,#1603);
#1602 = CARTESIAN_POINT('',(12.042771838761,3.14159265359));
#1603 = VECTOR('',#1604,1.);
#1604 = DIRECTION('',(-1.,-2.120369787642E-16));
#1605 = ( GEOMETRIC_REPRESENTATION_CONTEXT(2) 
PARAMETRIC_REPRESENTATION_CONTEXT() REPRESENTATION_CONTEXT('2D SPACE',''
  ) );
#1606 = PCURVE('',#1607,#1612);
#1607 = CYLINDRICAL_SURFACE('',#1608,9.1);
#1608 = AXIS2_PLACEMENT_3D('',#1609,#1610,#1611);
#1609 = CARTESIAN_POINT('',(-5.196152422707,-3.,23.5));
#1610 = DIRECTION('',(0.,0.,-1.));
#1611 = DIRECTION('',(1.682156097917E-16,-1.,0.));
#1612 = DEFINITIONAL_REPRESENTATION('',(#1613),#1617);
#1613 = LINE('',#1614,#1615);
#1614 = CARTESIAN_POINT('',(7.330382858376,2.5));
#1615 = VECTOR('',#1616,1.);
#1616 = DIRECTION('',(-1.,0.));
#1617 = ( GEOMETRIC_REPRESENTATION_CONTEXT(2) 
PARAMETRIC_REPRESENTATION_CONTEXT() REPRESENTATION_CONTEXT('2D SPACE',''
  ) );
#1618 = ORIENTED_EDGE('',*,*,#1544,.T.);
#1619 = ADVANCED_FACE('',(#1620),#1342,.F.);
#1620 = FACE_BOUND('',#1621,.T.);
#1621 = EDGE_LOOP('',(#1622,#1623,#1646,#1674));
#1622 = ORIENTED_EDGE('',*,*,#1326,.F.);
#1623 = ORIENTED_EDGE('',*,*,#1624,.T.);
#1624 = EDGE_CURVE('',#1243,#1625,#1627,.T.);
#1625 = VERTEX_POINT('',#1626);
#1626 = CARTESIAN_POINT('',(13.076983597145,1.55,20.757510160843));
#1627 = SURFACE_CURVE('',#1628,(#1632,#1639),.PCURVE_S1.);
#1628 = LINE('',#1629,#1630);
#1629 = CARTESIAN_POINT('',(13.076983597145,1.55,23.5));
#1630 = VECTOR('',#1631,1.);
#1631 = DIRECTION('',(0.,0.,-1.));
#1632 = PCURVE('',#1342,#1633);
#1633 = DEFINITIONAL_REPRESENTATION('',(#1634),#1638);
#1634 = LINE('',#1635,#1636);
#1635 = CARTESIAN_POINT('',(0.,0.));
#1636 = VECTOR('',#1637,1.);
#1637 = DIRECTION('',(0.,1.));
#1638 = ( GEOMETRIC_REPRESENTATION_CONTEXT(2) 
PARAMETRIC_REPRESENTATION_CONTEXT() REPRESENTATION_CONTEXT('2D SPACE',''
  ) );
#1639 = PCURVE('',#1259,#1640);
#1640 = DEFINITIONAL_REPRESENTATION('',(#1641),#1645);
#1641 = LINE('',#1642,#1643);
#1642 = CARTESIAN_POINT('',(0.,0.));
#1643 = VECTOR('',#1644,1.);
#1644 = DIRECTION('',(0.,1.));
#1645 = ( GEOMETRIC_REPRESENTATION_CONTEXT(2) 
PARAMETRIC_REPRESENTATION_CONTEXT() REPRESENTATION_CONTEXT('2D SPACE',''
  ) );
#1646 = ORIENTED_EDGE('',*,*,#1647,.F.);
#1647 = EDGE_CURVE('',#1648,#1625,#1650,.T.);
#1648 = VERTEX_POINT('',#1649);
#1649 = CARTESIAN_POINT('',(7.880831174438,10.55,20.757510160843));
#1650 = SURFACE_CURVE('',#1651,(#1655,#1662),.PCURVE_S1.);
#1651 = LINE('',#1652,#1653);
#1652 = CARTESIAN_POINT('',(11.777945491468,3.8,20.757510160843));
#1653 = VECTOR('',#1654,1.);
#1654 = DIRECTION('',(0.5,-0.866025403784,1.419982299462E-16));
#1655 = PCURVE('',#1342,#1656);
#1656 = DEFINITIONAL_REPRESENTATION('',(#1657),#1661);
#1657 = LINE('',#1658,#1659);
#1658 = CARTESIAN_POINT('',(2.598076211353,2.742489839157));
#1659 = VECTOR('',#1660,1.);
#1660 = DIRECTION('',(-1.,-1.419982299462E-16));
#1661 = ( GEOMETRIC_REPRESENTATION_CONTEXT(2) 
PARAMETRIC_REPRESENTATION_CONTEXT() REPRESENTATION_CONTEXT('2D SPACE',''
  ) );
#1662 = PCURVE('',#1663,#1668);
#1663 = PLANE('',#1664);
#1664 = AXIS2_PLACEMENT_3D('',#1665,#1666,#1667);
#1665 = CARTESIAN_POINT('',(2.659816811246E-14,4.446443213624E-15,
    20.757510160843));
#1666 = DIRECTION('',(2.359223927328E-16,-2.775557561563E-17,-1.));
#1667 = DIRECTION('',(-1.,0.,-2.359223927328E-16));
#1668 = DEFINITIONAL_REPRESENTATION('',(#1669),#1673);
#1669 = LINE('',#1670,#1671);
#1670 = CARTESIAN_POINT('',(-11.77794549146,3.8));
#1671 = VECTOR('',#1672,1.);
#1672 = DIRECTION('',(-0.5,-0.866025403784));
#1673 = ( GEOMETRIC_REPRESENTATION_CONTEXT(2) 
PARAMETRIC_REPRESENTATION_CONTEXT() REPRESENTATION_CONTEXT('2D SPACE',''
  ) );
#1674 = ORIENTED_EDGE('',*,*,#1675,.F.);
#1675 = EDGE_CURVE('',#1327,#1648,#1676,.T.);
#1676 = SURFACE_CURVE('',#1677,(#1681,#1688),.PCURVE_S1.);
#1677 = LINE('',#1678,#1679);
#1678 = CARTESIAN_POINT('',(7.880831174438,10.55,23.5));
#1679 = VECTOR('',#1680,1.);
#1680 = DIRECTION('',(0.,0.,-1.));
#1681 = PCURVE('',#1342,#1682);
#1682 = DEFINITIONAL_REPRESENTATION('',(#1683),#1687);
#1683 = LINE('',#1684,#1685);
#1684 = CARTESIAN_POINT('',(10.392304845413,0.));
#1685 = VECTOR('',#1686,1.);
#1686 = DIRECTION('',(0.,1.));
#1687 = ( GEOMETRIC_REPRESENTATION_CONTEXT(2) 
PARAMETRIC_REPRESENTATION_CONTEXT() REPRESENTATION_CONTEXT('2D SPACE',''
  ) );
#1688 = PCURVE('',#1425,#1689);
#1689 = DEFINITIONAL_REPRESENTATION('',(#1690),#1694);
#1690 = LINE('',#1691,#1692);
#1691 = CARTESIAN_POINT('',(2.094395102393,0.));
#1692 = VECTOR('',#1693,1.);
#1693 = DIRECTION('',(0.,1.));
#1694 = ( GEOMETRIC_REPRESENTATION_CONTEXT(2) 
PARAMETRIC_REPRESENTATION_CONTEXT() REPRESENTATION_CONTEXT('2D SPACE',''
  ) );
#1695 = ADVANCED_FACE('',(#1696),#1259,.T.);
#1696 = FACE_BOUND('',#1697,.T.);
#1697 = EDGE_LOOP('',(#1698,#1699,#1722,#1744));
#1698 = ORIENTED_EDGE('',*,*,#1242,.F.);
#1699 = ORIENTED_EDGE('',*,*,#1700,.T.);
#1700 = EDGE_CURVE('',#1156,#1701,#1703,.T.);
#1701 = VERTEX_POINT('',#1702);
#1702 = CARTESIAN_POINT('',(5.196152422707,-12.1,20.757510160843));
#1703 = SURFACE_CURVE('',#1704,(#1708,#1715),.PCURVE_S1.);
#1704 = LINE('',#1705,#1706);
#1705 = CARTESIAN_POINT('',(5.196152422707,-12.1,23.5));
#1706 = VECTOR('',#1707,1.);
#1707 = DIRECTION('',(0.,0.,-1.));
#1708 = PCURVE('',#1259,#1709);
#1709 = DEFINITIONAL_REPRESENTATION('',(#1710),#1714);
#1710 = LINE('',#1711,#1712);
#1711 = CARTESIAN_POINT('',(2.094395102393,0.));
#1712 = VECTOR('',#1713,1.);
#1713 = DIRECTION('',(0.,1.));
#1714 = ( GEOMETRIC_REPRESENTATION_CONTEXT(2) 
PARAMETRIC_REPRESENTATION_CONTEXT() REPRESENTATION_CONTEXT('2D SPACE',''
  ) );
#1715 = PCURVE('',#1200,#1716);
#1716 = DEFINITIONAL_REPRESENTATION('',(#1717),#1721);
#1717 = LINE('',#1718,#1719);
#1718 = CARTESIAN_POINT('',(10.392304845413,0.));
#1719 = VECTOR('',#1720,1.);
#1720 = DIRECTION('',(0.,1.));
#1721 = ( GEOMETRIC_REPRESENTATION_CONTEXT(2) 
PARAMETRIC_REPRESENTATION_CONTEXT() REPRESENTATION_CONTEXT('2D SPACE',''
  ) );
#1722 = ORIENTED_EDGE('',*,*,#1723,.F.);
#1723 = EDGE_CURVE('',#1625,#1701,#1724,.T.);
#1724 = SURFACE_CURVE('',#1725,(#1730,#1737),.PCURVE_S1.);
#1725 = CIRCLE('',#1726,9.1);
#1726 = AXIS2_PLACEMENT_3D('',#1727,#1728,#1729);
#1727 = CARTESIAN_POINT('',(5.196152422707,-3.,20.757510160843));
#1728 = DIRECTION('',(2.359223927328E-16,-2.775557561563E-17,-1.));
#1729 = DIRECTION('',(0.866025403784,0.5,1.904369976204E-16));
#1730 = PCURVE('',#1259,#1731);
#1731 = DEFINITIONAL_REPRESENTATION('',(#1732),#1736);
#1732 = LINE('',#1733,#1734);
#1733 = CARTESIAN_POINT('',(0.,2.742489839157));
#1734 = VECTOR('',#1735,1.);
#1735 = DIRECTION('',(1.,0.));
#1736 = ( GEOMETRIC_REPRESENTATION_CONTEXT(2) 
PARAMETRIC_REPRESENTATION_CONTEXT() REPRESENTATION_CONTEXT('2D SPACE',''
  ) );
#1737 = PCURVE('',#1663,#1738);
#1738 = DEFINITIONAL_REPRESENTATION('',(#1739),#1743);
#1739 = CIRCLE('',#1740,9.1);
#1740 = AXIS2_PLACEMENT_2D('',#1741,#1742);
#1741 = CARTESIAN_POINT('',(-5.196152422707,-3.));
#1742 = DIRECTION('',(-0.866025403784,0.5));
#1743 = ( GEOMETRIC_REPRESENTATION_CONTEXT(2) 
PARAMETRIC_REPRESENTATION_CONTEXT() REPRESENTATION_CONTEXT('2D SPACE',''
  ) );
#1744 = ORIENTED_EDGE('',*,*,#1624,.F.);
#1745 = ADVANCED_FACE('',(#1746),#1200,.F.);
#1746 = FACE_BOUND('',#1747,.T.);
#1747 = EDGE_LOOP('',(#1748,#1749,#1772,#1793));
#1748 = ORIENTED_EDGE('',*,*,#1184,.F.);
#1749 = ORIENTED_EDGE('',*,*,#1750,.T.);
#1750 = EDGE_CURVE('',#1185,#1751,#1753,.T.);
#1751 = VERTEX_POINT('',#1752);
#1752 = CARTESIAN_POINT('',(-5.196152422707,-12.1,20.757510160843));
#1753 = SURFACE_CURVE('',#1754,(#1758,#1765),.PCURVE_S1.);
#1754 = LINE('',#1755,#1756);
#1755 = CARTESIAN_POINT('',(-5.196152422707,-12.1,23.5));
#1756 = VECTOR('',#1757,1.);
#1757 = DIRECTION('',(0.,0.,-1.));
#1758 = PCURVE('',#1200,#1759);
#1759 = DEFINITIONAL_REPRESENTATION('',(#1760),#1764);
#1760 = LINE('',#1761,#1762);
#1761 = CARTESIAN_POINT('',(0.,0.));
#1762 = VECTOR('',#1763,1.);
#1763 = DIRECTION('',(0.,1.));
#1764 = ( GEOMETRIC_REPRESENTATION_CONTEXT(2) 
PARAMETRIC_REPRESENTATION_CONTEXT() REPRESENTATION_CONTEXT('2D SPACE',''
  ) );
#1765 = PCURVE('',#1607,#1766);
#1766 = DEFINITIONAL_REPRESENTATION('',(#1767),#1771);
#1767 = LINE('',#1768,#1769);
#1768 = CARTESIAN_POINT('',(0.,0.));
#1769 = VECTOR('',#1770,1.);
#1770 = DIRECTION('',(0.,1.));
#1771 = ( GEOMETRIC_REPRESENTATION_CONTEXT(2) 
PARAMETRIC_REPRESENTATION_CONTEXT() REPRESENTATION_CONTEXT('2D SPACE',''
  ) );
#1772 = ORIENTED_EDGE('',*,*,#1773,.F.);
#1773 = EDGE_CURVE('',#1701,#1751,#1774,.T.);
#1774 = SURFACE_CURVE('',#1775,(#1779,#1786),.PCURVE_S1.);
#1775 = LINE('',#1776,#1777);
#1776 = CARTESIAN_POINT('',(-2.598076211353,-12.1,20.757510160843));
#1777 = VECTOR('',#1778,1.);
#1778 = DIRECTION('',(-1.,-1.068312603546E-16,-2.359223927328E-16));
#1779 = PCURVE('',#1200,#1780);
#1780 = DEFINITIONAL_REPRESENTATION('',(#1781),#1785);
#1781 = LINE('',#1782,#1783);
#1782 = CARTESIAN_POINT('',(2.598076211353,2.742489839157));
#1783 = VECTOR('',#1784,1.);
#1784 = DIRECTION('',(-1.,2.359223927328E-16));
#1785 = ( GEOMETRIC_REPRESENTATION_CONTEXT(2) 
PARAMETRIC_REPRESENTATION_CONTEXT() REPRESENTATION_CONTEXT('2D SPACE',''
  ) );
#1786 = PCURVE('',#1663,#1787);
#1787 = DEFINITIONAL_REPRESENTATION('',(#1788),#1792);
#1788 = LINE('',#1789,#1790);
#1789 = CARTESIAN_POINT('',(2.598076211353,-12.1));
#1790 = VECTOR('',#1791,1.);
#1791 = DIRECTION('',(1.,-1.068312603546E-16));
#1792 = ( GEOMETRIC_REPRESENTATION_CONTEXT(2) 
PARAMETRIC_REPRESENTATION_CONTEXT() REPRESENTATION_CONTEXT('2D SPACE',''
  ) );
#1793 = ORIENTED_EDGE('',*,*,#1700,.F.);
#1794 = ADVANCED_FACE('',(#1795,#1830),#1143,.T.);
#1795 = FACE_BOUND('',#1796,.T.);
#1796 = EDGE_LOOP('',(#1797));
#1797 = ORIENTED_EDGE('',*,*,#1798,.F.);
#1798 = EDGE_CURVE('',#1799,#1799,#1801,.T.);
#1799 = VERTEX_POINT('',#1800);
#1800 = CARTESIAN_POINT('',(21.906996336952,-2.11224776656E-15,22.));
#1801 = SURFACE_CURVE('',#1802,(#1807,#1818),.PCURVE_S1.);
#1802 = CIRCLE('',#1803,21.906996336952);
#1803 = AXIS2_PLACEMENT_3D('',#1804,#1805,#1806);
#1804 = CARTESIAN_POINT('',(-5.666681978065E-15,5.705855277383E-16,22.)
  );
#1805 = DIRECTION('',(0.,0.,1.));
#1806 = DIRECTION('',(1.,0.,-0.));
#1807 = PCURVE('',#1143,#1808);
#1808 = DEFINITIONAL_REPRESENTATION('',(#1809),#1817);
#1809 = ( BOUNDED_CURVE() B_SPLINE_CURVE(2,(#1810,#1811,#1812,#1813,
#1814,#1815,#1816),.UNSPECIFIED.,.T.,.F.) B_SPLINE_CURVE_WITH_KNOTS((1,2
    ,2,2,2,1),(-2.094395102393,0.,2.094395102393,4.188790204786,
6.28318530718,8.377580409573),.UNSPECIFIED.) CURVE() 
GEOMETRIC_REPRESENTATION_ITEM() RATIONAL_B_SPLINE_CURVE((1.,0.5,1.,0.5,
1.,0.5,1.)) REPRESENTATION_ITEM('') );
#1810 = CARTESIAN_POINT('',(21.906996336952,8.311198669263E-15));
#1811 = CARTESIAN_POINT('',(21.906996336952,-37.94403069682));
#1812 = CARTESIAN_POINT('',(-10.95349816847,-18.97201534841));
#1813 = CARTESIAN_POINT('',(-43.8139926739,2.945532080667E-15));
#1814 = CARTESIAN_POINT('',(-10.95349816847,18.972015348413));
#1815 = CARTESIAN_POINT('',(21.906996336952,37.944030696827));
#1816 = CARTESIAN_POINT('',(21.906996336952,8.311198669263E-15));
#1817 = ( GEOMETRIC_REPRESENTATION_CONTEXT(2) 
PARAMETRIC_REPRESENTATION_CONTEXT() REPRESENTATION_CONTEXT('2D SPACE',''
  ) );
#1818 = PCURVE('',#1819,#1824);
#1819 = TOROIDAL_SURFACE('',#1820,21.906996336952,1.);
#1820 = AXIS2_PLACEMENT_3D('',#1821,#1822,#1823);
#1821 = CARTESIAN_POINT('',(-5.666681978065E-15,5.705855277383E-16,23.)
  );
#1822 = DIRECTION('',(0.,0.,-1.));
#1823 = DIRECTION('',(-1.,0.,0.));
#1824 = DEFINITIONAL_REPRESENTATION('',(#1825),#1829);
#1825 = LINE('',#1826,#1827);
#1826 = CARTESIAN_POINT('',(3.14159265359,1.570796326795));
#1827 = VECTOR('',#1828,1.);
#1828 = DIRECTION('',(-1.,0.));
#1829 = ( GEOMETRIC_REPRESENTATION_CONTEXT(2) 
PARAMETRIC_REPRESENTATION_CONTEXT() REPRESENTATION_CONTEXT('2D SPACE',''
  ) );
#1830 = FACE_BOUND('',#1831,.T.);
#1831 = EDGE_LOOP('',(#1832,#1833,#1834,#1835,#1836,#1837));
#1832 = ORIENTED_EDGE('',*,*,#1120,.F.);
#1833 = ORIENTED_EDGE('',*,*,#1272,.F.);
#1834 = ORIENTED_EDGE('',*,*,#1355,.F.);
#1835 = ORIENTED_EDGE('',*,*,#1438,.F.);
#1836 = ORIENTED_EDGE('',*,*,#1521,.F.);
#1837 = ORIENTED_EDGE('',*,*,#1569,.F.);
#1838 = ADVANCED_FACE('',(#1839),#358,.F.);
#1839 = FACE_BOUND('',#1840,.F.);
#1840 = EDGE_LOOP('',(#1841,#1842,#1866,#1900));
#1841 = ORIENTED_EDGE('',*,*,#313,.F.);
#1842 = ORIENTED_EDGE('',*,*,#1843,.F.);
#1843 = EDGE_CURVE('',#1844,#244,#1846,.T.);
#1844 = VERTEX_POINT('',#1845);
#1845 = CARTESIAN_POINT('',(-15.17698257878,23.0525313101,22.35));
#1846 = SURFACE_CURVE('',#1847,(#1852,#1859),.PCURVE_S1.);
#1847 = CIRCLE('',#1848,27.6);
#1848 = AXIS2_PLACEMENT_3D('',#1849,#1850,#1851);
#1849 = CARTESIAN_POINT('',(-5.666681978065E-15,5.705855277383E-16,22.35
    ));
#1850 = DIRECTION('',(0.,0.,-1.));
#1851 = DIRECTION('',(-0.390051202482,0.920793168655,0.));
#1852 = PCURVE('',#358,#1853);
#1853 = DEFINITIONAL_REPRESENTATION('',(#1854),#1858);
#1854 = LINE('',#1855,#1856);
#1855 = CARTESIAN_POINT('',(8.254668832952,0.));
#1856 = VECTOR('',#1857,1.);
#1857 = DIRECTION('',(-1.,0.));
#1858 = ( GEOMETRIC_REPRESENTATION_CONTEXT(2) 
PARAMETRIC_REPRESENTATION_CONTEXT() REPRESENTATION_CONTEXT('2D SPACE',''
  ) );
#1859 = PCURVE('',#180,#1860);
#1860 = DEFINITIONAL_REPRESENTATION('',(#1861),#1865);
#1861 = LINE('',#1862,#1863);
#1862 = CARTESIAN_POINT('',(-6.101639167199,1.15));
#1863 = VECTOR('',#1864,1.);
#1864 = DIRECTION('',(1.,0.));
#1865 = ( GEOMETRIC_REPRESENTATION_CONTEXT(2) 
PARAMETRIC_REPRESENTATION_CONTEXT() REPRESENTATION_CONTEXT('2D SPACE',''
  ) );
#1866 = ORIENTED_EDGE('',*,*,#1867,.F.);
#1867 = EDGE_CURVE('',#1868,#1844,#1870,.T.);
#1868 = VERTEX_POINT('',#1869);
#1869 = CARTESIAN_POINT('',(-14.95702630953,22.718436653432,22.75));
#1870 = SURFACE_CURVE('',#1871,(#1876,#1883),.PCURVE_S1.);
#1871 = CIRCLE('',#1872,0.4);
#1872 = AXIS2_PLACEMENT_3D('',#1873,#1874,#1875);
#1873 = CARTESIAN_POINT('',(-14.95702630953,22.718436653432,22.35));
#1874 = DIRECTION('',(-0.83523664167,-0.549890673145,0.));
#1875 = DIRECTION('',(0.,0.,1.));
#1876 = PCURVE('',#358,#1877);
#1877 = DEFINITIONAL_REPRESENTATION('',(#1878),#1882);
#1878 = LINE('',#1879,#1880);
#1879 = CARTESIAN_POINT('',(2.153029665753,1.570796326795));
#1880 = VECTOR('',#1881,1.);
#1881 = DIRECTION('',(0.,-1.));
#1882 = ( GEOMETRIC_REPRESENTATION_CONTEXT(2) 
PARAMETRIC_REPRESENTATION_CONTEXT() REPRESENTATION_CONTEXT('2D SPACE',''
  ) );
#1883 = PCURVE('',#1884,#1894);
#1884 = ( BOUNDED_SURFACE() B_SPLINE_SURFACE(2,2,(
    (#1885,#1886,#1887)
    ,(#1888,#1889,#1890)
    ,(#1891,#1892,#1893
)),.UNSPECIFIED.,.F.,.F.,.F.) B_SPLINE_SURFACE_WITH_KNOTS((3,3),(3,3),(
    0.,1.570796326795),(-0.72415415208,0.72415415208),
.PIECEWISE_BEZIER_KNOTS.) GEOMETRIC_REPRESENTATION_ITEM() 
RATIONAL_B_SPLINE_SURFACE((
    (1.,0.749060065874,1.)
    ,(0.707106781187,0.529665452095,0.707106781187)
,(1.,0.749060065874,1.))) REPRESENTATION_ITEM('') SURFACE() );
#1885 = CARTESIAN_POINT('',(-15.17698257878,23.0525313101,22.35));
#1886 = CARTESIAN_POINT('',(-15.62021487349,22.760722626508,22.35));
#1887 = CARTESIAN_POINT('',(-15.38474749578,22.285157395522,22.35));
#1888 = CARTESIAN_POINT('',(-15.17698257878,23.0525313101,22.75));
#1889 = CARTESIAN_POINT('',(-15.62021487349,22.760722626508,22.75));
#1890 = CARTESIAN_POINT('',(-15.38474749578,22.285157395522,22.75));
#1891 = CARTESIAN_POINT('',(-14.95702630953,22.718436653432,22.75));
#1892 = CARTESIAN_POINT('',(-15.10477040776,22.621167092234,22.75));
#1893 = CARTESIAN_POINT('',(-15.02628128186,22.462645348573,22.75));
#1894 = DEFINITIONAL_REPRESENTATION('',(#1895),#1899);
#1895 = LINE('',#1896,#1897);
#1896 = CARTESIAN_POINT('',(1.570796326795,-0.72415415208));
#1897 = VECTOR('',#1898,1.);
#1898 = DIRECTION('',(-1.,-3.788394020588E-14));
#1899 = ( GEOMETRIC_REPRESENTATION_CONTEXT(2) 
PARAMETRIC_REPRESENTATION_CONTEXT() REPRESENTATION_CONTEXT('2D SPACE',''
  ) );
#1900 = ORIENTED_EDGE('',*,*,#1901,.F.);
#1901 = EDGE_CURVE('',#314,#1868,#1902,.T.);
#1902 = SURFACE_CURVE('',#1903,(#1908,#1915),.PCURVE_S1.);
#1903 = CIRCLE('',#1904,27.2);
#1904 = AXIS2_PLACEMENT_3D('',#1905,#1906,#1907);
#1905 = CARTESIAN_POINT('',(-5.666681978065E-15,5.705855277383E-16,22.75
    ));
#1906 = DIRECTION('',(0.,0.,1.));
#1907 = DIRECTION('',(-0.390051202482,0.920793168655,0.));
#1908 = PCURVE('',#358,#1909);
#1909 = DEFINITIONAL_REPRESENTATION('',(#1910),#1914);
#1910 = LINE('',#1911,#1912);
#1911 = CARTESIAN_POINT('',(-4.311701781407,1.570796326795));
#1912 = VECTOR('',#1913,1.);
#1913 = DIRECTION('',(1.,7.264422508681E-15));
#1914 = ( GEOMETRIC_REPRESENTATION_CONTEXT(2) 
PARAMETRIC_REPRESENTATION_CONTEXT() REPRESENTATION_CONTEXT('2D SPACE',''
  ) );
#1915 = PCURVE('',#408,#1916);
#1916 = DEFINITIONAL_REPRESENTATION('',(#1917),#1925);
#1917 = ( BOUNDED_CURVE() B_SPLINE_CURVE(2,(#1918,#1919,#1920,#1921,
#1922,#1923,#1924),.UNSPECIFIED.,.T.,.F.) B_SPLINE_CURVE_WITH_KNOTS((1,2
    ,2,2,2,1),(-2.094395102393,0.,2.094395102393,4.188790204786,
6.28318530718,8.377580409573),.UNSPECIFIED.) CURVE() 
GEOMETRIC_REPRESENTATION_ITEM() RATIONAL_B_SPLINE_CURVE((1.,0.5,1.,0.5,
1.,0.5,1.)) REPRESENTATION_ITEM('') );
#1918 = CARTESIAN_POINT('',(-10.60939270751,-25.04557418742));
#1919 = CARTESIAN_POINT('',(-53.98959970486,-6.669566980548));
#1920 = CARTESIAN_POINT('',(-16.38540714491,21.710790697148));
#1921 = CARTESIAN_POINT('',(21.218785415038,50.091148374843));
#1922 = CARTESIAN_POINT('',(26.994799852434,3.334783490274));
#1923 = CARTESIAN_POINT('',(32.770814289831,-43.42158139429));
#1924 = CARTESIAN_POINT('',(-10.60939270751,-25.04557418742));
#1925 = ( GEOMETRIC_REPRESENTATION_CONTEXT(2) 
PARAMETRIC_REPRESENTATION_CONTEXT() REPRESENTATION_CONTEXT('2D SPACE',''
  ) );
#1926 = ADVANCED_FACE('',(#1927),#1884,.T.);
#1927 = FACE_BOUND('',#1928,.T.);
#1928 = EDGE_LOOP('',(#1929,#1960,#1987,#1988));
#1929 = ORIENTED_EDGE('',*,*,#1930,.T.);
#1930 = EDGE_CURVE('',#1931,#1933,#1935,.T.);
#1931 = VERTEX_POINT('',#1932);
#1932 = CARTESIAN_POINT('',(-15.02628128186,22.462645348573,22.75));
#1933 = VERTEX_POINT('',#1934);
#1934 = CARTESIAN_POINT('',(-15.38474749578,22.285157395522,22.35));
#1935 = SURFACE_CURVE('',#1936,(#1941,#1948),.PCURVE_S1.);
#1936 = CIRCLE('',#1937,0.4);
#1937 = AXIS2_PLACEMENT_3D('',#1938,#1939,#1940);
#1938 = CARTESIAN_POINT('',(-15.02628128186,22.462645348573,22.35));
#1939 = DIRECTION('',(0.443719882626,-0.8961655348,0.));
#1940 = DIRECTION('',(0.,0.,1.));
#1941 = PCURVE('',#1884,#1942);
#1942 = DEFINITIONAL_REPRESENTATION('',(#1943),#1947);
#1943 = LINE('',#1944,#1945);
#1944 = CARTESIAN_POINT('',(1.570796326795,0.72415415208));
#1945 = VECTOR('',#1946,1.);
#1946 = DIRECTION('',(-1.,3.901480409262E-14));
#1947 = ( GEOMETRIC_REPRESENTATION_CONTEXT(2) 
PARAMETRIC_REPRESENTATION_CONTEXT() REPRESENTATION_CONTEXT('2D SPACE',''
  ) );
#1948 = PCURVE('',#1949,#1954);
#1949 = TOROIDAL_SURFACE('',#1950,5.55,0.4);
#1950 = AXIS2_PLACEMENT_3D('',#1951,#1952,#1953);
#1951 = CARTESIAN_POINT('',(-20.,20.,22.35));
#1952 = DIRECTION('',(0.,0.,-1.));
#1953 = DIRECTION('',(0.997429823766,7.165016860779E-02,0.));
#1954 = DEFINITIONAL_REPRESENTATION('',(#1955),#1959);
#1955 = LINE('',#1956,#1957);
#1956 = CARTESIAN_POINT('',(5.895151607161,4.712388980384));
#1957 = VECTOR('',#1958,1.);
#1958 = DIRECTION('',(5.654319433714E-16,-1.));
#1959 = ( GEOMETRIC_REPRESENTATION_CONTEXT(2) 
PARAMETRIC_REPRESENTATION_CONTEXT() REPRESENTATION_CONTEXT('2D SPACE',''
  ) );
#1960 = ORIENTED_EDGE('',*,*,#1961,.T.);
#1961 = EDGE_CURVE('',#1933,#1844,#1962,.T.);
#1962 = SURFACE_CURVE('',#1963,(#1968,#1975),.PCURVE_S1.);
#1963 = CIRCLE('',#1964,0.6);
#1964 = AXIS2_PLACEMENT_3D('',#1965,#1966,#1967);
#1965 = CARTESIAN_POINT('',(-14.8470481749,22.551389325098,22.35));
#1966 = DIRECTION('',(0.,0.,-1.));
#1967 = DIRECTION('',(-0.965247163629,0.261338694239,0.));
#1968 = PCURVE('',#1884,#1969);
#1969 = DEFINITIONAL_REPRESENTATION('',(#1970),#1974);
#1970 = LINE('',#1971,#1972);
#1971 = CARTESIAN_POINT('',(-2.927323780287E-14,6.28318530718));
#1972 = VECTOR('',#1973,1.);
#1973 = DIRECTION('',(6.024998035631E-15,-1.));
#1974 = ( GEOMETRIC_REPRESENTATION_CONTEXT(2) 
PARAMETRIC_REPRESENTATION_CONTEXT() REPRESENTATION_CONTEXT('2D SPACE',''
  ) );
#1975 = PCURVE('',#1976,#1981);
#1976 = CYLINDRICAL_SURFACE('',#1977,0.6);
#1977 = AXIS2_PLACEMENT_3D('',#1978,#1979,#1980);
#1978 = CARTESIAN_POINT('',(-14.8470481749,22.551389325098,23.5));
#1979 = DIRECTION('',(0.,0.,-1.));
#1980 = DIRECTION('',(-0.8961655348,-0.443719882626,-0.));
#1981 = DEFINITIONAL_REPRESENTATION('',(#1982),#1986);
#1982 = LINE('',#1983,#1984);
#1983 = CARTESIAN_POINT('',(-5.559031155099,1.15));
#1984 = VECTOR('',#1985,1.);
#1985 = DIRECTION('',(1.,0.));
#1986 = ( GEOMETRIC_REPRESENTATION_CONTEXT(2) 
PARAMETRIC_REPRESENTATION_CONTEXT() REPRESENTATION_CONTEXT('2D SPACE',''
  ) );
#1987 = ORIENTED_EDGE('',*,*,#1867,.F.);
#1988 = ORIENTED_EDGE('',*,*,#1989,.T.);
#1989 = EDGE_CURVE('',#1868,#1931,#1990,.T.);
#1990 = SURFACE_CURVE('',#1991,(#1996,#2003),.PCURVE_S1.);
#1991 = CIRCLE('',#1992,0.2);
#1992 = AXIS2_PLACEMENT_3D('',#1993,#1994,#1995);
#1993 = CARTESIAN_POINT('',(-14.8470481749,22.551389325098,22.75));
#1994 = DIRECTION('',(0.,0.,1.));
#1995 = DIRECTION('',(-0.965247163629,0.261338694239,0.));
#1996 = PCURVE('',#1884,#1997);
#1997 = DEFINITIONAL_REPRESENTATION('',(#1998),#2002);
#1998 = LINE('',#1999,#2000);
#1999 = CARTESIAN_POINT('',(1.570796326793,-6.28318530718));
#2000 = VECTOR('',#2001,1.);
#2001 = DIRECTION('',(2.705975837926E-13,1.));
#2002 = ( GEOMETRIC_REPRESENTATION_CONTEXT(2) 
PARAMETRIC_REPRESENTATION_CONTEXT() REPRESENTATION_CONTEXT('2D SPACE',''
  ) );
#2003 = PCURVE('',#408,#2004);
#2004 = DEFINITIONAL_REPRESENTATION('',(#2005),#2013);
#2005 = ( BOUNDED_CURVE() B_SPLINE_CURVE(2,(#2006,#2007,#2008,#2009,
#2010,#2011,#2012),.UNSPECIFIED.,.T.,.F.) B_SPLINE_CURVE_WITH_KNOTS((1,2
    ,2,2,2,1),(-2.094395102393,0.,2.094395102393,4.188790204786,
6.28318530718,8.377580409573),.UNSPECIFIED.) CURVE() 
GEOMETRIC_REPRESENTATION_ITEM() RATIONAL_B_SPLINE_CURVE((1.,0.5,1.,0.5,
1.,0.5,1.)) REPRESENTATION_ITEM('') );
#2006 = CARTESIAN_POINT('',(-15.04009760762,-22.60365706394));
#2007 = CARTESIAN_POINT('',(-15.1306279869,-22.26928563809));
#2008 = CARTESIAN_POINT('',(-14.79578864818,-22.35806974274));
#2009 = CARTESIAN_POINT('',(-14.46094930945,-22.4468538474));
#2010 = CARTESIAN_POINT('',(-14.70525826889,-22.6924411686));
#2011 = CARTESIAN_POINT('',(-14.94956722834,-22.93802848979));
#2012 = CARTESIAN_POINT('',(-15.04009760762,-22.60365706394));
#2013 = ( GEOMETRIC_REPRESENTATION_CONTEXT(2) 
PARAMETRIC_REPRESENTATION_CONTEXT() REPRESENTATION_CONTEXT('2D SPACE',''
  ) );
#2014 = ADVANCED_FACE('',(#2015),#1949,.F.);
#2015 = FACE_BOUND('',#2016,.F.);
#2016 = EDGE_LOOP('',(#2017,#2041,#2042,#2071));
#2017 = ORIENTED_EDGE('',*,*,#2018,.F.);
#2018 = EDGE_CURVE('',#1931,#2019,#2021,.T.);
#2019 = VERTEX_POINT('',#2020);
#2020 = CARTESIAN_POINT('',(-14.72535800651,18.273543559604,22.75));
#2021 = SURFACE_CURVE('',#2022,(#2027,#2034),.PCURVE_S1.);
#2022 = CIRCLE('',#2023,5.55);
#2023 = AXIS2_PLACEMENT_3D('',#2024,#2025,#2026);
#2024 = CARTESIAN_POINT('',(-20.,20.,22.75));
#2025 = DIRECTION('',(0.,0.,-1.));
#2026 = DIRECTION('',(0.999999090168,1.348948957479E-03,0.));
#2027 = PCURVE('',#1949,#2028);
#2028 = DEFINITIONAL_REPRESENTATION('',(#2029),#2033);
#2029 = LINE('',#2030,#2031);
#2030 = CARTESIAN_POINT('',(7.036266693858E-02,4.712388980385));
#2031 = VECTOR('',#2032,1.);
#2032 = DIRECTION('',(1.,-3.43338124881E-15));
#2033 = ( GEOMETRIC_REPRESENTATION_CONTEXT(2) 
PARAMETRIC_REPRESENTATION_CONTEXT() REPRESENTATION_CONTEXT('2D SPACE',''
  ) );
#2034 = PCURVE('',#408,#2035);
#2035 = DEFINITIONAL_REPRESENTATION('',(#2036),#2040);
#2036 = CIRCLE('',#2037,5.55);
#2037 = AXIS2_PLACEMENT_2D('',#2038,#2039);
#2038 = CARTESIAN_POINT('',(-20.,-20.));
#2039 = DIRECTION('',(0.999999090168,-1.348948957479E-03));
#2040 = ( GEOMETRIC_REPRESENTATION_CONTEXT(2) 
PARAMETRIC_REPRESENTATION_CONTEXT() REPRESENTATION_CONTEXT('2D SPACE',''
  ) );
#2041 = ORIENTED_EDGE('',*,*,#1930,.T.);
#2042 = ORIENTED_EDGE('',*,*,#2043,.F.);
#2043 = EDGE_CURVE('',#2044,#1933,#2046,.T.);
#2044 = VERTEX_POINT('',#2045);
#2045 = CARTESIAN_POINT('',(-15.10551238442,18.397972852605,22.35));
#2046 = SURFACE_CURVE('',#2047,(#2052,#2059),.PCURVE_S1.);
#2047 = CIRCLE('',#2048,5.15);
#2048 = AXIS2_PLACEMENT_3D('',#2049,#2050,#2051);
#2049 = CARTESIAN_POINT('',(-20.,20.,22.35));
#2050 = DIRECTION('',(0.,0.,1.));
#2051 = DIRECTION('',(0.999999090168,1.348948957479E-03,-0.));
#2052 = PCURVE('',#1949,#2053);
#2053 = DEFINITIONAL_REPRESENTATION('',(#2054),#2058);
#2054 = LINE('',#2055,#2056);
#2055 = CARTESIAN_POINT('',(12.636733281298,3.14159265359));
#2056 = VECTOR('',#2057,1.);
#2057 = DIRECTION('',(-1.,-4.577841665081E-15));
#2058 = ( GEOMETRIC_REPRESENTATION_CONTEXT(2) 
PARAMETRIC_REPRESENTATION_CONTEXT() REPRESENTATION_CONTEXT('2D SPACE',''
  ) );
#2059 = PCURVE('',#2060,#2065);
#2060 = CYLINDRICAL_SURFACE('',#2061,5.15);
#2061 = AXIS2_PLACEMENT_3D('',#2062,#2063,#2064);
#2062 = CARTESIAN_POINT('',(-20.,20.,23.5));
#2063 = DIRECTION('',(0.,0.,-1.));
#2064 = DIRECTION('',(0.8961655348,0.443719882626,0.));
#2065 = DEFINITIONAL_REPRESENTATION('',(#2066),#2070);
#2066 = LINE('',#2067,#2068);
#2067 = CARTESIAN_POINT('',(6.741581674137,1.15));
#2068 = VECTOR('',#2069,1.);
#2069 = DIRECTION('',(-1.,0.));
#2070 = ( GEOMETRIC_REPRESENTATION_CONTEXT(2) 
PARAMETRIC_REPRESENTATION_CONTEXT() REPRESENTATION_CONTEXT('2D SPACE',''
  ) );
#2071 = ORIENTED_EDGE('',*,*,#2072,.F.);
#2072 = EDGE_CURVE('',#2019,#2044,#2073,.T.);
#2073 = SURFACE_CURVE('',#2074,(#2079,#2086),.PCURVE_S1.);
#2074 = CIRCLE('',#2075,0.4);
#2075 = AXIS2_PLACEMENT_3D('',#2076,#2077,#2078);
#2076 = CARTESIAN_POINT('',(-14.72535800651,18.273543559604,22.35));
#2077 = DIRECTION('',(-0.311073232504,-0.950385944772,0.));
#2078 = DIRECTION('',(0.,0.,1.));
#2079 = PCURVE('',#1949,#2080);
#2080 = DEFINITIONAL_REPRESENTATION('',(#2081),#2085);
#2081 = LINE('',#2082,#2083);
#2082 = CARTESIAN_POINT('',(6.671219007198,4.712388980385));
#2083 = VECTOR('',#2084,1.);
#2084 = DIRECTION('',(0.,-1.));
#2085 = ( GEOMETRIC_REPRESENTATION_CONTEXT(2) 
PARAMETRIC_REPRESENTATION_CONTEXT() REPRESENTATION_CONTEXT('2D SPACE',''
  ) );
#2086 = PCURVE('',#2087,#2123);
#2087 = B_SPLINE_SURFACE_WITH_KNOTS('',3,3,(
    (#2088,#2089,#2090,#2091,#2092)
    ,(#2093,#2094,#2095,#2096,#2097)
    ,(#2098,#2099,#2100,#2101,#2102)
    ,(#2103,#2104,#2105,#2106,#2107)
    ,(#2108,#2109,#2110,#2111,#2112)
    ,(#2113,#2114,#2115,#2116,#2117)
    ,(#2118,#2119,#2120,#2121,#2122
    )),.UNSPECIFIED.,.F.,.F.,.F.,(4,1,1,1,4),(4,1,4),(0.,0.285714285714,
    0.571428571429,0.857142857143,1.),(7.74141993013E-16,
    5.427021823205E-02,0.108540436464),.UNSPECIFIED.);
#2088 = CARTESIAN_POINT('',(-15.10551238442,18.397972852605,22.35));
#2089 = CARTESIAN_POINT('',(-15.1577300198,18.238438371505,22.35));
#2090 = CARTESIAN_POINT('',(-15.27769003098,17.925465983083,
    22.302893154033));
#2091 = CARTESIAN_POINT('',(-15.4211869612,17.637615312467,
    22.195477625227));
#2092 = CARTESIAN_POINT('',(-15.49614506183,17.502443054507,22.125));
#2093 = CARTESIAN_POINT('',(-15.10551238442,18.397972852605,
    22.409839860068));
#2094 = CARTESIAN_POINT('',(-15.15941542861,18.233358067269,
    22.415081666276));
#2095 = CARTESIAN_POINT('',(-15.28361600525,17.910519334709,
    22.376949616846));
#2096 = CARTESIAN_POINT('',(-15.43337544058,17.613239088024,
    22.277110027359));
#2097 = CARTESIAN_POINT('',(-15.51339157993,17.471342335924,
    22.209050084409));
#2098 = CARTESIAN_POINT('',(-15.07952253309,18.38946604849,
    22.529468277365));
#2099 = CARTESIAN_POINT('',(-15.13238262422,18.212302822589,
    22.545195302807));
#2100 = CARTESIAN_POINT('',(-15.25578973716,17.864010959589,
    22.524800194527));
#2101 = CARTESIAN_POINT('',(-15.4071554796,17.538887316286,
    22.439991339803));
#2102 = CARTESIAN_POINT('',(-15.49085553471,17.377692658467,
    22.376785380933));
#2103 = CARTESIAN_POINT('',(-14.97048166072,18.353775604172,
    22.673456728342));
#2104 = CARTESIAN_POINT('',(-15.01040221972,18.154886477476,
    22.695669400124));
#2105 = CARTESIAN_POINT('',(-15.10763082617,17.762784036904,
    22.680222596152));
#2106 = CARTESIAN_POINT('',(-15.23214476892,17.392614447001,
    22.587870610255));
#2107 = CARTESIAN_POINT('',(-15.30220155428,17.205971313258,
    22.515486811878));
#2108 = CARTESIAN_POINT('',(-14.83911271758,18.310776902414,
    22.739975101075));
#2109 = CARTESIAN_POINT('',(-14.86395653481,18.09594303319,
    22.754721681742));
#2110 = CARTESIAN_POINT('',(-14.93204872853,17.676218608752,
    22.713947458632));
#2111 = CARTESIAN_POINT('',(-15.03052442457,17.289542529058,
    22.580406460559));
#2112 = CARTESIAN_POINT('',(-15.086375607,17.101469389628,22.48410760794
    ));
#2113 = CARTESIAN_POINT('',(-14.75379348749,18.282850848956,22.75));
#2114 = CARTESIAN_POINT('',(-14.77103101267,18.061509796752,
    22.754107096385));
#2115 = CARTESIAN_POINT('',(-14.8266778614,17.634357891892,
    22.685846049274));
#2116 = CARTESIAN_POINT('',(-14.92005348606,17.254252852429,
    22.518329867728));
#2117 = CARTESIAN_POINT('',(-14.97411804477,17.077072659073,
    22.405866068028));
#2118 = CARTESIAN_POINT('',(-14.72535800651,18.273543559604,22.75));
#2119 = CARTESIAN_POINT('',(-14.74040293181,18.050455297878,22.75));
#2120 = CARTESIAN_POINT('',(-14.79298278032,17.622145026357,
    22.671488590055));
#2121 = CARTESIAN_POINT('',(-14.88629623494,17.246054995798,
    22.492462708712));
#2122 = CARTESIAN_POINT('',(-14.94070209063,17.073475674709,22.375));
#2123 = DEFINITIONAL_REPRESENTATION('',(#2124),#2127);
#2124 = B_SPLINE_CURVE_WITH_KNOTS('',1,(#2125,#2126),.UNSPECIFIED.,.F.,
  .F.,(2,2),(0.,1.570796326795),.PIECEWISE_BEZIER_KNOTS.);
#2125 = CARTESIAN_POINT('',(1.,7.340535541627E-16));
#2126 = CARTESIAN_POINT('',(-1.274506049918E-15,-2.086166902134E-15));
#2127 = ( GEOMETRIC_REPRESENTATION_CONTEXT(2) 
PARAMETRIC_REPRESENTATION_CONTEXT() REPRESENTATION_CONTEXT('2D SPACE',''
  ) );
#2128 = ADVANCED_FACE('',(#2129),#2087,.T.);
#2129 = FACE_BOUND('',#2130,.T.);
#2130 = EDGE_LOOP('',(#2131,#2198,#2243,#2244));
#2131 = ORIENTED_EDGE('',*,*,#2132,.T.);
#2132 = EDGE_CURVE('',#2133,#2135,#2137,.T.);
#2133 = VERTEX_POINT('',#2134);
#2134 = CARTESIAN_POINT('',(-14.94070209063,17.073475674709,22.375));
#2135 = VERTEX_POINT('',#2136);
#2136 = CARTESIAN_POINT('',(-15.49614506183,17.502443054507,22.125));
#2137 = SURFACE_CURVE('',#2138,(#2143,#2149),.PCURVE_S1.);
#2138 = CIRCLE('',#2139,0.4);
#2139 = AXIS2_PLACEMENT_3D('',#2140,#2141,#2142);
#2140 = CARTESIAN_POINT('',(-15.14633108605,17.308458049032,22.125));
#2141 = DIRECTION('',(-0.446629008284,-0.805407968022,-0.389667209303));
#2142 = DIRECTION('',(0.51407248855,-0.587455935808,0.625));
#2143 = PCURVE('',#2087,#2144);
#2144 = DEFINITIONAL_REPRESENTATION('',(#2145),#2148);
#2145 = B_SPLINE_CURVE_WITH_KNOTS('',1,(#2146,#2147),.UNSPECIFIED.,.F.,
  .F.,(2,2),(0.,2.395679435692),.PIECEWISE_BEZIER_KNOTS.);
#2146 = CARTESIAN_POINT('',(1.,0.108540436464));
#2147 = CARTESIAN_POINT('',(-5.355537991623E-15,0.108540436464));
#2148 = ( GEOMETRIC_REPRESENTATION_CONTEXT(2) 
PARAMETRIC_REPRESENTATION_CONTEXT() REPRESENTATION_CONTEXT('2D SPACE',''
  ) );
#2149 = PCURVE('',#2150,#2193);
#2150 = B_SPLINE_SURFACE_WITH_KNOTS('',3,3,(
    (#2151,#2152,#2153,#2154,#2155,#2156)
    ,(#2157,#2158,#2159,#2160,#2161,#2162)
    ,(#2163,#2164,#2165,#2166,#2167,#2168)
    ,(#2169,#2170,#2171,#2172,#2173,#2174)
    ,(#2175,#2176,#2177,#2178,#2179,#2180)
    ,(#2181,#2182,#2183,#2184,#2185,#2186)
    ,(#2187,#2188,#2189,#2190,#2191,#2192
    )),.UNSPECIFIED.,.F.,.F.,.F.,(4,1,1,1,4),(4,1,1,4),(0.,
    0.285714285714,0.571428571429,0.857142857143,1.),(1.118331119297,
    1.208590632555,1.298850145813,1.4342394157),.UNSPECIFIED.);
#2151 = CARTESIAN_POINT('',(-15.49614506183,17.502443054507,22.125));
#2152 = CARTESIAN_POINT('',(-15.6208354294,17.277588390535,
    22.007762757852));
#2153 = CARTESIAN_POINT('',(-15.92602875754,16.814745977002,
    21.881125628711));
#2154 = CARTESIAN_POINT('',(-16.58810718036,16.094008986964,
    21.849453624316));
#2155 = CARTESIAN_POINT('',(-17.16518695028,15.683166255224,
    21.949157636412));
#2156 = CARTESIAN_POINT('',(-17.50244305481,15.496145061664,
    22.125000000161));
#2157 = CARTESIAN_POINT('',(-15.51339157993,17.471342335924,
    22.209050084409));
#2158 = CARTESIAN_POINT('',(-15.63339171999,17.258507300659,
    22.094376101213));
#2159 = CARTESIAN_POINT('',(-15.93212510442,16.808352647617,
    21.966130878178));
#2160 = CARTESIAN_POINT('',(-16.58508865112,16.097607693321,
    21.932646449309));
#2161 = CARTESIAN_POINT('',(-17.15211429072,15.693377972123,
    22.037052314099));
#2162 = CARTESIAN_POINT('',(-17.47134233621,15.51339157977,
    22.209050084567));
#2163 = CARTESIAN_POINT('',(-15.49085624152,17.377693083039,
    22.376785313512));
#2164 = CARTESIAN_POINT('',(-15.60660385215,17.187980927007,
    22.26723119553));
#2165 = CARTESIAN_POINT('',(-15.90075955431,16.76122691746,
    22.135764328561));
#2166 = CARTESIAN_POINT('',(-16.54376803524,16.064509240544,
    22.098653138228));
#2167 = CARTESIAN_POINT('',(-17.09314669413,15.664464329239,
    22.212466751491));
#2168 = CARTESIAN_POINT('',(-17.3776930833,15.490856241363,
    22.376785313663));
#2169 = CARTESIAN_POINT('',(-15.30220182776,17.205971516251,
    22.515486705768));
#2170 = CARTESIAN_POINT('',(-15.42845933303,17.028956590339,
    22.41644324872));
#2171 = CARTESIAN_POINT('',(-15.74095848415,16.614322126722,
    22.291644956687));
#2172 = CARTESIAN_POINT('',(-16.39891768427,15.912292959444,
    22.254627195049));
#2173 = CARTESIAN_POINT('',(-16.94046951046,15.491573547246,
    22.366932924872));
#2174 = CARTESIAN_POINT('',(-17.20597151649,15.302201827591,
    22.515486705905));
#2175 = CARTESIAN_POINT('',(-15.08637584025,17.101469560983,
    22.484107521109));
#2176 = CARTESIAN_POINT('',(-15.22772227396,16.908409950774,
    22.395100819703));
#2177 = CARTESIAN_POINT('',(-15.56526323951,16.476068776545,
    22.287928559042));
#2178 = CARTESIAN_POINT('',(-16.25472174052,15.747639017319,
    22.257463253364));
#2179 = CARTESIAN_POINT('',(-16.81190237626,15.298379214921,
    22.350607717956));
#2180 = CARTESIAN_POINT('',(-17.10146956124,15.086375840062,
    22.484107521232));
#2181 = CARTESIAN_POINT('',(-14.97411804477,17.077072659073,
    22.405866068028));
#2182 = CARTESIAN_POINT('',(-15.12185631688,16.864423872159,
    22.321098142348));
#2183 = CARTESIAN_POINT('',(-15.4710979077,16.409969285067,
    22.226589636079));
#2184 = CARTESIAN_POINT('',(-16.18172966801,15.659369056418,
    22.201966067654));
#2185 = CARTESIAN_POINT('',(-16.75812396495,15.195708441032,
    22.278723940368));
#2186 = CARTESIAN_POINT('',(-17.07707265936,14.974118044572,
    22.405866068144));
#2187 = CARTESIAN_POINT('',(-14.94070209063,17.073475674709,22.375));
#2188 = CARTESIAN_POINT('',(-15.09007473764,16.853669532614,
    22.291259112752));
#2189 = CARTESIAN_POINT('',(-15.44256917588,16.390939261693,
    22.200804020508));
#2190 = CARTESIAN_POINT('',(-16.160111128,15.632593706269,
    22.178181160226));
#2191 = CARTESIAN_POINT('',(-16.74379177197,15.164743861054,
    22.249398311723));
#2192 = CARTESIAN_POINT('',(-17.07347567501,14.940702090431,
    22.375000000115));
#2193 = DEFINITIONAL_REPRESENTATION('',(#2194),#2197);
#2194 = B_SPLINE_CURVE_WITH_KNOTS('',1,(#2195,#2196),.UNSPECIFIED.,.F.,
  .F.,(2,2),(0.,2.395679435692),.PIECEWISE_BEZIER_KNOTS.);
#2195 = CARTESIAN_POINT('',(1.,1.118331119297));
#2196 = CARTESIAN_POINT('',(3.516915380741E-15,1.118331119297));
#2197 = ( GEOMETRIC_REPRESENTATION_CONTEXT(2) 
PARAMETRIC_REPRESENTATION_CONTEXT() REPRESENTATION_CONTEXT('2D SPACE',''
  ) );
#2198 = ORIENTED_EDGE('',*,*,#2199,.T.);
#2199 = EDGE_CURVE('',#2135,#2044,#2200,.T.);
#2200 = SURFACE_CURVE('',#2201,(#2207,#2214),.PCURVE_S1.);
#2201 = B_SPLINE_CURVE_WITH_KNOTS('',3,(#2202,#2203,#2204,#2205,#2206),
  .UNSPECIFIED.,.F.,.F.,(4,1,4),(-0.108540436464,-5.427021823205E-02,
    -7.74141993013E-16),.UNSPECIFIED.);
#2202 = CARTESIAN_POINT('',(-15.49614506183,17.502443054507,22.125));
#2203 = CARTESIAN_POINT('',(-15.4211869612,17.637615312467,
    22.195477625227));
#2204 = CARTESIAN_POINT('',(-15.27769003098,17.925465983083,
    22.302893154033));
#2205 = CARTESIAN_POINT('',(-15.1577300198,18.238438371505,22.35));
#2206 = CARTESIAN_POINT('',(-15.10551238442,18.397972852605,22.35));
#2207 = PCURVE('',#2087,#2208);
#2208 = DEFINITIONAL_REPRESENTATION('',(#2209),#2213);
#2209 = LINE('',#2210,#2211);
#2210 = CARTESIAN_POINT('',(-1.274506049917E-15,-5.96744875736E-16));
#2211 = VECTOR('',#2212,1.);
#2212 = DIRECTION('',(2.840323180791E-14,-1.));
#2213 = ( GEOMETRIC_REPRESENTATION_CONTEXT(2) 
PARAMETRIC_REPRESENTATION_CONTEXT() REPRESENTATION_CONTEXT('2D SPACE',''
  ) );
#2214 = PCURVE('',#2060,#2215);
#2215 = DEFINITIONAL_REPRESENTATION('',(#2216),#2242);
#2216 = B_SPLINE_CURVE_WITH_KNOTS('',3,(#2217,#2218,#2219,#2220,#2221,
    #2222,#2223,#2224,#2225,#2226,#2227,#2228,#2229,#2230,#2231,#2232,
    #2233,#2234,#2235,#2236,#2237,#2238,#2239,#2240,#2241),
  .UNSPECIFIED.,.F.,.F.,(4,1,1,1,1,1,1,1,1,1,1,1,1,1,1,1,1,1,1,1,1,1,4),
  (-0.108540436464,-0.103606780261,-9.867312405826E-02,
    -9.373946785535E-02,-8.880581165244E-02,-8.387215544952E-02,
    -7.893849924661E-02,-7.40048430437E-02,-6.907118684078E-02,
    -6.413753063787E-02,-5.920387443496E-02,-5.427021823205E-02,
    -4.933656202913E-02,-4.440290582622E-02,-3.946924962331E-02,
    -3.453559342039E-02,-2.960193721748E-02,-2.466828101457E-02,
    -1.973462481165E-02,-1.480096860874E-02,-9.867312405827E-03,
    -4.933656202914E-03,-7.74141993013E-16),.QUASI_UNIFORM_KNOTS.);
#2217 = CARTESIAN_POINT('',(0.966065619212,1.375));
#2218 = CARTESIAN_POINT('',(0.963337202891,1.368592943161));
#2219 = CARTESIAN_POINT('',(0.957860801219,1.356056017266));
#2220 = CARTESIAN_POINT('',(0.949589932033,1.33807456131));
#2221 = CARTESIAN_POINT('',(0.941265241385,1.320909407784));
#2222 = CARTESIAN_POINT('',(0.932889157692,1.304552926228));
#2223 = CARTESIAN_POINT('',(0.924464096209,1.288997486183));
#2224 = CARTESIAN_POINT('',(0.915992455826,1.274235457191));
#2225 = CARTESIAN_POINT('',(0.90747661762,1.260259208793));
#2226 = CARTESIAN_POINT('',(0.898918942866,1.247061110529));
#2227 = CARTESIAN_POINT('',(0.890321771188,1.234633531942));
#2228 = CARTESIAN_POINT('',(0.881687418408,1.222968842572));
#2229 = CARTESIAN_POINT('',(0.873018175275,1.21205941196));
#2230 = CARTESIAN_POINT('',(0.864316302787,1.201897609648));
#2231 = CARTESIAN_POINT('',(0.855584376869,1.192521645639));
#2232 = CARTESIAN_POINT('',(0.846824975338,1.183969729934));
#2233 = CARTESIAN_POINT('',(0.838040673164,1.176280072538));
#2234 = CARTESIAN_POINT('',(0.829234041067,1.169490883452));
#2235 = CARTESIAN_POINT('',(0.820407643173,1.163640372679));
#2236 = CARTESIAN_POINT('',(0.81156403483,1.158766750222));
#2237 = CARTESIAN_POINT('',(0.802705760546,1.154908226085));
#2238 = CARTESIAN_POINT('',(0.793835351112,1.152103010268));
#2239 = CARTESIAN_POINT('',(0.784955323815,1.150389312777));
#2240 = CARTESIAN_POINT('',(0.779030555295,1.15));
#2241 = CARTESIAN_POINT('',(0.776067400037,1.15));
#2242 = ( GEOMETRIC_REPRESENTATION_CONTEXT(2) 
PARAMETRIC_REPRESENTATION_CONTEXT() REPRESENTATION_CONTEXT('2D SPACE',''
  ) );
#2243 = ORIENTED_EDGE('',*,*,#2072,.F.);
#2244 = ORIENTED_EDGE('',*,*,#2245,.T.);
#2245 = EDGE_CURVE('',#2019,#2133,#2246,.T.);
#2246 = SURFACE_CURVE('',#2247,(#2253,#2260),.PCURVE_S1.);
#2247 = B_SPLINE_CURVE_WITH_KNOTS('',3,(#2248,#2249,#2250,#2251,#2252),
  .UNSPECIFIED.,.F.,.F.,(4,1,4),(7.74141993013E-16,5.427021823205E-02,
    0.108540436464),.UNSPECIFIED.);
#2248 = CARTESIAN_POINT('',(-14.72535800651,18.273543559604,22.75));
#2249 = CARTESIAN_POINT('',(-14.74040293181,18.050455297878,22.75));
#2250 = CARTESIAN_POINT('',(-14.79298278032,17.622145026357,
    22.671488590055));
#2251 = CARTESIAN_POINT('',(-14.88629623494,17.246054995798,
    22.492462708712));
#2252 = CARTESIAN_POINT('',(-14.94070209063,17.073475674709,22.375));
#2253 = PCURVE('',#2087,#2254);
#2254 = DEFINITIONAL_REPRESENTATION('',(#2255),#2259);
#2255 = LINE('',#2256,#2257);
#2256 = CARTESIAN_POINT('',(1.,-4.008843885025E-17));
#2257 = VECTOR('',#2258,1.);
#2258 = DIRECTION('',(-3.682316949198E-14,1.));
#2259 = ( GEOMETRIC_REPRESENTATION_CONTEXT(2) 
PARAMETRIC_REPRESENTATION_CONTEXT() REPRESENTATION_CONTEXT('2D SPACE',''
  ) );
#2260 = PCURVE('',#2261,#2266);
#2261 = TOROIDAL_SURFACE('',#2262,23.468245836552,1.);
#2262 = AXIS2_PLACEMENT_3D('',#2263,#2264,#2265);
#2263 = CARTESIAN_POINT('',(-5.666681978065E-15,5.705855277383E-16,21.75
    ));
#2264 = DIRECTION('',(0.,0.,-1.));
#2265 = DIRECTION('',(-1.,0.,0.));
#2266 = DEFINITIONAL_REPRESENTATION('',(#2267),#2293);
#2267 = B_SPLINE_CURVE_WITH_KNOTS('',3,(#2268,#2269,#2270,#2271,#2272,
    #2273,#2274,#2275,#2276,#2277,#2278,#2279,#2280,#2281,#2282,#2283,
    #2284,#2285,#2286,#2287,#2288,#2289,#2290,#2291,#2292),
  .UNSPECIFIED.,.F.,.F.,(4,1,1,1,1,1,1,1,1,1,1,1,1,1,1,1,1,1,1,1,1,1,4),
  (7.74141993013E-16,4.933656202914E-03,9.867312405827E-03,
    1.480096860874E-02,1.973462481165E-02,2.466828101457E-02,
    2.960193721748E-02,3.453559342039E-02,3.946924962331E-02,
    4.440290582622E-02,4.933656202913E-02,5.427021823205E-02,
    5.920387443496E-02,6.413753063787E-02,6.907118684078E-02,
    7.40048430437E-02,7.893849924661E-02,8.387215544952E-02,
    8.880581165244E-02,9.373946785535E-02,9.867312405826E-02,
    0.103606780261,0.108540436464),.QUASI_UNIFORM_KNOTS.);
#2268 = CARTESIAN_POINT('',(0.892510987305,4.712388980385));
#2269 = CARTESIAN_POINT('',(0.891923372516,4.697455811581));
#2270 = CARTESIAN_POINT('',(0.890743676602,4.66784447637));
#2271 = CARTESIAN_POINT('',(0.888961499112,4.624127635219));
#2272 = CARTESIAN_POINT('',(0.887167448766,4.581044771982));
#2273 = CARTESIAN_POINT('',(0.88536230249,4.538534386732));
#2274 = CARTESIAN_POINT('',(0.883546847651,4.496538892876));
#2275 = CARTESIAN_POINT('',(0.881721883423,4.455005480174));
#2276 = CARTESIAN_POINT('',(0.879888220231,4.413886383512));
#2277 = CARTESIAN_POINT('',(0.87804667969,4.373139186697));
#2278 = CARTESIAN_POINT('',(0.876198094378,4.33272698856));
#2279 = CARTESIAN_POINT('',(0.874343307665,4.292618583477));
#2280 = CARTESIAN_POINT('',(0.87248317341,4.252788287938));
#2281 = CARTESIAN_POINT('',(0.870618556001,4.213216782045));
#2282 = CARTESIAN_POINT('',(0.868750318677,4.173842648752));
#2283 = CARTESIAN_POINT('',(0.866879330942,4.134600003756));
#2284 = CARTESIAN_POINT('',(0.865006468523,4.095420090005));
#2285 = CARTESIAN_POINT('',(0.863132612972,4.056231725421));
#2286 = CARTESIAN_POINT('',(0.861258651349,4.016962031139));
#2287 = CARTESIAN_POINT('',(0.859385475885,3.977537089694));
#2288 = CARTESIAN_POINT('',(0.857513983604,3.937882613204));
#2289 = CARTESIAN_POINT('',(0.855645076091,3.897924769284));
#2290 = CARTESIAN_POINT('',(0.853779658689,3.857590618922));
#2291 = CARTESIAN_POINT('',(0.852538980747,3.830403759427));
#2292 = CARTESIAN_POINT('',(0.851919526681,3.816724186527));
#2293 = ( GEOMETRIC_REPRESENTATION_CONTEXT(2) 
PARAMETRIC_REPRESENTATION_CONTEXT() REPRESENTATION_CONTEXT('2D SPACE',''
  ) );
#2294 = ADVANCED_FACE('',(#2295),#2150,.T.);
#2295 = FACE_BOUND('',#2296,.T.);
#2296 = EDGE_LOOP('',(#2297,#2357,#2403,#2404));
#2297 = ORIENTED_EDGE('',*,*,#2298,.T.);
#2298 = EDGE_CURVE('',#2299,#2301,#2303,.T.);
#2299 = VERTEX_POINT('',#2300);
#2300 = CARTESIAN_POINT('',(-17.07347567498,14.940702090394,
    22.375000000119));
#2301 = VERTEX_POINT('',#2302);
#2302 = CARTESIAN_POINT('',(-17.50244305481,15.496145061664,
    22.125000000161));
#2303 = SURFACE_CURVE('',#2304,(#2309,#2315),.PCURVE_S1.);
#2304 = CIRCLE('',#2305,0.400000000037);
#2305 = AXIS2_PLACEMENT_3D('',#2306,#2307,#2308);
#2306 = CARTESIAN_POINT('',(-17.30845804936,15.146331085871,
    22.125000000161));
#2307 = DIRECTION('',(-0.805407967982,-0.44662900819,0.389667209493));
#2308 = DIRECTION('',(0.587455935898,-0.514072488647,0.624999999835));
#2309 = PCURVE('',#2150,#2310);
#2310 = DEFINITIONAL_REPRESENTATION('',(#2311),#2314);
#2311 = B_SPLINE_CURVE_WITH_KNOTS('',1,(#2312,#2313),.UNSPECIFIED.,.F.,
  .F.,(2,2),(0.,2.395679435856),.PIECEWISE_BEZIER_KNOTS.);
#2312 = CARTESIAN_POINT('',(1.000000000029,1.434239415699));
#2313 = CARTESIAN_POINT('',(-9.279133817028E-15,1.4342394157));
#2314 = ( GEOMETRIC_REPRESENTATION_CONTEXT(2) 
PARAMETRIC_REPRESENTATION_CONTEXT() REPRESENTATION_CONTEXT('2D SPACE',''
  ) );
#2315 = PCURVE('',#2316,#2352);
#2316 = B_SPLINE_SURFACE_WITH_KNOTS('',3,3,(
    (#2317,#2318,#2319,#2320,#2321)
    ,(#2322,#2323,#2324,#2325,#2326)
    ,(#2327,#2328,#2329,#2330,#2331)
    ,(#2332,#2333,#2334,#2335,#2336)
    ,(#2337,#2338,#2339,#2340,#2341)
    ,(#2342,#2343,#2344,#2345,#2346)
    ,(#2347,#2348,#2349,#2350,#2351
    )),.UNSPECIFIED.,.F.,.F.,.F.,(4,1,1,1,4),(4,1,4),(0.,0.285714285714,
    0.571428571429,0.857142857143,1.),(3.397135375695E-11,
    5.424678012612E-02,0.108493560218),.UNSPECIFIED.);
#2317 = CARTESIAN_POINT('',(-17.50244305476,15.496145061694,
    22.125000000134));
#2318 = CARTESIAN_POINT('',(-17.63758273223,15.421205028174,
    22.195460638151));
#2319 = CARTESIAN_POINT('',(-17.92583715838,15.277519456999,
    22.303005892978));
#2320 = CARTESIAN_POINT('',(-18.23850727101,15.157707468129,22.35));
#2321 = CARTESIAN_POINT('',(-18.3979728526,15.105512384426,22.35));
#2322 = CARTESIAN_POINT('',(-17.47134233619,15.513391579783,
    22.209050084538));
#2323 = CARTESIAN_POINT('',(-17.613204887,15.433394726685,
    22.277093623009));
#2324 = CARTESIAN_POINT('',(-17.91090254323,15.283438126528,
    22.377052625946));
#2325 = CARTESIAN_POINT('',(-18.23342916085,15.159392149049,
    22.415079402453));
#2326 = CARTESIAN_POINT('',(-18.3979728526,15.105512384426,
    22.409839860068));
#2327 = CARTESIAN_POINT('',(-17.37769265877,15.490855534554,
    22.376785381054));
#2328 = CARTESIAN_POINT('',(-17.53884846392,15.407175653637,
    22.439976105392));
#2329 = CARTESIAN_POINT('',(-17.86442847586,15.255610648373,
    22.524883723393));
#2330 = CARTESIAN_POINT('',(-18.21237933557,15.132359795087,
    22.545188510643));
#2331 = CARTESIAN_POINT('',(-18.38946604849,15.079522533094,
    22.529468277365));
#2332 = CARTESIAN_POINT('',(-17.20597131361,15.302201554151,
    22.515486812016));
#2333 = CARTESIAN_POINT('',(-17.39256946085,15.232161654558,
    22.587853163723));
#2334 = CARTESIAN_POINT('',(-17.7632574896,15.107485006329,
    22.680311115837));
#2335 = CARTESIAN_POINT('',(-18.15497237341,15.010384978899,
    22.695659806949));
#2336 = CARTESIAN_POINT('',(-18.35377560417,14.970481660726,
    22.673456728342));
#2337 = CARTESIAN_POINT('',(-17.10146938998,15.086375606902,
    22.484107608123));
#2338 = CARTESIAN_POINT('',(-17.28949719824,15.030537886255,
    22.580383249836));
#2339 = CARTESIAN_POINT('',(-17.67671717441,14.931937162084,
    22.71408118177));
#2340 = CARTESIAN_POINT('',(-18.09603581531,14.863945805304,
    22.754715313011));
#2341 = CARTESIAN_POINT('',(-18.31077690241,14.839112717583,
    22.739975101075));
#2342 = CARTESIAN_POINT('',(-17.07707265941,14.974118044673,
    22.405866068241));
#2343 = CARTESIAN_POINT('',(-17.25421014713,14.92006651712,
    22.518302760808));
#2344 = CARTESIAN_POINT('',(-17.63485357277,14.826575825813,
    22.686020026309));
#2345 = CARTESIAN_POINT('',(-18.06160538919,14.771023568157,
    22.754105322618));
#2346 = CARTESIAN_POINT('',(-18.28285084895,14.75379348749,22.75));
#2347 = CARTESIAN_POINT('',(-17.07347567503,14.940702090533,
    22.375000000223));
#2348 = CARTESIAN_POINT('',(-17.24601339944,14.886309348268,
    22.492434396919));
#2349 = CARTESIAN_POINT('',(-17.62263777139,14.792882168299,
    22.671676488296));
#2350 = CARTESIAN_POINT('',(-18.0505516449,14.740396434239,22.75));
#2351 = CARTESIAN_POINT('',(-18.2735435596,14.725358006517,22.75));
#2352 = DEFINITIONAL_REPRESENTATION('',(#2353),#2356);
#2353 = B_SPLINE_CURVE_WITH_KNOTS('',1,(#2354,#2355),.UNSPECIFIED.,.F.,
  .F.,(2,2),(0.,2.395679435856),.PIECEWISE_BEZIER_KNOTS.);
#2354 = CARTESIAN_POINT('',(1.00000000018,3.220726514034E-11));
#2355 = CARTESIAN_POINT('',(6.062912528066E-14,4.101552548791E-11));
#2356 = ( GEOMETRIC_REPRESENTATION_CONTEXT(2) 
PARAMETRIC_REPRESENTATION_CONTEXT() REPRESENTATION_CONTEXT('2D SPACE',''
  ) );
#2357 = ORIENTED_EDGE('',*,*,#2358,.T.);
#2358 = EDGE_CURVE('',#2301,#2135,#2359,.T.);
#2359 = SURFACE_CURVE('',#2360,(#2367,#2374),.PCURVE_S1.);
#2360 = B_SPLINE_CURVE_WITH_KNOTS('',3,(#2361,#2362,#2363,#2364,#2365,
    #2366),.UNSPECIFIED.,.F.,.F.,(4,1,1,4),(-1.4342394157,
    -1.298850145813,-1.208590632555,-1.118331119297),.UNSPECIFIED.);
#2361 = CARTESIAN_POINT('',(-17.50244305481,15.496145061664,
    22.125000000161));
#2362 = CARTESIAN_POINT('',(-17.16518695028,15.683166255224,
    21.949157636412));
#2363 = CARTESIAN_POINT('',(-16.58810718036,16.094008986964,
    21.849453624316));
#2364 = CARTESIAN_POINT('',(-15.92602875754,16.814745977002,
    21.881125628711));
#2365 = CARTESIAN_POINT('',(-15.6208354294,17.277588390535,
    22.007762757852));
#2366 = CARTESIAN_POINT('',(-15.49614506183,17.502443054507,22.125));
#2367 = PCURVE('',#2150,#2368);
#2368 = DEFINITIONAL_REPRESENTATION('',(#2369),#2373);
#2369 = LINE('',#2370,#2371);
#2370 = CARTESIAN_POINT('',(2.160254021802E-14,2.22044604925E-16));
#2371 = VECTOR('',#2372,1.);
#2372 = DIRECTION('',(1.741629134545E-14,-1.));
#2373 = ( GEOMETRIC_REPRESENTATION_CONTEXT(2) 
PARAMETRIC_REPRESENTATION_CONTEXT() REPRESENTATION_CONTEXT('2D SPACE',''
  ) );
#2374 = PCURVE('',#2060,#2375);
#2375 = DEFINITIONAL_REPRESENTATION('',(#2376),#2402);
#2376 = B_SPLINE_CURVE_WITH_KNOTS('',3,(#2377,#2378,#2379,#2380,#2381,
    #2382,#2383,#2384,#2385,#2386,#2387,#2388,#2389,#2390,#2391,#2392,
    #2393,#2394,#2395,#2396,#2397,#2398,#2399,#2400,#2401),
  .UNSPECIFIED.,.F.,.F.,(4,1,1,1,1,1,1,1,1,1,1,1,1,1,1,1,1,1,1,1,1,1,4),
  (-1.4342394157,-1.419879947681,-1.405520479663,-1.391161011645,
    -1.376801543626,-1.362442075608,-1.34808260759,-1.333723139572,
    -1.319363671553,-1.305004203535,-1.290644735517,-1.276285267498,
    -1.26192579948,-1.247566331462,-1.233206863443,-1.218847395425,
    -1.204487927407,-1.190128459389,-1.17576899137,-1.161409523352,
    -1.147050055334,-1.132690587315,-1.118331119297),
  .QUASI_UNIFORM_KNOTS.);
#2377 = CARTESIAN_POINT('',(1.524221340299,1.374999999839));
#2378 = CARTESIAN_POINT('',(1.516279411366,1.393649947509));
#2379 = CARTESIAN_POINT('',(1.500234928823,1.428339659895));
#2380 = CARTESIAN_POINT('',(1.475741471279,1.473058957243));
#2381 = CARTESIAN_POINT('',(1.450876177537,1.510978250965));
#2382 = CARTESIAN_POINT('',(1.425694794833,1.542612843751));
#2383 = CARTESIAN_POINT('',(1.400253218566,1.568477907983));
#2384 = CARTESIAN_POINT('',(1.374607267583,1.589089102196));
#2385 = CARTESIAN_POINT('',(1.34881209759,1.604960270613));
#2386 = CARTESIAN_POINT('',(1.322922406923,1.616612028557));
#2387 = CARTESIAN_POINT('',(1.296989730442,1.624539721262));
#2388 = CARTESIAN_POINT('',(1.271070559219,1.629333003216));
#2389 = CARTESIAN_POINT('',(1.24518479767,1.631099326841));
#2390 = CARTESIAN_POINT('',(1.219327432389,1.629593100279));
#2391 = CARTESIAN_POINT('',(1.193500024294,1.624647958645));
#2392 = CARTESIAN_POINT('',(1.167702743308,1.616078730491));
#2393 = CARTESIAN_POINT('',(1.141938409884,1.603696243654));
#2394 = CARTESIAN_POINT('',(1.116203964745,1.587346135387));
#2395 = CARTESIAN_POINT('',(1.09052207983,1.566727974916));
#2396 = CARTESIAN_POINT('',(1.064984854035,1.541147136318));
#2397 = CARTESIAN_POINT('',(1.039675222358,1.5099692715));
#2398 = CARTESIAN_POINT('',(1.014679411608,1.472543880574));
#2399 = CARTESIAN_POINT('',(0.990082964264,1.428224793002));
#2400 = CARTESIAN_POINT('',(0.974008147866,1.393651379433));
#2401 = CARTESIAN_POINT('',(0.966065619212,1.375));
#2402 = ( GEOMETRIC_REPRESENTATION_CONTEXT(2) 
PARAMETRIC_REPRESENTATION_CONTEXT() REPRESENTATION_CONTEXT('2D SPACE',''
  ) );
#2403 = ORIENTED_EDGE('',*,*,#2132,.F.);
#2404 = ORIENTED_EDGE('',*,*,#2405,.T.);
#2405 = EDGE_CURVE('',#2133,#2299,#2406,.T.);
#2406 = SURFACE_CURVE('',#2407,(#2414,#2421),.PCURVE_S1.);
#2407 = B_SPLINE_CURVE_WITH_KNOTS('',3,(#2408,#2409,#2410,#2411,#2412,
    #2413),.UNSPECIFIED.,.F.,.F.,(4,1,1,4),(1.118331119297,
    1.208590632555,1.298850145813,1.4342394157),.UNSPECIFIED.);
#2408 = CARTESIAN_POINT('',(-14.94070209063,17.073475674709,22.375));
#2409 = CARTESIAN_POINT('',(-15.09007473764,16.853669532614,
    22.291259112752));
#2410 = CARTESIAN_POINT('',(-15.44256917588,16.390939261693,
    22.200804020508));
#2411 = CARTESIAN_POINT('',(-16.160111128,15.632593706269,
    22.178181160226));
#2412 = CARTESIAN_POINT('',(-16.74379177197,15.164743861054,
    22.249398311723));
#2413 = CARTESIAN_POINT('',(-17.07347567501,14.940702090431,
    22.375000000115));
#2414 = PCURVE('',#2150,#2415);
#2415 = DEFINITIONAL_REPRESENTATION('',(#2416),#2420);
#2416 = LINE('',#2417,#2418);
#2417 = CARTESIAN_POINT('',(1.,4.440892098501E-16));
#2418 = VECTOR('',#2419,1.);
#2419 = DIRECTION('',(3.514383880601E-15,1.));
#2420 = ( GEOMETRIC_REPRESENTATION_CONTEXT(2) 
PARAMETRIC_REPRESENTATION_CONTEXT() REPRESENTATION_CONTEXT('2D SPACE',''
  ) );
#2421 = PCURVE('',#1819,#2422);
#2422 = DEFINITIONAL_REPRESENTATION('',(#2423),#2449);
#2423 = B_SPLINE_CURVE_WITH_KNOTS('',3,(#2424,#2425,#2426,#2427,#2428,
    #2429,#2430,#2431,#2432,#2433,#2434,#2435,#2436,#2437,#2438,#2439,
    #2440,#2441,#2442,#2443,#2444,#2445,#2446,#2447,#2448),
  .UNSPECIFIED.,.F.,.F.,(4,1,1,1,1,1,1,1,1,1,1,1,1,1,1,1,1,1,1,1,1,1,4),
  (1.118331119297,1.132690587315,1.147050055334,1.161409523352,
    1.17576899137,1.190128459389,1.204487927407,1.218847395425,
    1.233206863443,1.247566331462,1.26192579948,1.276285267498,
    1.290644735517,1.305004203535,1.319363671553,1.333723139572,
    1.34808260759,1.362442075608,1.376801543626,1.391161011645,
    1.405520479663,1.419879947681,1.4342394157),.QUASI_UNIFORM_KNOTS.);
#2424 = CARTESIAN_POINT('',(0.851919526681,0.675131532937));
#2425 = CARTESIAN_POINT('',(0.850116287929,0.692197435761));
#2426 = CARTESIAN_POINT('',(0.846442489038,0.724385464105));
#2427 = CARTESIAN_POINT('',(0.840754180865,0.76711343106));
#2428 = CARTESIAN_POINT('',(0.834912476204,0.804570355545));
#2429 = CARTESIAN_POINT('',(0.828942081831,0.837019052037));
#2430 = CARTESIAN_POINT('',(0.822868200109,0.864699740392));
#2431 = CARTESIAN_POINT('',(0.816715755242,0.887822959497));
#2432 = CARTESIAN_POINT('',(0.810512319845,0.906594233914));
#2433 = CARTESIAN_POINT('',(0.804270403447,0.92109558886));
#2434 = CARTESIAN_POINT('',(0.797996909074,0.931369924582));
#2435 = CARTESIAN_POINT('',(0.791700255592,0.937469270146));
#2436 = CARTESIAN_POINT('',(0.785388454089,0.939444108979));
#2437 = CARTESIAN_POINT('',(0.779070018145,0.9373408585));
#2438 = CARTESIAN_POINT('',(0.772752161426,0.931235193249));
#2439 = CARTESIAN_POINT('',(0.766447908578,0.921108885272));
#2440 = CARTESIAN_POINT('',(0.760178060978,0.906805068219));
#2441 = CARTESIAN_POINT('',(0.753961701827,0.888189982941));
#2442 = CARTESIAN_POINT('',(0.747818126677,0.865109757323));
#2443 = CARTESIAN_POINT('',(0.741766287679,0.837394322015));
#2444 = CARTESIAN_POINT('',(0.735824911386,0.804851911873));
#2445 = CARTESIAN_POINT('',(0.730012427421,0.767270946497));
#2446 = CARTESIAN_POINT('',(0.724347000586,0.724423809511));
#2447 = CARTESIAN_POINT('',(0.720679906926,0.692197675049));
#2448 = CARTESIAN_POINT('',(0.718876800099,0.675131532789));
#2449 = ( GEOMETRIC_REPRESENTATION_CONTEXT(2) 
PARAMETRIC_REPRESENTATION_CONTEXT() REPRESENTATION_CONTEXT('2D SPACE',''
  ) );
#2450 = ADVANCED_FACE('',(#2451),#2466,.F.);
#2451 = FACE_BOUND('',#2452,.F.);
#2452 = EDGE_LOOP('',(#2453,#2493,#2522,#2551));
#2453 = ORIENTED_EDGE('',*,*,#2454,.F.);
#2454 = EDGE_CURVE('',#2455,#2457,#2459,.T.);
#2455 = VERTEX_POINT('',#2456);
#2456 = CARTESIAN_POINT('',(-26.43308270676,6.413434229586,22.75));
#2457 = VERTEX_POINT('',#2458);
#2458 = CARTESIAN_POINT('',(-26.45,6.271961415698,22.75));
#2459 = SURFACE_CURVE('',#2460,(#2465,#2477),.PCURVE_S1.);
#2460 = CIRCLE('',#2461,0.6);
#2461 = AXIS2_PLACEMENT_3D('',#2462,#2463,#2464);
#2462 = CARTESIAN_POINT('',(-25.85,6.271961415698,22.75));
#2463 = DIRECTION('',(0.,0.,1.));
#2464 = DIRECTION('',(-0.992926107844,0.118733922536,0.));
#2465 = PCURVE('',#2466,#2471);
#2466 = TOROIDAL_SURFACE('',#2467,0.6,0.4);
#2467 = AXIS2_PLACEMENT_3D('',#2468,#2469,#2470);
#2468 = CARTESIAN_POINT('',(-25.85,6.271961415698,22.35));
#2469 = DIRECTION('',(0.,0.,-1.));
#2470 = DIRECTION('',(-1.,0.,0.));
#2471 = DEFINITIONAL_REPRESENTATION('',(#2472),#2476);
#2472 = LINE('',#2473,#2474);
#2473 = CARTESIAN_POINT('',(6.402199994638,4.712388980385));
#2474 = VECTOR('',#2475,1.);
#2475 = DIRECTION('',(-1.,7.462763114913E-15));
#2476 = ( GEOMETRIC_REPRESENTATION_CONTEXT(2) 
PARAMETRIC_REPRESENTATION_CONTEXT() REPRESENTATION_CONTEXT('2D SPACE',''
  ) );
#2477 = PCURVE('',#2478,#2483);
#2478 = PLANE('',#2479);
#2479 = AXIS2_PLACEMENT_3D('',#2480,#2481,#2482);
#2480 = CARTESIAN_POINT('',(2.6645352591E-14,0.,22.75));
#2481 = DIRECTION('',(0.,0.,-1.));
#2482 = DIRECTION('',(1.,0.,0.));
#2483 = DEFINITIONAL_REPRESENTATION('',(#2484),#2492);
#2484 = ( BOUNDED_CURVE() B_SPLINE_CURVE(2,(#2485,#2486,#2487,#2488,
#2489,#2490,#2491),.UNSPECIFIED.,.T.,.F.) B_SPLINE_CURVE_WITH_KNOTS((1,2
    ,2,2,2,1),(-2.094395102393,0.,2.094395102393,4.188790204786,
6.28318530718,8.377580409573),.UNSPECIFIED.) CURVE() 
GEOMETRIC_REPRESENTATION_ITEM() RATIONAL_B_SPLINE_CURVE((1.,0.5,1.,0.5,
1.,0.5,1.)) REPRESENTATION_ITEM('') );
#2485 = CARTESIAN_POINT('',(-26.4457556647,-6.34320176922));
#2486 = CARTESIAN_POINT('',(-26.56914757655,-5.311322689051));
#2487 = CARTESIAN_POINT('',(-25.61381812357,-5.720401698852));
#2488 = CARTESIAN_POINT('',(-24.65848867058,-6.129480708654));
#2489 = CARTESIAN_POINT('',(-25.49042621172,-6.752280779021));
#2490 = CARTESIAN_POINT('',(-26.32236375285,-7.375080849388));
#2491 = CARTESIAN_POINT('',(-26.4457556647,-6.34320176922));
#2492 = ( GEOMETRIC_REPRESENTATION_CONTEXT(2) 
PARAMETRIC_REPRESENTATION_CONTEXT() REPRESENTATION_CONTEXT('2D SPACE',''
  ) );
#2493 = ORIENTED_EDGE('',*,*,#2494,.T.);
#2494 = EDGE_CURVE('',#2455,#2495,#2497,.T.);
#2495 = VERTEX_POINT('',#2496);
#2496 = CARTESIAN_POINT('',(-26.82180451127,6.507749438844,22.35));
#2497 = SURFACE_CURVE('',#2498,(#2503,#2510),.PCURVE_S1.);
#2498 = CIRCLE('',#2499,0.4);
#2499 = AXIS2_PLACEMENT_3D('',#2500,#2501,#2502);
#2500 = CARTESIAN_POINT('',(-26.43308270676,6.413434229586,22.35));
#2501 = DIRECTION('',(-0.235788023147,-0.971804511278,0.));
#2502 = DIRECTION('',(0.,0.,1.));
#2503 = PCURVE('',#2466,#2504);
#2504 = DEFINITIONAL_REPRESENTATION('',(#2505),#2509);
#2505 = LINE('',#2506,#2507);
#2506 = CARTESIAN_POINT('',(0.238029374918,4.712388980385));
#2507 = VECTOR('',#2508,1.);
#2508 = DIRECTION('',(-2.50910424871E-15,1.));
#2509 = ( GEOMETRIC_REPRESENTATION_CONTEXT(2) 
PARAMETRIC_REPRESENTATION_CONTEXT() REPRESENTATION_CONTEXT('2D SPACE',''
  ) );
#2510 = PCURVE('',#2511,#2516);
#2511 = TOROIDAL_SURFACE('',#2512,27.2,0.4);
#2512 = AXIS2_PLACEMENT_3D('',#2513,#2514,#2515);
#2513 = CARTESIAN_POINT('',(0.,0.,22.35));
#2514 = DIRECTION('',(0.,0.,1.));
#2515 = DIRECTION('',(1.,0.,-0.));
#2516 = DEFINITIONAL_REPRESENTATION('',(#2517),#2521);
#2517 = LINE('',#2518,#2519);
#2518 = CARTESIAN_POINT('',(2.903563278672,1.570796326795));
#2519 = VECTOR('',#2520,1.);
#2520 = DIRECTION('',(0.,-1.));
#2521 = ( GEOMETRIC_REPRESENTATION_CONTEXT(2) 
PARAMETRIC_REPRESENTATION_CONTEXT() REPRESENTATION_CONTEXT('2D SPACE',''
  ) );
#2522 = ORIENTED_EDGE('',*,*,#2523,.F.);
#2523 = EDGE_CURVE('',#2524,#2495,#2526,.T.);
#2524 = VERTEX_POINT('',#2525);
#2525 = CARTESIAN_POINT('',(-26.85,6.271961415698,22.35));
#2526 = SURFACE_CURVE('',#2527,(#2532,#2539),.PCURVE_S1.);
#2527 = CIRCLE('',#2528,1.);
#2528 = AXIS2_PLACEMENT_3D('',#2529,#2530,#2531);
#2529 = CARTESIAN_POINT('',(-25.85,6.271961415698,22.35));
#2530 = DIRECTION('',(0.,0.,-1.));
#2531 = DIRECTION('',(-0.992926107844,0.118733922536,0.));
#2532 = PCURVE('',#2466,#2533);
#2533 = DEFINITIONAL_REPRESENTATION('',(#2534),#2538);
#2534 = LINE('',#2535,#2536);
#2535 = CARTESIAN_POINT('',(-6.164170619721,6.28318530718));
#2536 = VECTOR('',#2537,1.);
#2537 = DIRECTION('',(1.,0.));
#2538 = ( GEOMETRIC_REPRESENTATION_CONTEXT(2) 
PARAMETRIC_REPRESENTATION_CONTEXT() REPRESENTATION_CONTEXT('2D SPACE',''
  ) );
#2539 = PCURVE('',#2540,#2545);
#2540 = CYLINDRICAL_SURFACE('',#2541,1.);
#2541 = AXIS2_PLACEMENT_3D('',#2542,#2543,#2544);
#2542 = CARTESIAN_POINT('',(-25.85,6.271961415698,23.5));
#2543 = DIRECTION('',(0.,0.,-1.));
#2544 = DIRECTION('',(-0.992926107844,0.118733922536,0.));
#2545 = DEFINITIONAL_REPRESENTATION('',(#2546),#2550);
#2546 = LINE('',#2547,#2548);
#2547 = CARTESIAN_POINT('',(-8.881784197001E-16,1.15));
#2548 = VECTOR('',#2549,1.);
#2549 = DIRECTION('',(1.,0.));
#2550 = ( GEOMETRIC_REPRESENTATION_CONTEXT(2) 
PARAMETRIC_REPRESENTATION_CONTEXT() REPRESENTATION_CONTEXT('2D SPACE',''
  ) );
#2551 = ORIENTED_EDGE('',*,*,#2552,.T.);
#2552 = EDGE_CURVE('',#2524,#2457,#2553,.T.);
#2553 = SURFACE_CURVE('',#2554,(#2559,#2566),.PCURVE_S1.);
#2554 = CIRCLE('',#2555,0.4);
#2555 = AXIS2_PLACEMENT_3D('',#2556,#2557,#2558);
#2556 = CARTESIAN_POINT('',(-26.45,6.271961415698,22.35));
#2557 = DIRECTION('',(0.,1.,0.));
#2558 = DIRECTION('',(-1.,0.,0.));
#2559 = PCURVE('',#2466,#2560);
#2560 = DEFINITIONAL_REPRESENTATION('',(#2561),#2565);
#2561 = LINE('',#2562,#2563);
#2562 = CARTESIAN_POINT('',(0.,6.28318530718));
#2563 = VECTOR('',#2564,1.);
#2564 = DIRECTION('',(0.,-1.));
#2565 = ( GEOMETRIC_REPRESENTATION_CONTEXT(2) 
PARAMETRIC_REPRESENTATION_CONTEXT() REPRESENTATION_CONTEXT('2D SPACE',''
  ) );
#2566 = PCURVE('',#2567,#2572);
#2567 = CYLINDRICAL_SURFACE('',#2568,0.4);
#2568 = AXIS2_PLACEMENT_3D('',#2569,#2570,#2571);
#2569 = CARTESIAN_POINT('',(-26.45,-3.253363643984,22.35));
#2570 = DIRECTION('',(0.,-1.,0.));
#2571 = DIRECTION('',(-0.707106781187,0.,0.707106781187));
#2572 = DEFINITIONAL_REPRESENTATION('',(#2573),#2577);
#2573 = LINE('',#2574,#2575);
#2574 = CARTESIAN_POINT('',(0.785398163397,-9.525325059682));
#2575 = VECTOR('',#2576,1.);
#2576 = DIRECTION('',(-1.,0.));
#2577 = ( GEOMETRIC_REPRESENTATION_CONTEXT(2) 
PARAMETRIC_REPRESENTATION_CONTEXT() REPRESENTATION_CONTEXT('2D SPACE',''
  ) );
#2578 = ADVANCED_FACE('',(#2579),#2540,.F.);
#2579 = FACE_BOUND('',#2580,.F.);
#2580 = EDGE_LOOP('',(#2581,#2609,#2610,#2638));
#2581 = ORIENTED_EDGE('',*,*,#2582,.F.);
#2582 = EDGE_CURVE('',#2524,#2583,#2585,.T.);
#2583 = VERTEX_POINT('',#2584);
#2584 = CARTESIAN_POINT('',(-26.85,6.271961415698,20.757510160843));
#2585 = SURFACE_CURVE('',#2586,(#2590,#2597),.PCURVE_S1.);
#2586 = LINE('',#2587,#2588);
#2587 = CARTESIAN_POINT('',(-26.85,6.271961415698,23.5));
#2588 = VECTOR('',#2589,1.);
#2589 = DIRECTION('',(0.,0.,-1.));
#2590 = PCURVE('',#2540,#2591);
#2591 = DEFINITIONAL_REPRESENTATION('',(#2592),#2596);
#2592 = LINE('',#2593,#2594);
#2593 = CARTESIAN_POINT('',(6.164170619721,0.));
#2594 = VECTOR('',#2595,1.);
#2595 = DIRECTION('',(0.,1.));
#2596 = ( GEOMETRIC_REPRESENTATION_CONTEXT(2) 
PARAMETRIC_REPRESENTATION_CONTEXT() REPRESENTATION_CONTEXT('2D SPACE',''
  ) );
#2597 = PCURVE('',#2598,#2603);
#2598 = PLANE('',#2599);
#2599 = AXIS2_PLACEMENT_3D('',#2600,#2601,#2602);
#2600 = CARTESIAN_POINT('',(-26.85,-6.506727287969,23.5));
#2601 = DIRECTION('',(-1.,0.,0.));
#2602 = DIRECTION('',(0.,1.,0.));
#2603 = DEFINITIONAL_REPRESENTATION('',(#2604),#2608);
#2604 = LINE('',#2605,#2606);
#2605 = CARTESIAN_POINT('',(12.778688703667,0.));
#2606 = VECTOR('',#2607,1.);
#2607 = DIRECTION('',(0.,1.));
#2608 = ( GEOMETRIC_REPRESENTATION_CONTEXT(2) 
PARAMETRIC_REPRESENTATION_CONTEXT() REPRESENTATION_CONTEXT('2D SPACE',''
  ) );
#2609 = ORIENTED_EDGE('',*,*,#2523,.T.);
#2610 = ORIENTED_EDGE('',*,*,#2611,.F.);
#2611 = EDGE_CURVE('',#2612,#2495,#2614,.T.);
#2612 = VERTEX_POINT('',#2613);
#2613 = CARTESIAN_POINT('',(-26.82180451127,6.507749438844,
    20.757510160843));
#2614 = SURFACE_CURVE('',#2615,(#2619,#2626),.PCURVE_S1.);
#2615 = LINE('',#2616,#2617);
#2616 = CARTESIAN_POINT('',(-26.82180451127,6.507749438844,23.5));
#2617 = VECTOR('',#2618,1.);
#2618 = DIRECTION('',(0.,0.,1.));
#2619 = PCURVE('',#2540,#2620);
#2620 = DEFINITIONAL_REPRESENTATION('',(#2621),#2625);
#2621 = LINE('',#2622,#2623);
#2622 = CARTESIAN_POINT('',(6.402199994638,0.));
#2623 = VECTOR('',#2624,1.);
#2624 = DIRECTION('',(0.,-1.));
#2625 = ( GEOMETRIC_REPRESENTATION_CONTEXT(2) 
PARAMETRIC_REPRESENTATION_CONTEXT() REPRESENTATION_CONTEXT('2D SPACE',''
  ) );
#2626 = PCURVE('',#2627,#2632);
#2627 = CYLINDRICAL_SURFACE('',#2628,27.6);
#2628 = AXIS2_PLACEMENT_3D('',#2629,#2630,#2631);
#2629 = CARTESIAN_POINT('',(0.,0.,23.5));
#2630 = DIRECTION('',(0.,0.,-1.));
#2631 = DIRECTION('',(1.,0.,0.));
#2632 = DEFINITIONAL_REPRESENTATION('',(#2633),#2637);
#2633 = LINE('',#2634,#2635);
#2634 = CARTESIAN_POINT('',(3.379622028507,0.));
#2635 = VECTOR('',#2636,1.);
#2636 = DIRECTION('',(0.,-1.));
#2637 = ( GEOMETRIC_REPRESENTATION_CONTEXT(2) 
PARAMETRIC_REPRESENTATION_CONTEXT() REPRESENTATION_CONTEXT('2D SPACE',''
  ) );
#2638 = ORIENTED_EDGE('',*,*,#2639,.F.);
#2639 = EDGE_CURVE('',#2583,#2612,#2640,.T.);
#2640 = SURFACE_CURVE('',#2641,(#2646,#2653),.PCURVE_S1.);
#2641 = CIRCLE('',#2642,1.);
#2642 = AXIS2_PLACEMENT_3D('',#2643,#2644,#2645);
#2643 = CARTESIAN_POINT('',(-25.85,6.271961415698,20.757510160843));
#2644 = DIRECTION('',(2.359223927328E-16,-2.775557561563E-17,-1.));
#2645 = DIRECTION('',(-0.992926107844,0.118733922536,-2.375490315347E-16
    ));
#2646 = PCURVE('',#2540,#2647);
#2647 = DEFINITIONAL_REPRESENTATION('',(#2648),#2652);
#2648 = LINE('',#2649,#2650);
#2649 = CARTESIAN_POINT('',(0.,2.742489839157));
#2650 = VECTOR('',#2651,1.);
#2651 = DIRECTION('',(1.,0.));
#2652 = ( GEOMETRIC_REPRESENTATION_CONTEXT(2) 
PARAMETRIC_REPRESENTATION_CONTEXT() REPRESENTATION_CONTEXT('2D SPACE',''
  ) );
#2653 = PCURVE('',#228,#2654);
#2654 = DEFINITIONAL_REPRESENTATION('',(#2655),#2659);
#2655 = CIRCLE('',#2656,1.);
#2656 = AXIS2_PLACEMENT_2D('',#2657,#2658);
#2657 = CARTESIAN_POINT('',(25.85,6.271961415698));
#2658 = DIRECTION('',(0.992926107844,0.118733922536));
#2659 = ( GEOMETRIC_REPRESENTATION_CONTEXT(2) 
PARAMETRIC_REPRESENTATION_CONTEXT() REPRESENTATION_CONTEXT('2D SPACE',''
  ) );
#2660 = ADVANCED_FACE('',(#2661),#2676,.F.);
#2661 = FACE_BOUND('',#2662,.F.);
#2662 = EDGE_LOOP('',(#2663,#2694,#2728,#2752));
#2663 = ORIENTED_EDGE('',*,*,#2664,.F.);
#2664 = EDGE_CURVE('',#2665,#2667,#2669,.T.);
#2665 = VERTEX_POINT('',#2666);
#2666 = CARTESIAN_POINT('',(-22.28515739552,15.384747495782,22.35));
#2667 = VERTEX_POINT('',#2668);
#2668 = CARTESIAN_POINT('',(-18.3979728526,15.105512384426,22.35));
#2669 = SURFACE_CURVE('',#2670,(#2675,#2687),.PCURVE_S1.);
#2670 = CIRCLE('',#2671,5.15);
#2671 = AXIS2_PLACEMENT_3D('',#2672,#2673,#2674);
#2672 = CARTESIAN_POINT('',(-20.,20.,22.35));
#2673 = DIRECTION('',(0.,0.,1.));
#2674 = DIRECTION('',(-1.348948957477E-03,-0.999999090168,0.));
#2675 = PCURVE('',#2676,#2681);
#2676 = TOROIDAL_SURFACE('',#2677,5.55,0.4);
#2677 = AXIS2_PLACEMENT_3D('',#2678,#2679,#2680);
#2678 = CARTESIAN_POINT('',(-20.,20.,22.35));
#2679 = DIRECTION('',(0.,0.,-1.));
#2680 = DIRECTION('',(-1.,0.,0.));
#2681 = DEFINITIONAL_REPRESENTATION('',(#2682),#2686);
#2682 = LINE('',#2683,#2684);
#2683 = CARTESIAN_POINT('',(10.996923236931,3.14159265359));
#2684 = VECTOR('',#2685,1.);
#2685 = DIRECTION('',(-1.,-1.201683437084E-14));
#2686 = ( GEOMETRIC_REPRESENTATION_CONTEXT(2) 
PARAMETRIC_REPRESENTATION_CONTEXT() REPRESENTATION_CONTEXT('2D SPACE',''
  ) );
#2687 = PCURVE('',#2060,#2688);
#2688 = DEFINITIONAL_REPRESENTATION('',(#2689),#2693);
#2689 = LINE('',#2690,#2691);
#2690 = CARTESIAN_POINT('',(8.315075899665,1.15));
#2691 = VECTOR('',#2692,1.);
#2692 = DIRECTION('',(-1.,0.));
#2693 = ( GEOMETRIC_REPRESENTATION_CONTEXT(2) 
PARAMETRIC_REPRESENTATION_CONTEXT() REPRESENTATION_CONTEXT('2D SPACE',''
  ) );
#2694 = ORIENTED_EDGE('',*,*,#2695,.F.);
#2695 = EDGE_CURVE('',#2696,#2665,#2698,.T.);
#2696 = VERTEX_POINT('',#2697);
#2697 = CARTESIAN_POINT('',(-22.46264534857,15.026281281862,22.75));
#2698 = SURFACE_CURVE('',#2699,(#2704,#2711),.PCURVE_S1.);
#2699 = CIRCLE('',#2700,0.4);
#2700 = AXIS2_PLACEMENT_3D('',#2701,#2702,#2703);
#2701 = CARTESIAN_POINT('',(-22.46264534857,15.026281281862,22.35));
#2702 = DIRECTION('',(-0.8961655348,0.443719882626,0.));
#2703 = DIRECTION('',(0.,0.,1.));
#2704 = PCURVE('',#2676,#2705);
#2705 = DEFINITIONAL_REPRESENTATION('',(#2706),#2710);
#2706 = LINE('',#2707,#2708);
#2707 = CARTESIAN_POINT('',(5.172134296708,4.712388980385));
#2708 = VECTOR('',#2709,1.);
#2709 = DIRECTION('',(5.654319433712E-16,-1.));
#2710 = ( GEOMETRIC_REPRESENTATION_CONTEXT(2) 
PARAMETRIC_REPRESENTATION_CONTEXT() REPRESENTATION_CONTEXT('2D SPACE',''
  ) );
#2711 = PCURVE('',#2712,#2722);
#2712 = ( BOUNDED_SURFACE() B_SPLINE_SURFACE(2,2,(
    (#2713,#2714,#2715)
    ,(#2716,#2717,#2718)
    ,(#2719,#2720,#2721
)),.UNSPECIFIED.,.F.,.F.,.F.) B_SPLINE_SURFACE_WITH_KNOTS((3,3),(3,3),(
    0.,1.570796326795),(1.111051010471,2.559359314632),
.PIECEWISE_BEZIER_KNOTS.) GEOMETRIC_REPRESENTATION_ITEM() 
RATIONAL_B_SPLINE_SURFACE((
    (1.,0.749060065874,1.)
    ,(0.707106781187,0.529665452095,0.707106781187)
,(1.,0.749060065874,1.))) REPRESENTATION_ITEM('') SURFACE() );
#2713 = CARTESIAN_POINT('',(-22.28515739552,15.384747495782,22.35));
#2714 = CARTESIAN_POINT('',(-22.7607226265,15.620214873492,22.35));
#2715 = CARTESIAN_POINT('',(-23.0525313101,15.176982578789,22.35));
#2716 = CARTESIAN_POINT('',(-22.28515739552,15.384747495782,22.75));
#2717 = CARTESIAN_POINT('',(-22.7607226265,15.620214873492,22.75));
#2718 = CARTESIAN_POINT('',(-23.0525313101,15.176982578789,22.75));
#2719 = CARTESIAN_POINT('',(-22.46264534857,15.026281281862,22.75));
#2720 = CARTESIAN_POINT('',(-22.62116709223,15.104770407766,22.75));
#2721 = CARTESIAN_POINT('',(-22.71843665343,14.957026309531,22.75));
#2722 = DEFINITIONAL_REPRESENTATION('',(#2723),#2727);
#2723 = LINE('',#2724,#2725);
#2724 = CARTESIAN_POINT('',(1.570796326795,1.111051010471));
#2725 = VECTOR('',#2726,1.);
#2726 = DIRECTION('',(-1.,-6.926541306298E-15));
#2727 = ( GEOMETRIC_REPRESENTATION_CONTEXT(2) 
PARAMETRIC_REPRESENTATION_CONTEXT() REPRESENTATION_CONTEXT('2D SPACE',''
  ) );
#2728 = ORIENTED_EDGE('',*,*,#2729,.F.);
#2729 = EDGE_CURVE('',#2730,#2696,#2732,.T.);
#2730 = VERTEX_POINT('',#2731);
#2731 = CARTESIAN_POINT('',(-18.2735435596,14.725358006517,22.75));
#2732 = SURFACE_CURVE('',#2733,(#2738,#2745),.PCURVE_S1.);
#2733 = CIRCLE('',#2734,5.55);
#2734 = AXIS2_PLACEMENT_3D('',#2735,#2736,#2737);
#2735 = CARTESIAN_POINT('',(-20.,20.,22.75));
#2736 = DIRECTION('',(0.,0.,-1.));
#2737 = DIRECTION('',(-1.348948957477E-03,-0.999999090168,-0.));
#2738 = PCURVE('',#2676,#2739);
#2739 = DEFINITIONAL_REPRESENTATION('',(#2740),#2744);
#2740 = LINE('',#2741,#2742);
#2741 = CARTESIAN_POINT('',(-1.569447377428,4.712388980385));
#2742 = VECTOR('',#2743,1.);
#2743 = DIRECTION('',(1.,0.));
#2744 = ( GEOMETRIC_REPRESENTATION_CONTEXT(2) 
PARAMETRIC_REPRESENTATION_CONTEXT() REPRESENTATION_CONTEXT('2D SPACE',''
  ) );
#2745 = PCURVE('',#2478,#2746);
#2746 = DEFINITIONAL_REPRESENTATION('',(#2747),#2751);
#2747 = CIRCLE('',#2748,5.55);
#2748 = AXIS2_PLACEMENT_2D('',#2749,#2750);
#2749 = CARTESIAN_POINT('',(-20.,-20.));
#2750 = DIRECTION('',(-1.348948957477E-03,0.999999090168));
#2751 = ( GEOMETRIC_REPRESENTATION_CONTEXT(2) 
PARAMETRIC_REPRESENTATION_CONTEXT() REPRESENTATION_CONTEXT('2D SPACE',''
  ) );
#2752 = ORIENTED_EDGE('',*,*,#2753,.F.);
#2753 = EDGE_CURVE('',#2667,#2730,#2754,.T.);
#2754 = SURFACE_CURVE('',#2755,(#2760,#2767),.PCURVE_S1.);
#2755 = CIRCLE('',#2756,0.4);
#2756 = AXIS2_PLACEMENT_3D('',#2757,#2758,#2759);
#2757 = CARTESIAN_POINT('',(-18.2735435596,14.725358006517,22.35));
#2758 = DIRECTION('',(0.950385944772,0.311073232504,-1.726803325352E-15)
  );
#2759 = DIRECTION('',(-0.311073232504,0.950385944772,2.603041270634E-32)
  );
#2760 = PCURVE('',#2676,#2761);
#2761 = DEFINITIONAL_REPRESENTATION('',(#2762),#2766);
#2762 = LINE('',#2763,#2764);
#2763 = CARTESIAN_POINT('',(4.396066896671,3.14159265359));
#2764 = VECTOR('',#2765,1.);
#2765 = DIRECTION('',(-5.654319433713E-16,1.));
#2766 = ( GEOMETRIC_REPRESENTATION_CONTEXT(2) 
PARAMETRIC_REPRESENTATION_CONTEXT() REPRESENTATION_CONTEXT('2D SPACE',''
  ) );
#2767 = PCURVE('',#2316,#2768);
#2768 = DEFINITIONAL_REPRESENTATION('',(#2769),#2772);
#2769 = B_SPLINE_CURVE_WITH_KNOTS('',1,(#2770,#2771),.UNSPECIFIED.,.F.,
  .F.,(2,2),(0.,1.570796326795),.PIECEWISE_BEZIER_KNOTS.);
#2770 = CARTESIAN_POINT('',(-1.063415956643E-14,0.108493560218));
#2771 = CARTESIAN_POINT('',(1.,0.108493560218));
#2772 = ( GEOMETRIC_REPRESENTATION_CONTEXT(2) 
PARAMETRIC_REPRESENTATION_CONTEXT() REPRESENTATION_CONTEXT('2D SPACE',''
  ) );
#2773 = ADVANCED_FACE('',(#2774),#2712,.T.);
#2774 = FACE_BOUND('',#2775,.T.);
#2775 = EDGE_LOOP('',(#2776,#2802,#2829,#2830));
#2776 = ORIENTED_EDGE('',*,*,#2777,.T.);
#2777 = EDGE_CURVE('',#2778,#2780,#2782,.T.);
#2778 = VERTEX_POINT('',#2779);
#2779 = CARTESIAN_POINT('',(-22.71843665343,14.957026309531,22.75));
#2780 = VERTEX_POINT('',#2781);
#2781 = CARTESIAN_POINT('',(-23.0525313101,15.176982578789,22.35));
#2782 = SURFACE_CURVE('',#2783,(#2788,#2795),.PCURVE_S1.);
#2783 = CIRCLE('',#2784,0.4);
#2784 = AXIS2_PLACEMENT_3D('',#2785,#2786,#2787);
#2785 = CARTESIAN_POINT('',(-22.71843665343,14.957026309531,22.35));
#2786 = DIRECTION('',(-0.549890673145,-0.83523664167,0.));
#2787 = DIRECTION('',(0.,0.,1.));
#2788 = PCURVE('',#2712,#2789);
#2789 = DEFINITIONAL_REPRESENTATION('',(#2790),#2794);
#2790 = LINE('',#2791,#2792);
#2791 = CARTESIAN_POINT('',(1.570796326795,2.559359314632));
#2792 = VECTOR('',#2793,1.);
#2793 = DIRECTION('',(-1.,-1.611481038608E-14));
#2794 = ( GEOMETRIC_REPRESENTATION_CONTEXT(2) 
PARAMETRIC_REPRESENTATION_CONTEXT() REPRESENTATION_CONTEXT('2D SPACE',''
  ) );
#2795 = PCURVE('',#2511,#2796);
#2796 = DEFINITIONAL_REPRESENTATION('',(#2797),#2801);
#2797 = LINE('',#2798,#2799);
#2798 = CARTESIAN_POINT('',(2.559359314632,1.570796326795));
#2799 = VECTOR('',#2800,1.);
#2800 = DIRECTION('',(-2.827159716857E-16,-1.));
#2801 = ( GEOMETRIC_REPRESENTATION_CONTEXT(2) 
PARAMETRIC_REPRESENTATION_CONTEXT() REPRESENTATION_CONTEXT('2D SPACE',''
  ) );
#2802 = ORIENTED_EDGE('',*,*,#2803,.T.);
#2803 = EDGE_CURVE('',#2780,#2665,#2804,.T.);
#2804 = SURFACE_CURVE('',#2805,(#2810,#2817),.PCURVE_S1.);
#2805 = CIRCLE('',#2806,0.6);
#2806 = AXIS2_PLACEMENT_3D('',#2807,#2808,#2809);
#2807 = CARTESIAN_POINT('',(-22.55138932509,14.847048174902,22.35));
#2808 = DIRECTION('',(0.,0.,-1.));
#2809 = DIRECTION('',(-0.261338694239,0.965247163629,0.));
#2810 = PCURVE('',#2712,#2811);
#2811 = DEFINITIONAL_REPRESENTATION('',(#2812),#2816);
#2812 = LINE('',#2813,#2814);
#2813 = CARTESIAN_POINT('',(-2.194533177632E-14,8.118390469731));
#2814 = VECTOR('',#2815,1.);
#2815 = DIRECTION('',(4.040573774969E-15,-1.));
#2816 = ( GEOMETRIC_REPRESENTATION_CONTEXT(2) 
PARAMETRIC_REPRESENTATION_CONTEXT() REPRESENTATION_CONTEXT('2D SPACE',''
  ) );
#2817 = PCURVE('',#2818,#2823);
#2818 = CYLINDRICAL_SURFACE('',#2819,0.6);
#2819 = AXIS2_PLACEMENT_3D('',#2820,#2821,#2822);
#2820 = CARTESIAN_POINT('',(-22.55138932509,14.847048174902,23.5));
#2821 = DIRECTION('',(0.,0.,-1.));
#2822 = DIRECTION('',(-0.83523664167,0.549890673145,0.));
#2823 = DEFINITIONAL_REPRESENTATION('',(#2824),#2828);
#2824 = LINE('',#2825,#2826);
#2825 = CARTESIAN_POINT('',(-5.559031155099,1.15));
#2826 = VECTOR('',#2827,1.);
#2827 = DIRECTION('',(1.,0.));
#2828 = ( GEOMETRIC_REPRESENTATION_CONTEXT(2) 
PARAMETRIC_REPRESENTATION_CONTEXT() REPRESENTATION_CONTEXT('2D SPACE',''
  ) );
#2829 = ORIENTED_EDGE('',*,*,#2695,.F.);
#2830 = ORIENTED_EDGE('',*,*,#2831,.T.);
#2831 = EDGE_CURVE('',#2696,#2778,#2832,.T.);
#2832 = SURFACE_CURVE('',#2833,(#2838,#2845),.PCURVE_S1.);
#2833 = CIRCLE('',#2834,0.2);
#2834 = AXIS2_PLACEMENT_3D('',#2835,#2836,#2837);
#2835 = CARTESIAN_POINT('',(-22.55138932509,14.847048174902,22.75));
#2836 = DIRECTION('',(0.,0.,1.));
#2837 = DIRECTION('',(-0.261338694239,0.965247163629,0.));
#2838 = PCURVE('',#2712,#2839);
#2839 = DEFINITIONAL_REPRESENTATION('',(#2840),#2844);
#2840 = LINE('',#2841,#2842);
#2841 = CARTESIAN_POINT('',(1.570796326794,-4.447980144628));
#2842 = VECTOR('',#2843,1.);
#2843 = DIRECTION('',(1.456474247042E-13,1.));
#2844 = ( GEOMETRIC_REPRESENTATION_CONTEXT(2) 
PARAMETRIC_REPRESENTATION_CONTEXT() REPRESENTATION_CONTEXT('2D SPACE',''
  ) );
#2845 = PCURVE('',#2478,#2846);
#2846 = DEFINITIONAL_REPRESENTATION('',(#2847),#2855);
#2847 = ( BOUNDED_CURVE() B_SPLINE_CURVE(2,(#2848,#2849,#2850,#2851,
#2852,#2853,#2854),.UNSPECIFIED.,.T.,.F.) B_SPLINE_CURVE_WITH_KNOTS((1,2
    ,2,2,2,1),(-2.094395102393,0.,2.094395102393,4.188790204786,
6.28318530718,8.377580409573),.UNSPECIFIED.) CURVE() 
GEOMETRIC_REPRESENTATION_ITEM() RATIONAL_B_SPLINE_CURVE((1.,0.5,1.,0.5,
1.,0.5,1.)) REPRESENTATION_ITEM('') );
#2848 = CARTESIAN_POINT('',(-22.60365706394,-15.04009760762));
#2849 = CARTESIAN_POINT('',(-22.93802848979,-14.94956722834));
#2850 = CARTESIAN_POINT('',(-22.6924411686,-14.70525826889));
#2851 = CARTESIAN_POINT('',(-22.4468538474,-14.46094930945));
#2852 = CARTESIAN_POINT('',(-22.35806974274,-14.79578864818));
#2853 = CARTESIAN_POINT('',(-22.26928563809,-15.1306279869));
#2854 = CARTESIAN_POINT('',(-22.60365706394,-15.04009760762));
#2855 = ( GEOMETRIC_REPRESENTATION_CONTEXT(2) 
PARAMETRIC_REPRESENTATION_CONTEXT() REPRESENTATION_CONTEXT('2D SPACE',''
  ) );
#2856 = ADVANCED_FACE('',(#2857),#2511,.F.);
#2857 = FACE_BOUND('',#2858,.F.);
#2858 = EDGE_LOOP('',(#2859,#2885,#2886,#2908));
#2859 = ORIENTED_EDGE('',*,*,#2860,.F.);
#2860 = EDGE_CURVE('',#2778,#2455,#2861,.T.);
#2861 = SURFACE_CURVE('',#2862,(#2867,#2874),.PCURVE_S1.);
#2862 = CIRCLE('',#2863,27.2);
#2863 = AXIS2_PLACEMENT_3D('',#2864,#2865,#2866);
#2864 = CARTESIAN_POINT('',(0.,0.,22.75));
#2865 = DIRECTION('',(0.,0.,1.));
#2866 = DIRECTION('',(-0.917937887519,0.396724129158,0.));
#2867 = PCURVE('',#2511,#2868);
#2868 = DEFINITIONAL_REPRESENTATION('',(#2869),#2873);
#2869 = LINE('',#2870,#2871);
#2870 = CARTESIAN_POINT('',(-3.549538007434,1.570796326795));
#2871 = VECTOR('',#2872,1.);
#2872 = DIRECTION('',(1.,-1.677249634283E-14));
#2873 = ( GEOMETRIC_REPRESENTATION_CONTEXT(2) 
PARAMETRIC_REPRESENTATION_CONTEXT() REPRESENTATION_CONTEXT('2D SPACE',''
  ) );
#2874 = PCURVE('',#2478,#2875);
#2875 = DEFINITIONAL_REPRESENTATION('',(#2876),#2884);
#2876 = ( BOUNDED_CURVE() B_SPLINE_CURVE(2,(#2877,#2878,#2879,#2880,
#2881,#2882,#2883),.UNSPECIFIED.,.T.,.F.) B_SPLINE_CURVE_WITH_KNOTS((1,2
    ,2,2,2,1),(-2.094395102393,0.,2.094395102393,4.188790204786,
6.28318530718,8.377580409573),.UNSPECIFIED.) CURVE() 
GEOMETRIC_REPRESENTATION_ITEM() RATIONAL_B_SPLINE_CURVE((1.,0.5,1.,0.5,
1.,0.5,1.)) REPRESENTATION_ITEM('') );
#2877 = CARTESIAN_POINT('',(-24.96791054052,-10.7908963131));
#2878 = CARTESIAN_POINT('',(-43.65829121403,32.45479330192));
#2879 = CARTESIAN_POINT('',(3.138764933509,27.018292964067));
#2880 = CARTESIAN_POINT('',(49.935821081054,21.581792626215));
#2881 = CARTESIAN_POINT('',(21.829145607018,-16.22739665096));
#2882 = CARTESIAN_POINT('',(-6.277529867017,-54.03658592813));
#2883 = CARTESIAN_POINT('',(-24.96791054052,-10.7908963131));
#2884 = ( GEOMETRIC_REPRESENTATION_CONTEXT(2) 
PARAMETRIC_REPRESENTATION_CONTEXT() REPRESENTATION_CONTEXT('2D SPACE',''
  ) );
#2885 = ORIENTED_EDGE('',*,*,#2777,.T.);
#2886 = ORIENTED_EDGE('',*,*,#2887,.F.);
#2887 = EDGE_CURVE('',#2495,#2780,#2888,.T.);
#2888 = SURFACE_CURVE('',#2889,(#2894,#2901),.PCURVE_S1.);
#2889 = CIRCLE('',#2890,27.6);
#2890 = AXIS2_PLACEMENT_3D('',#2891,#2892,#2893);
#2891 = CARTESIAN_POINT('',(0.,0.,22.35));
#2892 = DIRECTION('',(0.,0.,-1.));
#2893 = DIRECTION('',(-0.917937887519,0.396724129158,0.));
#2894 = PCURVE('',#2511,#2895);
#2895 = DEFINITIONAL_REPRESENTATION('',(#2896),#2900);
#2896 = LINE('',#2897,#2898);
#2897 = CARTESIAN_POINT('',(9.016832606926,0.));
#2898 = VECTOR('',#2899,1.);
#2899 = DIRECTION('',(-1.,0.));
#2900 = ( GEOMETRIC_REPRESENTATION_CONTEXT(2) 
PARAMETRIC_REPRESENTATION_CONTEXT() REPRESENTATION_CONTEXT('2D SPACE',''
  ) );
#2901 = PCURVE('',#2627,#2902);
#2902 = DEFINITIONAL_REPRESENTATION('',(#2903),#2907);
#2903 = LINE('',#2904,#2905);
#2904 = CARTESIAN_POINT('',(-2.733647299746,1.15));
#2905 = VECTOR('',#2906,1.);
#2906 = DIRECTION('',(1.,0.));
#2907 = ( GEOMETRIC_REPRESENTATION_CONTEXT(2) 
PARAMETRIC_REPRESENTATION_CONTEXT() REPRESENTATION_CONTEXT('2D SPACE',''
  ) );
#2908 = ORIENTED_EDGE('',*,*,#2494,.F.);
#2909 = ADVANCED_FACE('',(#2910),#2925,.F.);
#2910 = FACE_BOUND('',#2911,.F.);
#2911 = EDGE_LOOP('',(#2912,#2947,#2971,#3000));
#2912 = ORIENTED_EDGE('',*,*,#2913,.F.);
#2913 = EDGE_CURVE('',#2914,#2916,#2918,.T.);
#2914 = VERTEX_POINT('',#2915);
#2915 = CARTESIAN_POINT('',(-26.45,-6.271961415698,22.75));
#2916 = VERTEX_POINT('',#2917);
#2917 = CARTESIAN_POINT('',(-26.43308270676,-6.413434229586,22.75));
#2918 = SURFACE_CURVE('',#2919,(#2924,#2936),.PCURVE_S1.);
#2919 = CIRCLE('',#2920,0.6);
#2920 = AXIS2_PLACEMENT_3D('',#2921,#2922,#2923);
#2921 = CARTESIAN_POINT('',(-25.85,-6.271961415698,22.75));
#2922 = DIRECTION('',(0.,0.,1.));
#2923 = DIRECTION('',(-0.992926107844,-0.118733922536,0.));
#2924 = PCURVE('',#2925,#2930);
#2925 = TOROIDAL_SURFACE('',#2926,0.6,0.4);
#2926 = AXIS2_PLACEMENT_3D('',#2927,#2928,#2929);
#2927 = CARTESIAN_POINT('',(-25.85,-6.271961415698,22.35));
#2928 = DIRECTION('',(0.,0.,-1.));
#2929 = DIRECTION('',(-1.,0.,0.));
#2930 = DEFINITIONAL_REPRESENTATION('',(#2931),#2935);
#2931 = LINE('',#2932,#2933);
#2932 = CARTESIAN_POINT('',(12.4473559269,4.712388980385));
#2933 = VECTOR('',#2934,1.);
#2934 = DIRECTION('',(-1.,3.731381557457E-15));
#2935 = ( GEOMETRIC_REPRESENTATION_CONTEXT(2) 
PARAMETRIC_REPRESENTATION_CONTEXT() REPRESENTATION_CONTEXT('2D SPACE',''
  ) );
#2936 = PCURVE('',#2478,#2937);
#2937 = DEFINITIONAL_REPRESENTATION('',(#2938),#2946);
#2938 = ( BOUNDED_CURVE() B_SPLINE_CURVE(2,(#2939,#2940,#2941,#2942,
#2943,#2944,#2945),.UNSPECIFIED.,.T.,.F.) B_SPLINE_CURVE_WITH_KNOTS((1,2
    ,2,2,2,1),(-2.094395102393,0.,2.094395102393,4.188790204786,
6.28318530718,8.377580409573),.UNSPECIFIED.) CURVE() 
GEOMETRIC_REPRESENTATION_ITEM() RATIONAL_B_SPLINE_CURVE((1.,0.5,1.,0.5,
1.,0.5,1.)) REPRESENTATION_ITEM('') );
#2939 = CARTESIAN_POINT('',(-26.4457556647,6.34320176922));
#2940 = CARTESIAN_POINT('',(-26.32236375285,7.375080849388));
#2941 = CARTESIAN_POINT('',(-25.49042621172,6.752280779021));
#2942 = CARTESIAN_POINT('',(-24.65848867058,6.129480708654));
#2943 = CARTESIAN_POINT('',(-25.61381812357,5.720401698852));
#2944 = CARTESIAN_POINT('',(-26.56914757655,5.311322689051));
#2945 = CARTESIAN_POINT('',(-26.4457556647,6.34320176922));
#2946 = ( GEOMETRIC_REPRESENTATION_CONTEXT(2) 
PARAMETRIC_REPRESENTATION_CONTEXT() REPRESENTATION_CONTEXT('2D SPACE',''
  ) );
#2947 = ORIENTED_EDGE('',*,*,#2948,.T.);
#2948 = EDGE_CURVE('',#2914,#2949,#2951,.T.);
#2949 = VERTEX_POINT('',#2950);
#2950 = CARTESIAN_POINT('',(-26.85,-6.271961415698,22.35));
#2951 = SURFACE_CURVE('',#2952,(#2957,#2964),.PCURVE_S1.);
#2952 = CIRCLE('',#2953,0.4);
#2953 = AXIS2_PLACEMENT_3D('',#2954,#2955,#2956);
#2954 = CARTESIAN_POINT('',(-26.45,-6.271961415698,22.35));
#2955 = DIRECTION('',(0.,-1.,0.));
#2956 = DIRECTION('',(0.,0.,1.));
#2957 = PCURVE('',#2925,#2958);
#2958 = DEFINITIONAL_REPRESENTATION('',(#2959),#2963);
#2959 = LINE('',#2960,#2961);
#2960 = CARTESIAN_POINT('',(6.28318530718,4.712388980385));
#2961 = VECTOR('',#2962,1.);
#2962 = DIRECTION('',(0.,1.));
#2963 = ( GEOMETRIC_REPRESENTATION_CONTEXT(2) 
PARAMETRIC_REPRESENTATION_CONTEXT() REPRESENTATION_CONTEXT('2D SPACE',''
  ) );
#2964 = PCURVE('',#2567,#2965);
#2965 = DEFINITIONAL_REPRESENTATION('',(#2966),#2970);
#2966 = LINE('',#2967,#2968);
#2967 = CARTESIAN_POINT('',(-0.785398163397,3.018597771713));
#2968 = VECTOR('',#2969,1.);
#2969 = DIRECTION('',(1.,0.));
#2970 = ( GEOMETRIC_REPRESENTATION_CONTEXT(2) 
PARAMETRIC_REPRESENTATION_CONTEXT() REPRESENTATION_CONTEXT('2D SPACE',''
  ) );
#2971 = ORIENTED_EDGE('',*,*,#2972,.F.);
#2972 = EDGE_CURVE('',#2973,#2949,#2975,.T.);
#2973 = VERTEX_POINT('',#2974);
#2974 = CARTESIAN_POINT('',(-26.82180451127,-6.507749438844,22.35));
#2975 = SURFACE_CURVE('',#2976,(#2981,#2988),.PCURVE_S1.);
#2976 = CIRCLE('',#2977,1.);
#2977 = AXIS2_PLACEMENT_3D('',#2978,#2979,#2980);
#2978 = CARTESIAN_POINT('',(-25.85,-6.271961415698,22.35));
#2979 = DIRECTION('',(0.,0.,-1.));
#2980 = DIRECTION('',(-0.992926107844,-0.118733922536,-0.));
#2981 = PCURVE('',#2925,#2982);
#2982 = DEFINITIONAL_REPRESENTATION('',(#2983),#2987);
#2983 = LINE('',#2984,#2985);
#2984 = CARTESIAN_POINT('',(-0.119014687459,6.28318530718));
#2985 = VECTOR('',#2986,1.);
#2986 = DIRECTION('',(1.,0.));
#2987 = ( GEOMETRIC_REPRESENTATION_CONTEXT(2) 
PARAMETRIC_REPRESENTATION_CONTEXT() REPRESENTATION_CONTEXT('2D SPACE',''
  ) );
#2988 = PCURVE('',#2989,#2994);
#2989 = CYLINDRICAL_SURFACE('',#2990,1.);
#2990 = AXIS2_PLACEMENT_3D('',#2991,#2992,#2993);
#2991 = CARTESIAN_POINT('',(-25.85,-6.271961415698,23.5));
#2992 = DIRECTION('',(0.,0.,-1.));
#2993 = DIRECTION('',(-0.992926107844,-0.118733922536,-0.));
#2994 = DEFINITIONAL_REPRESENTATION('',(#2995),#2999);
#2995 = LINE('',#2996,#2997);
#2996 = CARTESIAN_POINT('',(8.881784197001E-16,1.15));
#2997 = VECTOR('',#2998,1.);
#2998 = DIRECTION('',(1.,0.));
#2999 = ( GEOMETRIC_REPRESENTATION_CONTEXT(2) 
PARAMETRIC_REPRESENTATION_CONTEXT() REPRESENTATION_CONTEXT('2D SPACE',''
  ) );
#3000 = ORIENTED_EDGE('',*,*,#3001,.T.);
#3001 = EDGE_CURVE('',#2973,#2916,#3002,.T.);
#3002 = SURFACE_CURVE('',#3003,(#3008,#3015),.PCURVE_S1.);
#3003 = CIRCLE('',#3004,0.4);
#3004 = AXIS2_PLACEMENT_3D('',#3005,#3006,#3007);
#3005 = CARTESIAN_POINT('',(-26.43308270676,-6.413434229586,22.35));
#3006 = DIRECTION('',(-0.235788023147,0.971804511278,2.697299359639E-15)
  );
#3007 = DIRECTION('',(-0.971804511278,-0.235788023147,
    -1.854932861042E-32));
#3008 = PCURVE('',#2925,#3009);
#3009 = DEFINITIONAL_REPRESENTATION('',(#3010),#3014);
#3010 = LINE('',#3011,#3012);
#3011 = CARTESIAN_POINT('',(6.045155932262,6.28318530718));
#3012 = VECTOR('',#3013,1.);
#3013 = DIRECTION('',(5.654319433713E-16,-1.));
#3014 = ( GEOMETRIC_REPRESENTATION_CONTEXT(2) 
PARAMETRIC_REPRESENTATION_CONTEXT() REPRESENTATION_CONTEXT('2D SPACE',''
  ) );
#3015 = PCURVE('',#3016,#3021);
#3016 = TOROIDAL_SURFACE('',#3017,27.2,0.4);
#3017 = AXIS2_PLACEMENT_3D('',#3018,#3019,#3020);
#3018 = CARTESIAN_POINT('',(-5.666681978065E-15,5.705855277383E-16,22.35
    ));
#3019 = DIRECTION('',(0.,0.,1.));
#3020 = DIRECTION('',(1.,0.,-0.));
#3021 = DEFINITIONAL_REPRESENTATION('',(#3022),#3026);
#3022 = LINE('',#3023,#3024);
#3023 = CARTESIAN_POINT('',(3.379622028507,0.));
#3024 = VECTOR('',#3025,1.);
#3025 = DIRECTION('',(0.,1.));
#3026 = ( GEOMETRIC_REPRESENTATION_CONTEXT(2) 
PARAMETRIC_REPRESENTATION_CONTEXT() REPRESENTATION_CONTEXT('2D SPACE',''
  ) );
#3027 = ADVANCED_FACE('',(#3028),#2989,.F.);
#3028 = FACE_BOUND('',#3029,.F.);
#3029 = EDGE_LOOP('',(#3030,#3058,#3059,#3082));
#3030 = ORIENTED_EDGE('',*,*,#3031,.F.);
#3031 = EDGE_CURVE('',#2973,#3032,#3034,.T.);
#3032 = VERTEX_POINT('',#3033);
#3033 = CARTESIAN_POINT('',(-26.82180451127,-6.507749438844,
    20.757510160843));
#3034 = SURFACE_CURVE('',#3035,(#3039,#3046),.PCURVE_S1.);
#3035 = LINE('',#3036,#3037);
#3036 = CARTESIAN_POINT('',(-26.82180451127,-6.507749438844,23.5));
#3037 = VECTOR('',#3038,1.);
#3038 = DIRECTION('',(0.,0.,-1.));
#3039 = PCURVE('',#2989,#3040);
#3040 = DEFINITIONAL_REPRESENTATION('',(#3041),#3045);
#3041 = LINE('',#3042,#3043);
#3042 = CARTESIAN_POINT('',(6.164170619721,0.));
#3043 = VECTOR('',#3044,1.);
#3044 = DIRECTION('',(0.,1.));
#3045 = ( GEOMETRIC_REPRESENTATION_CONTEXT(2) 
PARAMETRIC_REPRESENTATION_CONTEXT() REPRESENTATION_CONTEXT('2D SPACE',''
  ) );
#3046 = PCURVE('',#3047,#3052);
#3047 = CYLINDRICAL_SURFACE('',#3048,27.6);
#3048 = AXIS2_PLACEMENT_3D('',#3049,#3050,#3051);
#3049 = CARTESIAN_POINT('',(-5.666681978065E-15,5.705855277383E-16,23.5)
  );
#3050 = DIRECTION('',(0.,0.,-1.));
#3051 = DIRECTION('',(-0.83523664167,-0.549890673145,-0.));
#3052 = DEFINITIONAL_REPRESENTATION('',(#3053),#3057);
#3053 = LINE('',#3054,#3055);
#3054 = CARTESIAN_POINT('',(0.34420396404,0.));
#3055 = VECTOR('',#3056,1.);
#3056 = DIRECTION('',(0.,1.));
#3057 = ( GEOMETRIC_REPRESENTATION_CONTEXT(2) 
PARAMETRIC_REPRESENTATION_CONTEXT() REPRESENTATION_CONTEXT('2D SPACE',''
  ) );
#3058 = ORIENTED_EDGE('',*,*,#2972,.T.);
#3059 = ORIENTED_EDGE('',*,*,#3060,.F.);
#3060 = EDGE_CURVE('',#3061,#2949,#3063,.T.);
#3061 = VERTEX_POINT('',#3062);
#3062 = CARTESIAN_POINT('',(-26.85,-6.271961415698,20.757510160843));
#3063 = SURFACE_CURVE('',#3064,(#3068,#3075),.PCURVE_S1.);
#3064 = LINE('',#3065,#3066);
#3065 = CARTESIAN_POINT('',(-26.85,-6.271961415698,23.5));
#3066 = VECTOR('',#3067,1.);
#3067 = DIRECTION('',(0.,0.,1.));
#3068 = PCURVE('',#2989,#3069);
#3069 = DEFINITIONAL_REPRESENTATION('',(#3070),#3074);
#3070 = LINE('',#3071,#3072);
#3071 = CARTESIAN_POINT('',(6.402199994638,0.));
#3072 = VECTOR('',#3073,1.);
#3073 = DIRECTION('',(0.,-1.));
#3074 = ( GEOMETRIC_REPRESENTATION_CONTEXT(2) 
PARAMETRIC_REPRESENTATION_CONTEXT() REPRESENTATION_CONTEXT('2D SPACE',''
  ) );
#3075 = PCURVE('',#2598,#3076);
#3076 = DEFINITIONAL_REPRESENTATION('',(#3077),#3081);
#3077 = LINE('',#3078,#3079);
#3078 = CARTESIAN_POINT('',(0.234765872271,0.));
#3079 = VECTOR('',#3080,1.);
#3080 = DIRECTION('',(0.,-1.));
#3081 = ( GEOMETRIC_REPRESENTATION_CONTEXT(2) 
PARAMETRIC_REPRESENTATION_CONTEXT() REPRESENTATION_CONTEXT('2D SPACE',''
  ) );
#3082 = ORIENTED_EDGE('',*,*,#3083,.F.);
#3083 = EDGE_CURVE('',#3032,#3061,#3084,.T.);
#3084 = SURFACE_CURVE('',#3085,(#3090,#3097),.PCURVE_S1.);
#3085 = CIRCLE('',#3086,1.);
#3086 = AXIS2_PLACEMENT_3D('',#3087,#3088,#3089);
#3087 = CARTESIAN_POINT('',(-25.85,-6.271961415698,20.757510160843));
#3088 = DIRECTION('',(2.359223927328E-16,-2.775557561563E-17,-1.));
#3089 = DIRECTION('',(-0.992926107844,-0.118733922536,
    -2.309579748045E-16));
#3090 = PCURVE('',#2989,#3091);
#3091 = DEFINITIONAL_REPRESENTATION('',(#3092),#3096);
#3092 = LINE('',#3093,#3094);
#3093 = CARTESIAN_POINT('',(0.,2.742489839157));
#3094 = VECTOR('',#3095,1.);
#3095 = DIRECTION('',(1.,0.));
#3096 = ( GEOMETRIC_REPRESENTATION_CONTEXT(2) 
PARAMETRIC_REPRESENTATION_CONTEXT() REPRESENTATION_CONTEXT('2D SPACE',''
  ) );
#3097 = PCURVE('',#228,#3098);
#3098 = DEFINITIONAL_REPRESENTATION('',(#3099),#3103);
#3099 = CIRCLE('',#3100,1.);
#3100 = AXIS2_PLACEMENT_2D('',#3101,#3102);
#3101 = CARTESIAN_POINT('',(25.85,-6.271961415698));
#3102 = DIRECTION('',(0.992926107844,-0.118733922536));
#3103 = ( GEOMETRIC_REPRESENTATION_CONTEXT(2) 
PARAMETRIC_REPRESENTATION_CONTEXT() REPRESENTATION_CONTEXT('2D SPACE',''
  ) );
#3104 = ADVANCED_FACE('',(#3105),#2567,.F.);
#3105 = FACE_BOUND('',#3106,.F.);
#3106 = EDGE_LOOP('',(#3107,#3128,#3129,#3150));
#3107 = ORIENTED_EDGE('',*,*,#3108,.F.);
#3108 = EDGE_CURVE('',#2457,#2914,#3109,.T.);
#3109 = SURFACE_CURVE('',#3110,(#3114,#3121),.PCURVE_S1.);
#3110 = LINE('',#3111,#3112);
#3111 = CARTESIAN_POINT('',(-26.45,-3.253363643984,22.75));
#3112 = VECTOR('',#3113,1.);
#3113 = DIRECTION('',(0.,-1.,0.));
#3114 = PCURVE('',#2567,#3115);
#3115 = DEFINITIONAL_REPRESENTATION('',(#3116),#3120);
#3116 = LINE('',#3117,#3118);
#3117 = CARTESIAN_POINT('',(-0.785398163397,0.));
#3118 = VECTOR('',#3119,1.);
#3119 = DIRECTION('',(0.,1.));
#3120 = ( GEOMETRIC_REPRESENTATION_CONTEXT(2) 
PARAMETRIC_REPRESENTATION_CONTEXT() REPRESENTATION_CONTEXT('2D SPACE',''
  ) );
#3121 = PCURVE('',#2478,#3122);
#3122 = DEFINITIONAL_REPRESENTATION('',(#3123),#3127);
#3123 = LINE('',#3124,#3125);
#3124 = CARTESIAN_POINT('',(-26.45,3.253363643984));
#3125 = VECTOR('',#3126,1.);
#3126 = DIRECTION('',(0.,1.));
#3127 = ( GEOMETRIC_REPRESENTATION_CONTEXT(2) 
PARAMETRIC_REPRESENTATION_CONTEXT() REPRESENTATION_CONTEXT('2D SPACE',''
  ) );
#3128 = ORIENTED_EDGE('',*,*,#2552,.F.);
#3129 = ORIENTED_EDGE('',*,*,#3130,.F.);
#3130 = EDGE_CURVE('',#2949,#2524,#3131,.T.);
#3131 = SURFACE_CURVE('',#3132,(#3136,#3143),.PCURVE_S1.);
#3132 = LINE('',#3133,#3134);
#3133 = CARTESIAN_POINT('',(-26.85,-3.253363643984,22.35));
#3134 = VECTOR('',#3135,1.);
#3135 = DIRECTION('',(0.,1.,0.));
#3136 = PCURVE('',#2567,#3137);
#3137 = DEFINITIONAL_REPRESENTATION('',(#3138),#3142);
#3138 = LINE('',#3139,#3140);
#3139 = CARTESIAN_POINT('',(0.785398163397,0.));
#3140 = VECTOR('',#3141,1.);
#3141 = DIRECTION('',(0.,-1.));
#3142 = ( GEOMETRIC_REPRESENTATION_CONTEXT(2) 
PARAMETRIC_REPRESENTATION_CONTEXT() REPRESENTATION_CONTEXT('2D SPACE',''
  ) );
#3143 = PCURVE('',#2598,#3144);
#3144 = DEFINITIONAL_REPRESENTATION('',(#3145),#3149);
#3145 = LINE('',#3146,#3147);
#3146 = CARTESIAN_POINT('',(3.253363643984,1.15));
#3147 = VECTOR('',#3148,1.);
#3148 = DIRECTION('',(1.,0.));
#3149 = ( GEOMETRIC_REPRESENTATION_CONTEXT(2) 
PARAMETRIC_REPRESENTATION_CONTEXT() REPRESENTATION_CONTEXT('2D SPACE',''
  ) );
#3150 = ORIENTED_EDGE('',*,*,#2948,.F.);
#3151 = ADVANCED_FACE('',(#3152),#3016,.F.);
#3152 = FACE_BOUND('',#3153,.F.);
#3153 = EDGE_LOOP('',(#3154,#3182,#3183,#3207));
#3154 = ORIENTED_EDGE('',*,*,#3155,.F.);
#3155 = EDGE_CURVE('',#2916,#3156,#3158,.T.);
#3156 = VERTEX_POINT('',#3157);
#3157 = CARTESIAN_POINT('',(-22.71843665343,-14.95702630953,22.75));
#3158 = SURFACE_CURVE('',#3159,(#3164,#3171),.PCURVE_S1.);
#3159 = CIRCLE('',#3160,27.2);
#3160 = AXIS2_PLACEMENT_3D('',#3161,#3162,#3163);
#3161 = CARTESIAN_POINT('',(-5.666681978065E-15,5.705855277383E-16,22.75
    ));
#3162 = DIRECTION('',(0.,0.,1.));
#3163 = DIRECTION('',(-0.917937887519,-0.396724129158,0.));
#3164 = PCURVE('',#3016,#3165);
#3165 = DEFINITIONAL_REPRESENTATION('',(#3166),#3170);
#3166 = LINE('',#3167,#3168);
#3167 = CARTESIAN_POINT('',(-2.733647299746,1.570796326795));
#3168 = VECTOR('',#3169,1.);
#3169 = DIRECTION('',(1.,-2.580384052742E-15));
#3170 = ( GEOMETRIC_REPRESENTATION_CONTEXT(2) 
PARAMETRIC_REPRESENTATION_CONTEXT() REPRESENTATION_CONTEXT('2D SPACE',''
  ) );
#3171 = PCURVE('',#2478,#3172);
#3172 = DEFINITIONAL_REPRESENTATION('',(#3173),#3181);
#3173 = ( BOUNDED_CURVE() B_SPLINE_CURVE(2,(#3174,#3175,#3176,#3177,
#3178,#3179,#3180),.UNSPECIFIED.,.T.,.F.) B_SPLINE_CURVE_WITH_KNOTS((1,2
    ,2,2,2,1),(-2.094395102393,0.,2.094395102393,4.188790204786,
6.28318530718,8.377580409573),.UNSPECIFIED.) CURVE() 
GEOMETRIC_REPRESENTATION_ITEM() RATIONAL_B_SPLINE_CURVE((1.,0.5,1.,0.5,
1.,0.5,1.)) REPRESENTATION_ITEM('') );
#3174 = CARTESIAN_POINT('',(-24.96791054052,10.790896313107));
#3175 = CARTESIAN_POINT('',(-6.277529867017,54.036585928135));
#3176 = CARTESIAN_POINT('',(21.829145607018,16.22739665096));
#3177 = CARTESIAN_POINT('',(49.935821081054,-21.58179262621));
#3178 = CARTESIAN_POINT('',(3.138764933509,-27.01829296406));
#3179 = CARTESIAN_POINT('',(-43.65829121403,-32.45479330192));
#3180 = CARTESIAN_POINT('',(-24.96791054052,10.790896313107));
#3181 = ( GEOMETRIC_REPRESENTATION_CONTEXT(2) 
PARAMETRIC_REPRESENTATION_CONTEXT() REPRESENTATION_CONTEXT('2D SPACE',''
  ) );
#3182 = ORIENTED_EDGE('',*,*,#3001,.F.);
#3183 = ORIENTED_EDGE('',*,*,#3184,.F.);
#3184 = EDGE_CURVE('',#3185,#2973,#3187,.T.);
#3185 = VERTEX_POINT('',#3186);
#3186 = CARTESIAN_POINT('',(-23.0525313101,-15.17698257878,22.35));
#3187 = SURFACE_CURVE('',#3188,(#3193,#3200),.PCURVE_S1.);
#3188 = CIRCLE('',#3189,27.6);
#3189 = AXIS2_PLACEMENT_3D('',#3190,#3191,#3192);
#3190 = CARTESIAN_POINT('',(-5.666681978065E-15,5.705855277383E-16,22.35
    ));
#3191 = DIRECTION('',(0.,0.,-1.));
#3192 = DIRECTION('',(-0.917937887519,-0.396724129158,-0.));
#3193 = PCURVE('',#3016,#3194);
#3194 = DEFINITIONAL_REPRESENTATION('',(#3195),#3199);
#3195 = LINE('',#3196,#3197);
#3196 = CARTESIAN_POINT('',(9.832723314613,0.));
#3197 = VECTOR('',#3198,1.);
#3198 = DIRECTION('',(-1.,0.));
#3199 = ( GEOMETRIC_REPRESENTATION_CONTEXT(2) 
PARAMETRIC_REPRESENTATION_CONTEXT() REPRESENTATION_CONTEXT('2D SPACE',''
  ) );
#3200 = PCURVE('',#3047,#3201);
#3201 = DEFINITIONAL_REPRESENTATION('',(#3202),#3206);
#3202 = LINE('',#3203,#3204);
#3203 = CARTESIAN_POINT('',(-6.108897322066,1.15));
#3204 = VECTOR('',#3205,1.);
#3205 = DIRECTION('',(1.,0.));
#3206 = ( GEOMETRIC_REPRESENTATION_CONTEXT(2) 
PARAMETRIC_REPRESENTATION_CONTEXT() REPRESENTATION_CONTEXT('2D SPACE',''
  ) );
#3207 = ORIENTED_EDGE('',*,*,#3208,.F.);
#3208 = EDGE_CURVE('',#3156,#3185,#3209,.T.);
#3209 = SURFACE_CURVE('',#3210,(#3215,#3222),.PCURVE_S1.);
#3210 = CIRCLE('',#3211,0.4);
#3211 = AXIS2_PLACEMENT_3D('',#3212,#3213,#3214);
#3212 = CARTESIAN_POINT('',(-22.71843665343,-14.95702630953,22.35));
#3213 = DIRECTION('',(0.549890673145,-0.83523664167,0.));
#3214 = DIRECTION('',(0.,0.,1.));
#3215 = PCURVE('',#3016,#3216);
#3216 = DEFINITIONAL_REPRESENTATION('',(#3217),#3221);
#3217 = LINE('',#3218,#3219);
#3218 = CARTESIAN_POINT('',(3.723825992548,1.570796326795));
#3219 = VECTOR('',#3220,1.);
#3220 = DIRECTION('',(0.,-1.));
#3221 = ( GEOMETRIC_REPRESENTATION_CONTEXT(2) 
PARAMETRIC_REPRESENTATION_CONTEXT() REPRESENTATION_CONTEXT('2D SPACE',''
  ) );
#3222 = PCURVE('',#3223,#3233);
#3223 = ( BOUNDED_SURFACE() B_SPLINE_SURFACE(2,2,(
    (#3224,#3225,#3226)
    ,(#3227,#3228,#3229)
    ,(#3230,#3231,#3232
)),.UNSPECIFIED.,.F.,.F.,.F.) B_SPLINE_SURFACE_WITH_KNOTS((3,3),(3,3),(
    0.,1.570796326795),(-2.559359314632,-1.111051010471),
.PIECEWISE_BEZIER_KNOTS.) GEOMETRIC_REPRESENTATION_ITEM() 
RATIONAL_B_SPLINE_SURFACE((
    (1.,0.749060065874,1.)
    ,(0.707106781187,0.529665452095,0.707106781187)
,(1.,0.749060065874,1.))) REPRESENTATION_ITEM('') SURFACE() );
#3224 = CARTESIAN_POINT('',(-23.0525313101,-15.17698257878,22.35));
#3225 = CARTESIAN_POINT('',(-22.7607226265,-15.62021487349,22.35));
#3226 = CARTESIAN_POINT('',(-22.28515739552,-15.38474749578,22.35));
#3227 = CARTESIAN_POINT('',(-23.0525313101,-15.17698257878,22.75));
#3228 = CARTESIAN_POINT('',(-22.7607226265,-15.62021487349,22.75));
#3229 = CARTESIAN_POINT('',(-22.28515739552,-15.38474749578,22.75));
#3230 = CARTESIAN_POINT('',(-22.71843665343,-14.95702630953,22.75));
#3231 = CARTESIAN_POINT('',(-22.62116709223,-15.10477040776,22.75));
#3232 = CARTESIAN_POINT('',(-22.46264534857,-15.02628128186,22.75));
#3233 = DEFINITIONAL_REPRESENTATION('',(#3234),#3238);
#3234 = LINE('',#3235,#3236);
#3235 = CARTESIAN_POINT('',(1.570796326795,-2.559359314632));
#3236 = VECTOR('',#3237,1.);
#3237 = DIRECTION('',(-1.,7.802960818524E-14));
#3238 = ( GEOMETRIC_REPRESENTATION_CONTEXT(2) 
PARAMETRIC_REPRESENTATION_CONTEXT() REPRESENTATION_CONTEXT('2D SPACE',''
  ) );
#3239 = ADVANCED_FACE('',(#3240),#3223,.T.);
#3240 = FACE_BOUND('',#3241,.T.);
#3241 = EDGE_LOOP('',(#3242,#3273,#3300,#3301));
#3242 = ORIENTED_EDGE('',*,*,#3243,.T.);
#3243 = EDGE_CURVE('',#3244,#3246,#3248,.T.);
#3244 = VERTEX_POINT('',#3245);
#3245 = CARTESIAN_POINT('',(-22.46264534857,-15.02628128186,22.75));
#3246 = VERTEX_POINT('',#3247);
#3247 = CARTESIAN_POINT('',(-22.28515739552,-15.38474749578,22.35));
#3248 = SURFACE_CURVE('',#3249,(#3254,#3261),.PCURVE_S1.);
#3249 = CIRCLE('',#3250,0.4);
#3250 = AXIS2_PLACEMENT_3D('',#3251,#3252,#3253);
#3251 = CARTESIAN_POINT('',(-22.46264534857,-15.02628128186,22.35));
#3252 = DIRECTION('',(0.8961655348,0.443719882626,0.));
#3253 = DIRECTION('',(0.,-0.,1.));
#3254 = PCURVE('',#3223,#3255);
#3255 = DEFINITIONAL_REPRESENTATION('',(#3256),#3260);
#3256 = LINE('',#3257,#3258);
#3257 = CARTESIAN_POINT('',(1.570796326795,-1.111051010471));
#3258 = VECTOR('',#3259,1.);
#3259 = DIRECTION('',(-1.,2.093511770333E-13));
#3260 = ( GEOMETRIC_REPRESENTATION_CONTEXT(2) 
PARAMETRIC_REPRESENTATION_CONTEXT() REPRESENTATION_CONTEXT('2D SPACE',''
  ) );
#3261 = PCURVE('',#3262,#3267);
#3262 = TOROIDAL_SURFACE('',#3263,5.55,0.4);
#3263 = AXIS2_PLACEMENT_3D('',#3264,#3265,#3266);
#3264 = CARTESIAN_POINT('',(-20.,-20.,22.35));
#3265 = DIRECTION('',(0.,0.,-1.));
#3266 = DIRECTION('',(-1.,0.,0.));
#3267 = DEFINITIONAL_REPRESENTATION('',(#3268),#3272);
#3268 = LINE('',#3269,#3270);
#3269 = CARTESIAN_POINT('',(1.111051010471,4.712388980384));
#3270 = VECTOR('',#3271,1.);
#3271 = DIRECTION('',(1.413579858428E-16,-1.));
#3272 = ( GEOMETRIC_REPRESENTATION_CONTEXT(2) 
PARAMETRIC_REPRESENTATION_CONTEXT() REPRESENTATION_CONTEXT('2D SPACE',''
  ) );
#3273 = ORIENTED_EDGE('',*,*,#3274,.T.);
#3274 = EDGE_CURVE('',#3246,#3185,#3275,.T.);
#3275 = SURFACE_CURVE('',#3276,(#3281,#3288),.PCURVE_S1.);
#3276 = CIRCLE('',#3277,0.6);
#3277 = AXIS2_PLACEMENT_3D('',#3278,#3279,#3280);
#3278 = CARTESIAN_POINT('',(-22.55138932509,-14.8470481749,22.35));
#3279 = DIRECTION('',(0.,0.,-1.));
#3280 = DIRECTION('',(-0.261338694239,-0.965247163629,-0.));
#3281 = PCURVE('',#3223,#3282);
#3282 = DEFINITIONAL_REPRESENTATION('',(#3283),#3287);
#3283 = LINE('',#3284,#3285);
#3284 = CARTESIAN_POINT('',(-2.512326199645E-14,4.447980144628));
#3285 = VECTOR('',#3286,1.);
#3286 = DIRECTION('',(3.075116097893E-15,-1.));
#3287 = ( GEOMETRIC_REPRESENTATION_CONTEXT(2) 
PARAMETRIC_REPRESENTATION_CONTEXT() REPRESENTATION_CONTEXT('2D SPACE',''
  ) );
#3288 = PCURVE('',#3289,#3294);
#3289 = CYLINDRICAL_SURFACE('',#3290,0.6);
#3290 = AXIS2_PLACEMENT_3D('',#3291,#3292,#3293);
#3291 = CARTESIAN_POINT('',(-22.55138932509,-14.8470481749,23.5));
#3292 = DIRECTION('',(0.,0.,-1.));
#3293 = DIRECTION('',(0.443719882626,-0.8961655348,0.));
#3294 = DEFINITIONAL_REPRESENTATION('',(#3295),#3299);
#3295 = LINE('',#3296,#3297);
#3296 = CARTESIAN_POINT('',(-5.559031155099,1.15));
#3297 = VECTOR('',#3298,1.);
#3298 = DIRECTION('',(1.,0.));
#3299 = ( GEOMETRIC_REPRESENTATION_CONTEXT(2) 
PARAMETRIC_REPRESENTATION_CONTEXT() REPRESENTATION_CONTEXT('2D SPACE',''
  ) );
#3300 = ORIENTED_EDGE('',*,*,#3208,.F.);
#3301 = ORIENTED_EDGE('',*,*,#3302,.T.);
#3302 = EDGE_CURVE('',#3156,#3244,#3303,.T.);
#3303 = SURFACE_CURVE('',#3304,(#3309,#3316),.PCURVE_S1.);
#3304 = CIRCLE('',#3305,0.2);
#3305 = AXIS2_PLACEMENT_3D('',#3306,#3307,#3308);
#3306 = CARTESIAN_POINT('',(-22.55138932509,-14.8470481749,22.75));
#3307 = DIRECTION('',(0.,0.,1.));
#3308 = DIRECTION('',(-0.261338694239,-0.965247163629,0.));
#3309 = PCURVE('',#3223,#3310);
#3310 = DEFINITIONAL_REPRESENTATION('',(#3311),#3315);
#3311 = LINE('',#3312,#3313);
#3312 = CARTESIAN_POINT('',(1.570796326794,-8.118390469731));
#3313 = VECTOR('',#3314,1.);
#3314 = DIRECTION('',(1.094655381461E-13,1.));
#3315 = ( GEOMETRIC_REPRESENTATION_CONTEXT(2) 
PARAMETRIC_REPRESENTATION_CONTEXT() REPRESENTATION_CONTEXT('2D SPACE',''
  ) );
#3316 = PCURVE('',#2478,#3317);
#3317 = DEFINITIONAL_REPRESENTATION('',(#3318),#3326);
#3318 = ( BOUNDED_CURVE() B_SPLINE_CURVE(2,(#3319,#3320,#3321,#3322,
#3323,#3324,#3325),.UNSPECIFIED.,.T.,.F.) B_SPLINE_CURVE_WITH_KNOTS((1,2
    ,2,2,2,1),(-2.094395102393,0.,2.094395102393,4.188790204786,
6.28318530718,8.377580409573),.UNSPECIFIED.) CURVE() 
GEOMETRIC_REPRESENTATION_ITEM() RATIONAL_B_SPLINE_CURVE((1.,0.5,1.,0.5,
1.,0.5,1.)) REPRESENTATION_ITEM('') );
#3319 = CARTESIAN_POINT('',(-22.60365706394,15.040097607628));
#3320 = CARTESIAN_POINT('',(-22.26928563809,15.130627986909));
#3321 = CARTESIAN_POINT('',(-22.35806974274,14.79578864818));
#3322 = CARTESIAN_POINT('',(-22.4468538474,14.460949309451));
#3323 = CARTESIAN_POINT('',(-22.6924411686,14.705258268899));
#3324 = CARTESIAN_POINT('',(-22.93802848979,14.949567228347));
#3325 = CARTESIAN_POINT('',(-22.60365706394,15.040097607628));
#3326 = ( GEOMETRIC_REPRESENTATION_CONTEXT(2) 
PARAMETRIC_REPRESENTATION_CONTEXT() REPRESENTATION_CONTEXT('2D SPACE',''
  ) );
#3327 = ADVANCED_FACE('',(#3328),#3262,.F.);
#3328 = FACE_BOUND('',#3329,.F.);
#3329 = EDGE_LOOP('',(#3330,#3354,#3355,#3384));
#3330 = ORIENTED_EDGE('',*,*,#3331,.F.);
#3331 = EDGE_CURVE('',#3244,#3332,#3334,.T.);
#3332 = VERTEX_POINT('',#3333);
#3333 = CARTESIAN_POINT('',(-18.2735435596,-14.72535800651,22.75));
#3334 = SURFACE_CURVE('',#3335,(#3340,#3347),.PCURVE_S1.);
#3335 = CIRCLE('',#3336,5.55);
#3336 = AXIS2_PLACEMENT_3D('',#3337,#3338,#3339);
#3337 = CARTESIAN_POINT('',(-20.,-20.,22.75));
#3338 = DIRECTION('',(0.,0.,-1.));
#3339 = DIRECTION('',(-1.348948957478E-03,0.999999090168,0.));
#3340 = PCURVE('',#3262,#3341);
#3341 = DEFINITIONAL_REPRESENTATION('',(#3342),#3346);
#3342 = LINE('',#3343,#3344);
#3343 = CARTESIAN_POINT('',(-4.713737929751,4.712388980385));
#3344 = VECTOR('',#3345,1.);
#3345 = DIRECTION('',(1.,0.));
#3346 = ( GEOMETRIC_REPRESENTATION_CONTEXT(2) 
PARAMETRIC_REPRESENTATION_CONTEXT() REPRESENTATION_CONTEXT('2D SPACE',''
  ) );
#3347 = PCURVE('',#2478,#3348);
#3348 = DEFINITIONAL_REPRESENTATION('',(#3349),#3353);
#3349 = CIRCLE('',#3350,5.55);
#3350 = AXIS2_PLACEMENT_2D('',#3351,#3352);
#3351 = CARTESIAN_POINT('',(-20.,20.));
#3352 = DIRECTION('',(-1.348948957478E-03,-0.999999090168));
#3353 = ( GEOMETRIC_REPRESENTATION_CONTEXT(2) 
PARAMETRIC_REPRESENTATION_CONTEXT() REPRESENTATION_CONTEXT('2D SPACE',''
  ) );
#3354 = ORIENTED_EDGE('',*,*,#3243,.T.);
#3355 = ORIENTED_EDGE('',*,*,#3356,.F.);
#3356 = EDGE_CURVE('',#3357,#3246,#3359,.T.);
#3357 = VERTEX_POINT('',#3358);
#3358 = CARTESIAN_POINT('',(-18.3979728526,-15.10551238442,22.35));
#3359 = SURFACE_CURVE('',#3360,(#3365,#3372),.PCURVE_S1.);
#3360 = CIRCLE('',#3361,5.15);
#3361 = AXIS2_PLACEMENT_3D('',#3362,#3363,#3364);
#3362 = CARTESIAN_POINT('',(-20.,-20.,22.35));
#3363 = DIRECTION('',(0.,0.,1.));
#3364 = DIRECTION('',(-1.348948957478E-03,0.999999090168,0.));
#3365 = PCURVE('',#3262,#3366);
#3366 = DEFINITIONAL_REPRESENTATION('',(#3367),#3371);
#3367 = LINE('',#3368,#3369);
#3368 = CARTESIAN_POINT('',(7.852632684608,3.14159265359));
#3369 = VECTOR('',#3370,1.);
#3370 = DIRECTION('',(-1.,-5.722302081351E-16));
#3371 = ( GEOMETRIC_REPRESENTATION_CONTEXT(2) 
PARAMETRIC_REPRESENTATION_CONTEXT() REPRESENTATION_CONTEXT('2D SPACE',''
  ) );
#3372 = PCURVE('',#3373,#3378);
#3373 = CYLINDRICAL_SURFACE('',#3374,5.15);
#3374 = AXIS2_PLACEMENT_3D('',#3375,#3376,#3377);
#3375 = CARTESIAN_POINT('',(-20.,-20.,23.5));
#3376 = DIRECTION('',(0.,0.,-1.));
#3377 = DIRECTION('',(-0.443719882626,0.8961655348,0.));
#3378 = DEFINITIONAL_REPRESENTATION('',(#3379),#3383);
#3379 = LINE('',#3380,#3381);
#3380 = CARTESIAN_POINT('',(6.741581674137,1.15));
#3381 = VECTOR('',#3382,1.);
#3382 = DIRECTION('',(-1.,0.));
#3383 = ( GEOMETRIC_REPRESENTATION_CONTEXT(2) 
PARAMETRIC_REPRESENTATION_CONTEXT() REPRESENTATION_CONTEXT('2D SPACE',''
  ) );
#3384 = ORIENTED_EDGE('',*,*,#3385,.F.);
#3385 = EDGE_CURVE('',#3332,#3357,#3386,.T.);
#3386 = SURFACE_CURVE('',#3387,(#3392,#3399),.PCURVE_S1.);
#3387 = CIRCLE('',#3388,0.4);
#3388 = AXIS2_PLACEMENT_3D('',#3389,#3390,#3391);
#3389 = CARTESIAN_POINT('',(-18.2735435596,-14.72535800651,22.35));
#3390 = DIRECTION('',(0.950385944772,-0.311073232504,0.));
#3391 = DIRECTION('',(0.,0.,1.));
#3392 = PCURVE('',#3262,#3393);
#3393 = DEFINITIONAL_REPRESENTATION('',(#3394),#3398);
#3394 = LINE('',#3395,#3396);
#3395 = CARTESIAN_POINT('',(1.887118410508,4.712388980385));
#3396 = VECTOR('',#3397,1.);
#3397 = DIRECTION('',(-1.413579858428E-16,-1.));
#3398 = ( GEOMETRIC_REPRESENTATION_CONTEXT(2) 
PARAMETRIC_REPRESENTATION_CONTEXT() REPRESENTATION_CONTEXT('2D SPACE',''
  ) );
#3399 = PCURVE('',#3400,#3436);
#3400 = B_SPLINE_SURFACE_WITH_KNOTS('',3,3,(
    (#3401,#3402,#3403,#3404,#3405)
    ,(#3406,#3407,#3408,#3409,#3410)
    ,(#3411,#3412,#3413,#3414,#3415)
    ,(#3416,#3417,#3418,#3419,#3420)
    ,(#3421,#3422,#3423,#3424,#3425)
    ,(#3426,#3427,#3428,#3429,#3430)
    ,(#3431,#3432,#3433,#3434,#3435
    )),.UNSPECIFIED.,.F.,.F.,.F.,(4,1,1,1,4),(4,1,4),(0.,0.285714285714,
    0.571428571429,0.857142857143,1.),(3.885609254044E-16,
    5.427021823204E-02,0.108540436464),.UNSPECIFIED.);
#3401 = CARTESIAN_POINT('',(-18.3979728526,-15.10551238442,22.35));
#3402 = CARTESIAN_POINT('',(-18.2384383715,-15.1577300198,22.35));
#3403 = CARTESIAN_POINT('',(-17.92546598308,-15.27769003098,
    22.302893154033));
#3404 = CARTESIAN_POINT('',(-17.63761531246,-15.4211869612,
    22.195477625227));
#3405 = CARTESIAN_POINT('',(-17.5024430545,-15.49614506183,22.125));
#3406 = CARTESIAN_POINT('',(-18.3979728526,-15.10551238442,
    22.409839860068));
#3407 = CARTESIAN_POINT('',(-18.23335806726,-15.15941542861,
    22.415081666276));
#3408 = CARTESIAN_POINT('',(-17.9105193347,-15.28361600525,
    22.376949616846));
#3409 = CARTESIAN_POINT('',(-17.61323908802,-15.43337544058,
    22.277110027359));
#3410 = CARTESIAN_POINT('',(-17.47134233592,-15.51339157993,
    22.209050084409));
#3411 = CARTESIAN_POINT('',(-18.38946604849,-15.07952253309,
    22.529468277365));
#3412 = CARTESIAN_POINT('',(-18.21230282258,-15.13238262422,
    22.545195302807));
#3413 = CARTESIAN_POINT('',(-17.86401095958,-15.25578973716,
    22.524800194527));
#3414 = CARTESIAN_POINT('',(-17.53888731628,-15.4071554796,
    22.439991339803));
#3415 = CARTESIAN_POINT('',(-17.37769265846,-15.49085553471,
    22.376785380933));
#3416 = CARTESIAN_POINT('',(-18.35377560417,-14.97048166072,
    22.673456728342));
#3417 = CARTESIAN_POINT('',(-18.15488647747,-15.01040221972,
    22.695669400124));
#3418 = CARTESIAN_POINT('',(-17.7627840369,-15.10763082617,
    22.680222596152));
#3419 = CARTESIAN_POINT('',(-17.392614447,-15.23214476892,
    22.587870610255));
#3420 = CARTESIAN_POINT('',(-17.20597131325,-15.30220155428,
    22.515486811878));
#3421 = CARTESIAN_POINT('',(-18.31077690241,-14.83911271758,
    22.739975101075));
#3422 = CARTESIAN_POINT('',(-18.09594303319,-14.86395653481,
    22.754721681742));
#3423 = CARTESIAN_POINT('',(-17.67621860875,-14.93204872853,
    22.713947458632));
#3424 = CARTESIAN_POINT('',(-17.28954252905,-15.03052442457,
    22.580406460559));
#3425 = CARTESIAN_POINT('',(-17.10146938962,-15.086375607,22.48410760794
    ));
#3426 = CARTESIAN_POINT('',(-18.28285084895,-14.75379348749,22.75));
#3427 = CARTESIAN_POINT('',(-18.06150979675,-14.77103101267,
    22.754107096385));
#3428 = CARTESIAN_POINT('',(-17.63435789189,-14.8266778614,
    22.685846049274));
#3429 = CARTESIAN_POINT('',(-17.25425285242,-14.92005348606,
    22.518329867728));
#3430 = CARTESIAN_POINT('',(-17.07707265907,-14.97411804477,
    22.405866068028));
#3431 = CARTESIAN_POINT('',(-18.2735435596,-14.72535800651,22.75));
#3432 = CARTESIAN_POINT('',(-18.05045529787,-14.74040293181,22.75));
#3433 = CARTESIAN_POINT('',(-17.62214502635,-14.79298278032,
    22.671488590055));
#3434 = CARTESIAN_POINT('',(-17.24605499579,-14.88629623494,
    22.492462708712));
#3435 = CARTESIAN_POINT('',(-17.0734756747,-14.94070209063,22.375));
#3436 = DEFINITIONAL_REPRESENTATION('',(#3437),#3440);
#3437 = B_SPLINE_CURVE_WITH_KNOTS('',1,(#3438,#3439),.UNSPECIFIED.,.F.,
  .F.,(2,2),(0.,1.570796326795),.PIECEWISE_BEZIER_KNOTS.);
#3438 = CARTESIAN_POINT('',(1.,-7.558228773757E-15));
#3439 = CARTESIAN_POINT('',(-8.902647892355E-16,-2.44391648679E-15));
#3440 = ( GEOMETRIC_REPRESENTATION_CONTEXT(2) 
PARAMETRIC_REPRESENTATION_CONTEXT() REPRESENTATION_CONTEXT('2D SPACE',''
  ) );
#3441 = ADVANCED_FACE('',(#3442),#3400,.T.);
#3442 = FACE_BOUND('',#3443,.T.);
#3443 = EDGE_LOOP('',(#3444,#3511,#3556,#3557));
#3444 = ORIENTED_EDGE('',*,*,#3445,.T.);
#3445 = EDGE_CURVE('',#3446,#3448,#3450,.T.);
#3446 = VERTEX_POINT('',#3447);
#3447 = CARTESIAN_POINT('',(-17.0734756747,-14.94070209063,22.375));
#3448 = VERTEX_POINT('',#3449);
#3449 = CARTESIAN_POINT('',(-17.5024430545,-15.49614506183,22.125));
#3450 = SURFACE_CURVE('',#3451,(#3456,#3462),.PCURVE_S1.);
#3451 = CIRCLE('',#3452,0.4);
#3452 = AXIS2_PLACEMENT_3D('',#3453,#3454,#3455);
#3453 = CARTESIAN_POINT('',(-17.30845804903,-15.14633108605,22.125));
#3454 = DIRECTION('',(0.805407968022,-0.446629008284,-0.389667209303));
#3455 = DIRECTION('',(0.587455935808,0.51407248855,0.625));
#3456 = PCURVE('',#3400,#3457);
#3457 = DEFINITIONAL_REPRESENTATION('',(#3458),#3461);
#3458 = B_SPLINE_CURVE_WITH_KNOTS('',1,(#3459,#3460),.UNSPECIFIED.,.F.,
  .F.,(2,2),(0.,2.395679435692),.PIECEWISE_BEZIER_KNOTS.);
#3459 = CARTESIAN_POINT('',(1.,0.108540436464));
#3460 = CARTESIAN_POINT('',(-3.845850689581E-15,0.108540436464));
#3461 = ( GEOMETRIC_REPRESENTATION_CONTEXT(2) 
PARAMETRIC_REPRESENTATION_CONTEXT() REPRESENTATION_CONTEXT('2D SPACE',''
  ) );
#3462 = PCURVE('',#3463,#3506);
#3463 = B_SPLINE_SURFACE_WITH_KNOTS('',3,3,(
    (#3464,#3465,#3466,#3467,#3468,#3469)
    ,(#3470,#3471,#3472,#3473,#3474,#3475)
    ,(#3476,#3477,#3478,#3479,#3480,#3481)
    ,(#3482,#3483,#3484,#3485,#3486,#3487)
    ,(#3488,#3489,#3490,#3491,#3492,#3493)
    ,(#3494,#3495,#3496,#3497,#3498,#3499)
    ,(#3500,#3501,#3502,#3503,#3504,#3505
    )),.UNSPECIFIED.,.F.,.F.,.F.,(4,1,1,1,4),(4,1,1,4),(0.,
    0.285714285714,0.571428571429,0.857142857143,1.),(
    -5.645258841629E-16,0.135389269887,0.225648783145,0.315908296403),
  .UNSPECIFIED.);
#3464 = CARTESIAN_POINT('',(-17.5024430545,-15.49614506183,22.125));
#3465 = CARTESIAN_POINT('',(-17.16516105855,-15.68318061319,
    21.949144136779));
#3466 = CARTESIAN_POINT('',(-16.58807762871,-16.09404018604,
    21.849458366416));
#3467 = CARTESIAN_POINT('',(-15.92601238101,-16.81476049201,
    21.881120292467));
#3468 = CARTESIAN_POINT('',(-15.62082585737,-17.27760565179,
    22.007771757662));
#3469 = CARTESIAN_POINT('',(-15.49614506166,-17.50244305481,
    22.125000000161));
#3470 = CARTESIAN_POINT('',(-17.47134233592,-15.51339157993,
    22.209050084409));
#3471 = CARTESIAN_POINT('',(-17.15208978302,-15.69339179002,
    22.037039109615));
#3472 = CARTESIAN_POINT('',(-16.58505901953,-16.09763859074,
    21.932650906849));
#3473 = CARTESIAN_POINT('',(-15.93210903047,-16.80836728963,
    21.966125857007));
#3474 = CARTESIAN_POINT('',(-15.633382508,-17.25852363922,
    22.094384904255));
#3475 = CARTESIAN_POINT('',(-15.51339157977,-17.47134233621,
    22.209050084567));
#3476 = CARTESIAN_POINT('',(-17.37769308303,-15.49085624152,
    22.376785313512));
#3477 = CARTESIAN_POINT('',(-17.09312484899,-15.66447765746,
    22.212454136539));
#3478 = CARTESIAN_POINT('',(-16.54373795694,-16.0645397415,
    22.09865702686));
#3479 = CARTESIAN_POINT('',(-15.90074399855,-16.76124199059,
    22.135759937283));
#3480 = CARTESIAN_POINT('',(-15.60659496661,-17.18799549052,
    22.267239605548));
#3481 = CARTESIAN_POINT('',(-15.49085624136,-17.3776930833,
    22.376785313663));
#3482 = CARTESIAN_POINT('',(-17.20597151625,-15.30220182776,
    22.515486705768));
#3483 = CARTESIAN_POINT('',(-16.94044912738,-15.49158808567,
    22.366921520197));
#3484 = CARTESIAN_POINT('',(-16.39888662865,-15.9123237524,
    22.254630457735));
#3485 = CARTESIAN_POINT('',(-15.74094301167,-16.61433788986,
    22.291641265316));
#3486 = CARTESIAN_POINT('',(-15.42844964069,-17.02897017914,
    22.416450851883));
#3487 = CARTESIAN_POINT('',(-15.30220182759,-17.20597151649,
    22.515486705905));
#3488 = CARTESIAN_POINT('',(-17.10146956098,-15.08637584025,
    22.484107521109));
#3489 = CARTESIAN_POINT('',(-16.81188014567,-15.29839549081,22.350597469
    ));
#3490 = CARTESIAN_POINT('',(-16.2546900613,-15.74767088124,
    22.257466385834));
#3491 = CARTESIAN_POINT('',(-15.56524704154,-16.47608476275,
    22.287925022826));
#3492 = CARTESIAN_POINT('',(-15.2277114233,-16.90842477126,
    22.395107652381));
#3493 = CARTESIAN_POINT('',(-15.08637584006,-17.10146956124,
    22.484107521232));
#3494 = CARTESIAN_POINT('',(-17.07707265907,-14.97411804477,
    22.405866068028));
#3495 = CARTESIAN_POINT('',(-16.7580994787,-15.19572545293,
    22.278714179508));
#3496 = CARTESIAN_POINT('',(-16.18169779028,-15.65940185246,
    22.2019693705));
#3497 = CARTESIAN_POINT('',(-15.4710809693,-16.40998518478,
    22.226585916564));
#3498 = CARTESIAN_POINT('',(-15.12184497554,-16.86444019642,
    22.321104649627));
#3499 = CARTESIAN_POINT('',(-14.97411804457,-17.07707265936,
    22.405866068144));
#3500 = CARTESIAN_POINT('',(-17.0734756747,-14.94070209063,22.375));
#3501 = CARTESIAN_POINT('',(-16.74376646156,-15.16476106115,
    22.249388669128));
#3502 = CARTESIAN_POINT('',(-16.16007919753,-15.63262683048,
    22.17818454744));
#3503 = CARTESIAN_POINT('',(-15.44255197192,-16.39095511634,
    22.200800208905));
#3504 = CARTESIAN_POINT('',(-15.09006327084,-16.85368640632,
    22.291265541187));
#3505 = CARTESIAN_POINT('',(-14.94070209043,-17.07347567501,
    22.375000000115));
#3506 = DEFINITIONAL_REPRESENTATION('',(#3507),#3510);
#3507 = B_SPLINE_CURVE_WITH_KNOTS('',1,(#3508,#3509),.UNSPECIFIED.,.F.,
  .F.,(2,2),(0.,2.395679435692),.PIECEWISE_BEZIER_KNOTS.);
#3508 = CARTESIAN_POINT('',(1.,-7.984168628537E-15));
#3509 = CARTESIAN_POINT('',(-3.125197351145E-15,-3.809850501951E-15));
#3510 = ( GEOMETRIC_REPRESENTATION_CONTEXT(2) 
PARAMETRIC_REPRESENTATION_CONTEXT() REPRESENTATION_CONTEXT('2D SPACE',''
  ) );
#3511 = ORIENTED_EDGE('',*,*,#3512,.T.);
#3512 = EDGE_CURVE('',#3448,#3357,#3513,.T.);
#3513 = SURFACE_CURVE('',#3514,(#3520,#3527),.PCURVE_S1.);
#3514 = B_SPLINE_CURVE_WITH_KNOTS('',3,(#3515,#3516,#3517,#3518,#3519),
  .UNSPECIFIED.,.F.,.F.,(4,1,4),(-0.108540436464,-5.427021823204E-02,
    -3.885609254044E-16),.UNSPECIFIED.);
#3515 = CARTESIAN_POINT('',(-17.5024430545,-15.49614506183,22.125));
#3516 = CARTESIAN_POINT('',(-17.63761531246,-15.4211869612,
    22.195477625227));
#3517 = CARTESIAN_POINT('',(-17.92546598308,-15.27769003098,
    22.302893154033));
#3518 = CARTESIAN_POINT('',(-18.2384383715,-15.1577300198,22.35));
#3519 = CARTESIAN_POINT('',(-18.3979728526,-15.10551238442,22.35));
#3520 = PCURVE('',#3400,#3521);
#3521 = DEFINITIONAL_REPRESENTATION('',(#3522),#3526);
#3522 = LINE('',#3523,#3524);
#3523 = CARTESIAN_POINT('',(-8.90264789235E-16,-5.273559366969E-16));
#3524 = VECTOR('',#3525,1.);
#3525 = DIRECTION('',(-6.583098551488E-16,-1.));
#3526 = ( GEOMETRIC_REPRESENTATION_CONTEXT(2) 
PARAMETRIC_REPRESENTATION_CONTEXT() REPRESENTATION_CONTEXT('2D SPACE',''
  ) );
#3527 = PCURVE('',#3373,#3528);
#3528 = DEFINITIONAL_REPRESENTATION('',(#3529),#3555);
#3529 = B_SPLINE_CURVE_WITH_KNOTS('',3,(#3530,#3531,#3532,#3533,#3534,
    #3535,#3536,#3537,#3538,#3539,#3540,#3541,#3542,#3543,#3544,#3545,
    #3546,#3547,#3548,#3549,#3550,#3551,#3552,#3553,#3554),
  .UNSPECIFIED.,.F.,.F.,(4,1,1,1,1,1,1,1,1,1,1,1,1,1,1,1,1,1,1,1,1,1,4),
  (-0.108540436464,-0.103606780261,-9.867312405826E-02,
    -9.373946785535E-02,-8.880581165244E-02,-8.387215544952E-02,
    -7.893849924661E-02,-7.40048430437E-02,-6.907118684078E-02,
    -6.413753063787E-02,-5.920387443496E-02,-5.427021823204E-02,
    -4.933656202913E-02,-4.440290582622E-02,-3.946924962331E-02,
    -3.453559342039E-02,-2.960193721748E-02,-2.466828101457E-02,
    -1.973462481165E-02,-1.480096860874E-02,-9.867312405827E-03,
    -4.933656202914E-03,-3.885609254044E-16),.QUASI_UNIFORM_KNOTS.);
#3530 = CARTESIAN_POINT('',(0.966065619212,1.375));
#3531 = CARTESIAN_POINT('',(0.963337202891,1.368592943161));
#3532 = CARTESIAN_POINT('',(0.957860801219,1.356056017266));
#3533 = CARTESIAN_POINT('',(0.949589932033,1.33807456131));
#3534 = CARTESIAN_POINT('',(0.941265241385,1.320909407784));
#3535 = CARTESIAN_POINT('',(0.932889157692,1.304552926228));
#3536 = CARTESIAN_POINT('',(0.924464096209,1.288997486183));
#3537 = CARTESIAN_POINT('',(0.915992455826,1.274235457191));
#3538 = CARTESIAN_POINT('',(0.90747661762,1.260259208793));
#3539 = CARTESIAN_POINT('',(0.898918942866,1.247061110529));
#3540 = CARTESIAN_POINT('',(0.890321771188,1.234633531942));
#3541 = CARTESIAN_POINT('',(0.881687418408,1.222968842572));
#3542 = CARTESIAN_POINT('',(0.873018175275,1.21205941196));
#3543 = CARTESIAN_POINT('',(0.864316302787,1.201897609648));
#3544 = CARTESIAN_POINT('',(0.855584376869,1.192521645639));
#3545 = CARTESIAN_POINT('',(0.846824975338,1.183969729934));
#3546 = CARTESIAN_POINT('',(0.838040673164,1.176280072538));
#3547 = CARTESIAN_POINT('',(0.829234041067,1.169490883452));
#3548 = CARTESIAN_POINT('',(0.820407643173,1.163640372679));
#3549 = CARTESIAN_POINT('',(0.81156403483,1.158766750222));
#3550 = CARTESIAN_POINT('',(0.802705760546,1.154908226085));
#3551 = CARTESIAN_POINT('',(0.793835351112,1.152103010268));
#3552 = CARTESIAN_POINT('',(0.784955323815,1.150389312777));
#3553 = CARTESIAN_POINT('',(0.779030555295,1.15));
#3554 = CARTESIAN_POINT('',(0.776067400037,1.15));
#3555 = ( GEOMETRIC_REPRESENTATION_CONTEXT(2) 
PARAMETRIC_REPRESENTATION_CONTEXT() REPRESENTATION_CONTEXT('2D SPACE',''
  ) );
#3556 = ORIENTED_EDGE('',*,*,#3385,.F.);
#3557 = ORIENTED_EDGE('',*,*,#3558,.T.);
#3558 = EDGE_CURVE('',#3332,#3446,#3559,.T.);
#3559 = SURFACE_CURVE('',#3560,(#3566,#3573),.PCURVE_S1.);
#3560 = B_SPLINE_CURVE_WITH_KNOTS('',3,(#3561,#3562,#3563,#3564,#3565),
  .UNSPECIFIED.,.F.,.F.,(4,1,4),(3.885609254044E-16,5.427021823204E-02,
    0.108540436464),.UNSPECIFIED.);
#3561 = CARTESIAN_POINT('',(-18.2735435596,-14.72535800651,22.75));
#3562 = CARTESIAN_POINT('',(-18.05045529787,-14.74040293181,22.75));
#3563 = CARTESIAN_POINT('',(-17.62214502635,-14.79298278032,
    22.671488590055));
#3564 = CARTESIAN_POINT('',(-17.24605499579,-14.88629623494,
    22.492462708712));
#3565 = CARTESIAN_POINT('',(-17.0734756747,-14.94070209063,22.375));
#3566 = PCURVE('',#3400,#3567);
#3567 = DEFINITIONAL_REPRESENTATION('',(#3568),#3572);
#3568 = LINE('',#3569,#3570);
#3569 = CARTESIAN_POINT('',(1.,-8.433058985463E-18));
#3570 = VECTOR('',#3571,1.);
#3571 = DIRECTION('',(0.,1.));
#3572 = ( GEOMETRIC_REPRESENTATION_CONTEXT(2) 
PARAMETRIC_REPRESENTATION_CONTEXT() REPRESENTATION_CONTEXT('2D SPACE',''
  ) );
#3573 = PCURVE('',#3574,#3579);
#3574 = TOROIDAL_SURFACE('',#3575,23.468245836552,1.);
#3575 = AXIS2_PLACEMENT_3D('',#3576,#3577,#3578);
#3576 = CARTESIAN_POINT('',(-5.666681978065E-15,5.705855277383E-16,21.75
    ));
#3577 = DIRECTION('',(0.,0.,-1.));
#3578 = DIRECTION('',(-1.,0.,0.));
#3579 = DEFINITIONAL_REPRESENTATION('',(#3580),#3606);
#3580 = B_SPLINE_CURVE_WITH_KNOTS('',3,(#3581,#3582,#3583,#3584,#3585,
    #3586,#3587,#3588,#3589,#3590,#3591,#3592,#3593,#3594,#3595,#3596,
    #3597,#3598,#3599,#3600,#3601,#3602,#3603,#3604,#3605),
  .UNSPECIFIED.,.F.,.F.,(4,1,1,1,1,1,1,1,1,1,1,1,1,1,1,1,1,1,1,1,1,1,4),
  (3.885609254044E-16,4.933656202914E-03,9.867312405827E-03,
    1.480096860874E-02,1.973462481165E-02,2.466828101457E-02,
    2.960193721748E-02,3.453559342039E-02,3.946924962331E-02,
    4.440290582622E-02,4.933656202913E-02,5.427021823204E-02,
    5.920387443496E-02,6.413753063787E-02,6.907118684078E-02,
    7.40048430437E-02,7.893849924661E-02,8.387215544952E-02,
    8.880581165244E-02,9.373946785535E-02,9.867312405826E-02,
    0.103606780261,0.108540436464),.QUASI_UNIFORM_KNOTS.);
#3581 = CARTESIAN_POINT('',(5.60489996769,4.712388980385));
#3582 = CARTESIAN_POINT('',(5.6043123529,4.697455811581));
#3583 = CARTESIAN_POINT('',(5.603132656987,4.66784447637));
#3584 = CARTESIAN_POINT('',(5.601350479497,4.624127635219));
#3585 = CARTESIAN_POINT('',(5.599556429151,4.581044771982));
#3586 = CARTESIAN_POINT('',(5.597751282875,4.538534386732));
#3587 = CARTESIAN_POINT('',(5.595935828035,4.496538892876));
#3588 = CARTESIAN_POINT('',(5.594110863808,4.455005480174));
#3589 = CARTESIAN_POINT('',(5.592277200616,4.413886383512));
#3590 = CARTESIAN_POINT('',(5.590435660074,4.373139186697));
#3591 = CARTESIAN_POINT('',(5.588587074762,4.33272698856));
#3592 = CARTESIAN_POINT('',(5.586732288049,4.292618583477));
#3593 = CARTESIAN_POINT('',(5.584872153795,4.252788287938));
#3594 = CARTESIAN_POINT('',(5.583007536386,4.213216782046));
#3595 = CARTESIAN_POINT('',(5.581139299062,4.173842648752));
#3596 = CARTESIAN_POINT('',(5.579268311327,4.134600003756));
#3597 = CARTESIAN_POINT('',(5.577395448908,4.095420090005));
#3598 = CARTESIAN_POINT('',(5.575521593357,4.056231725421));
#3599 = CARTESIAN_POINT('',(5.573647631734,4.016962031139));
#3600 = CARTESIAN_POINT('',(5.57177445627,3.977537089694));
#3601 = CARTESIAN_POINT('',(5.569902963989,3.937882613204));
#3602 = CARTESIAN_POINT('',(5.568034056475,3.897924769284));
#3603 = CARTESIAN_POINT('',(5.566168639073,3.857590618922));
#3604 = CARTESIAN_POINT('',(5.564927961131,3.830403759427));
#3605 = CARTESIAN_POINT('',(5.564308507065,3.816724186527));
#3606 = ( GEOMETRIC_REPRESENTATION_CONTEXT(2) 
PARAMETRIC_REPRESENTATION_CONTEXT() REPRESENTATION_CONTEXT('2D SPACE',''
  ) );
#3607 = ADVANCED_FACE('',(#3608),#3463,.T.);
#3608 = FACE_BOUND('',#3609,.T.);
#3609 = EDGE_LOOP('',(#3610,#3670,#3716,#3717));
#3610 = ORIENTED_EDGE('',*,*,#3611,.T.);
#3611 = EDGE_CURVE('',#3612,#3614,#3616,.T.);
#3612 = VERTEX_POINT('',#3613);
#3613 = CARTESIAN_POINT('',(-14.94070209039,-17.07347567498,
    22.375000000119));
#3614 = VERTEX_POINT('',#3615);
#3615 = CARTESIAN_POINT('',(-15.49614506166,-17.50244305481,
    22.125000000161));
#3616 = SURFACE_CURVE('',#3617,(#3622,#3628),.PCURVE_S1.);
#3617 = CIRCLE('',#3618,0.400000000037);
#3618 = AXIS2_PLACEMENT_3D('',#3619,#3620,#3621);
#3619 = CARTESIAN_POINT('',(-15.14633108587,-17.30845804936,
    22.125000000161));
#3620 = DIRECTION('',(0.44662900819,-0.805407967982,0.389667209493));
#3621 = DIRECTION('',(0.514072488647,0.587455935898,0.624999999835));
#3622 = PCURVE('',#3463,#3623);
#3623 = DEFINITIONAL_REPRESENTATION('',(#3624),#3627);
#3624 = B_SPLINE_CURVE_WITH_KNOTS('',1,(#3625,#3626),.UNSPECIFIED.,.F.,
  .F.,(2,2),(0.,2.395679435856),.PIECEWISE_BEZIER_KNOTS.);
#3625 = CARTESIAN_POINT('',(1.000000000029,0.315908296402));
#3626 = CARTESIAN_POINT('',(-1.356767521348E-15,0.315908296403));
#3627 = ( GEOMETRIC_REPRESENTATION_CONTEXT(2) 
PARAMETRIC_REPRESENTATION_CONTEXT() REPRESENTATION_CONTEXT('2D SPACE',''
  ) );
#3628 = PCURVE('',#3629,#3665);
#3629 = B_SPLINE_SURFACE_WITH_KNOTS('',3,3,(
    (#3630,#3631,#3632,#3633,#3634)
    ,(#3635,#3636,#3637,#3638,#3639)
    ,(#3640,#3641,#3642,#3643,#3644)
    ,(#3645,#3646,#3647,#3648,#3649)
    ,(#3650,#3651,#3652,#3653,#3654)
    ,(#3655,#3656,#3657,#3658,#3659)
    ,(#3660,#3661,#3662,#3663,#3664
    )),.UNSPECIFIED.,.F.,.F.,.F.,(4,1,1,1,4),(4,1,4),(0.,0.285714285714,
    0.571428571429,0.857142857143,1.),(3.397370105957E-11,
    5.424678012612E-02,0.108493560218),.UNSPECIFIED.);
#3630 = CARTESIAN_POINT('',(-15.49614506169,-17.50244305476,
    22.125000000134));
#3631 = CARTESIAN_POINT('',(-15.42120502817,-17.63758273223,
    22.195460638151));
#3632 = CARTESIAN_POINT('',(-15.27751945699,-17.92583715838,
    22.303005892978));
#3633 = CARTESIAN_POINT('',(-15.15770746812,-18.23850727101,22.35));
#3634 = CARTESIAN_POINT('',(-15.10551238442,-18.3979728526,22.35));
#3635 = CARTESIAN_POINT('',(-15.51339157978,-17.47134233619,
    22.209050084538));
#3636 = CARTESIAN_POINT('',(-15.43339472668,-17.613204887,
    22.277093623009));
#3637 = CARTESIAN_POINT('',(-15.28343812652,-17.91090254323,
    22.377052625946));
#3638 = CARTESIAN_POINT('',(-15.15939214904,-18.23342916085,
    22.415079402453));
#3639 = CARTESIAN_POINT('',(-15.10551238442,-18.3979728526,
    22.409839860068));
#3640 = CARTESIAN_POINT('',(-15.49085553455,-17.37769265877,
    22.376785381054));
#3641 = CARTESIAN_POINT('',(-15.40717565363,-17.53884846392,
    22.439976105392));
#3642 = CARTESIAN_POINT('',(-15.25561064837,-17.86442847586,
    22.524883723393));
#3643 = CARTESIAN_POINT('',(-15.13235979508,-18.21237933557,
    22.545188510643));
#3644 = CARTESIAN_POINT('',(-15.07952253309,-18.38946604849,
    22.529468277365));
#3645 = CARTESIAN_POINT('',(-15.30220155415,-17.20597131361,
    22.515486812016));
#3646 = CARTESIAN_POINT('',(-15.23216165455,-17.39256946085,
    22.587853163723));
#3647 = CARTESIAN_POINT('',(-15.10748500632,-17.7632574896,
    22.680311115837));
#3648 = CARTESIAN_POINT('',(-15.01038497889,-18.15497237341,
    22.695659806949));
#3649 = CARTESIAN_POINT('',(-14.97048166072,-18.35377560417,
    22.673456728342));
#3650 = CARTESIAN_POINT('',(-15.0863756069,-17.10146938998,
    22.484107608123));
#3651 = CARTESIAN_POINT('',(-15.03053788625,-17.28949719824,
    22.580383249836));
#3652 = CARTESIAN_POINT('',(-14.93193716208,-17.67671717441,
    22.71408118177));
#3653 = CARTESIAN_POINT('',(-14.8639458053,-18.09603581531,
    22.754715313011));
#3654 = CARTESIAN_POINT('',(-14.83911271758,-18.31077690241,
    22.739975101075));
#3655 = CARTESIAN_POINT('',(-14.97411804467,-17.07707265941,
    22.405866068241));
#3656 = CARTESIAN_POINT('',(-14.92006651712,-17.25421014713,
    22.518302760808));
#3657 = CARTESIAN_POINT('',(-14.82657582581,-17.63485357277,
    22.686020026309));
#3658 = CARTESIAN_POINT('',(-14.77102356815,-18.06160538919,
    22.754105322618));
#3659 = CARTESIAN_POINT('',(-14.75379348749,-18.28285084895,22.75));
#3660 = CARTESIAN_POINT('',(-14.94070209053,-17.07347567503,
    22.375000000223));
#3661 = CARTESIAN_POINT('',(-14.88630934826,-17.24601339944,
    22.492434396919));
#3662 = CARTESIAN_POINT('',(-14.79288216829,-17.62263777139,
    22.671676488296));
#3663 = CARTESIAN_POINT('',(-14.74039643423,-18.0505516449,22.75));
#3664 = CARTESIAN_POINT('',(-14.72535800651,-18.2735435596,22.75));
#3665 = DEFINITIONAL_REPRESENTATION('',(#3666),#3669);
#3666 = B_SPLINE_CURVE_WITH_KNOTS('',1,(#3667,#3668),.UNSPECIFIED.,.F.,
  .F.,(2,2),(0.,2.395679435856),.PIECEWISE_BEZIER_KNOTS.);
#3667 = CARTESIAN_POINT('',(1.00000000018,3.221673374341E-11));
#3668 = CARTESIAN_POINT('',(2.398195624339E-14,4.102623422789E-11));
#3669 = ( GEOMETRIC_REPRESENTATION_CONTEXT(2) 
PARAMETRIC_REPRESENTATION_CONTEXT() REPRESENTATION_CONTEXT('2D SPACE',''
  ) );
#3670 = ORIENTED_EDGE('',*,*,#3671,.T.);
#3671 = EDGE_CURVE('',#3614,#3448,#3672,.T.);
#3672 = SURFACE_CURVE('',#3673,(#3680,#3687),.PCURVE_S1.);
#3673 = B_SPLINE_CURVE_WITH_KNOTS('',3,(#3674,#3675,#3676,#3677,#3678,
    #3679),.UNSPECIFIED.,.F.,.F.,(4,1,1,4),(-0.315908296403,
    -0.225648783145,-0.135389269887,5.645258841629E-16),.UNSPECIFIED.);
#3674 = CARTESIAN_POINT('',(-15.49614506166,-17.50244305481,
    22.125000000161));
#3675 = CARTESIAN_POINT('',(-15.62082585737,-17.27760565179,
    22.007771757662));
#3676 = CARTESIAN_POINT('',(-15.92601238101,-16.81476049201,
    21.881120292467));
#3677 = CARTESIAN_POINT('',(-16.58807762871,-16.09404018604,
    21.849458366416));
#3678 = CARTESIAN_POINT('',(-17.16516105855,-15.68318061319,
    21.949144136779));
#3679 = CARTESIAN_POINT('',(-17.5024430545,-15.49614506183,22.125));
#3680 = PCURVE('',#3463,#3681);
#3681 = DEFINITIONAL_REPRESENTATION('',(#3682),#3686);
#3682 = LINE('',#3683,#3684);
#3683 = CARTESIAN_POINT('',(-4.589403580724E-16,1.110223024625E-16));
#3684 = VECTOR('',#3685,1.);
#3685 = DIRECTION('',(-1.616969784652E-15,-1.));
#3686 = ( GEOMETRIC_REPRESENTATION_CONTEXT(2) 
PARAMETRIC_REPRESENTATION_CONTEXT() REPRESENTATION_CONTEXT('2D SPACE',''
  ) );
#3687 = PCURVE('',#3373,#3688);
#3688 = DEFINITIONAL_REPRESENTATION('',(#3689),#3715);
#3689 = B_SPLINE_CURVE_WITH_KNOTS('',3,(#3690,#3691,#3692,#3693,#3694,
    #3695,#3696,#3697,#3698,#3699,#3700,#3701,#3702,#3703,#3704,#3705,
    #3706,#3707,#3708,#3709,#3710,#3711,#3712,#3713,#3714),
  .UNSPECIFIED.,.F.,.F.,(4,1,1,1,1,1,1,1,1,1,1,1,1,1,1,1,1,1,1,1,1,1,4),
  (-0.315908296403,-0.301548828384,-0.287189360366,-0.272829892348,
    -0.258470424329,-0.244110956311,-0.229751488293,-0.215392020274,
    -0.201032552256,-0.186673084238,-0.17231361622,-0.157954148201,
    -0.143594680183,-0.129235212165,-0.114875744146,-0.100516276128,
    -8.615680810978E-02,-7.179734009148E-02,-5.743787207318E-02,
    -4.307840405489E-02,-2.871893603659E-02,-1.43594680183E-02,
    5.645258841629E-16),.UNSPECIFIED.);
#3690 = CARTESIAN_POINT('',(1.524221340299,1.374999999839));
#3691 = CARTESIAN_POINT('',(1.516279421268,1.393649947509));
#3692 = CARTESIAN_POINT('',(1.500205634867,1.428221315944));
#3693 = CARTESIAN_POINT('',(1.475610271562,1.472539279144));
#3694 = CARTESIAN_POINT('',(1.450615191323,1.509964976658));
#3695 = CARTESIAN_POINT('',(1.425306041847,1.541144068493));
#3696 = CARTESIAN_POINT('',(1.399769154415,1.566726537188));
#3697 = CARTESIAN_POINT('',(1.374087561104,1.587346238918));
#3698 = CARTESIAN_POINT('',(1.348353471487,1.60369721278));
#3699 = CARTESIAN_POINT('',(1.322589551974,1.616079923576));
#3700 = CARTESIAN_POINT('',(1.296792697023,1.624648999144));
#3701 = CARTESIAN_POINT('',(1.270965692806,1.629593818457));
#3702 = CARTESIAN_POINT('',(1.245108673785,1.631099778906));
#3703 = CARTESIAN_POINT('',(1.219223168709,1.629333453078));
#3704 = CARTESIAN_POINT('',(1.193304131939,1.624540694345));
#3705 = CARTESIAN_POINT('',(1.167371447287,1.616614078578));
#3706 = CARTESIAN_POINT('',(1.141481596546,1.604963661721));
#3707 = CARTESIAN_POINT('',(1.11568610093,1.589093871133));
#3708 = CARTESIAN_POINT('',(1.090039644148,1.568483847428));
#3709 = CARTESIAN_POINT('',(1.064597365517,1.542619506783));
#3710 = CARTESIAN_POINT('',(1.039415066097,1.510984949866));
#3711 = CARTESIAN_POINT('',(1.014548622089,1.473064763821));
#3712 = CARTESIAN_POINT('',(0.990053760371,1.428343405398));
#3713 = CARTESIAN_POINT('',(0.974008157759,1.393651379433));
#3714 = CARTESIAN_POINT('',(0.966065619212,1.375));
#3715 = ( GEOMETRIC_REPRESENTATION_CONTEXT(2) 
PARAMETRIC_REPRESENTATION_CONTEXT() REPRESENTATION_CONTEXT('2D SPACE',''
  ) );
#3716 = ORIENTED_EDGE('',*,*,#3445,.F.);
#3717 = ORIENTED_EDGE('',*,*,#3718,.T.);
#3718 = EDGE_CURVE('',#3446,#3612,#3719,.T.);
#3719 = SURFACE_CURVE('',#3720,(#3727,#3734),.PCURVE_S1.);
#3720 = B_SPLINE_CURVE_WITH_KNOTS('',3,(#3721,#3722,#3723,#3724,#3725,
    #3726),.UNSPECIFIED.,.F.,.F.,(4,1,1,4),(-5.645258841629E-16,
    0.135389269887,0.225648783145,0.315908296403),.UNSPECIFIED.);
#3721 = CARTESIAN_POINT('',(-17.0734756747,-14.94070209063,22.375));
#3722 = CARTESIAN_POINT('',(-16.74376646156,-15.16476106115,
    22.249388669128));
#3723 = CARTESIAN_POINT('',(-16.16007919753,-15.63262683048,
    22.17818454744));
#3724 = CARTESIAN_POINT('',(-15.44255197192,-16.39095511634,
    22.200800208905));
#3725 = CARTESIAN_POINT('',(-15.09006327084,-16.85368640632,
    22.291265541187));
#3726 = CARTESIAN_POINT('',(-14.94070209043,-17.07347567501,
    22.375000000115));
#3727 = PCURVE('',#3463,#3728);
#3728 = DEFINITIONAL_REPRESENTATION('',(#3729),#3733);
#3729 = LINE('',#3730,#3731);
#3730 = CARTESIAN_POINT('',(1.,7.883440360844E-16));
#3731 = VECTOR('',#3732,1.);
#3732 = DIRECTION('',(-9.840274865683E-15,1.));
#3733 = ( GEOMETRIC_REPRESENTATION_CONTEXT(2) 
PARAMETRIC_REPRESENTATION_CONTEXT() REPRESENTATION_CONTEXT('2D SPACE',''
  ) );
#3734 = PCURVE('',#1819,#3735);
#3735 = DEFINITIONAL_REPRESENTATION('',(#3736),#3762);
#3736 = B_SPLINE_CURVE_WITH_KNOTS('',3,(#3737,#3738,#3739,#3740,#3741,
    #3742,#3743,#3744,#3745,#3746,#3747,#3748,#3749,#3750,#3751,#3752,
    #3753,#3754,#3755,#3756,#3757,#3758,#3759,#3760,#3761),
  .UNSPECIFIED.,.F.,.F.,(4,1,1,1,1,1,1,1,1,1,1,1,1,1,1,1,1,1,1,1,1,1,4),
  (-5.645258841629E-16,1.43594680183E-02,2.871893603659E-02,
    4.307840405489E-02,5.743787207318E-02,7.179734009148E-02,
    8.615680810978E-02,0.100516276128,0.114875744146,0.129235212165,
    0.143594680183,0.157954148201,0.17231361622,0.186673084238,
    0.201032552256,0.215392020274,0.229751488293,0.244110956311,
    0.258470424329,0.272829892348,0.287189360366,0.301548828384,
    0.315908296403),.UNSPECIFIED.);
#3737 = CARTESIAN_POINT('',(-0.718876800114,0.675131532937));
#3738 = CARTESIAN_POINT('',(-0.720680045379,0.692198986672));
#3739 = CARTESIAN_POINT('',(-0.724347397021,0.724427255364));
#3740 = CARTESIAN_POINT('',(-0.730013155998,0.767276339285));
#3741 = CARTESIAN_POINT('',(-0.735825919066,0.804858206265));
#3742 = CARTESIAN_POINT('',(-0.74176752337,0.837400691123));
#3743 = CARTESIAN_POINT('',(-0.747819541349,0.865115585723));
#3744 = CARTESIAN_POINT('',(-0.753963248647,0.888194858528));
#3745 = CARTESIAN_POINT('',(-0.760179695471,0.906808772426));
#3746 = CARTESIAN_POINT('',(-0.766449588723,0.921111389314));
#3747 = CARTESIAN_POINT('',(-0.772753848002,0.931236642618));
#3748 = CARTESIAN_POINT('',(-0.77907167417,0.937341615054));
#3749 = CARTESIAN_POINT('',(-0.785390048623,0.939444532382));
#3750 = CARTESIAN_POINT('',(-0.791701766416,0.937469557678));
#3751 = CARTESIAN_POINT('',(-0.797998321988,0.931370146738));
#3752 = CARTESIAN_POINT('',(-0.804271712537,0.921095671432));
#3753 = CARTESIAN_POINT('',(-0.810513526732,0.906593963187));
#3754 = CARTESIAN_POINT('',(-0.816716871354,0.887821928002));
#3755 = CARTESIAN_POINT('',(-0.822869237094,0.864697502319));
#3756 = CARTESIAN_POINT('',(-0.828943026299,0.837015590593));
#3757 = CARTESIAN_POINT('',(-0.83491329394,0.804566036559));
#3758 = CARTESIAN_POINT('',(-0.84075481612,0.767109045747));
#3759 = CARTESIAN_POINT('',(-0.846442865121,0.724382247137));
#3760 = CARTESIAN_POINT('',(-0.850116426401,0.692196125126));
#3761 = CARTESIAN_POINT('',(-0.851919526696,0.675131532789));
#3762 = ( GEOMETRIC_REPRESENTATION_CONTEXT(2) 
PARAMETRIC_REPRESENTATION_CONTEXT() REPRESENTATION_CONTEXT('2D SPACE',''
  ) );
#3763 = ADVANCED_FACE('',(#3764),#3779,.F.);
#3764 = FACE_BOUND('',#3765,.F.);
#3765 = EDGE_LOOP('',(#3766,#3797,#3831,#3860));
#3766 = ORIENTED_EDGE('',*,*,#3767,.F.);
#3767 = EDGE_CURVE('',#3768,#3770,#3772,.T.);
#3768 = VERTEX_POINT('',#3769);
#3769 = CARTESIAN_POINT('',(-15.38474749578,-22.28515739552,22.35));
#3770 = VERTEX_POINT('',#3771);
#3771 = CARTESIAN_POINT('',(-15.10551238442,-18.3979728526,22.35));
#3772 = SURFACE_CURVE('',#3773,(#3778,#3790),.PCURVE_S1.);
#3773 = CIRCLE('',#3774,5.15);
#3774 = AXIS2_PLACEMENT_3D('',#3775,#3776,#3777);
#3775 = CARTESIAN_POINT('',(-20.,-20.,22.35));
#3776 = DIRECTION('',(0.,0.,1.));
#3777 = DIRECTION('',(0.999999090168,-1.348948957477E-03,0.));
#3778 = PCURVE('',#3779,#3784);
#3779 = TOROIDAL_SURFACE('',#3780,5.55,0.4);
#3780 = AXIS2_PLACEMENT_3D('',#3781,#3782,#3783);
#3781 = CARTESIAN_POINT('',(-20.,-20.,22.35));
#3782 = DIRECTION('',(0.,0.,-1.));
#3783 = DIRECTION('',(0.997429823766,-7.165016860779E-02,0.));
#3784 = DEFINITIONAL_REPRESENTATION('',(#3785),#3789);
#3785 = LINE('',#3786,#3787);
#3786 = CARTESIAN_POINT('',(6.212822640241,3.14159265359));
#3787 = VECTOR('',#3788,1.);
#3788 = DIRECTION('',(-1.,-2.28892083254E-15));
#3789 = ( GEOMETRIC_REPRESENTATION_CONTEXT(2) 
PARAMETRIC_REPRESENTATION_CONTEXT() REPRESENTATION_CONTEXT('2D SPACE',''
  ) );
#3790 = PCURVE('',#3373,#3791);
#3791 = DEFINITIONAL_REPRESENTATION('',(#3792),#3796);
#3792 = LINE('',#3793,#3794);
#3793 = CARTESIAN_POINT('',(8.315075899665,1.15));
#3794 = VECTOR('',#3795,1.);
#3795 = DIRECTION('',(-1.,0.));
#3796 = ( GEOMETRIC_REPRESENTATION_CONTEXT(2) 
PARAMETRIC_REPRESENTATION_CONTEXT() REPRESENTATION_CONTEXT('2D SPACE',''
  ) );
#3797 = ORIENTED_EDGE('',*,*,#3798,.F.);
#3798 = EDGE_CURVE('',#3799,#3768,#3801,.T.);
#3799 = VERTEX_POINT('',#3800);
#3800 = CARTESIAN_POINT('',(-15.02628128186,-22.46264534857,22.75));
#3801 = SURFACE_CURVE('',#3802,(#3807,#3814),.PCURVE_S1.);
#3802 = CIRCLE('',#3803,0.4);
#3803 = AXIS2_PLACEMENT_3D('',#3804,#3805,#3806);
#3804 = CARTESIAN_POINT('',(-15.02628128186,-22.46264534857,22.35));
#3805 = DIRECTION('',(-0.443719882626,-0.8961655348,0.));
#3806 = DIRECTION('',(0.,0.,1.));
#3807 = PCURVE('',#3779,#3808);
#3808 = DEFINITIONAL_REPRESENTATION('',(#3809),#3813);
#3809 = LINE('',#3810,#3811);
#3810 = CARTESIAN_POINT('',(0.388033700019,4.712388980385));
#3811 = VECTOR('',#3812,1.);
#3812 = DIRECTION('',(3.180554681463E-16,-1.));
#3813 = ( GEOMETRIC_REPRESENTATION_CONTEXT(2) 
PARAMETRIC_REPRESENTATION_CONTEXT() REPRESENTATION_CONTEXT('2D SPACE',''
  ) );
#3814 = PCURVE('',#3815,#3825);
#3815 = ( BOUNDED_SURFACE() B_SPLINE_SURFACE(2,2,(
    (#3816,#3817,#3818)
    ,(#3819,#3820,#3821)
    ,(#3822,#3823,#3824
)),.UNSPECIFIED.,.F.,.F.,.F.) B_SPLINE_SURFACE_WITH_KNOTS((3,3),(3,3),(
    0.,1.570796326795),(-0.72415415208,0.72415415208),
.PIECEWISE_BEZIER_KNOTS.) GEOMETRIC_REPRESENTATION_ITEM() 
RATIONAL_B_SPLINE_SURFACE((
    (1.,0.749060065874,1.)
    ,(0.707106781187,0.529665452095,0.707106781187)
,(1.,0.749060065874,1.))) REPRESENTATION_ITEM('') SURFACE() );
#3816 = CARTESIAN_POINT('',(-15.38474749578,-22.28515739552,22.35));
#3817 = CARTESIAN_POINT('',(-15.62021487349,-22.7607226265,22.35));
#3818 = CARTESIAN_POINT('',(-15.17698257878,-23.0525313101,22.35));
#3819 = CARTESIAN_POINT('',(-15.38474749578,-22.28515739552,22.75));
#3820 = CARTESIAN_POINT('',(-15.62021487349,-22.7607226265,22.75));
#3821 = CARTESIAN_POINT('',(-15.17698257878,-23.0525313101,22.75));
#3822 = CARTESIAN_POINT('',(-15.02628128186,-22.46264534857,22.75));
#3823 = CARTESIAN_POINT('',(-15.10477040776,-22.62116709223,22.75));
#3824 = CARTESIAN_POINT('',(-14.95702630953,-22.71843665343,22.75));
#3825 = DEFINITIONAL_REPRESENTATION('',(#3826),#3830);
#3826 = LINE('',#3827,#3828);
#3827 = CARTESIAN_POINT('',(1.570796326795,-0.72415415208));
#3828 = VECTOR('',#3829,1.);
#3829 = DIRECTION('',(-1.,1.046049095237E-14));
#3830 = ( GEOMETRIC_REPRESENTATION_CONTEXT(2) 
PARAMETRIC_REPRESENTATION_CONTEXT() REPRESENTATION_CONTEXT('2D SPACE',''
  ) );
#3831 = ORIENTED_EDGE('',*,*,#3832,.F.);
#3832 = EDGE_CURVE('',#3833,#3799,#3835,.T.);
#3833 = VERTEX_POINT('',#3834);
#3834 = CARTESIAN_POINT('',(-14.72535800651,-18.2735435596,22.75));
#3835 = SURFACE_CURVE('',#3836,(#3841,#3848),.PCURVE_S1.);
#3836 = CIRCLE('',#3837,5.55);
#3837 = AXIS2_PLACEMENT_3D('',#3838,#3839,#3840);
#3838 = CARTESIAN_POINT('',(-20.,-20.,22.75));
#3839 = DIRECTION('',(0.,0.,-1.));
#3840 = DIRECTION('',(0.999999090168,-1.348948957477E-03,0.));
#3841 = PCURVE('',#3779,#3842);
#3842 = DEFINITIONAL_REPRESENTATION('',(#3843),#3847);
#3843 = LINE('',#3844,#3845);
#3844 = CARTESIAN_POINT('',(-6.353547974118,4.712388980385));
#3845 = VECTOR('',#3846,1.);
#3846 = DIRECTION('',(1.,-9.155683330161E-15));
#3847 = ( GEOMETRIC_REPRESENTATION_CONTEXT(2) 
PARAMETRIC_REPRESENTATION_CONTEXT() REPRESENTATION_CONTEXT('2D SPACE',''
  ) );
#3848 = PCURVE('',#3849,#3854);
#3849 = PLANE('',#3850);
#3850 = AXIS2_PLACEMENT_3D('',#3851,#3852,#3853);
#3851 = CARTESIAN_POINT('',(2.6645352591E-14,0.,22.75));
#3852 = DIRECTION('',(0.,0.,-1.));
#3853 = DIRECTION('',(1.,0.,0.));
#3854 = DEFINITIONAL_REPRESENTATION('',(#3855),#3859);
#3855 = CIRCLE('',#3856,5.55);
#3856 = AXIS2_PLACEMENT_2D('',#3857,#3858);
#3857 = CARTESIAN_POINT('',(-20.,20.));
#3858 = DIRECTION('',(0.999999090168,1.348948957477E-03));
#3859 = ( GEOMETRIC_REPRESENTATION_CONTEXT(2) 
PARAMETRIC_REPRESENTATION_CONTEXT() REPRESENTATION_CONTEXT('2D SPACE',''
  ) );
#3860 = ORIENTED_EDGE('',*,*,#3861,.F.);
#3861 = EDGE_CURVE('',#3770,#3833,#3862,.T.);
#3862 = SURFACE_CURVE('',#3863,(#3868,#3875),.PCURVE_S1.);
#3863 = CIRCLE('',#3864,0.4);
#3864 = AXIS2_PLACEMENT_3D('',#3865,#3866,#3867);
#3865 = CARTESIAN_POINT('',(-14.72535800651,-18.2735435596,22.35));
#3866 = DIRECTION('',(-0.311073232504,0.950385944772,0.));
#3867 = DIRECTION('',(-0.950385944772,-0.311073232504,0.));
#3868 = PCURVE('',#3779,#3869);
#3869 = DEFINITIONAL_REPRESENTATION('',(#3870),#3874);
#3870 = LINE('',#3871,#3872);
#3871 = CARTESIAN_POINT('',(-0.388033700019,3.14159265359));
#3872 = VECTOR('',#3873,1.);
#3873 = DIRECTION('',(0.,1.));
#3874 = ( GEOMETRIC_REPRESENTATION_CONTEXT(2) 
PARAMETRIC_REPRESENTATION_CONTEXT() REPRESENTATION_CONTEXT('2D SPACE',''
  ) );
#3875 = PCURVE('',#3629,#3876);
#3876 = DEFINITIONAL_REPRESENTATION('',(#3877),#3880);
#3877 = B_SPLINE_CURVE_WITH_KNOTS('',1,(#3878,#3879),.UNSPECIFIED.,.F.,
  .F.,(2,2),(0.,1.570796326795),.PIECEWISE_BEZIER_KNOTS.);
#3878 = CARTESIAN_POINT('',(-1.007949528937E-14,0.108493560218));
#3879 = CARTESIAN_POINT('',(1.,0.108493560218));
#3880 = ( GEOMETRIC_REPRESENTATION_CONTEXT(2) 
PARAMETRIC_REPRESENTATION_CONTEXT() REPRESENTATION_CONTEXT('2D SPACE',''
  ) );
#3881 = ADVANCED_FACE('',(#3882),#3815,.T.);
#3882 = FACE_BOUND('',#3883,.T.);
#3883 = EDGE_LOOP('',(#3884,#3915,#3942,#3943));
#3884 = ORIENTED_EDGE('',*,*,#3885,.T.);
#3885 = EDGE_CURVE('',#3886,#3888,#3890,.T.);
#3886 = VERTEX_POINT('',#3887);
#3887 = CARTESIAN_POINT('',(-14.95702630953,-22.71843665343,22.75));
#3888 = VERTEX_POINT('',#3889);
#3889 = CARTESIAN_POINT('',(-15.17698257878,-23.0525313101,22.35));
#3890 = SURFACE_CURVE('',#3891,(#3896,#3903),.PCURVE_S1.);
#3891 = CIRCLE('',#3892,0.4);
#3892 = AXIS2_PLACEMENT_3D('',#3893,#3894,#3895);
#3893 = CARTESIAN_POINT('',(-14.95702630953,-22.71843665343,22.35));
#3894 = DIRECTION('',(0.83523664167,-0.549890673144,0.));
#3895 = DIRECTION('',(0.,0.,1.));
#3896 = PCURVE('',#3815,#3897);
#3897 = DEFINITIONAL_REPRESENTATION('',(#3898),#3902);
#3898 = LINE('',#3899,#3900);
#3899 = CARTESIAN_POINT('',(1.570796326795,0.72415415208));
#3900 = VECTOR('',#3901,1.);
#3901 = DIRECTION('',(-1.,1.993147600384E-14));
#3902 = ( GEOMETRIC_REPRESENTATION_CONTEXT(2) 
PARAMETRIC_REPRESENTATION_CONTEXT() REPRESENTATION_CONTEXT('2D SPACE',''
  ) );
#3903 = PCURVE('',#3904,#3909);
#3904 = TOROIDAL_SURFACE('',#3905,27.2,0.4);
#3905 = AXIS2_PLACEMENT_3D('',#3906,#3907,#3908);
#3906 = CARTESIAN_POINT('',(-5.666681978065E-15,5.705855277383E-16,22.35
    ));
#3907 = DIRECTION('',(0.,0.,1.));
#3908 = DIRECTION('',(1.,0.,-0.));
#3909 = DEFINITIONAL_REPRESENTATION('',(#3910),#3914);
#3910 = LINE('',#3911,#3912);
#3911 = CARTESIAN_POINT('',(4.130155641427,1.570796326795));
#3912 = VECTOR('',#3913,1.);
#3913 = DIRECTION('',(5.654319433713E-16,-1.));
#3914 = ( GEOMETRIC_REPRESENTATION_CONTEXT(2) 
PARAMETRIC_REPRESENTATION_CONTEXT() REPRESENTATION_CONTEXT('2D SPACE',''
  ) );
#3915 = ORIENTED_EDGE('',*,*,#3916,.T.);
#3916 = EDGE_CURVE('',#3888,#3768,#3917,.T.);
#3917 = SURFACE_CURVE('',#3918,(#3923,#3930),.PCURVE_S1.);
#3918 = CIRCLE('',#3919,0.6);
#3919 = AXIS2_PLACEMENT_3D('',#3920,#3921,#3922);
#3920 = CARTESIAN_POINT('',(-14.8470481749,-22.55138932509,22.35));
#3921 = DIRECTION('',(0.,0.,-1.));
#3922 = DIRECTION('',(-0.965247163629,-0.261338694239,-0.));
#3923 = PCURVE('',#3815,#3924);
#3924 = DEFINITIONAL_REPRESENTATION('',(#3925),#3929);
#3925 = LINE('',#3926,#3927);
#3926 = CARTESIAN_POINT('',(5.896483917619E-14,6.28318530718));
#3927 = VECTOR('',#3928,1.);
#3928 = DIRECTION('',(-9.212958416811E-15,-1.));
#3929 = ( GEOMETRIC_REPRESENTATION_CONTEXT(2) 
PARAMETRIC_REPRESENTATION_CONTEXT() REPRESENTATION_CONTEXT('2D SPACE',''
  ) );
#3930 = PCURVE('',#3931,#3936);
#3931 = CYLINDRICAL_SURFACE('',#3932,0.6);
#3932 = AXIS2_PLACEMENT_3D('',#3933,#3934,#3935);
#3933 = CARTESIAN_POINT('',(-14.8470481749,-22.55138932509,23.5));
#3934 = DIRECTION('',(0.,0.,-1.));
#3935 = DIRECTION('',(-0.549890673145,-0.83523664167,-0.));
#3936 = DEFINITIONAL_REPRESENTATION('',(#3937),#3941);
#3937 = LINE('',#3938,#3939);
#3938 = CARTESIAN_POINT('',(-5.559031155099,1.15));
#3939 = VECTOR('',#3940,1.);
#3940 = DIRECTION('',(1.,0.));
#3941 = ( GEOMETRIC_REPRESENTATION_CONTEXT(2) 
PARAMETRIC_REPRESENTATION_CONTEXT() REPRESENTATION_CONTEXT('2D SPACE',''
  ) );
#3942 = ORIENTED_EDGE('',*,*,#3798,.F.);
#3943 = ORIENTED_EDGE('',*,*,#3944,.T.);
#3944 = EDGE_CURVE('',#3799,#3886,#3945,.T.);
#3945 = SURFACE_CURVE('',#3946,(#3951,#3958),.PCURVE_S1.);
#3946 = CIRCLE('',#3947,0.2);
#3947 = AXIS2_PLACEMENT_3D('',#3948,#3949,#3950);
#3948 = CARTESIAN_POINT('',(-14.8470481749,-22.55138932509,22.75));
#3949 = DIRECTION('',(0.,0.,1.));
#3950 = DIRECTION('',(-0.965247163629,-0.261338694239,0.));
#3951 = PCURVE('',#3815,#3952);
#3952 = DEFINITIONAL_REPRESENTATION('',(#3953),#3957);
#3953 = LINE('',#3954,#3955);
#3954 = CARTESIAN_POINT('',(1.570796326794,-6.28318530718));
#3955 = VECTOR('',#3956,1.);
#3956 = DIRECTION('',(1.329224391774E-13,1.));
#3957 = ( GEOMETRIC_REPRESENTATION_CONTEXT(2) 
PARAMETRIC_REPRESENTATION_CONTEXT() REPRESENTATION_CONTEXT('2D SPACE',''
  ) );
#3958 = PCURVE('',#3849,#3959);
#3959 = DEFINITIONAL_REPRESENTATION('',(#3960),#3968);
#3960 = ( BOUNDED_CURVE() B_SPLINE_CURVE(2,(#3961,#3962,#3963,#3964,
#3965,#3966,#3967),.UNSPECIFIED.,.T.,.F.) B_SPLINE_CURVE_WITH_KNOTS((1,2
    ,2,2,2,1),(-2.094395102393,0.,2.094395102393,4.188790204786,
6.28318530718,8.377580409573),.UNSPECIFIED.) CURVE() 
GEOMETRIC_REPRESENTATION_ITEM() RATIONAL_B_SPLINE_CURVE((1.,0.5,1.,0.5,
1.,0.5,1.)) REPRESENTATION_ITEM('') );
#3961 = CARTESIAN_POINT('',(-15.04009760762,22.603657063946));
#3962 = CARTESIAN_POINT('',(-14.94956722834,22.938028489799));
#3963 = CARTESIAN_POINT('',(-14.70525826889,22.6924411686));
#3964 = CARTESIAN_POINT('',(-14.46094930945,22.446853847402));
#3965 = CARTESIAN_POINT('',(-14.79578864818,22.358069742747));
#3966 = CARTESIAN_POINT('',(-15.1306279869,22.269285638092));
#3967 = CARTESIAN_POINT('',(-15.04009760762,22.603657063946));
#3968 = ( GEOMETRIC_REPRESENTATION_CONTEXT(2) 
PARAMETRIC_REPRESENTATION_CONTEXT() REPRESENTATION_CONTEXT('2D SPACE',''
  ) );
#3969 = ADVANCED_FACE('',(#3970),#3904,.F.);
#3970 = FACE_BOUND('',#3971,.F.);
#3971 = EDGE_LOOP('',(#3972,#4000,#4001,#4030));
#3972 = ORIENTED_EDGE('',*,*,#3973,.F.);
#3973 = EDGE_CURVE('',#3886,#3974,#3976,.T.);
#3974 = VERTEX_POINT('',#3975);
#3975 = CARTESIAN_POINT('',(14.957026309531,-22.71843665343,22.75));
#3976 = SURFACE_CURVE('',#3977,(#3982,#3989),.PCURVE_S1.);
#3977 = CIRCLE('',#3978,27.2);
#3978 = AXIS2_PLACEMENT_3D('',#3979,#3980,#3981);
#3979 = CARTESIAN_POINT('',(-5.666681978065E-15,5.705855277383E-16,22.75
    ));
#3980 = DIRECTION('',(0.,0.,1.));
#3981 = DIRECTION('',(1.009824002557E-15,-1.,0.));
#3982 = PCURVE('',#3904,#3983);
#3983 = DEFINITIONAL_REPRESENTATION('',(#3984),#3988);
#3984 = LINE('',#3985,#3986);
#3985 = CARTESIAN_POINT('',(-1.570796326795,1.570796326795));
#3986 = VECTOR('',#3987,1.);
#3987 = DIRECTION('',(1.,-2.478885758408E-15));
#3988 = ( GEOMETRIC_REPRESENTATION_CONTEXT(2) 
PARAMETRIC_REPRESENTATION_CONTEXT() REPRESENTATION_CONTEXT('2D SPACE',''
  ) );
#3989 = PCURVE('',#3849,#3990);
#3990 = DEFINITIONAL_REPRESENTATION('',(#3991),#3999);
#3991 = ( BOUNDED_CURVE() B_SPLINE_CURVE(2,(#3992,#3993,#3994,#3995,
#3996,#3997,#3998),.UNSPECIFIED.,.T.,.F.) B_SPLINE_CURVE_WITH_KNOTS((1,2
    ,2,2,2,1),(-2.094395102393,0.,2.094395102393,4.188790204786,
6.28318530718,8.377580409573),.UNSPECIFIED.) CURVE() 
GEOMETRIC_REPRESENTATION_ITEM() RATIONAL_B_SPLINE_CURVE((1.,0.5,1.,0.5,
1.,0.5,1.)) REPRESENTATION_ITEM('') );
#3992 = CARTESIAN_POINT('',(-4.844821699523E-15,27.2));
#3993 = CARTESIAN_POINT('',(47.111781965873,27.2));
#3994 = CARTESIAN_POINT('',(23.555890982937,-13.6));
#3995 = CARTESIAN_POINT('',(-8.05843817208E-14,-54.4));
#3996 = CARTESIAN_POINT('',(-23.55589098293,-13.6));
#3997 = CARTESIAN_POINT('',(-47.11178196587,27.2));
#3998 = CARTESIAN_POINT('',(-4.844821699523E-15,27.2));
#3999 = ( GEOMETRIC_REPRESENTATION_CONTEXT(2) 
PARAMETRIC_REPRESENTATION_CONTEXT() REPRESENTATION_CONTEXT('2D SPACE',''
  ) );
#4000 = ORIENTED_EDGE('',*,*,#3885,.T.);
#4001 = ORIENTED_EDGE('',*,*,#4002,.F.);
#4002 = EDGE_CURVE('',#4003,#3888,#4005,.T.);
#4003 = VERTEX_POINT('',#4004);
#4004 = CARTESIAN_POINT('',(15.176982578789,-23.0525313101,22.35));
#4005 = SURFACE_CURVE('',#4006,(#4011,#4018),.PCURVE_S1.);
#4006 = CIRCLE('',#4007,27.6);
#4007 = AXIS2_PLACEMENT_3D('',#4008,#4009,#4010);
#4008 = CARTESIAN_POINT('',(-5.666681978065E-15,5.705855277383E-16,22.35
    ));
#4009 = DIRECTION('',(0.,0.,-1.));
#4010 = DIRECTION('',(1.009824002557E-15,-1.,0.));
#4011 = PCURVE('',#3904,#4012);
#4012 = DEFINITIONAL_REPRESENTATION('',(#4013),#4017);
#4013 = LINE('',#4014,#4015);
#4014 = CARTESIAN_POINT('',(10.995574287564,0.));
#4015 = VECTOR('',#4016,1.);
#4016 = DIRECTION('',(-1.,0.));
#4017 = ( GEOMETRIC_REPRESENTATION_CONTEXT(2) 
PARAMETRIC_REPRESENTATION_CONTEXT() REPRESENTATION_CONTEXT('2D SPACE',''
  ) );
#4018 = PCURVE('',#4019,#4024);
#4019 = CYLINDRICAL_SURFACE('',#4020,27.6);
#4020 = AXIS2_PLACEMENT_3D('',#4021,#4022,#4023);
#4021 = CARTESIAN_POINT('',(-5.666681978065E-15,5.705855277383E-16,23.5)
  );
#4022 = DIRECTION('',(0.,0.,-1.));
#4023 = DIRECTION('',(0.549890673145,-0.83523664167,0.));
#4024 = DEFINITIONAL_REPRESENTATION('',(#4025),#4029);
#4025 = LINE('',#4026,#4027);
#4026 = CARTESIAN_POINT('',(-5.700951968222,1.15));
#4027 = VECTOR('',#4028,1.);
#4028 = DIRECTION('',(1.,0.));
#4029 = ( GEOMETRIC_REPRESENTATION_CONTEXT(2) 
PARAMETRIC_REPRESENTATION_CONTEXT() REPRESENTATION_CONTEXT('2D SPACE',''
  ) );
#4030 = ORIENTED_EDGE('',*,*,#4031,.F.);
#4031 = EDGE_CURVE('',#3974,#4003,#4032,.T.);
#4032 = SURFACE_CURVE('',#4033,(#4038,#4045),.PCURVE_S1.);
#4033 = CIRCLE('',#4034,0.4);
#4034 = AXIS2_PLACEMENT_3D('',#4035,#4036,#4037);
#4035 = CARTESIAN_POINT('',(14.957026309531,-22.71843665343,22.35));
#4036 = DIRECTION('',(0.83523664167,0.549890673145,0.));
#4037 = DIRECTION('',(0.,-0.,1.));
#4038 = PCURVE('',#3904,#4039);
#4039 = DEFINITIONAL_REPRESENTATION('',(#4040),#4044);
#4040 = LINE('',#4041,#4042);
#4041 = CARTESIAN_POINT('',(5.294622319342,1.570796326795));
#4042 = VECTOR('',#4043,1.);
#4043 = DIRECTION('',(0.,-1.));
#4044 = ( GEOMETRIC_REPRESENTATION_CONTEXT(2) 
PARAMETRIC_REPRESENTATION_CONTEXT() REPRESENTATION_CONTEXT('2D SPACE',''
  ) );
#4045 = PCURVE('',#4046,#4056);
#4046 = ( BOUNDED_SURFACE() B_SPLINE_SURFACE(2,2,(
    (#4047,#4048,#4049)
    ,(#4050,#4051,#4052)
    ,(#4053,#4054,#4055
)),.UNSPECIFIED.,.F.,.F.,.F.) B_SPLINE_SURFACE_WITH_KNOTS((3,3),(3,3),(
    0.,1.570796326795),(-0.988562987837,0.459745316324),
.PIECEWISE_BEZIER_KNOTS.) GEOMETRIC_REPRESENTATION_ITEM() 
RATIONAL_B_SPLINE_SURFACE((
    (1.,0.749060065874,1.)
    ,(0.707106781187,0.529665452095,0.707106781187)
,(1.,0.749060065874,1.))) REPRESENTATION_ITEM('') SURFACE() );
#4047 = CARTESIAN_POINT('',(15.176982578789,-23.0525313101,22.35));
#4048 = CARTESIAN_POINT('',(15.620214873492,-22.7607226265,22.35));
#4049 = CARTESIAN_POINT('',(15.384747495782,-22.28515739552,22.35));
#4050 = CARTESIAN_POINT('',(15.176982578789,-23.0525313101,22.75));
#4051 = CARTESIAN_POINT('',(15.620214873492,-22.7607226265,22.75));
#4052 = CARTESIAN_POINT('',(15.384747495782,-22.28515739552,22.75));
#4053 = CARTESIAN_POINT('',(14.957026309531,-22.71843665343,22.75));
#4054 = CARTESIAN_POINT('',(15.104770407766,-22.62116709223,22.75));
#4055 = CARTESIAN_POINT('',(15.026281281862,-22.46264534857,22.75));
#4056 = DEFINITIONAL_REPRESENTATION('',(#4057),#4061);
#4057 = LINE('',#4058,#4059);
#4058 = CARTESIAN_POINT('',(1.570796326795,-0.988562987837));
#4059 = VECTOR('',#4060,1.);
#4060 = DIRECTION('',(-1.,1.554937844271E-15));
#4061 = ( GEOMETRIC_REPRESENTATION_CONTEXT(2) 
PARAMETRIC_REPRESENTATION_CONTEXT() REPRESENTATION_CONTEXT('2D SPACE',''
  ) );
#4062 = ADVANCED_FACE('',(#4063),#4046,.T.);
#4063 = FACE_BOUND('',#4064,.T.);
#4064 = EDGE_LOOP('',(#4065,#4096,#4123,#4124));
#4065 = ORIENTED_EDGE('',*,*,#4066,.T.);
#4066 = EDGE_CURVE('',#4067,#4069,#4071,.T.);
#4067 = VERTEX_POINT('',#4068);
#4068 = CARTESIAN_POINT('',(15.026281281862,-22.46264534857,22.75));
#4069 = VERTEX_POINT('',#4070);
#4070 = CARTESIAN_POINT('',(15.384747495782,-22.28515739552,22.35));
#4071 = SURFACE_CURVE('',#4072,(#4077,#4084),.PCURVE_S1.);
#4072 = CIRCLE('',#4073,0.4);
#4073 = AXIS2_PLACEMENT_3D('',#4074,#4075,#4076);
#4074 = CARTESIAN_POINT('',(15.026281281862,-22.46264534857,22.35));
#4075 = DIRECTION('',(-0.443719882626,0.8961655348,0.));
#4076 = DIRECTION('',(0.,0.,1.));
#4077 = PCURVE('',#4046,#4078);
#4078 = DEFINITIONAL_REPRESENTATION('',(#4079),#4083);
#4079 = LINE('',#4080,#4081);
#4080 = CARTESIAN_POINT('',(1.570796326795,0.459745316324));
#4081 = VECTOR('',#4082,1.);
#4082 = DIRECTION('',(-1.,1.192708005549E-13));
#4083 = ( GEOMETRIC_REPRESENTATION_CONTEXT(2) 
PARAMETRIC_REPRESENTATION_CONTEXT() REPRESENTATION_CONTEXT('2D SPACE',''
  ) );
#4084 = PCURVE('',#4085,#4090);
#4085 = TOROIDAL_SURFACE('',#4086,5.55,0.4);
#4086 = AXIS2_PLACEMENT_3D('',#4087,#4088,#4089);
#4087 = CARTESIAN_POINT('',(20.,-20.,22.35));
#4088 = DIRECTION('',(0.,0.,-1.));
#4089 = DIRECTION('',(-1.,0.,0.));
#4090 = DEFINITIONAL_REPRESENTATION('',(#4091),#4095);
#4091 = LINE('',#4092,#4093);
#4092 = CARTESIAN_POINT('',(5.823439990856,4.712388980385));
#4093 = VECTOR('',#4094,1.);
#4094 = DIRECTION('',(5.654319433713E-16,-1.));
#4095 = ( GEOMETRIC_REPRESENTATION_CONTEXT(2) 
PARAMETRIC_REPRESENTATION_CONTEXT() REPRESENTATION_CONTEXT('2D SPACE',''
  ) );
#4096 = ORIENTED_EDGE('',*,*,#4097,.T.);
#4097 = EDGE_CURVE('',#4069,#4003,#4098,.T.);
#4098 = SURFACE_CURVE('',#4099,(#4104,#4111),.PCURVE_S1.);
#4099 = CIRCLE('',#4100,0.6);
#4100 = AXIS2_PLACEMENT_3D('',#4101,#4102,#4103);
#4101 = CARTESIAN_POINT('',(14.847048174902,-22.55138932509,22.35));
#4102 = DIRECTION('',(0.,0.,-1.));
#4103 = DIRECTION('',(0.965247163629,-0.261338694239,0.));
#4104 = PCURVE('',#4046,#4105);
#4105 = DEFINITIONAL_REPRESENTATION('',(#4106),#4110);
#4106 = LINE('',#4107,#4108);
#4107 = CARTESIAN_POINT('',(2.373011363948E-14,6.018776471423));
#4108 = VECTOR('',#4109,1.);
#4109 = DIRECTION('',(-2.725722765253E-15,-1.));
#4110 = ( GEOMETRIC_REPRESENTATION_CONTEXT(2) 
PARAMETRIC_REPRESENTATION_CONTEXT() REPRESENTATION_CONTEXT('2D SPACE',''
  ) );
#4111 = PCURVE('',#4112,#4117);
#4112 = CYLINDRICAL_SURFACE('',#4113,0.6);
#4113 = AXIS2_PLACEMENT_3D('',#4114,#4115,#4116);
#4114 = CARTESIAN_POINT('',(14.847048174902,-22.55138932509,23.5));
#4115 = DIRECTION('',(0.,0.,-1.));
#4116 = DIRECTION('',(0.8961655348,0.443719882626,0.));
#4117 = DEFINITIONAL_REPRESENTATION('',(#4118),#4122);
#4118 = LINE('',#4119,#4120);
#4119 = CARTESIAN_POINT('',(-5.559031155099,1.15));
#4120 = VECTOR('',#4121,1.);
#4121 = DIRECTION('',(1.,0.));
#4122 = ( GEOMETRIC_REPRESENTATION_CONTEXT(2) 
PARAMETRIC_REPRESENTATION_CONTEXT() REPRESENTATION_CONTEXT('2D SPACE',''
  ) );
#4123 = ORIENTED_EDGE('',*,*,#4031,.F.);
#4124 = ORIENTED_EDGE('',*,*,#4125,.T.);
#4125 = EDGE_CURVE('',#3974,#4067,#4126,.T.);
#4126 = SURFACE_CURVE('',#4127,(#4132,#4139),.PCURVE_S1.);
#4127 = CIRCLE('',#4128,0.2);
#4128 = AXIS2_PLACEMENT_3D('',#4129,#4130,#4131);
#4129 = CARTESIAN_POINT('',(14.847048174902,-22.55138932509,22.75));
#4130 = DIRECTION('',(0.,0.,1.));
#4131 = DIRECTION('',(0.965247163629,-0.261338694239,0.));
#4132 = PCURVE('',#4046,#4133);
#4133 = DEFINITIONAL_REPRESENTATION('',(#4134),#4138);
#4134 = LINE('',#4135,#4136);
#4135 = CARTESIAN_POINT('',(1.570796326794,-6.547594142936));
#4136 = VECTOR('',#4137,1.);
#4137 = DIRECTION('',(1.068592158093E-13,1.));
#4138 = ( GEOMETRIC_REPRESENTATION_CONTEXT(2) 
PARAMETRIC_REPRESENTATION_CONTEXT() REPRESENTATION_CONTEXT('2D SPACE',''
  ) );
#4139 = PCURVE('',#3849,#4140);
#4140 = DEFINITIONAL_REPRESENTATION('',(#4141),#4149);
#4141 = ( BOUNDED_CURVE() B_SPLINE_CURVE(2,(#4142,#4143,#4144,#4145,
#4146,#4147,#4148),.UNSPECIFIED.,.T.,.F.) B_SPLINE_CURVE_WITH_KNOTS((1,2
    ,2,2,2,1),(-2.094395102393,0.,2.094395102393,4.188790204786,
6.28318530718,8.377580409573),.UNSPECIFIED.) CURVE() 
GEOMETRIC_REPRESENTATION_ITEM() RATIONAL_B_SPLINE_CURVE((1.,0.5,1.,0.5,
1.,0.5,1.)) REPRESENTATION_ITEM('') );
#4142 = CARTESIAN_POINT('',(15.040097607628,22.603657063946));
#4143 = CARTESIAN_POINT('',(15.130627986909,22.269285638092));
#4144 = CARTESIAN_POINT('',(14.79578864818,22.358069742747));
#4145 = CARTESIAN_POINT('',(14.460949309451,22.446853847402));
#4146 = CARTESIAN_POINT('',(14.705258268899,22.6924411686));
#4147 = CARTESIAN_POINT('',(14.949567228347,22.938028489799));
#4148 = CARTESIAN_POINT('',(15.040097607628,22.603657063946));
#4149 = ( GEOMETRIC_REPRESENTATION_CONTEXT(2) 
PARAMETRIC_REPRESENTATION_CONTEXT() REPRESENTATION_CONTEXT('2D SPACE',''
  ) );
#4150 = ADVANCED_FACE('',(#4151),#4085,.F.);
#4151 = FACE_BOUND('',#4152,.F.);
#4152 = EDGE_LOOP('',(#4153,#4177,#4178,#4207));
#4153 = ORIENTED_EDGE('',*,*,#4154,.F.);
#4154 = EDGE_CURVE('',#4067,#4155,#4157,.T.);
#4155 = VERTEX_POINT('',#4156);
#4156 = CARTESIAN_POINT('',(14.725358006517,-18.2735435596,22.75));
#4157 = SURFACE_CURVE('',#4158,(#4163,#4170),.PCURVE_S1.);
#4158 = CIRCLE('',#4159,5.55);
#4159 = AXIS2_PLACEMENT_3D('',#4160,#4161,#4162);
#4160 = CARTESIAN_POINT('',(20.,-20.,22.75));
#4161 = DIRECTION('',(0.,0.,-1.));
#4162 = DIRECTION('',(-0.999999090168,-1.34894895748E-03,-0.));
#4163 = PCURVE('',#4085,#4164);
#4164 = DEFINITIONAL_REPRESENTATION('',(#4165),#4169);
#4165 = LINE('',#4166,#4167);
#4166 = CARTESIAN_POINT('',(-1.348949366586E-03,4.712388980385));
#4167 = VECTOR('',#4168,1.);
#4168 = DIRECTION('',(1.,-1.14446041627E-15));
#4169 = ( GEOMETRIC_REPRESENTATION_CONTEXT(2) 
PARAMETRIC_REPRESENTATION_CONTEXT() REPRESENTATION_CONTEXT('2D SPACE',''
  ) );
#4170 = PCURVE('',#3849,#4171);
#4171 = DEFINITIONAL_REPRESENTATION('',(#4172),#4176);
#4172 = CIRCLE('',#4173,5.55);
#4173 = AXIS2_PLACEMENT_2D('',#4174,#4175);
#4174 = CARTESIAN_POINT('',(20.,20.));
#4175 = DIRECTION('',(-0.999999090168,1.34894895748E-03));
#4176 = ( GEOMETRIC_REPRESENTATION_CONTEXT(2) 
PARAMETRIC_REPRESENTATION_CONTEXT() REPRESENTATION_CONTEXT('2D SPACE',''
  ) );
#4177 = ORIENTED_EDGE('',*,*,#4066,.T.);
#4178 = ORIENTED_EDGE('',*,*,#4179,.F.);
#4179 = EDGE_CURVE('',#4180,#4069,#4182,.T.);
#4180 = VERTEX_POINT('',#4181);
#4181 = CARTESIAN_POINT('',(15.105512384426,-18.3979728526,22.35));
#4182 = SURFACE_CURVE('',#4183,(#4188,#4195),.PCURVE_S1.);
#4183 = CIRCLE('',#4184,5.15);
#4184 = AXIS2_PLACEMENT_3D('',#4185,#4186,#4187);
#4185 = CARTESIAN_POINT('',(20.,-20.,22.35));
#4186 = DIRECTION('',(0.,0.,1.));
#4187 = DIRECTION('',(-0.999999090168,-1.34894895748E-03,0.));
#4188 = PCURVE('',#4085,#4189);
#4189 = DEFINITIONAL_REPRESENTATION('',(#4190),#4194);
#4190 = LINE('',#4191,#4192);
#4191 = CARTESIAN_POINT('',(12.565021664993,3.14159265359));
#4192 = VECTOR('',#4193,1.);
#4193 = DIRECTION('',(-1.,-4.577841665081E-15));
#4194 = ( GEOMETRIC_REPRESENTATION_CONTEXT(2) 
PARAMETRIC_REPRESENTATION_CONTEXT() REPRESENTATION_CONTEXT('2D SPACE',''
  ) );
#4195 = PCURVE('',#4196,#4201);
#4196 = CYLINDRICAL_SURFACE('',#4197,5.15);
#4197 = AXIS2_PLACEMENT_3D('',#4198,#4199,#4200);
#4198 = CARTESIAN_POINT('',(20.,-20.,23.5));
#4199 = DIRECTION('',(0.,0.,-1.));
#4200 = DIRECTION('',(-0.8961655348,-0.443719882626,-0.));
#4201 = DEFINITIONAL_REPRESENTATION('',(#4202),#4206);
#4202 = LINE('',#4203,#4204);
#4203 = CARTESIAN_POINT('',(6.741581674137,1.15));
#4204 = VECTOR('',#4205,1.);
#4205 = DIRECTION('',(-1.,0.));
#4206 = ( GEOMETRIC_REPRESENTATION_CONTEXT(2) 
PARAMETRIC_REPRESENTATION_CONTEXT() REPRESENTATION_CONTEXT('2D SPACE',''
  ) );
#4207 = ORIENTED_EDGE('',*,*,#4208,.F.);
#4208 = EDGE_CURVE('',#4155,#4180,#4209,.T.);
#4209 = SURFACE_CURVE('',#4210,(#4215,#4222),.PCURVE_S1.);
#4210 = CIRCLE('',#4211,0.4);
#4211 = AXIS2_PLACEMENT_3D('',#4212,#4213,#4214);
#4212 = CARTESIAN_POINT('',(14.725358006517,-18.2735435596,22.35));
#4213 = DIRECTION('',(0.311073232504,0.950385944772,9.529181477395E-17)
  );
#4214 = DIRECTION('',(1.665334536938E-14,-5.551115123126E-15,1.));
#4215 = PCURVE('',#4085,#4216);
#4216 = DEFINITIONAL_REPRESENTATION('',(#4217),#4221);
#4217 = LINE('',#4218,#4219);
#4218 = CARTESIAN_POINT('',(6.599507390893,4.712388980385));
#4219 = VECTOR('',#4220,1.);
#4220 = DIRECTION('',(0.,-1.));
#4221 = ( GEOMETRIC_REPRESENTATION_CONTEXT(2) 
PARAMETRIC_REPRESENTATION_CONTEXT() REPRESENTATION_CONTEXT('2D SPACE',''
  ) );
#4222 = PCURVE('',#4223,#4259);
#4223 = B_SPLINE_SURFACE_WITH_KNOTS('',3,3,(
    (#4224,#4225,#4226,#4227,#4228)
    ,(#4229,#4230,#4231,#4232,#4233)
    ,(#4234,#4235,#4236,#4237,#4238)
    ,(#4239,#4240,#4241,#4242,#4243)
    ,(#4244,#4245,#4246,#4247,#4248)
    ,(#4249,#4250,#4251,#4252,#4253)
    ,(#4254,#4255,#4256,#4257,#4258
    )),.UNSPECIFIED.,.F.,.F.,.F.,(4,1,1,1,4),(4,1,4),(0.,0.285714285714,
    0.571428571429,0.857142857143,1.),(1.016819778625E-15,
    5.427021823204E-02,0.108540436464),.UNSPECIFIED.);
#4224 = CARTESIAN_POINT('',(15.105512384426,-18.3979728526,22.35));
#4225 = CARTESIAN_POINT('',(15.157730019803,-18.2384383715,22.35));
#4226 = CARTESIAN_POINT('',(15.277690030985,-17.92546598308,
    22.302893154033));
#4227 = CARTESIAN_POINT('',(15.4211869612,-17.63761531246,
    22.195477625227));
#4228 = CARTESIAN_POINT('',(15.496145061836,-17.5024430545,22.125));
#4229 = CARTESIAN_POINT('',(15.105512384426,-18.3979728526,
    22.409839860068));
#4230 = CARTESIAN_POINT('',(15.159415428614,-18.23335806726,
    22.415081666276));
#4231 = CARTESIAN_POINT('',(15.283616005254,-17.9105193347,
    22.376949616846));
#4232 = CARTESIAN_POINT('',(15.433375440581,-17.61323908802,
    22.277110027359));
#4233 = CARTESIAN_POINT('',(15.513391579936,-17.47134233592,
    22.209050084409));
#4234 = CARTESIAN_POINT('',(15.079522533094,-18.38946604849,
    22.529468277365));
#4235 = CARTESIAN_POINT('',(15.132382624223,-18.21230282258,
    22.545195302807));
#4236 = CARTESIAN_POINT('',(15.255789737167,-17.86401095958,
    22.524800194527));
#4237 = CARTESIAN_POINT('',(15.407155479603,-17.53888731628,
    22.439991339803));
#4238 = CARTESIAN_POINT('',(15.490855534713,-17.37769265846,
    22.376785380933));
#4239 = CARTESIAN_POINT('',(14.970481660726,-18.35377560417,
    22.673456728342));
#4240 = CARTESIAN_POINT('',(15.010402219729,-18.15488647747,
    22.695669400124));
#4241 = CARTESIAN_POINT('',(15.107630826179,-17.7627840369,
    22.680222596152));
#4242 = CARTESIAN_POINT('',(15.232144768928,-17.392614447,
    22.587870610255));
#4243 = CARTESIAN_POINT('',(15.302201554284,-17.20597131325,
    22.515486811878));
#4244 = CARTESIAN_POINT('',(14.839112717583,-18.31077690241,
    22.739975101075));
#4245 = CARTESIAN_POINT('',(14.863956534814,-18.09594303319,
    22.754721681742));
#4246 = CARTESIAN_POINT('',(14.932048728536,-17.67621860875,
    22.713947458632));
#4247 = CARTESIAN_POINT('',(15.030524424571,-17.28954252905,
    22.580406460559));
#4248 = CARTESIAN_POINT('',(15.086375607008,-17.10146938962,
    22.48410760794));
#4249 = CARTESIAN_POINT('',(14.75379348749,-18.28285084895,22.75));
#4250 = CARTESIAN_POINT('',(14.771031012674,-18.06150979675,
    22.754107096385));
#4251 = CARTESIAN_POINT('',(14.826677861403,-17.63435789189,
    22.685846049274));
#4252 = CARTESIAN_POINT('',(14.92005348606,-17.25425285242,
    22.518329867728));
#4253 = CARTESIAN_POINT('',(14.974118044776,-17.07707265907,
    22.405866068028));
#4254 = CARTESIAN_POINT('',(14.725358006517,-18.2735435596,22.75));
#4255 = CARTESIAN_POINT('',(14.740402931818,-18.05045529787,22.75));
#4256 = CARTESIAN_POINT('',(14.792982780321,-17.62214502635,
    22.671488590055));
#4257 = CARTESIAN_POINT('',(14.886296234946,-17.24605499579,
    22.492462708712));
#4258 = CARTESIAN_POINT('',(14.940702090637,-17.0734756747,22.375));
#4259 = DEFINITIONAL_REPRESENTATION('',(#4260),#4263);
#4260 = B_SPLINE_CURVE_WITH_KNOTS('',1,(#4261,#4262),.UNSPECIFIED.,.F.,
  .F.,(2,2),(0.,1.570796326795),.PIECEWISE_BEZIER_KNOTS.);
#4261 = CARTESIAN_POINT('',(1.,5.559915596237E-16));
#4262 = CARTESIAN_POINT('',(-8.606796195583E-16,-1.74918244708E-15));
#4263 = ( GEOMETRIC_REPRESENTATION_CONTEXT(2) 
PARAMETRIC_REPRESENTATION_CONTEXT() REPRESENTATION_CONTEXT('2D SPACE',''
  ) );
#4264 = ADVANCED_FACE('',(#4265),#4223,.T.);
#4265 = FACE_BOUND('',#4266,.T.);
#4266 = EDGE_LOOP('',(#4267,#4334,#4379,#4380));
#4267 = ORIENTED_EDGE('',*,*,#4268,.T.);
#4268 = EDGE_CURVE('',#4269,#4271,#4273,.T.);
#4269 = VERTEX_POINT('',#4270);
#4270 = CARTESIAN_POINT('',(14.940702090637,-17.0734756747,22.375));
#4271 = VERTEX_POINT('',#4272);
#4272 = CARTESIAN_POINT('',(15.496145061836,-17.5024430545,22.125));
#4273 = SURFACE_CURVE('',#4274,(#4279,#4285),.PCURVE_S1.);
#4274 = CIRCLE('',#4275,0.4);
#4275 = AXIS2_PLACEMENT_3D('',#4276,#4277,#4278);
#4276 = CARTESIAN_POINT('',(15.146331086057,-17.30845804903,22.125));
#4277 = DIRECTION('',(0.446629008284,0.805407968022,-0.389667209303));
#4278 = DIRECTION('',(-0.51407248855,0.587455935808,0.625));
#4279 = PCURVE('',#4223,#4280);
#4280 = DEFINITIONAL_REPRESENTATION('',(#4281),#4284);
#4281 = B_SPLINE_CURVE_WITH_KNOTS('',1,(#4282,#4283),.UNSPECIFIED.,.F.,
  .F.,(2,2),(0.,2.395679435692),.PIECEWISE_BEZIER_KNOTS.);
#4282 = CARTESIAN_POINT('',(1.,0.108540436464));
#4283 = CARTESIAN_POINT('',(-4.399154591106E-15,0.108540436464));
#4284 = ( GEOMETRIC_REPRESENTATION_CONTEXT(2) 
PARAMETRIC_REPRESENTATION_CONTEXT() REPRESENTATION_CONTEXT('2D SPACE',''
  ) );
#4285 = PCURVE('',#4286,#4329);
#4286 = B_SPLINE_SURFACE_WITH_KNOTS('',3,3,(
    (#4287,#4288,#4289,#4290,#4291,#4292)
    ,(#4293,#4294,#4295,#4296,#4297,#4298)
    ,(#4299,#4300,#4301,#4302,#4303,#4304)
    ,(#4305,#4306,#4307,#4308,#4309,#4310)
    ,(#4311,#4312,#4313,#4314,#4315,#4316)
    ,(#4317,#4318,#4319,#4320,#4321,#4322)
    ,(#4323,#4324,#4325,#4326,#4327,#4328
    )),.UNSPECIFIED.,.F.,.F.,.F.,(4,1,1,1,4),(4,1,1,4),(0.,
    0.285714285714,0.571428571429,0.857142857143,1.),(1.118331119297,
    1.253720389184,1.343979902442,1.4342394157),.UNSPECIFIED.);
#4287 = CARTESIAN_POINT('',(15.496145061836,-17.5024430545,22.125));
#4288 = CARTESIAN_POINT('',(15.683180613194,-17.16516105855,
    21.949144136779));
#4289 = CARTESIAN_POINT('',(16.094040186048,-16.58807762871,
    21.849458366416));
#4290 = CARTESIAN_POINT('',(16.814760492019,-15.92601238101,
    21.881120292467));
#4291 = CARTESIAN_POINT('',(17.277605651794,-15.62082585737,
    22.007771757662));
#4292 = CARTESIAN_POINT('',(17.502443054817,-15.49614506166,
    22.125000000161));
#4293 = CARTESIAN_POINT('',(15.513391579936,-17.47134233592,
    22.209050084409));
#4294 = CARTESIAN_POINT('',(15.693391790021,-17.15208978302,
    22.037039109615));
#4295 = CARTESIAN_POINT('',(16.097638590748,-16.58505901953,
    21.932650906849));
#4296 = CARTESIAN_POINT('',(16.808367289633,-15.93210903047,
    21.966125857007));
#4297 = CARTESIAN_POINT('',(17.258523639221,-15.633382508,
    22.094384904255));
#4298 = CARTESIAN_POINT('',(17.471342336217,-15.51339157977,
    22.209050084567));
#4299 = CARTESIAN_POINT('',(15.490856241523,-17.37769308303,
    22.376785313512));
#4300 = CARTESIAN_POINT('',(15.664477657466,-17.09312484899,
    22.212454136539));
#4301 = CARTESIAN_POINT('',(16.064539741507,-16.54373795694,
    22.09865702686));
#4302 = CARTESIAN_POINT('',(16.761241990594,-15.90074399855,
    22.135759937283));
#4303 = CARTESIAN_POINT('',(17.187995490523,-15.60659496661,
    22.267239605548));
#4304 = CARTESIAN_POINT('',(17.3776930833,-15.49085624136,
    22.376785313663));
#4305 = CARTESIAN_POINT('',(15.302201827765,-17.20597151625,
    22.515486705768));
#4306 = CARTESIAN_POINT('',(15.491588085672,-16.94044912738,
    22.366921520197));
#4307 = CARTESIAN_POINT('',(15.912323752405,-16.39888662865,
    22.254630457735));
#4308 = CARTESIAN_POINT('',(16.614337889867,-15.74094301167,
    22.291641265316));
#4309 = CARTESIAN_POINT('',(17.028970179142,-15.42844964069,
    22.416450851883));
#4310 = CARTESIAN_POINT('',(17.205971516495,-15.30220182759,
    22.515486705905));
#4311 = CARTESIAN_POINT('',(15.086375840256,-17.10146956098,
    22.484107521109));
#4312 = CARTESIAN_POINT('',(15.298395490814,-16.81188014567,22.350597469
    ));
#4313 = CARTESIAN_POINT('',(15.747670881242,-16.2546900613,
    22.257466385834));
#4314 = CARTESIAN_POINT('',(16.476084762754,-15.56524704154,
    22.287925022826));
#4315 = CARTESIAN_POINT('',(16.90842477126,-15.2277114233,
    22.395107652381));
#4316 = CARTESIAN_POINT('',(17.101469561249,-15.08637584006,
    22.484107521232));
#4317 = CARTESIAN_POINT('',(14.974118044776,-17.07707265907,
    22.405866068028));
#4318 = CARTESIAN_POINT('',(15.195725452936,-16.7580994787,
    22.278714179508));
#4319 = CARTESIAN_POINT('',(15.659401852468,-16.18169779028,
    22.2019693705));
#4320 = CARTESIAN_POINT('',(16.409985184789,-15.4710809693,
    22.226585916564));
#4321 = CARTESIAN_POINT('',(16.864440196424,-15.12184497554,
    22.321104649627));
#4322 = CARTESIAN_POINT('',(17.077072659366,-14.97411804457,
    22.405866068144));
#4323 = CARTESIAN_POINT('',(14.940702090637,-17.0734756747,22.375));
#4324 = CARTESIAN_POINT('',(15.164761061155,-16.74376646156,
    22.249388669128));
#4325 = CARTESIAN_POINT('',(15.632626830482,-16.16007919753,
    22.17818454744));
#4326 = CARTESIAN_POINT('',(16.390955116342,-15.44255197192,
    22.200800208905));
#4327 = CARTESIAN_POINT('',(16.85368640632,-15.09006327084,
    22.291265541187));
#4328 = CARTESIAN_POINT('',(17.073475675012,-14.94070209043,
    22.375000000115));
#4329 = DEFINITIONAL_REPRESENTATION('',(#4330),#4333);
#4330 = B_SPLINE_CURVE_WITH_KNOTS('',1,(#4331,#4332),.UNSPECIFIED.,.F.,
  .F.,(2,2),(0.,2.395679435692),.PIECEWISE_BEZIER_KNOTS.);
#4331 = CARTESIAN_POINT('',(1.,1.118331119297));
#4332 = CARTESIAN_POINT('',(-4.351210477979E-16,1.118331119297));
#4333 = ( GEOMETRIC_REPRESENTATION_CONTEXT(2) 
PARAMETRIC_REPRESENTATION_CONTEXT() REPRESENTATION_CONTEXT('2D SPACE',''
  ) );
#4334 = ORIENTED_EDGE('',*,*,#4335,.T.);
#4335 = EDGE_CURVE('',#4271,#4180,#4336,.T.);
#4336 = SURFACE_CURVE('',#4337,(#4343,#4350),.PCURVE_S1.);
#4337 = B_SPLINE_CURVE_WITH_KNOTS('',3,(#4338,#4339,#4340,#4341,#4342),
  .UNSPECIFIED.,.F.,.F.,(4,1,4),(-0.108540436464,-5.427021823204E-02,
    -1.016819778625E-15),.QUASI_UNIFORM_KNOTS.);
#4338 = CARTESIAN_POINT('',(15.496145061836,-17.5024430545,22.125));
#4339 = CARTESIAN_POINT('',(15.4211869612,-17.63761531246,
    22.195477625227));
#4340 = CARTESIAN_POINT('',(15.277690030985,-17.92546598308,
    22.302893154033));
#4341 = CARTESIAN_POINT('',(15.157730019803,-18.2384383715,22.35));
#4342 = CARTESIAN_POINT('',(15.105512384426,-18.3979728526,22.35));
#4343 = PCURVE('',#4223,#4344);
#4344 = DEFINITIONAL_REPRESENTATION('',(#4345),#4349);
#4345 = LINE('',#4346,#4347);
#4346 = CARTESIAN_POINT('',(4.793639814153E-15,-7.771561172376E-16));
#4347 = VECTOR('',#4348,1.);
#4348 = DIRECTION('',(1.002943119689E-13,-1.));
#4349 = ( GEOMETRIC_REPRESENTATION_CONTEXT(2) 
PARAMETRIC_REPRESENTATION_CONTEXT() REPRESENTATION_CONTEXT('2D SPACE',''
  ) );
#4350 = PCURVE('',#4196,#4351);
#4351 = DEFINITIONAL_REPRESENTATION('',(#4352),#4378);
#4352 = B_SPLINE_CURVE_WITH_KNOTS('',3,(#4353,#4354,#4355,#4356,#4357,
    #4358,#4359,#4360,#4361,#4362,#4363,#4364,#4365,#4366,#4367,#4368,
    #4369,#4370,#4371,#4372,#4373,#4374,#4375,#4376,#4377),
  .UNSPECIFIED.,.F.,.F.,(4,1,1,1,1,1,1,1,1,1,1,1,1,1,1,1,1,1,1,1,1,1,4),
  (-0.108540436464,-0.103606780261,-9.867312405826E-02,
    -9.373946785535E-02,-8.880581165244E-02,-8.387215544952E-02,
    -7.893849924661E-02,-7.40048430437E-02,-6.907118684078E-02,
    -6.413753063787E-02,-5.920387443496E-02,-5.427021823204E-02,
    -4.933656202913E-02,-4.440290582622E-02,-3.946924962331E-02,
    -3.453559342039E-02,-2.960193721748E-02,-2.466828101457E-02,
    -1.973462481165E-02,-1.480096860874E-02,-9.867312405827E-03,
    -4.933656202914E-03,-1.016819778625E-15),.UNSPECIFIED.);
#4353 = CARTESIAN_POINT('',(0.966065619212,1.375));
#4354 = CARTESIAN_POINT('',(0.963337202891,1.368592943161));
#4355 = CARTESIAN_POINT('',(0.957860801219,1.356056017266));
#4356 = CARTESIAN_POINT('',(0.949589932033,1.33807456131));
#4357 = CARTESIAN_POINT('',(0.941265241385,1.320909407784));
#4358 = CARTESIAN_POINT('',(0.932889157692,1.304552926228));
#4359 = CARTESIAN_POINT('',(0.924464096209,1.288997486183));
#4360 = CARTESIAN_POINT('',(0.915992455826,1.274235457191));
#4361 = CARTESIAN_POINT('',(0.90747661762,1.260259208793));
#4362 = CARTESIAN_POINT('',(0.898918942866,1.247061110529));
#4363 = CARTESIAN_POINT('',(0.890321771188,1.234633531942));
#4364 = CARTESIAN_POINT('',(0.881687418408,1.222968842572));
#4365 = CARTESIAN_POINT('',(0.873018175275,1.21205941196));
#4366 = CARTESIAN_POINT('',(0.864316302787,1.201897609648));
#4367 = CARTESIAN_POINT('',(0.855584376869,1.192521645639));
#4368 = CARTESIAN_POINT('',(0.846824975338,1.183969729934));
#4369 = CARTESIAN_POINT('',(0.838040673164,1.176280072538));
#4370 = CARTESIAN_POINT('',(0.829234041067,1.169490883452));
#4371 = CARTESIAN_POINT('',(0.820407643173,1.163640372679));
#4372 = CARTESIAN_POINT('',(0.81156403483,1.158766750222));
#4373 = CARTESIAN_POINT('',(0.802705760546,1.154908226085));
#4374 = CARTESIAN_POINT('',(0.793835351112,1.152103010268));
#4375 = CARTESIAN_POINT('',(0.784955323815,1.150389312777));
#4376 = CARTESIAN_POINT('',(0.779030555295,1.15));
#4377 = CARTESIAN_POINT('',(0.776067400037,1.15));
#4378 = ( GEOMETRIC_REPRESENTATION_CONTEXT(2) 
PARAMETRIC_REPRESENTATION_CONTEXT() REPRESENTATION_CONTEXT('2D SPACE',''
  ) );
#4379 = ORIENTED_EDGE('',*,*,#4208,.F.);
#4380 = ORIENTED_EDGE('',*,*,#4381,.T.);
#4381 = EDGE_CURVE('',#4155,#4269,#4382,.T.);
#4382 = SURFACE_CURVE('',#4383,(#4389,#4396),.PCURVE_S1.);
#4383 = B_SPLINE_CURVE_WITH_KNOTS('',3,(#4384,#4385,#4386,#4387,#4388),
  .UNSPECIFIED.,.F.,.F.,(4,1,4),(1.016819778625E-15,5.427021823204E-02,
    0.108540436464),.UNSPECIFIED.);
#4384 = CARTESIAN_POINT('',(14.725358006517,-18.2735435596,22.75));
#4385 = CARTESIAN_POINT('',(14.740402931818,-18.05045529787,22.75));
#4386 = CARTESIAN_POINT('',(14.792982780321,-17.62214502635,
    22.671488590055));
#4387 = CARTESIAN_POINT('',(14.886296234946,-17.24605499579,
    22.492462708712));
#4388 = CARTESIAN_POINT('',(14.940702090637,-17.0734756747,22.375));
#4389 = PCURVE('',#4223,#4390);
#4390 = DEFINITIONAL_REPRESENTATION('',(#4391),#4395);
#4391 = LINE('',#4392,#4393);
#4392 = CARTESIAN_POINT('',(1.,-3.634790201605E-16));
#4393 = VECTOR('',#4394,1.);
#4394 = DIRECTION('',(-1.329725564988E-14,1.));
#4395 = ( GEOMETRIC_REPRESENTATION_CONTEXT(2) 
PARAMETRIC_REPRESENTATION_CONTEXT() REPRESENTATION_CONTEXT('2D SPACE',''
  ) );
#4396 = PCURVE('',#4397,#4402);
#4397 = TOROIDAL_SURFACE('',#4398,23.468245836552,1.);
#4398 = AXIS2_PLACEMENT_3D('',#4399,#4400,#4401);
#4399 = CARTESIAN_POINT('',(-5.666681978065E-15,5.705855277383E-16,21.75
    ));
#4400 = DIRECTION('',(0.,0.,-1.));
#4401 = DIRECTION('',(-1.,0.,0.));
#4402 = DEFINITIONAL_REPRESENTATION('',(#4403),#4429);
#4403 = B_SPLINE_CURVE_WITH_KNOTS('',3,(#4404,#4405,#4406,#4407,#4408,
    #4409,#4410,#4411,#4412,#4413,#4414,#4415,#4416,#4417,#4418,#4419,
    #4420,#4421,#4422,#4423,#4424,#4425,#4426,#4427,#4428),
  .UNSPECIFIED.,.F.,.F.,(4,1,1,1,1,1,1,1,1,1,1,1,1,1,1,1,1,1,1,1,1,1,4),
  (1.016819778625E-15,4.933656202914E-03,9.867312405827E-03,
    1.480096860874E-02,1.973462481165E-02,2.466828101457E-02,
    2.960193721748E-02,3.453559342039E-02,3.946924962331E-02,
    4.440290582622E-02,4.933656202913E-02,5.427021823204E-02,
    5.920387443496E-02,6.413753063787E-02,6.907118684078E-02,
    7.40048430437E-02,7.893849924661E-02,8.387215544952E-02,
    8.880581165244E-02,9.373946785535E-02,9.867312405826E-02,
    0.103606780261,0.108540436464),.QUASI_UNIFORM_KNOTS.);
#4404 = CARTESIAN_POINT('',(4.034103640895,4.712388980385));
#4405 = CARTESIAN_POINT('',(4.033516026105,4.697455811581));
#4406 = CARTESIAN_POINT('',(4.032336330192,4.66784447637));
#4407 = CARTESIAN_POINT('',(4.030554152702,4.624127635219));
#4408 = CARTESIAN_POINT('',(4.028760102356,4.581044771982));
#4409 = CARTESIAN_POINT('',(4.02695495608,4.538534386732));
#4410 = CARTESIAN_POINT('',(4.02513950124,4.496538892876));
#4411 = CARTESIAN_POINT('',(4.023314537013,4.455005480174));
#4412 = CARTESIAN_POINT('',(4.021480873821,4.413886383512));
#4413 = CARTESIAN_POINT('',(4.019639333279,4.373139186697));
#4414 = CARTESIAN_POINT('',(4.017790747967,4.33272698856));
#4415 = CARTESIAN_POINT('',(4.015935961254,4.292618583477));
#4416 = CARTESIAN_POINT('',(4.014075827,4.252788287938));
#4417 = CARTESIAN_POINT('',(4.012211209591,4.213216782045));
#4418 = CARTESIAN_POINT('',(4.010342972267,4.173842648752));
#4419 = CARTESIAN_POINT('',(4.008471984532,4.134600003756));
#4420 = CARTESIAN_POINT('',(4.006599122113,4.095420090005));
#4421 = CARTESIAN_POINT('',(4.004725266562,4.056231725421));
#4422 = CARTESIAN_POINT('',(4.002851304939,4.016962031139));
#4423 = CARTESIAN_POINT('',(4.000978129475,3.977537089694));
#4424 = CARTESIAN_POINT('',(3.999106637194,3.937882613204));
#4425 = CARTESIAN_POINT('',(3.99723772968,3.897924769284));
#4426 = CARTESIAN_POINT('',(3.995372312278,3.857590618922));
#4427 = CARTESIAN_POINT('',(3.994131634336,3.830403759427));
#4428 = CARTESIAN_POINT('',(3.99351218027,3.816724186527));
#4429 = ( GEOMETRIC_REPRESENTATION_CONTEXT(2) 
PARAMETRIC_REPRESENTATION_CONTEXT() REPRESENTATION_CONTEXT('2D SPACE',''
  ) );
#4430 = ADVANCED_FACE('',(#4431),#3629,.T.);
#4431 = FACE_BOUND('',#4432,.T.);
#4432 = EDGE_LOOP('',(#4433,#4434,#4479,#4480));
#4433 = ORIENTED_EDGE('',*,*,#3861,.F.);
#4434 = ORIENTED_EDGE('',*,*,#4435,.T.);
#4435 = EDGE_CURVE('',#3770,#3614,#4436,.T.);
#4436 = SURFACE_CURVE('',#4437,(#4443,#4450),.PCURVE_S1.);
#4437 = B_SPLINE_CURVE_WITH_KNOTS('',3,(#4438,#4439,#4440,#4441,#4442),
  .UNSPECIFIED.,.F.,.F.,(4,1,4),(-0.108493560218,-5.424678012612E-02,
    -3.397370105957E-11),.UNSPECIFIED.);
#4438 = CARTESIAN_POINT('',(-15.10551238442,-18.3979728526,22.35));
#4439 = CARTESIAN_POINT('',(-15.15770746812,-18.23850727101,22.35));
#4440 = CARTESIAN_POINT('',(-15.27751945699,-17.92583715838,
    22.303005892978));
#4441 = CARTESIAN_POINT('',(-15.42120502817,-17.63758273223,
    22.195460638151));
#4442 = CARTESIAN_POINT('',(-15.49614506169,-17.50244305476,
    22.125000000134));
#4443 = PCURVE('',#3629,#4444);
#4444 = DEFINITIONAL_REPRESENTATION('',(#4445),#4449);
#4445 = LINE('',#4446,#4447);
#4446 = CARTESIAN_POINT('',(-3.979584160824E-16,1.804112415016E-16));
#4447 = VECTOR('',#4448,1.);
#4448 = DIRECTION('',(8.923605100446E-14,-1.));
#4449 = ( GEOMETRIC_REPRESENTATION_CONTEXT(2) 
PARAMETRIC_REPRESENTATION_CONTEXT() REPRESENTATION_CONTEXT('2D SPACE',''
  ) );
#4450 = PCURVE('',#3373,#4451);
#4451 = DEFINITIONAL_REPRESENTATION('',(#4452),#4478);
#4452 = B_SPLINE_CURVE_WITH_KNOTS('',3,(#4453,#4454,#4455,#4456,#4457,
    #4458,#4459,#4460,#4461,#4462,#4463,#4464,#4465,#4466,#4467,#4468,
    #4469,#4470,#4471,#4472,#4473,#4474,#4475,#4476,#4477),
  .UNSPECIFIED.,.F.,.F.,(4,1,1,1,1,1,1,1,1,1,1,1,1,1,1,1,1,1,1,1,1,1,4),
  (-0.108493560218,-0.103562034755,-9.863050929242E-02,
    -9.36989838295E-02,-8.876745836658E-02,-8.383593290365E-02,
    -7.890440744073E-02,-7.397288197781E-02,-6.904135651489E-02,
    -6.410983105197E-02,-5.917830558904E-02,-5.424678012612E-02,
    -4.93152546632E-02,-4.438372920028E-02,-3.945220373735E-02,
    -3.452067827443E-02,-2.958915281151E-02,-2.465762734859E-02,
    -1.972610188566E-02,-1.479457642274E-02,-9.863050959819E-03,
    -4.931525496896E-03,-3.397370105957E-11),.UNSPECIFIED.);
#4453 = CARTESIAN_POINT('',(1.714219559405,1.15));
#4454 = CARTESIAN_POINT('',(1.711257683729,1.15));
#4455 = CARTESIAN_POINT('',(1.705335777143,1.15038838105));
#4456 = CARTESIAN_POINT('',(1.696460701147,1.15209841313));
#4457 = CARTESIAN_POINT('',(1.687595652123,1.15489822307));
#4458 = CARTESIAN_POINT('',(1.678742895888,1.158750128228));
#4459 = CARTESIAN_POINT('',(1.669904710583,1.163616445959));
#4460 = CARTESIAN_POINT('',(1.661083386891,1.169459493618));
#4461 = CARTESIAN_POINT('',(1.65228122541,1.176241588561));
#4462 = CARTESIAN_POINT('',(1.643500534793,1.183925048145));
#4463 = CARTESIAN_POINT('',(1.634743629768,1.192472189725));
#4464 = CARTESIAN_POINT('',(1.626012828988,1.201845330656));
#4465 = CARTESIAN_POINT('',(1.617310453842,1.212006788296));
#4466 = CARTESIAN_POINT('',(1.608638823823,1.222918879999));
#4467 = CARTESIAN_POINT('',(1.600000597815,1.234588594002));
#4468 = CARTESIAN_POINT('',(1.591398465537,1.247022918541));
#4469 = CARTESIAN_POINT('',(1.582835142457,1.26022884185));
#4470 = CARTESIAN_POINT('',(1.574313368238,1.274213352167));
#4471 = CARTESIAN_POINT('',(1.565835904276,1.288983437726));
#4472 = CARTESIAN_POINT('',(1.557405531562,1.304546086765));
#4473 = CARTESIAN_POINT('',(1.549025048405,1.320908287518));
#4474 = CARTESIAN_POINT('',(1.540697268674,1.338077028221));
#4475 = CARTESIAN_POINT('',(1.532425018509,1.356059297111));
#4476 = CARTESIAN_POINT('',(1.526949098858,1.368594487319));
#4477 = CARTESIAN_POINT('',(1.524221340288,1.374999999866));
#4478 = ( GEOMETRIC_REPRESENTATION_CONTEXT(2) 
PARAMETRIC_REPRESENTATION_CONTEXT() REPRESENTATION_CONTEXT('2D SPACE',''
  ) );
#4479 = ORIENTED_EDGE('',*,*,#3611,.F.);
#4480 = ORIENTED_EDGE('',*,*,#4481,.T.);
#4481 = EDGE_CURVE('',#3612,#3833,#4482,.T.);
#4482 = SURFACE_CURVE('',#4483,(#4489,#4496),.PCURVE_S1.);
#4483 = B_SPLINE_CURVE_WITH_KNOTS('',3,(#4484,#4485,#4486,#4487,#4488),
  .UNSPECIFIED.,.F.,.F.,(4,1,4),(3.397370105957E-11,5.424678012612E-02,
    0.108493560218),.UNSPECIFIED.);
#4484 = CARTESIAN_POINT('',(-14.94070209053,-17.07347567503,
    22.375000000223));
#4485 = CARTESIAN_POINT('',(-14.88630934826,-17.24601339944,
    22.492434396919));
#4486 = CARTESIAN_POINT('',(-14.79288216829,-17.62263777139,
    22.671676488296));
#4487 = CARTESIAN_POINT('',(-14.74039643423,-18.0505516449,22.75));
#4488 = CARTESIAN_POINT('',(-14.72535800651,-18.2735435596,22.75));
#4489 = PCURVE('',#3629,#4490);
#4490 = DEFINITIONAL_REPRESENTATION('',(#4491),#4495);
#4491 = LINE('',#4492,#4493);
#4492 = CARTESIAN_POINT('',(1.,1.348851943236E-16));
#4493 = VECTOR('',#4494,1.);
#4494 = DIRECTION('',(-1.944284751283E-14,1.));
#4495 = ( GEOMETRIC_REPRESENTATION_CONTEXT(2) 
PARAMETRIC_REPRESENTATION_CONTEXT() REPRESENTATION_CONTEXT('2D SPACE',''
  ) );
#4496 = PCURVE('',#4397,#4497);
#4497 = DEFINITIONAL_REPRESENTATION('',(#4498),#4524);
#4498 = B_SPLINE_CURVE_WITH_KNOTS('',3,(#4499,#4500,#4501,#4502,#4503,
    #4504,#4505,#4506,#4507,#4508,#4509,#4510,#4511,#4512,#4513,#4514,
    #4515,#4516,#4517,#4518,#4519,#4520,#4521,#4522,#4523),
  .UNSPECIFIED.,.F.,.F.,(4,1,1,1,1,1,1,1,1,1,1,1,1,1,1,1,1,1,1,1,1,1,4),
  (3.397370105957E-11,4.931525496896E-03,9.863050959819E-03,
    1.479457642274E-02,1.972610188566E-02,2.465762734859E-02,
    2.958915281151E-02,3.452067827443E-02,3.945220373735E-02,
    4.438372920028E-02,4.93152546632E-02,5.424678012612E-02,
    5.917830558904E-02,6.410983105197E-02,6.904135651489E-02,
    7.397288197781E-02,7.890440744073E-02,8.383593290365E-02,
    8.876745836658E-02,9.36989838295E-02,9.863050929242E-02,
    0.103562034755,0.108493560218),.QUASI_UNIFORM_KNOTS.);
#4499 = CARTESIAN_POINT('',(5.431265780486,3.816724186813));
#4500 = CARTESIAN_POINT('',(5.43064647566,3.830400448955));
#4501 = CARTESIAN_POINT('',(5.42940590927,3.857584416432));
#4502 = CARTESIAN_POINT('',(5.427540190351,3.897923840098));
#4503 = CARTESIAN_POINT('',(5.425670604741,3.93789504736));
#4504 = CARTESIAN_POINT('',(5.423798148924,3.977569260411));
#4505 = CARTESIAN_POINT('',(5.42192381484,4.017018507357));
#4506 = CARTESIAN_POINT('',(5.420048588945,4.056315191216));
#4507 = CARTESIAN_POINT('',(5.418173451969,4.095531294428));
#4508 = CARTESIAN_POINT('',(5.4162993785,4.134737732774));
#4509 = CARTESIAN_POINT('',(5.41442733662,4.174003720814));
#4510 = CARTESIAN_POINT('',(5.41255828755,4.213396068567));
#4511 = CARTESIAN_POINT('',(5.410693185263,4.252978758328));
#4512 = CARTESIAN_POINT('',(5.408832976277,4.292811388077));
#4513 = CARTESIAN_POINT('',(5.406978465565,4.332914552533));
#4514 = CARTESIAN_POINT('',(5.405130448264,4.37331521537));
#4515 = CARTESIAN_POINT('',(5.403289709596,4.414045854876));
#4516 = CARTESIAN_POINT('',(5.40145702462,4.455144617484));
#4517 = CARTESIAN_POINT('',(5.399633158069,4.496655119692));
#4518 = CARTESIAN_POINT('',(5.397818864143,4.538626263403));
#4519 = CARTESIAN_POINT('',(5.396014886455,4.5811119153));
#4520 = CARTESIAN_POINT('',(5.394221957513,4.624170613592));
#4521 = CARTESIAN_POINT('',(5.392440800003,4.667864705229));
#4522 = CARTESIAN_POINT('',(5.391261680944,4.697462247563));
#4523 = CARTESIAN_POINT('',(5.390674319874,4.712388980385));
#4524 = ( GEOMETRIC_REPRESENTATION_CONTEXT(2) 
PARAMETRIC_REPRESENTATION_CONTEXT() REPRESENTATION_CONTEXT('2D SPACE',''
  ) );
#4525 = ADVANCED_FACE('',(#4526),#4286,.T.);
#4526 = FACE_BOUND('',#4527,.T.);
#4527 = EDGE_LOOP('',(#4528,#4588,#4634,#4635));
#4528 = ORIENTED_EDGE('',*,*,#4529,.T.);
#4529 = EDGE_CURVE('',#4530,#4532,#4534,.T.);
#4530 = VERTEX_POINT('',#4531);
#4531 = CARTESIAN_POINT('',(17.073475674985,-14.94070209039,
    22.375000000119));
#4532 = VERTEX_POINT('',#4533);
#4533 = CARTESIAN_POINT('',(17.502443054817,-15.49614506166,
    22.125000000161));
#4534 = SURFACE_CURVE('',#4535,(#4540,#4546),.PCURVE_S1.);
#4535 = CIRCLE('',#4536,0.400000000037);
#4536 = AXIS2_PLACEMENT_3D('',#4537,#4538,#4539);
#4537 = CARTESIAN_POINT('',(17.308458049366,-15.14633108587,
    22.125000000161));
#4538 = DIRECTION('',(0.805407967982,0.44662900819,0.389667209493));
#4539 = DIRECTION('',(-0.587455935898,0.514072488647,0.624999999835));
#4540 = PCURVE('',#4286,#4541);
#4541 = DEFINITIONAL_REPRESENTATION('',(#4542),#4545);
#4542 = B_SPLINE_CURVE_WITH_KNOTS('',1,(#4543,#4544),.UNSPECIFIED.,.F.,
  .F.,(2,2),(0.,2.395679435856),.PIECEWISE_BEZIER_KNOTS.);
#4543 = CARTESIAN_POINT('',(1.000000000029,1.434239415699));
#4544 = CARTESIAN_POINT('',(2.025498534111E-14,1.4342394157));
#4545 = ( GEOMETRIC_REPRESENTATION_CONTEXT(2) 
PARAMETRIC_REPRESENTATION_CONTEXT() REPRESENTATION_CONTEXT('2D SPACE',''
  ) );
#4546 = PCURVE('',#4547,#4583);
#4547 = B_SPLINE_SURFACE_WITH_KNOTS('',3,3,(
    (#4548,#4549,#4550,#4551,#4552)
    ,(#4553,#4554,#4555,#4556,#4557)
    ,(#4558,#4559,#4560,#4561,#4562)
    ,(#4563,#4564,#4565,#4566,#4567)
    ,(#4568,#4569,#4570,#4571,#4572)
    ,(#4573,#4574,#4575,#4576,#4577)
    ,(#4578,#4579,#4580,#4581,#4582
    )),.UNSPECIFIED.,.F.,.F.,.F.,(4,1,1,1,4),(4,1,4),(0.,0.285714285714,
    0.571428571429,0.857142857143,1.),(3.397441473802E-11,
    5.424678012612E-02,0.108493560218),.UNSPECIFIED.);
#4548 = CARTESIAN_POINT('',(17.502443054765,-15.49614506169,
    22.125000000134));
#4549 = CARTESIAN_POINT('',(17.637582732235,-15.42120502817,
    22.195460638151));
#4550 = CARTESIAN_POINT('',(17.925837158382,-15.27751945699,
    22.303005892978));
#4551 = CARTESIAN_POINT('',(18.238507271016,-15.15770746812,22.35));
#4552 = CARTESIAN_POINT('',(18.397972852605,-15.10551238442,22.35));
#4553 = CARTESIAN_POINT('',(17.471342336194,-15.51339157978,
    22.209050084538));
#4554 = CARTESIAN_POINT('',(17.613204887,-15.43339472668,22.277093623009
    ));
#4555 = CARTESIAN_POINT('',(17.91090254323,-15.28343812652,
    22.377052625946));
#4556 = CARTESIAN_POINT('',(18.233429160854,-15.15939214904,
    22.415079402453));
#4557 = CARTESIAN_POINT('',(18.397972852605,-15.10551238442,
    22.409839860068));
#4558 = CARTESIAN_POINT('',(17.377692658773,-15.49085553455,
    22.376785381054));
#4559 = CARTESIAN_POINT('',(17.538848463926,-15.40717565363,
    22.439976105392));
#4560 = CARTESIAN_POINT('',(17.864428475865,-15.25561064837,
    22.524883723393));
#4561 = CARTESIAN_POINT('',(18.212379335575,-15.13235979508,
    22.545188510643));
#4562 = CARTESIAN_POINT('',(18.38946604849,-15.07952253309,
    22.529468277365));
#4563 = CARTESIAN_POINT('',(17.205971313613,-15.30220155415,
    22.515486812016));
#4564 = CARTESIAN_POINT('',(17.392569460852,-15.23216165455,
    22.587853163723));
#4565 = CARTESIAN_POINT('',(17.763257489602,-15.10748500632,
    22.680311115837));
#4566 = CARTESIAN_POINT('',(18.154972373411,-15.01038497889,
    22.695659806949));
#4567 = CARTESIAN_POINT('',(18.353775604172,-14.97048166072,
    22.673456728342));
#4568 = CARTESIAN_POINT('',(17.101469389986,-15.0863756069,
    22.484107608123));
#4569 = CARTESIAN_POINT('',(17.289497198247,-15.03053788625,
    22.580383249836));
#4570 = CARTESIAN_POINT('',(17.676717174415,-14.93193716208,
    22.71408118177));
#4571 = CARTESIAN_POINT('',(18.096035815317,-14.8639458053,
    22.754715313011));
#4572 = CARTESIAN_POINT('',(18.310776902414,-14.83911271758,
    22.739975101075));
#4573 = CARTESIAN_POINT('',(17.07707265941,-14.97411804467,
    22.405866068241));
#4574 = CARTESIAN_POINT('',(17.25421014713,-14.92006651712,
    22.518302760808));
#4575 = CARTESIAN_POINT('',(17.63485357277,-14.82657582581,
    22.686020026309));
#4576 = CARTESIAN_POINT('',(18.061605389192,-14.77102356815,
    22.754105322618));
#4577 = CARTESIAN_POINT('',(18.282850848956,-14.75379348749,22.75));
#4578 = CARTESIAN_POINT('',(17.073475675037,-14.94070209053,
    22.375000000223));
#4579 = CARTESIAN_POINT('',(17.24601339944,-14.88630934826,
    22.492434396919));
#4580 = CARTESIAN_POINT('',(17.622637771395,-14.79288216829,
    22.671676488296));
#4581 = CARTESIAN_POINT('',(18.0505516449,-14.74039643423,22.75));
#4582 = CARTESIAN_POINT('',(18.273543559604,-14.72535800651,22.75));
#4583 = DEFINITIONAL_REPRESENTATION('',(#4584),#4587);
#4584 = B_SPLINE_CURVE_WITH_KNOTS('',1,(#4585,#4586),.UNSPECIFIED.,.F.,
  .F.,(2,2),(0.,2.395679435856),.PIECEWISE_BEZIER_KNOTS.);
#4585 = CARTESIAN_POINT('',(1.00000000018,3.221659608224E-11));
#4586 = CARTESIAN_POINT('',(2.629377365676E-14,4.102735475989E-11));
#4587 = ( GEOMETRIC_REPRESENTATION_CONTEXT(2) 
PARAMETRIC_REPRESENTATION_CONTEXT() REPRESENTATION_CONTEXT('2D SPACE',''
  ) );
#4588 = ORIENTED_EDGE('',*,*,#4589,.T.);
#4589 = EDGE_CURVE('',#4532,#4271,#4590,.T.);
#4590 = SURFACE_CURVE('',#4591,(#4598,#4605),.PCURVE_S1.);
#4591 = B_SPLINE_CURVE_WITH_KNOTS('',3,(#4592,#4593,#4594,#4595,#4596,
    #4597),.UNSPECIFIED.,.F.,.F.,(4,1,1,4),(-1.4342394157,
    -1.343979902442,-1.253720389184,-1.118331119297),.UNSPECIFIED.);
#4592 = CARTESIAN_POINT('',(17.502443054817,-15.49614506166,
    22.125000000161));
#4593 = CARTESIAN_POINT('',(17.277605651794,-15.62082585737,
    22.007771757662));
#4594 = CARTESIAN_POINT('',(16.814760492019,-15.92601238101,
    21.881120292467));
#4595 = CARTESIAN_POINT('',(16.094040186048,-16.58807762871,
    21.849458366416));
#4596 = CARTESIAN_POINT('',(15.683180613194,-17.16516105855,
    21.949144136779));
#4597 = CARTESIAN_POINT('',(15.496145061836,-17.5024430545,22.125));
#4598 = PCURVE('',#4286,#4599);
#4599 = DEFINITIONAL_REPRESENTATION('',(#4600),#4604);
#4600 = LINE('',#4601,#4602);
#4601 = CARTESIAN_POINT('',(2.692700739757E-15,4.440892098501E-16));
#4602 = VECTOR('',#4603,1.);
#4603 = DIRECTION('',(1.413620879885E-15,-1.));
#4604 = ( GEOMETRIC_REPRESENTATION_CONTEXT(2) 
PARAMETRIC_REPRESENTATION_CONTEXT() REPRESENTATION_CONTEXT('2D SPACE',''
  ) );
#4605 = PCURVE('',#4196,#4606);
#4606 = DEFINITIONAL_REPRESENTATION('',(#4607),#4633);
#4607 = B_SPLINE_CURVE_WITH_KNOTS('',3,(#4608,#4609,#4610,#4611,#4612,
    #4613,#4614,#4615,#4616,#4617,#4618,#4619,#4620,#4621,#4622,#4623,
    #4624,#4625,#4626,#4627,#4628,#4629,#4630,#4631,#4632),
  .UNSPECIFIED.,.F.,.F.,(4,1,1,1,1,1,1,1,1,1,1,1,1,1,1,1,1,1,1,1,1,1,4),
  (-1.4342394157,-1.419879947681,-1.405520479663,-1.391161011645,
    -1.376801543626,-1.362442075608,-1.34808260759,-1.333723139572,
    -1.319363671553,-1.305004203535,-1.290644735517,-1.276285267498,
    -1.26192579948,-1.247566331462,-1.233206863443,-1.218847395425,
    -1.204487927407,-1.190128459389,-1.17576899137,-1.161409523352,
    -1.147050055334,-1.132690587315,-1.118331119297),
  .QUASI_UNIFORM_KNOTS.);
#4608 = CARTESIAN_POINT('',(1.524221340299,1.374999999839));
#4609 = CARTESIAN_POINT('',(1.516279421269,1.393649947509));
#4610 = CARTESIAN_POINT('',(1.500205634867,1.428221315944));
#4611 = CARTESIAN_POINT('',(1.475610271562,1.472539279144));
#4612 = CARTESIAN_POINT('',(1.450615191323,1.509964976658));
#4613 = CARTESIAN_POINT('',(1.425306041847,1.541144068493));
#4614 = CARTESIAN_POINT('',(1.399769154415,1.566726537188));
#4615 = CARTESIAN_POINT('',(1.374087561104,1.587346238918));
#4616 = CARTESIAN_POINT('',(1.348353471487,1.60369721278));
#4617 = CARTESIAN_POINT('',(1.322589551974,1.616079923576));
#4618 = CARTESIAN_POINT('',(1.296792697023,1.624648999144));
#4619 = CARTESIAN_POINT('',(1.270965692806,1.629593818457));
#4620 = CARTESIAN_POINT('',(1.245108673785,1.631099778906));
#4621 = CARTESIAN_POINT('',(1.219223168709,1.629333453078));
#4622 = CARTESIAN_POINT('',(1.193304131939,1.624540694345));
#4623 = CARTESIAN_POINT('',(1.167371447287,1.616614078578));
#4624 = CARTESIAN_POINT('',(1.141481596546,1.604963661721));
#4625 = CARTESIAN_POINT('',(1.11568610093,1.589093871133));
#4626 = CARTESIAN_POINT('',(1.090039644148,1.568483847428));
#4627 = CARTESIAN_POINT('',(1.064597365517,1.542619506783));
#4628 = CARTESIAN_POINT('',(1.039415066097,1.510984949866));
#4629 = CARTESIAN_POINT('',(1.014548622089,1.473064763821));
#4630 = CARTESIAN_POINT('',(0.990053760371,1.428343405398));
#4631 = CARTESIAN_POINT('',(0.974008157759,1.393651379433));
#4632 = CARTESIAN_POINT('',(0.966065619212,1.375));
#4633 = ( GEOMETRIC_REPRESENTATION_CONTEXT(2) 
PARAMETRIC_REPRESENTATION_CONTEXT() REPRESENTATION_CONTEXT('2D SPACE',''
  ) );
#4634 = ORIENTED_EDGE('',*,*,#4268,.F.);
#4635 = ORIENTED_EDGE('',*,*,#4636,.T.);
#4636 = EDGE_CURVE('',#4269,#4530,#4637,.T.);
#4637 = SURFACE_CURVE('',#4638,(#4645,#4652),.PCURVE_S1.);
#4638 = B_SPLINE_CURVE_WITH_KNOTS('',3,(#4639,#4640,#4641,#4642,#4643,
    #4644),.UNSPECIFIED.,.F.,.F.,(4,1,1,4),(1.118331119297,
    1.253720389184,1.343979902442,1.4342394157),.UNSPECIFIED.);
#4639 = CARTESIAN_POINT('',(14.940702090637,-17.0734756747,22.375));
#4640 = CARTESIAN_POINT('',(15.164761061155,-16.74376646156,
    22.249388669128));
#4641 = CARTESIAN_POINT('',(15.632626830482,-16.16007919753,
    22.17818454744));
#4642 = CARTESIAN_POINT('',(16.390955116342,-15.44255197192,
    22.200800208905));
#4643 = CARTESIAN_POINT('',(16.85368640632,-15.09006327084,
    22.291265541187));
#4644 = CARTESIAN_POINT('',(17.073475675012,-14.94070209043,
    22.375000000115));
#4645 = PCURVE('',#4286,#4646);
#4646 = DEFINITIONAL_REPRESENTATION('',(#4647),#4651);
#4647 = LINE('',#4648,#4649);
#4648 = CARTESIAN_POINT('',(1.,4.440892098501E-16));
#4649 = VECTOR('',#4650,1.);
#4650 = DIRECTION('',(8.083082925383E-15,1.));
#4651 = ( GEOMETRIC_REPRESENTATION_CONTEXT(2) 
PARAMETRIC_REPRESENTATION_CONTEXT() REPRESENTATION_CONTEXT('2D SPACE',''
  ) );
#4652 = PCURVE('',#1819,#4653);
#4653 = DEFINITIONAL_REPRESENTATION('',(#4654),#4680);
#4654 = B_SPLINE_CURVE_WITH_KNOTS('',3,(#4655,#4656,#4657,#4658,#4659,
    #4660,#4661,#4662,#4663,#4664,#4665,#4666,#4667,#4668,#4669,#4670,
    #4671,#4672,#4673,#4674,#4675,#4676,#4677,#4678,#4679),
  .UNSPECIFIED.,.F.,.F.,(4,1,1,1,1,1,1,1,1,1,1,1,1,1,1,1,1,1,1,1,1,1,4),
  (1.118331119297,1.132690587315,1.147050055334,1.161409523352,
    1.17576899137,1.190128459389,1.204487927407,1.218847395425,
    1.233206863443,1.247566331462,1.26192579948,1.276285267498,
    1.290644735517,1.305004203535,1.319363671553,1.333723139572,
    1.34808260759,1.362442075608,1.376801543626,1.391161011645,
    1.405520479663,1.419879947681,1.4342394157),.QUASI_UNIFORM_KNOTS.);
#4655 = CARTESIAN_POINT('',(-2.289673126909,0.675131532937));
#4656 = CARTESIAN_POINT('',(-2.291476372173,0.692198986672));
#4657 = CARTESIAN_POINT('',(-2.295143723816,0.724427255364));
#4658 = CARTESIAN_POINT('',(-2.300809482793,0.767276339285));
#4659 = CARTESIAN_POINT('',(-2.306622245861,0.804858206265));
#4660 = CARTESIAN_POINT('',(-2.312563850165,0.837400691123));
#4661 = CARTESIAN_POINT('',(-2.318615868144,0.865115585723));
#4662 = CARTESIAN_POINT('',(-2.324759575442,0.888194858528));
#4663 = CARTESIAN_POINT('',(-2.330976022266,0.906808772426));
#4664 = CARTESIAN_POINT('',(-2.337245915518,0.921111389314));
#4665 = CARTESIAN_POINT('',(-2.343550174797,0.931236642618));
#4666 = CARTESIAN_POINT('',(-2.349868000965,0.937341615054));
#4667 = CARTESIAN_POINT('',(-2.356186375418,0.939444532382));
#4668 = CARTESIAN_POINT('',(-2.362498093211,0.937469557678));
#4669 = CARTESIAN_POINT('',(-2.368794648783,0.931370146738));
#4670 = CARTESIAN_POINT('',(-2.375068039332,0.921095671432));
#4671 = CARTESIAN_POINT('',(-2.381309853527,0.906593963187));
#4672 = CARTESIAN_POINT('',(-2.387513198148,0.887821928002));
#4673 = CARTESIAN_POINT('',(-2.393665563889,0.864697502319));
#4674 = CARTESIAN_POINT('',(-2.399739353094,0.837015590593));
#4675 = CARTESIAN_POINT('',(-2.405709620735,0.804566036559));
#4676 = CARTESIAN_POINT('',(-2.411551142915,0.767109045747));
#4677 = CARTESIAN_POINT('',(-2.417239191916,0.724382247137));
#4678 = CARTESIAN_POINT('',(-2.420912753196,0.692196125126));
#4679 = CARTESIAN_POINT('',(-2.422715853491,0.675131532789));
#4680 = ( GEOMETRIC_REPRESENTATION_CONTEXT(2) 
PARAMETRIC_REPRESENTATION_CONTEXT() REPRESENTATION_CONTEXT('2D SPACE',''
  ) );
#4681 = ADVANCED_FACE('',(#4682),#4697,.F.);
#4682 = FACE_BOUND('',#4683,.F.);
#4683 = EDGE_LOOP('',(#4684,#4724,#4753,#4782));
#4684 = ORIENTED_EDGE('',*,*,#4685,.F.);
#4685 = EDGE_CURVE('',#4686,#4688,#4690,.T.);
#4686 = VERTEX_POINT('',#4687);
#4687 = CARTESIAN_POINT('',(26.433082706767,-6.413434229585,22.75));
#4688 = VERTEX_POINT('',#4689);
#4689 = CARTESIAN_POINT('',(26.45,-6.271961415697,22.75));
#4690 = SURFACE_CURVE('',#4691,(#4696,#4708),.PCURVE_S1.);
#4691 = CIRCLE('',#4692,0.6);
#4692 = AXIS2_PLACEMENT_3D('',#4693,#4694,#4695);
#4693 = CARTESIAN_POINT('',(25.85,-6.271961415697,22.75));
#4694 = DIRECTION('',(0.,0.,1.));
#4695 = DIRECTION('',(0.992926107844,-0.118733922536,0.));
#4696 = PCURVE('',#4697,#4702);
#4697 = TOROIDAL_SURFACE('',#4698,0.6,0.4);
#4698 = AXIS2_PLACEMENT_3D('',#4699,#4700,#4701);
#4699 = CARTESIAN_POINT('',(25.85,-6.271961415697,22.35));
#4700 = DIRECTION('',(0.,0.,-1.));
#4701 = DIRECTION('',(-1.,0.,0.));
#4702 = DEFINITIONAL_REPRESENTATION('',(#4703),#4707);
#4703 = LINE('',#4704,#4705);
#4704 = CARTESIAN_POINT('',(9.543792648228,4.712388980384));
#4705 = VECTOR('',#4706,1.);
#4706 = DIRECTION('',(-1.,3.358243401711E-14));
#4707 = ( GEOMETRIC_REPRESENTATION_CONTEXT(2) 
PARAMETRIC_REPRESENTATION_CONTEXT() REPRESENTATION_CONTEXT('2D SPACE',''
  ) );
#4708 = PCURVE('',#4709,#4714);
#4709 = PLANE('',#4710);
#4710 = AXIS2_PLACEMENT_3D('',#4711,#4712,#4713);
#4711 = CARTESIAN_POINT('',(2.6645352591E-14,0.,22.75));
#4712 = DIRECTION('',(0.,0.,-1.));
#4713 = DIRECTION('',(1.,0.,0.));
#4714 = DEFINITIONAL_REPRESENTATION('',(#4715),#4723);
#4715 = ( BOUNDED_CURVE() B_SPLINE_CURVE(2,(#4716,#4717,#4718,#4719,
#4720,#4721,#4722),.UNSPECIFIED.,.T.,.F.) B_SPLINE_CURVE_WITH_KNOTS((1,2
    ,2,2,2,1),(-2.094395102393,0.,2.094395102393,4.188790204786,
6.28318530718,8.377580409573),.UNSPECIFIED.) CURVE() 
GEOMETRIC_REPRESENTATION_ITEM() RATIONAL_B_SPLINE_CURVE((1.,0.5,1.,0.5,
1.,0.5,1.)) REPRESENTATION_ITEM('') );
#4716 = CARTESIAN_POINT('',(26.445755664707,6.343201769219));
#4717 = CARTESIAN_POINT('',(26.569147576556,5.31132268905));
#4718 = CARTESIAN_POINT('',(25.613818123571,5.720401698852));
#4719 = CARTESIAN_POINT('',(24.658488670587,6.129480708654));
#4720 = CARTESIAN_POINT('',(25.490426211722,6.752280779021));
#4721 = CARTESIAN_POINT('',(26.322363752858,7.375080849388));
#4722 = CARTESIAN_POINT('',(26.445755664707,6.343201769219));
#4723 = ( GEOMETRIC_REPRESENTATION_CONTEXT(2) 
PARAMETRIC_REPRESENTATION_CONTEXT() REPRESENTATION_CONTEXT('2D SPACE',''
  ) );
#4724 = ORIENTED_EDGE('',*,*,#4725,.T.);
#4725 = EDGE_CURVE('',#4686,#4726,#4728,.T.);
#4726 = VERTEX_POINT('',#4727);
#4727 = CARTESIAN_POINT('',(26.821804511278,-6.507749438844,22.35));
#4728 = SURFACE_CURVE('',#4729,(#4734,#4741),.PCURVE_S1.);
#4729 = CIRCLE('',#4730,0.4);
#4730 = AXIS2_PLACEMENT_3D('',#4731,#4732,#4733);
#4731 = CARTESIAN_POINT('',(26.433082706767,-6.413434229585,22.35));
#4732 = DIRECTION('',(0.235788023147,0.971804511278,0.));
#4733 = DIRECTION('',(0.,-0.,1.));
#4734 = PCURVE('',#4697,#4735);
#4735 = DEFINITIONAL_REPRESENTATION('',(#4736),#4740);
#4736 = LINE('',#4737,#4738);
#4737 = CARTESIAN_POINT('',(3.379622028507,4.712388980385));
#4738 = VECTOR('',#4739,1.);
#4739 = DIRECTION('',(-3.675307631913E-15,1.));
#4740 = ( GEOMETRIC_REPRESENTATION_CONTEXT(2) 
PARAMETRIC_REPRESENTATION_CONTEXT() REPRESENTATION_CONTEXT('2D SPACE',''
  ) );
#4741 = PCURVE('',#4742,#4747);
#4742 = TOROIDAL_SURFACE('',#4743,27.2,0.4);
#4743 = AXIS2_PLACEMENT_3D('',#4744,#4745,#4746);
#4744 = CARTESIAN_POINT('',(0.,0.,22.35));
#4745 = DIRECTION('',(0.,0.,1.));
#4746 = DIRECTION('',(1.,0.,-0.));
#4747 = DEFINITIONAL_REPRESENTATION('',(#4748),#4752);
#4748 = LINE('',#4749,#4750);
#4749 = CARTESIAN_POINT('',(6.045155932262,1.570796326795));
#4750 = VECTOR('',#4751,1.);
#4751 = DIRECTION('',(0.,-1.));
#4752 = ( GEOMETRIC_REPRESENTATION_CONTEXT(2) 
PARAMETRIC_REPRESENTATION_CONTEXT() REPRESENTATION_CONTEXT('2D SPACE',''
  ) );
#4753 = ORIENTED_EDGE('',*,*,#4754,.F.);
#4754 = EDGE_CURVE('',#4755,#4726,#4757,.T.);
#4755 = VERTEX_POINT('',#4756);
#4756 = CARTESIAN_POINT('',(26.85,-6.271961415697,22.35));
#4757 = SURFACE_CURVE('',#4758,(#4763,#4770),.PCURVE_S1.);
#4758 = CIRCLE('',#4759,1.);
#4759 = AXIS2_PLACEMENT_3D('',#4760,#4761,#4762);
#4760 = CARTESIAN_POINT('',(25.85,-6.271961415697,22.35));
#4761 = DIRECTION('',(0.,0.,-1.));
#4762 = DIRECTION('',(0.992926107844,-0.118733922536,0.));
#4763 = PCURVE('',#4697,#4764);
#4764 = DEFINITIONAL_REPRESENTATION('',(#4765),#4769);
#4765 = LINE('',#4766,#4767);
#4766 = CARTESIAN_POINT('',(-3.022577966131,6.28318530718));
#4767 = VECTOR('',#4768,1.);
#4768 = DIRECTION('',(1.,0.));
#4769 = ( GEOMETRIC_REPRESENTATION_CONTEXT(2) 
PARAMETRIC_REPRESENTATION_CONTEXT() REPRESENTATION_CONTEXT('2D SPACE',''
  ) );
#4770 = PCURVE('',#4771,#4776);
#4771 = CYLINDRICAL_SURFACE('',#4772,1.);
#4772 = AXIS2_PLACEMENT_3D('',#4773,#4774,#4775);
#4773 = CARTESIAN_POINT('',(25.85,-6.271961415697,23.5));
#4774 = DIRECTION('',(0.,0.,-1.));
#4775 = DIRECTION('',(0.992926107844,-0.118733922536,0.));
#4776 = DEFINITIONAL_REPRESENTATION('',(#4777),#4781);
#4777 = LINE('',#4778,#4779);
#4778 = CARTESIAN_POINT('',(-1.7763568394E-15,1.15));
#4779 = VECTOR('',#4780,1.);
#4780 = DIRECTION('',(1.,0.));
#4781 = ( GEOMETRIC_REPRESENTATION_CONTEXT(2) 
PARAMETRIC_REPRESENTATION_CONTEXT() REPRESENTATION_CONTEXT('2D SPACE',''
  ) );
#4782 = ORIENTED_EDGE('',*,*,#4783,.T.);
#4783 = EDGE_CURVE('',#4755,#4688,#4784,.T.);
#4784 = SURFACE_CURVE('',#4785,(#4790,#4797),.PCURVE_S1.);
#4785 = CIRCLE('',#4786,0.4);
#4786 = AXIS2_PLACEMENT_3D('',#4787,#4788,#4789);
#4787 = CARTESIAN_POINT('',(26.45,-6.271961415697,22.35));
#4788 = DIRECTION('',(0.,-1.,0.));
#4789 = DIRECTION('',(1.,0.,0.));
#4790 = PCURVE('',#4697,#4791);
#4791 = DEFINITIONAL_REPRESENTATION('',(#4792),#4796);
#4792 = LINE('',#4793,#4794);
#4793 = CARTESIAN_POINT('',(3.14159265359,6.28318530718));
#4794 = VECTOR('',#4795,1.);
#4795 = DIRECTION('',(0.,-1.));
#4796 = ( GEOMETRIC_REPRESENTATION_CONTEXT(2) 
PARAMETRIC_REPRESENTATION_CONTEXT() REPRESENTATION_CONTEXT('2D SPACE',''
  ) );
#4797 = PCURVE('',#4798,#4803);
#4798 = CYLINDRICAL_SURFACE('',#4799,0.4);
#4799 = AXIS2_PLACEMENT_3D('',#4800,#4801,#4802);
#4800 = CARTESIAN_POINT('',(26.45,3.253363643984,22.35));
#4801 = DIRECTION('',(0.,1.,0.));
#4802 = DIRECTION('',(0.707106781187,-0.,0.707106781187));
#4803 = DEFINITIONAL_REPRESENTATION('',(#4804),#4808);
#4804 = LINE('',#4805,#4806);
#4805 = CARTESIAN_POINT('',(7.068583470577,-9.525325059682));
#4806 = VECTOR('',#4807,1.);
#4807 = DIRECTION('',(-1.,0.));
#4808 = ( GEOMETRIC_REPRESENTATION_CONTEXT(2) 
PARAMETRIC_REPRESENTATION_CONTEXT() REPRESENTATION_CONTEXT('2D SPACE',''
  ) );
#4809 = ADVANCED_FACE('',(#4810),#4771,.F.);
#4810 = FACE_BOUND('',#4811,.F.);
#4811 = EDGE_LOOP('',(#4812,#4840,#4841,#4869));
#4812 = ORIENTED_EDGE('',*,*,#4813,.F.);
#4813 = EDGE_CURVE('',#4755,#4814,#4816,.T.);
#4814 = VERTEX_POINT('',#4815);
#4815 = CARTESIAN_POINT('',(26.85,-6.271961415697,20.757510160843));
#4816 = SURFACE_CURVE('',#4817,(#4821,#4828),.PCURVE_S1.);
#4817 = LINE('',#4818,#4819);
#4818 = CARTESIAN_POINT('',(26.85,-6.271961415697,23.5));
#4819 = VECTOR('',#4820,1.);
#4820 = DIRECTION('',(0.,0.,-1.));
#4821 = PCURVE('',#4771,#4822);
#4822 = DEFINITIONAL_REPRESENTATION('',(#4823),#4827);
#4823 = LINE('',#4824,#4825);
#4824 = CARTESIAN_POINT('',(6.164170619721,0.));
#4825 = VECTOR('',#4826,1.);
#4826 = DIRECTION('',(0.,1.));
#4827 = ( GEOMETRIC_REPRESENTATION_CONTEXT(2) 
PARAMETRIC_REPRESENTATION_CONTEXT() REPRESENTATION_CONTEXT('2D SPACE',''
  ) );
#4828 = PCURVE('',#4829,#4834);
#4829 = PLANE('',#4830);
#4830 = AXIS2_PLACEMENT_3D('',#4831,#4832,#4833);
#4831 = CARTESIAN_POINT('',(26.85,6.506727287969,23.5));
#4832 = DIRECTION('',(1.,0.,0.));
#4833 = DIRECTION('',(0.,-1.,0.));
#4834 = DEFINITIONAL_REPRESENTATION('',(#4835),#4839);
#4835 = LINE('',#4836,#4837);
#4836 = CARTESIAN_POINT('',(12.778688703666,0.));
#4837 = VECTOR('',#4838,1.);
#4838 = DIRECTION('',(0.,1.));
#4839 = ( GEOMETRIC_REPRESENTATION_CONTEXT(2) 
PARAMETRIC_REPRESENTATION_CONTEXT() REPRESENTATION_CONTEXT('2D SPACE',''
  ) );
#4840 = ORIENTED_EDGE('',*,*,#4754,.T.);
#4841 = ORIENTED_EDGE('',*,*,#4842,.F.);
#4842 = EDGE_CURVE('',#4843,#4726,#4845,.T.);
#4843 = VERTEX_POINT('',#4844);
#4844 = CARTESIAN_POINT('',(26.821804511278,-6.507749438844,
    20.757510160843));
#4845 = SURFACE_CURVE('',#4846,(#4850,#4857),.PCURVE_S1.);
#4846 = LINE('',#4847,#4848);
#4847 = CARTESIAN_POINT('',(26.821804511278,-6.507749438844,23.5));
#4848 = VECTOR('',#4849,1.);
#4849 = DIRECTION('',(0.,0.,1.));
#4850 = PCURVE('',#4771,#4851);
#4851 = DEFINITIONAL_REPRESENTATION('',(#4852),#4856);
#4852 = LINE('',#4853,#4854);
#4853 = CARTESIAN_POINT('',(6.402199994638,0.));
#4854 = VECTOR('',#4855,1.);
#4855 = DIRECTION('',(0.,-1.));
#4856 = ( GEOMETRIC_REPRESENTATION_CONTEXT(2) 
PARAMETRIC_REPRESENTATION_CONTEXT() REPRESENTATION_CONTEXT('2D SPACE',''
  ) );
#4857 = PCURVE('',#4858,#4863);
#4858 = CYLINDRICAL_SURFACE('',#4859,27.6);
#4859 = AXIS2_PLACEMENT_3D('',#4860,#4861,#4862);
#4860 = CARTESIAN_POINT('',(0.,0.,23.5));
#4861 = DIRECTION('',(0.,0.,-1.));
#4862 = DIRECTION('',(1.,0.,0.));
#4863 = DEFINITIONAL_REPRESENTATION('',(#4864),#4868);
#4864 = LINE('',#4865,#4866);
#4865 = CARTESIAN_POINT('',(0.238029374917,0.));
#4866 = VECTOR('',#4867,1.);
#4867 = DIRECTION('',(0.,-1.));
#4868 = ( GEOMETRIC_REPRESENTATION_CONTEXT(2) 
PARAMETRIC_REPRESENTATION_CONTEXT() REPRESENTATION_CONTEXT('2D SPACE',''
  ) );
#4869 = ORIENTED_EDGE('',*,*,#4870,.F.);
#4870 = EDGE_CURVE('',#4814,#4843,#4871,.T.);
#4871 = SURFACE_CURVE('',#4872,(#4877,#4884),.PCURVE_S1.);
#4872 = CIRCLE('',#4873,1.);
#4873 = AXIS2_PLACEMENT_3D('',#4874,#4875,#4876);
#4874 = CARTESIAN_POINT('',(25.85,-6.271961415697,20.757510160843));
#4875 = DIRECTION('',(2.359223927328E-16,-2.775557561563E-17,-1.));
#4876 = DIRECTION('',(0.992926107844,-0.118733922536,2.375490315347E-16)
  );
#4877 = PCURVE('',#4771,#4878);
#4878 = DEFINITIONAL_REPRESENTATION('',(#4879),#4883);
#4879 = LINE('',#4880,#4881);
#4880 = CARTESIAN_POINT('',(-1.7763568394E-15,2.742489839157));
#4881 = VECTOR('',#4882,1.);
#4882 = DIRECTION('',(1.,0.));
#4883 = ( GEOMETRIC_REPRESENTATION_CONTEXT(2) 
PARAMETRIC_REPRESENTATION_CONTEXT() REPRESENTATION_CONTEXT('2D SPACE',''
  ) );
#4884 = PCURVE('',#228,#4885);
#4885 = DEFINITIONAL_REPRESENTATION('',(#4886),#4890);
#4886 = CIRCLE('',#4887,1.);
#4887 = AXIS2_PLACEMENT_2D('',#4888,#4889);
#4888 = CARTESIAN_POINT('',(-25.85,-6.271961415697));
#4889 = DIRECTION('',(-0.992926107844,-0.118733922536));
#4890 = ( GEOMETRIC_REPRESENTATION_CONTEXT(2) 
PARAMETRIC_REPRESENTATION_CONTEXT() REPRESENTATION_CONTEXT('2D SPACE',''
  ) );
#4891 = ADVANCED_FACE('',(#4892),#4907,.F.);
#4892 = FACE_BOUND('',#4893,.F.);
#4893 = EDGE_LOOP('',(#4894,#4925,#4959,#4983));
#4894 = ORIENTED_EDGE('',*,*,#4895,.F.);
#4895 = EDGE_CURVE('',#4896,#4898,#4900,.T.);
#4896 = VERTEX_POINT('',#4897);
#4897 = CARTESIAN_POINT('',(22.285157395522,-15.38474749578,22.35));
#4898 = VERTEX_POINT('',#4899);
#4899 = CARTESIAN_POINT('',(18.397972852605,-15.10551238442,22.35));
#4900 = SURFACE_CURVE('',#4901,(#4906,#4918),.PCURVE_S1.);
#4901 = CIRCLE('',#4902,5.15);
#4902 = AXIS2_PLACEMENT_3D('',#4903,#4904,#4905);
#4903 = CARTESIAN_POINT('',(20.,-20.,22.35));
#4904 = DIRECTION('',(0.,0.,1.));
#4905 = DIRECTION('',(1.34894895748E-03,0.999999090168,-0.));
#4906 = PCURVE('',#4907,#4912);
#4907 = TOROIDAL_SURFACE('',#4908,5.55,0.4);
#4908 = AXIS2_PLACEMENT_3D('',#4909,#4910,#4911);
#4909 = CARTESIAN_POINT('',(20.,-20.,22.35));
#4910 = DIRECTION('',(0.,0.,-1.));
#4911 = DIRECTION('',(-1.,0.,0.));
#4912 = DEFINITIONAL_REPRESENTATION('',(#4913),#4917);
#4913 = LINE('',#4914,#4915);
#4914 = CARTESIAN_POINT('',(7.855330583341,3.14159265359));
#4915 = VECTOR('',#4916,1.);
#4916 = DIRECTION('',(-1.,1.14446041627E-15));
#4917 = ( GEOMETRIC_REPRESENTATION_CONTEXT(2) 
PARAMETRIC_REPRESENTATION_CONTEXT() REPRESENTATION_CONTEXT('2D SPACE',''
  ) );
#4918 = PCURVE('',#4196,#4919);
#4919 = DEFINITIONAL_REPRESENTATION('',(#4920),#4924);
#4920 = LINE('',#4921,#4922);
#4921 = CARTESIAN_POINT('',(8.315075899665,1.15));
#4922 = VECTOR('',#4923,1.);
#4923 = DIRECTION('',(-1.,0.));
#4924 = ( GEOMETRIC_REPRESENTATION_CONTEXT(2) 
PARAMETRIC_REPRESENTATION_CONTEXT() REPRESENTATION_CONTEXT('2D SPACE',''
  ) );
#4925 = ORIENTED_EDGE('',*,*,#4926,.F.);
#4926 = EDGE_CURVE('',#4927,#4896,#4929,.T.);
#4927 = VERTEX_POINT('',#4928);
#4928 = CARTESIAN_POINT('',(22.462645348573,-15.02628128186,22.75));
#4929 = SURFACE_CURVE('',#4930,(#4935,#4942),.PCURVE_S1.);
#4930 = CIRCLE('',#4931,0.4);
#4931 = AXIS2_PLACEMENT_3D('',#4932,#4933,#4934);
#4932 = CARTESIAN_POINT('',(22.462645348573,-15.02628128186,22.35));
#4933 = DIRECTION('',(0.8961655348,-0.443719882626,0.));
#4934 = DIRECTION('',(0.,0.,1.));
#4935 = PCURVE('',#4907,#4936);
#4936 = DEFINITIONAL_REPRESENTATION('',(#4937),#4941);
#4937 = LINE('',#4938,#4939);
#4938 = CARTESIAN_POINT('',(2.030541643119,4.712388980385));
#4939 = VECTOR('',#4940,1.);
#4940 = DIRECTION('',(2.827159716856E-16,-1.));
#4941 = ( GEOMETRIC_REPRESENTATION_CONTEXT(2) 
PARAMETRIC_REPRESENTATION_CONTEXT() REPRESENTATION_CONTEXT('2D SPACE',''
  ) );
#4942 = PCURVE('',#4943,#4953);
#4943 = ( BOUNDED_SURFACE() B_SPLINE_SURFACE(2,2,(
    (#4944,#4945,#4946)
    ,(#4947,#4948,#4949)
    ,(#4950,#4951,#4952
)),.UNSPECIFIED.,.F.,.F.,.F.) B_SPLINE_SURFACE_WITH_KNOTS((3,3),(3,3),(
    0.,1.570796326795),(-2.030541643119,-0.582233338958),
.PIECEWISE_BEZIER_KNOTS.) GEOMETRIC_REPRESENTATION_ITEM() 
RATIONAL_B_SPLINE_SURFACE((
    (1.,0.749060065874,1.)
    ,(0.707106781187,0.529665452095,0.707106781187)
,(1.,0.749060065874,1.))) REPRESENTATION_ITEM('') SURFACE() );
#4944 = CARTESIAN_POINT('',(22.285157395522,-15.38474749578,22.35));
#4945 = CARTESIAN_POINT('',(22.760722626508,-15.62021487349,22.35));
#4946 = CARTESIAN_POINT('',(23.0525313101,-15.17698257878,22.35));
#4947 = CARTESIAN_POINT('',(22.285157395522,-15.38474749578,22.75));
#4948 = CARTESIAN_POINT('',(22.760722626508,-15.62021487349,22.75));
#4949 = CARTESIAN_POINT('',(23.0525313101,-15.17698257878,22.75));
#4950 = CARTESIAN_POINT('',(22.462645348573,-15.02628128186,22.75));
#4951 = CARTESIAN_POINT('',(22.621167092234,-15.10477040776,22.75));
#4952 = CARTESIAN_POINT('',(22.718436653432,-14.95702630953,22.75));
#4953 = DEFINITIONAL_REPRESENTATION('',(#4954),#4958);
#4954 = LINE('',#4955,#4956);
#4955 = CARTESIAN_POINT('',(1.570796326795,-2.030541643119));
#4956 = VECTOR('',#4957,1.);
#4957 = DIRECTION('',(-1.,3.958023603599E-15));
#4958 = ( GEOMETRIC_REPRESENTATION_CONTEXT(2) 
PARAMETRIC_REPRESENTATION_CONTEXT() REPRESENTATION_CONTEXT('2D SPACE',''
  ) );
#4959 = ORIENTED_EDGE('',*,*,#4960,.F.);
#4960 = EDGE_CURVE('',#4961,#4927,#4963,.T.);
#4961 = VERTEX_POINT('',#4962);
#4962 = CARTESIAN_POINT('',(18.273543559604,-14.72535800651,22.75));
#4963 = SURFACE_CURVE('',#4964,(#4969,#4976),.PCURVE_S1.);
#4964 = CIRCLE('',#4965,5.55);
#4965 = AXIS2_PLACEMENT_3D('',#4966,#4967,#4968);
#4966 = CARTESIAN_POINT('',(20.,-20.,22.75));
#4967 = DIRECTION('',(0.,0.,-1.));
#4968 = DIRECTION('',(1.34894895748E-03,0.999999090168,0.));
#4969 = PCURVE('',#4907,#4970);
#4970 = DEFINITIONAL_REPRESENTATION('',(#4971),#4975);
#4971 = LINE('',#4972,#4973);
#4972 = CARTESIAN_POINT('',(-4.711040031018,4.712388980385));
#4973 = VECTOR('',#4974,1.);
#4974 = DIRECTION('',(1.,-2.28892083254E-15));
#4975 = ( GEOMETRIC_REPRESENTATION_CONTEXT(2) 
PARAMETRIC_REPRESENTATION_CONTEXT() REPRESENTATION_CONTEXT('2D SPACE',''
  ) );
#4976 = PCURVE('',#4709,#4977);
#4977 = DEFINITIONAL_REPRESENTATION('',(#4978),#4982);
#4978 = CIRCLE('',#4979,5.55);
#4979 = AXIS2_PLACEMENT_2D('',#4980,#4981);
#4980 = CARTESIAN_POINT('',(20.,20.));
#4981 = DIRECTION('',(1.34894895748E-03,-0.999999090168));
#4982 = ( GEOMETRIC_REPRESENTATION_CONTEXT(2) 
PARAMETRIC_REPRESENTATION_CONTEXT() REPRESENTATION_CONTEXT('2D SPACE',''
  ) );
#4983 = ORIENTED_EDGE('',*,*,#4984,.F.);
#4984 = EDGE_CURVE('',#4898,#4961,#4985,.T.);
#4985 = SURFACE_CURVE('',#4986,(#4991,#4998),.PCURVE_S1.);
#4986 = CIRCLE('',#4987,0.4);
#4987 = AXIS2_PLACEMENT_3D('',#4988,#4989,#4990);
#4988 = CARTESIAN_POINT('',(18.273543559604,-14.72535800651,22.35));
#4989 = DIRECTION('',(-0.950385944772,-0.311073232504,9.529181477398E-17
    ));
#4990 = DIRECTION('',(0.311073232504,-0.950385944772,2.023110308378E-33)
  );
#4991 = PCURVE('',#4907,#4992);
#4992 = DEFINITIONAL_REPRESENTATION('',(#4993),#4997);
#4993 = LINE('',#4994,#4995);
#4994 = CARTESIAN_POINT('',(1.254474243082,3.14159265359));
#4995 = VECTOR('',#4996,1.);
#4996 = DIRECTION('',(-1.413579858428E-16,1.));
#4997 = ( GEOMETRIC_REPRESENTATION_CONTEXT(2) 
PARAMETRIC_REPRESENTATION_CONTEXT() REPRESENTATION_CONTEXT('2D SPACE',''
  ) );
#4998 = PCURVE('',#4547,#4999);
#4999 = DEFINITIONAL_REPRESENTATION('',(#5000),#5003);
#5000 = B_SPLINE_CURVE_WITH_KNOTS('',1,(#5001,#5002),.UNSPECIFIED.,.F.,
  .F.,(2,2),(0.,1.570796326795),.PIECEWISE_BEZIER_KNOTS.);
#5001 = CARTESIAN_POINT('',(-1.590208288929E-14,0.108493560218));
#5002 = CARTESIAN_POINT('',(1.,0.108493560218));
#5003 = ( GEOMETRIC_REPRESENTATION_CONTEXT(2) 
PARAMETRIC_REPRESENTATION_CONTEXT() REPRESENTATION_CONTEXT('2D SPACE',''
  ) );
#5004 = ADVANCED_FACE('',(#5005),#4943,.T.);
#5005 = FACE_BOUND('',#5006,.T.);
#5006 = EDGE_LOOP('',(#5007,#5033,#5060,#5061));
#5007 = ORIENTED_EDGE('',*,*,#5008,.T.);
#5008 = EDGE_CURVE('',#5009,#5011,#5013,.T.);
#5009 = VERTEX_POINT('',#5010);
#5010 = CARTESIAN_POINT('',(22.718436653432,-14.95702630953,22.75));
#5011 = VERTEX_POINT('',#5012);
#5012 = CARTESIAN_POINT('',(23.0525313101,-15.17698257878,22.35));
#5013 = SURFACE_CURVE('',#5014,(#5019,#5026),.PCURVE_S1.);
#5014 = CIRCLE('',#5015,0.4);
#5015 = AXIS2_PLACEMENT_3D('',#5016,#5017,#5018);
#5016 = CARTESIAN_POINT('',(22.718436653432,-14.95702630953,22.35));
#5017 = DIRECTION('',(0.549890673145,0.83523664167,0.));
#5018 = DIRECTION('',(0.,-0.,1.));
#5019 = PCURVE('',#4943,#5020);
#5020 = DEFINITIONAL_REPRESENTATION('',(#5021),#5025);
#5021 = LINE('',#5022,#5023);
#5022 = CARTESIAN_POINT('',(1.570796326795,-0.582233338958));
#5023 = VECTOR('',#5024,1.);
#5024 = DIRECTION('',(-1.,-7.739349724894E-14));
#5025 = ( GEOMETRIC_REPRESENTATION_CONTEXT(2) 
PARAMETRIC_REPRESENTATION_CONTEXT() REPRESENTATION_CONTEXT('2D SPACE',''
  ) );
#5026 = PCURVE('',#4742,#5027);
#5027 = DEFINITIONAL_REPRESENTATION('',(#5028),#5032);
#5028 = LINE('',#5029,#5030);
#5029 = CARTESIAN_POINT('',(5.700951968222,1.570796326795));
#5030 = VECTOR('',#5031,1.);
#5031 = DIRECTION('',(0.,-1.));
#5032 = ( GEOMETRIC_REPRESENTATION_CONTEXT(2) 
PARAMETRIC_REPRESENTATION_CONTEXT() REPRESENTATION_CONTEXT('2D SPACE',''
  ) );
#5033 = ORIENTED_EDGE('',*,*,#5034,.T.);
#5034 = EDGE_CURVE('',#5011,#4896,#5035,.T.);
#5035 = SURFACE_CURVE('',#5036,(#5041,#5048),.PCURVE_S1.);
#5036 = CIRCLE('',#5037,0.6);
#5037 = AXIS2_PLACEMENT_3D('',#5038,#5039,#5040);
#5038 = CARTESIAN_POINT('',(22.551389325098,-14.8470481749,22.35));
#5039 = DIRECTION('',(0.,0.,-1.));
#5040 = DIRECTION('',(0.261338694239,-0.965247163629,0.));
#5041 = PCURVE('',#4943,#5042);
#5042 = DEFINITIONAL_REPRESENTATION('',(#5043),#5047);
#5043 = LINE('',#5044,#5045);
#5044 = CARTESIAN_POINT('',(2.799900901055E-14,4.976797816141));
#5045 = VECTOR('',#5046,1.);
#5046 = DIRECTION('',(-5.444510964942E-15,-1.));
#5047 = ( GEOMETRIC_REPRESENTATION_CONTEXT(2) 
PARAMETRIC_REPRESENTATION_CONTEXT() REPRESENTATION_CONTEXT('2D SPACE',''
  ) );
#5048 = PCURVE('',#5049,#5054);
#5049 = CYLINDRICAL_SURFACE('',#5050,0.6);
#5050 = AXIS2_PLACEMENT_3D('',#5051,#5052,#5053);
#5051 = CARTESIAN_POINT('',(22.551389325098,-14.8470481749,23.5));
#5052 = DIRECTION('',(0.,0.,-1.));
#5053 = DIRECTION('',(0.83523664167,-0.549890673145,0.));
#5054 = DEFINITIONAL_REPRESENTATION('',(#5055),#5059);
#5055 = LINE('',#5056,#5057);
#5056 = CARTESIAN_POINT('',(-5.559031155099,1.15));
#5057 = VECTOR('',#5058,1.);
#5058 = DIRECTION('',(1.,0.));
#5059 = ( GEOMETRIC_REPRESENTATION_CONTEXT(2) 
PARAMETRIC_REPRESENTATION_CONTEXT() REPRESENTATION_CONTEXT('2D SPACE',''
  ) );
#5060 = ORIENTED_EDGE('',*,*,#4926,.F.);
#5061 = ORIENTED_EDGE('',*,*,#5062,.T.);
#5062 = EDGE_CURVE('',#4927,#5009,#5063,.T.);
#5063 = SURFACE_CURVE('',#5064,(#5069,#5076),.PCURVE_S1.);
#5064 = CIRCLE('',#5065,0.2);
#5065 = AXIS2_PLACEMENT_3D('',#5066,#5067,#5068);
#5066 = CARTESIAN_POINT('',(22.551389325098,-14.8470481749,22.75));
#5067 = DIRECTION('',(0.,0.,1.));
#5068 = DIRECTION('',(0.261338694239,-0.965247163629,0.));
#5069 = PCURVE('',#4943,#5070);
#5070 = DEFINITIONAL_REPRESENTATION('',(#5071),#5075);
#5071 = LINE('',#5072,#5073);
#5072 = CARTESIAN_POINT('',(1.570796326795,-7.589572798218));
#5073 = VECTOR('',#5074,1.);
#5074 = DIRECTION('',(-2.897617186221E-14,1.));
#5075 = ( GEOMETRIC_REPRESENTATION_CONTEXT(2) 
PARAMETRIC_REPRESENTATION_CONTEXT() REPRESENTATION_CONTEXT('2D SPACE',''
  ) );
#5076 = PCURVE('',#4709,#5077);
#5077 = DEFINITIONAL_REPRESENTATION('',(#5078),#5086);
#5078 = ( BOUNDED_CURVE() B_SPLINE_CURVE(2,(#5079,#5080,#5081,#5082,
#5083,#5084,#5085),.UNSPECIFIED.,.T.,.F.) B_SPLINE_CURVE_WITH_KNOTS((1,2
    ,2,2,2,1),(-2.094395102393,0.,2.094395102393,4.188790204786,
6.28318530718,8.377580409573),.UNSPECIFIED.) CURVE() 
GEOMETRIC_REPRESENTATION_ITEM() RATIONAL_B_SPLINE_CURVE((1.,0.5,1.,0.5,
1.,0.5,1.)) REPRESENTATION_ITEM('') );
#5079 = CARTESIAN_POINT('',(22.603657063946,15.040097607628));
#5080 = CARTESIAN_POINT('',(22.938028489799,14.949567228347));
#5081 = CARTESIAN_POINT('',(22.6924411686,14.705258268899));
#5082 = CARTESIAN_POINT('',(22.446853847402,14.460949309451));
#5083 = CARTESIAN_POINT('',(22.358069742747,14.79578864818));
#5084 = CARTESIAN_POINT('',(22.269285638092,15.130627986909));
#5085 = CARTESIAN_POINT('',(22.603657063946,15.040097607628));
#5086 = ( GEOMETRIC_REPRESENTATION_CONTEXT(2) 
PARAMETRIC_REPRESENTATION_CONTEXT() REPRESENTATION_CONTEXT('2D SPACE',''
  ) );
#5087 = ADVANCED_FACE('',(#5088),#4742,.F.);
#5088 = FACE_BOUND('',#5089,.F.);
#5089 = EDGE_LOOP('',(#5090,#5116,#5117,#5139));
#5090 = ORIENTED_EDGE('',*,*,#5091,.F.);
#5091 = EDGE_CURVE('',#5009,#4686,#5092,.T.);
#5092 = SURFACE_CURVE('',#5093,(#5098,#5105),.PCURVE_S1.);
#5093 = CIRCLE('',#5094,27.2);
#5094 = AXIS2_PLACEMENT_3D('',#5095,#5096,#5097);
#5095 = CARTESIAN_POINT('',(0.,0.,22.75));
#5096 = DIRECTION('',(0.,0.,1.));
#5097 = DIRECTION('',(0.917937887519,-0.396724129158,0.));
#5098 = PCURVE('',#4742,#5099);
#5099 = DEFINITIONAL_REPRESENTATION('',(#5100),#5104);
#5100 = LINE('',#5101,#5102);
#5101 = CARTESIAN_POINT('',(-0.407945353844,1.570796326795));
#5102 = VECTOR('',#5103,1.);
#5103 = DIRECTION('',(1.,1.612740032964E-14));
#5104 = ( GEOMETRIC_REPRESENTATION_CONTEXT(2) 
PARAMETRIC_REPRESENTATION_CONTEXT() REPRESENTATION_CONTEXT('2D SPACE',''
  ) );
#5105 = PCURVE('',#4709,#5106);
#5106 = DEFINITIONAL_REPRESENTATION('',(#5107),#5115);
#5107 = ( BOUNDED_CURVE() B_SPLINE_CURVE(2,(#5108,#5109,#5110,#5111,
#5112,#5113,#5114),.UNSPECIFIED.,.T.,.F.) B_SPLINE_CURVE_WITH_KNOTS((1,2
    ,2,2,2,1),(-2.094395102393,0.,2.094395102393,4.188790204786,
6.28318530718,8.377580409573),.UNSPECIFIED.) CURVE() 
GEOMETRIC_REPRESENTATION_ITEM() RATIONAL_B_SPLINE_CURVE((1.,0.5,1.,0.5,
1.,0.5,1.)) REPRESENTATION_ITEM('') );
#5108 = CARTESIAN_POINT('',(24.967910540527,10.790896313107));
#5109 = CARTESIAN_POINT('',(43.658291214037,-32.45479330192));
#5110 = CARTESIAN_POINT('',(-3.138764933509,-27.01829296406));
#5111 = CARTESIAN_POINT('',(-49.93582108105,-21.58179262621));
#5112 = CARTESIAN_POINT('',(-21.82914560701,16.22739665096));
#5113 = CARTESIAN_POINT('',(6.277529867017,54.036585928135));
#5114 = CARTESIAN_POINT('',(24.967910540527,10.790896313107));
#5115 = ( GEOMETRIC_REPRESENTATION_CONTEXT(2) 
PARAMETRIC_REPRESENTATION_CONTEXT() REPRESENTATION_CONTEXT('2D SPACE',''
  ) );
#5116 = ORIENTED_EDGE('',*,*,#5008,.T.);
#5117 = ORIENTED_EDGE('',*,*,#5118,.F.);
#5118 = EDGE_CURVE('',#4726,#5011,#5119,.T.);
#5119 = SURFACE_CURVE('',#5120,(#5125,#5132),.PCURVE_S1.);
#5120 = CIRCLE('',#5121,27.6);
#5121 = AXIS2_PLACEMENT_3D('',#5122,#5123,#5124);
#5122 = CARTESIAN_POINT('',(0.,0.,22.35));
#5123 = DIRECTION('',(0.,0.,-1.));
#5124 = DIRECTION('',(0.917937887519,-0.396724129158,0.));
#5125 = PCURVE('',#4742,#5126);
#5126 = DEFINITIONAL_REPRESENTATION('',(#5127),#5131);
#5127 = LINE('',#5128,#5129);
#5128 = CARTESIAN_POINT('',(12.158425260515,0.));
#5129 = VECTOR('',#5130,1.);
#5130 = DIRECTION('',(-1.,0.));
#5131 = ( GEOMETRIC_REPRESENTATION_CONTEXT(2) 
PARAMETRIC_REPRESENTATION_CONTEXT() REPRESENTATION_CONTEXT('2D SPACE',''
  ) );
#5132 = PCURVE('',#4858,#5133);
#5133 = DEFINITIONAL_REPRESENTATION('',(#5134),#5138);
#5134 = LINE('',#5135,#5136);
#5135 = CARTESIAN_POINT('',(-5.875239953336,1.15));
#5136 = VECTOR('',#5137,1.);
#5137 = DIRECTION('',(1.,0.));
#5138 = ( GEOMETRIC_REPRESENTATION_CONTEXT(2) 
PARAMETRIC_REPRESENTATION_CONTEXT() REPRESENTATION_CONTEXT('2D SPACE',''
  ) );
#5139 = ORIENTED_EDGE('',*,*,#4725,.F.);
#5140 = ADVANCED_FACE('',(#5141),#5156,.F.);
#5141 = FACE_BOUND('',#5142,.F.);
#5142 = EDGE_LOOP('',(#5143,#5178,#5202,#5231));
#5143 = ORIENTED_EDGE('',*,*,#5144,.F.);
#5144 = EDGE_CURVE('',#5145,#5147,#5149,.T.);
#5145 = VERTEX_POINT('',#5146);
#5146 = CARTESIAN_POINT('',(26.45,6.271961415697,22.75));
#5147 = VERTEX_POINT('',#5148);
#5148 = CARTESIAN_POINT('',(26.433082706767,6.413434229585,22.75));
#5149 = SURFACE_CURVE('',#5150,(#5155,#5167),.PCURVE_S1.);
#5150 = CIRCLE('',#5151,0.6);
#5151 = AXIS2_PLACEMENT_3D('',#5152,#5153,#5154);
#5152 = CARTESIAN_POINT('',(25.85,6.271961415697,22.75));
#5153 = DIRECTION('',(0.,0.,1.));
#5154 = DIRECTION('',(0.992926107844,0.118733922536,-0.));
#5155 = PCURVE('',#5156,#5161);
#5156 = TOROIDAL_SURFACE('',#5157,0.6,0.4);
#5157 = AXIS2_PLACEMENT_3D('',#5158,#5159,#5160);
#5158 = CARTESIAN_POINT('',(25.85,6.271961415697,22.35));
#5159 = DIRECTION('',(0.,0.,-1.));
#5160 = DIRECTION('',(-1.,0.,0.));
#5161 = DEFINITIONAL_REPRESENTATION('',(#5162),#5166);
#5162 = LINE('',#5163,#5164);
#5163 = CARTESIAN_POINT('',(9.305763273311,4.712388980385));
#5164 = VECTOR('',#5165,1.);
#5165 = DIRECTION('',(-1.,-7.462763114913E-15));
#5166 = ( GEOMETRIC_REPRESENTATION_CONTEXT(2) 
PARAMETRIC_REPRESENTATION_CONTEXT() REPRESENTATION_CONTEXT('2D SPACE',''
  ) );
#5167 = PCURVE('',#4709,#5168);
#5168 = DEFINITIONAL_REPRESENTATION('',(#5169),#5177);
#5169 = ( BOUNDED_CURVE() B_SPLINE_CURVE(2,(#5170,#5171,#5172,#5173,
#5174,#5175,#5176),.UNSPECIFIED.,.T.,.F.) B_SPLINE_CURVE_WITH_KNOTS((1,2
    ,2,2,2,1),(-2.094395102393,0.,2.094395102393,4.188790204786,
6.28318530718,8.377580409573),.UNSPECIFIED.) CURVE() 
GEOMETRIC_REPRESENTATION_ITEM() RATIONAL_B_SPLINE_CURVE((1.,0.5,1.,0.5,
1.,0.5,1.)) REPRESENTATION_ITEM('') );
#5170 = CARTESIAN_POINT('',(26.445755664707,-6.343201769219));
#5171 = CARTESIAN_POINT('',(26.322363752858,-7.375080849388));
#5172 = CARTESIAN_POINT('',(25.490426211722,-6.752280779021));
#5173 = CARTESIAN_POINT('',(24.658488670587,-6.129480708654));
#5174 = CARTESIAN_POINT('',(25.613818123571,-5.720401698852));
#5175 = CARTESIAN_POINT('',(26.569147576556,-5.31132268905));
#5176 = CARTESIAN_POINT('',(26.445755664707,-6.343201769219));
#5177 = ( GEOMETRIC_REPRESENTATION_CONTEXT(2) 
PARAMETRIC_REPRESENTATION_CONTEXT() REPRESENTATION_CONTEXT('2D SPACE',''
  ) );
#5178 = ORIENTED_EDGE('',*,*,#5179,.T.);
#5179 = EDGE_CURVE('',#5145,#5180,#5182,.T.);
#5180 = VERTEX_POINT('',#5181);
#5181 = CARTESIAN_POINT('',(26.85,6.271961415697,22.35));
#5182 = SURFACE_CURVE('',#5183,(#5188,#5195),.PCURVE_S1.);
#5183 = CIRCLE('',#5184,0.4);
#5184 = AXIS2_PLACEMENT_3D('',#5185,#5186,#5187);
#5185 = CARTESIAN_POINT('',(26.45,6.271961415697,22.35));
#5186 = DIRECTION('',(0.,1.,0.));
#5187 = DIRECTION('',(0.,-0.,1.));
#5188 = PCURVE('',#5156,#5189);
#5189 = DEFINITIONAL_REPRESENTATION('',(#5190),#5194);
#5190 = LINE('',#5191,#5192);
#5191 = CARTESIAN_POINT('',(3.14159265359,4.712388980385));
#5192 = VECTOR('',#5193,1.);
#5193 = DIRECTION('',(0.,1.));
#5194 = ( GEOMETRIC_REPRESENTATION_CONTEXT(2) 
PARAMETRIC_REPRESENTATION_CONTEXT() REPRESENTATION_CONTEXT('2D SPACE',''
  ) );
#5195 = PCURVE('',#4798,#5196);
#5196 = DEFINITIONAL_REPRESENTATION('',(#5197),#5201);
#5197 = LINE('',#5198,#5199);
#5198 = CARTESIAN_POINT('',(5.497787143782,3.018597771713));
#5199 = VECTOR('',#5200,1.);
#5200 = DIRECTION('',(1.,0.));
#5201 = ( GEOMETRIC_REPRESENTATION_CONTEXT(2) 
PARAMETRIC_REPRESENTATION_CONTEXT() REPRESENTATION_CONTEXT('2D SPACE',''
  ) );
#5202 = ORIENTED_EDGE('',*,*,#5203,.F.);
#5203 = EDGE_CURVE('',#5204,#5180,#5206,.T.);
#5204 = VERTEX_POINT('',#5205);
#5205 = CARTESIAN_POINT('',(26.821804511278,6.507749438844,22.35));
#5206 = SURFACE_CURVE('',#5207,(#5212,#5219),.PCURVE_S1.);
#5207 = CIRCLE('',#5208,1.);
#5208 = AXIS2_PLACEMENT_3D('',#5209,#5210,#5211);
#5209 = CARTESIAN_POINT('',(25.85,6.271961415697,22.35));
#5210 = DIRECTION('',(0.,0.,-1.));
#5211 = DIRECTION('',(0.992926107844,0.118733922536,0.));
#5212 = PCURVE('',#5156,#5213);
#5213 = DEFINITIONAL_REPRESENTATION('',(#5214),#5218);
#5214 = LINE('',#5215,#5216);
#5215 = CARTESIAN_POINT('',(-3.260607341049,6.28318530718));
#5216 = VECTOR('',#5217,1.);
#5217 = DIRECTION('',(1.,0.));
#5218 = ( GEOMETRIC_REPRESENTATION_CONTEXT(2) 
PARAMETRIC_REPRESENTATION_CONTEXT() REPRESENTATION_CONTEXT('2D SPACE',''
  ) );
#5219 = PCURVE('',#5220,#5225);
#5220 = CYLINDRICAL_SURFACE('',#5221,1.);
#5221 = AXIS2_PLACEMENT_3D('',#5222,#5223,#5224);
#5222 = CARTESIAN_POINT('',(25.85,6.271961415697,23.5));
#5223 = DIRECTION('',(0.,0.,-1.));
#5224 = DIRECTION('',(0.992926107844,0.118733922536,0.));
#5225 = DEFINITIONAL_REPRESENTATION('',(#5226),#5230);
#5226 = LINE('',#5227,#5228);
#5227 = CARTESIAN_POINT('',(1.7763568394E-15,1.15));
#5228 = VECTOR('',#5229,1.);
#5229 = DIRECTION('',(1.,0.));
#5230 = ( GEOMETRIC_REPRESENTATION_CONTEXT(2) 
PARAMETRIC_REPRESENTATION_CONTEXT() REPRESENTATION_CONTEXT('2D SPACE',''
  ) );
#5231 = ORIENTED_EDGE('',*,*,#5232,.T.);
#5232 = EDGE_CURVE('',#5204,#5147,#5233,.T.);
#5233 = SURFACE_CURVE('',#5234,(#5239,#5246),.PCURVE_S1.);
#5234 = CIRCLE('',#5235,0.4);
#5235 = AXIS2_PLACEMENT_3D('',#5236,#5237,#5238);
#5236 = CARTESIAN_POINT('',(26.433082706767,6.413434229585,22.35));
#5237 = DIRECTION('',(0.235788023147,-0.971804511278,0.));
#5238 = DIRECTION('',(0.971804511278,0.235788023147,0.));
#5239 = PCURVE('',#5156,#5240);
#5240 = DEFINITIONAL_REPRESENTATION('',(#5241),#5245);
#5241 = LINE('',#5242,#5243);
#5242 = CARTESIAN_POINT('',(2.903563278672,6.28318530718));
#5243 = VECTOR('',#5244,1.);
#5244 = DIRECTION('',(-7.350615263827E-15,-1.));
#5245 = ( GEOMETRIC_REPRESENTATION_CONTEXT(2) 
PARAMETRIC_REPRESENTATION_CONTEXT() REPRESENTATION_CONTEXT('2D SPACE',''
  ) );
#5246 = PCURVE('',#5247,#5252);
#5247 = TOROIDAL_SURFACE('',#5248,27.2,0.4);
#5248 = AXIS2_PLACEMENT_3D('',#5249,#5250,#5251);
#5249 = CARTESIAN_POINT('',(-5.666681978065E-15,5.705855277383E-16,22.35
    ));
#5250 = DIRECTION('',(0.,0.,1.));
#5251 = DIRECTION('',(1.,0.,-0.));
#5252 = DEFINITIONAL_REPRESENTATION('',(#5253),#5257);
#5253 = LINE('',#5254,#5255);
#5254 = CARTESIAN_POINT('',(0.238029374917,0.));
#5255 = VECTOR('',#5256,1.);
#5256 = DIRECTION('',(5.300924469106E-17,1.));
#5257 = ( GEOMETRIC_REPRESENTATION_CONTEXT(2) 
PARAMETRIC_REPRESENTATION_CONTEXT() REPRESENTATION_CONTEXT('2D SPACE',''
  ) );
#5258 = ADVANCED_FACE('',(#5259),#5220,.F.);
#5259 = FACE_BOUND('',#5260,.F.);
#5260 = EDGE_LOOP('',(#5261,#5289,#5290,#5313));
#5261 = ORIENTED_EDGE('',*,*,#5262,.F.);
#5262 = EDGE_CURVE('',#5204,#5263,#5265,.T.);
#5263 = VERTEX_POINT('',#5264);
#5264 = CARTESIAN_POINT('',(26.821804511278,6.507749438844,
    20.757510160843));
#5265 = SURFACE_CURVE('',#5266,(#5270,#5277),.PCURVE_S1.);
#5266 = LINE('',#5267,#5268);
#5267 = CARTESIAN_POINT('',(26.821804511278,6.507749438844,23.5));
#5268 = VECTOR('',#5269,1.);
#5269 = DIRECTION('',(0.,0.,-1.));
#5270 = PCURVE('',#5220,#5271);
#5271 = DEFINITIONAL_REPRESENTATION('',(#5272),#5276);
#5272 = LINE('',#5273,#5274);
#5273 = CARTESIAN_POINT('',(6.164170619721,0.));
#5274 = VECTOR('',#5275,1.);
#5275 = DIRECTION('',(0.,1.));
#5276 = ( GEOMETRIC_REPRESENTATION_CONTEXT(2) 
PARAMETRIC_REPRESENTATION_CONTEXT() REPRESENTATION_CONTEXT('2D SPACE',''
  ) );
#5277 = PCURVE('',#5278,#5283);
#5278 = CYLINDRICAL_SURFACE('',#5279,27.6);
#5279 = AXIS2_PLACEMENT_3D('',#5280,#5281,#5282);
#5280 = CARTESIAN_POINT('',(-5.666681978065E-15,5.705855277383E-16,23.5)
  );
#5281 = DIRECTION('',(0.,0.,-1.));
#5282 = DIRECTION('',(0.83523664167,0.549890673145,0.));
#5283 = DEFINITIONAL_REPRESENTATION('',(#5284),#5288);
#5284 = LINE('',#5285,#5286);
#5285 = CARTESIAN_POINT('',(0.34420396404,0.));
#5286 = VECTOR('',#5287,1.);
#5287 = DIRECTION('',(0.,1.));
#5288 = ( GEOMETRIC_REPRESENTATION_CONTEXT(2) 
PARAMETRIC_REPRESENTATION_CONTEXT() REPRESENTATION_CONTEXT('2D SPACE',''
  ) );
#5289 = ORIENTED_EDGE('',*,*,#5203,.T.);
#5290 = ORIENTED_EDGE('',*,*,#5291,.F.);
#5291 = EDGE_CURVE('',#5292,#5180,#5294,.T.);
#5292 = VERTEX_POINT('',#5293);
#5293 = CARTESIAN_POINT('',(26.85,6.271961415697,20.757510160843));
#5294 = SURFACE_CURVE('',#5295,(#5299,#5306),.PCURVE_S1.);
#5295 = LINE('',#5296,#5297);
#5296 = CARTESIAN_POINT('',(26.85,6.271961415697,23.5));
#5297 = VECTOR('',#5298,1.);
#5298 = DIRECTION('',(0.,0.,1.));
#5299 = PCURVE('',#5220,#5300);
#5300 = DEFINITIONAL_REPRESENTATION('',(#5301),#5305);
#5301 = LINE('',#5302,#5303);
#5302 = CARTESIAN_POINT('',(6.402199994638,0.));
#5303 = VECTOR('',#5304,1.);
#5304 = DIRECTION('',(0.,-1.));
#5305 = ( GEOMETRIC_REPRESENTATION_CONTEXT(2) 
PARAMETRIC_REPRESENTATION_CONTEXT() REPRESENTATION_CONTEXT('2D SPACE',''
  ) );
#5306 = PCURVE('',#4829,#5307);
#5307 = DEFINITIONAL_REPRESENTATION('',(#5308),#5312);
#5308 = LINE('',#5309,#5310);
#5309 = CARTESIAN_POINT('',(0.234765872271,0.));
#5310 = VECTOR('',#5311,1.);
#5311 = DIRECTION('',(0.,-1.));
#5312 = ( GEOMETRIC_REPRESENTATION_CONTEXT(2) 
PARAMETRIC_REPRESENTATION_CONTEXT() REPRESENTATION_CONTEXT('2D SPACE',''
  ) );
#5313 = ORIENTED_EDGE('',*,*,#5314,.F.);
#5314 = EDGE_CURVE('',#5263,#5292,#5315,.T.);
#5315 = SURFACE_CURVE('',#5316,(#5321,#5328),.PCURVE_S1.);
#5316 = CIRCLE('',#5317,1.);
#5317 = AXIS2_PLACEMENT_3D('',#5318,#5319,#5320);
#5318 = CARTESIAN_POINT('',(25.85,6.271961415697,20.757510160843));
#5319 = DIRECTION('',(2.359223927328E-16,-2.775557561563E-17,-1.));
#5320 = DIRECTION('',(0.992926107844,0.118733922536,2.309579748045E-16)
  );
#5321 = PCURVE('',#5220,#5322);
#5322 = DEFINITIONAL_REPRESENTATION('',(#5323),#5327);
#5323 = LINE('',#5324,#5325);
#5324 = CARTESIAN_POINT('',(8.881784197001E-16,2.742489839157));
#5325 = VECTOR('',#5326,1.);
#5326 = DIRECTION('',(1.,0.));
#5327 = ( GEOMETRIC_REPRESENTATION_CONTEXT(2) 
PARAMETRIC_REPRESENTATION_CONTEXT() REPRESENTATION_CONTEXT('2D SPACE',''
  ) );
#5328 = PCURVE('',#228,#5329);
#5329 = DEFINITIONAL_REPRESENTATION('',(#5330),#5334);
#5330 = CIRCLE('',#5331,1.);
#5331 = AXIS2_PLACEMENT_2D('',#5332,#5333);
#5332 = CARTESIAN_POINT('',(-25.85,6.271961415697));
#5333 = DIRECTION('',(-0.992926107844,0.118733922536));
#5334 = ( GEOMETRIC_REPRESENTATION_CONTEXT(2) 
PARAMETRIC_REPRESENTATION_CONTEXT() REPRESENTATION_CONTEXT('2D SPACE',''
  ) );
#5335 = ADVANCED_FACE('',(#5336),#4798,.F.);
#5336 = FACE_BOUND('',#5337,.F.);
#5337 = EDGE_LOOP('',(#5338,#5359,#5360,#5381));
#5338 = ORIENTED_EDGE('',*,*,#5339,.F.);
#5339 = EDGE_CURVE('',#4688,#5145,#5340,.T.);
#5340 = SURFACE_CURVE('',#5341,(#5345,#5352),.PCURVE_S1.);
#5341 = LINE('',#5342,#5343);
#5342 = CARTESIAN_POINT('',(26.45,3.253363643984,22.75));
#5343 = VECTOR('',#5344,1.);
#5344 = DIRECTION('',(0.,1.,0.));
#5345 = PCURVE('',#4798,#5346);
#5346 = DEFINITIONAL_REPRESENTATION('',(#5347),#5351);
#5347 = LINE('',#5348,#5349);
#5348 = CARTESIAN_POINT('',(5.497787143782,0.));
#5349 = VECTOR('',#5350,1.);
#5350 = DIRECTION('',(0.,1.));
#5351 = ( GEOMETRIC_REPRESENTATION_CONTEXT(2) 
PARAMETRIC_REPRESENTATION_CONTEXT() REPRESENTATION_CONTEXT('2D SPACE',''
  ) );
#5352 = PCURVE('',#4709,#5353);
#5353 = DEFINITIONAL_REPRESENTATION('',(#5354),#5358);
#5354 = LINE('',#5355,#5356);
#5355 = CARTESIAN_POINT('',(26.45,-3.253363643984));
#5356 = VECTOR('',#5357,1.);
#5357 = DIRECTION('',(0.,-1.));
#5358 = ( GEOMETRIC_REPRESENTATION_CONTEXT(2) 
PARAMETRIC_REPRESENTATION_CONTEXT() REPRESENTATION_CONTEXT('2D SPACE',''
  ) );
#5359 = ORIENTED_EDGE('',*,*,#4783,.F.);
#5360 = ORIENTED_EDGE('',*,*,#5361,.F.);
#5361 = EDGE_CURVE('',#5180,#4755,#5362,.T.);
#5362 = SURFACE_CURVE('',#5363,(#5367,#5374),.PCURVE_S1.);
#5363 = LINE('',#5364,#5365);
#5364 = CARTESIAN_POINT('',(26.85,3.253363643984,22.35));
#5365 = VECTOR('',#5366,1.);
#5366 = DIRECTION('',(0.,-1.,0.));
#5367 = PCURVE('',#4798,#5368);
#5368 = DEFINITIONAL_REPRESENTATION('',(#5369),#5373);
#5369 = LINE('',#5370,#5371);
#5370 = CARTESIAN_POINT('',(7.068583470577,0.));
#5371 = VECTOR('',#5372,1.);
#5372 = DIRECTION('',(0.,-1.));
#5373 = ( GEOMETRIC_REPRESENTATION_CONTEXT(2) 
PARAMETRIC_REPRESENTATION_CONTEXT() REPRESENTATION_CONTEXT('2D SPACE',''
  ) );
#5374 = PCURVE('',#4829,#5375);
#5375 = DEFINITIONAL_REPRESENTATION('',(#5376),#5380);
#5376 = LINE('',#5377,#5378);
#5377 = CARTESIAN_POINT('',(3.253363643984,1.15));
#5378 = VECTOR('',#5379,1.);
#5379 = DIRECTION('',(1.,0.));
#5380 = ( GEOMETRIC_REPRESENTATION_CONTEXT(2) 
PARAMETRIC_REPRESENTATION_CONTEXT() REPRESENTATION_CONTEXT('2D SPACE',''
  ) );
#5381 = ORIENTED_EDGE('',*,*,#5179,.F.);
#5382 = ADVANCED_FACE('',(#5383),#5247,.F.);
#5383 = FACE_BOUND('',#5384,.F.);
#5384 = EDGE_LOOP('',(#5385,#5413,#5414,#5438));
#5385 = ORIENTED_EDGE('',*,*,#5386,.F.);
#5386 = EDGE_CURVE('',#5147,#5387,#5389,.T.);
#5387 = VERTEX_POINT('',#5388);
#5388 = CARTESIAN_POINT('',(22.718436653432,14.957026309531,22.75));
#5389 = SURFACE_CURVE('',#5390,(#5395,#5402),.PCURVE_S1.);
#5390 = CIRCLE('',#5391,27.2);
#5391 = AXIS2_PLACEMENT_3D('',#5392,#5393,#5394);
#5392 = CARTESIAN_POINT('',(-5.666681978065E-15,5.705855277383E-16,22.75
    ));
#5393 = DIRECTION('',(0.,0.,1.));
#5394 = DIRECTION('',(0.917937887519,0.396724129158,-0.));
#5395 = PCURVE('',#5247,#5396);
#5396 = DEFINITIONAL_REPRESENTATION('',(#5397),#5401);
#5397 = LINE('',#5398,#5399);
#5398 = CARTESIAN_POINT('',(-5.875239953336,1.570796326795));
#5399 = VECTOR('',#5400,1.);
#5400 = DIRECTION('',(1.,-3.096460863291E-14));
#5401 = ( GEOMETRIC_REPRESENTATION_CONTEXT(2) 
PARAMETRIC_REPRESENTATION_CONTEXT() REPRESENTATION_CONTEXT('2D SPACE',''
  ) );
#5402 = PCURVE('',#4709,#5403);
#5403 = DEFINITIONAL_REPRESENTATION('',(#5404),#5412);
#5404 = ( BOUNDED_CURVE() B_SPLINE_CURVE(2,(#5405,#5406,#5407,#5408,
#5409,#5410,#5411),.UNSPECIFIED.,.T.,.F.) B_SPLINE_CURVE_WITH_KNOTS((1,2
    ,2,2,2,1),(-2.094395102393,0.,2.094395102393,4.188790204786,
6.28318530718,8.377580409573),.UNSPECIFIED.) CURVE() 
GEOMETRIC_REPRESENTATION_ITEM() RATIONAL_B_SPLINE_CURVE((1.,0.5,1.,0.5,
1.,0.5,1.)) REPRESENTATION_ITEM('') );
#5405 = CARTESIAN_POINT('',(24.967910540527,-10.7908963131));
#5406 = CARTESIAN_POINT('',(6.277529867017,-54.03658592813));
#5407 = CARTESIAN_POINT('',(-21.82914560701,-16.22739665096));
#5408 = CARTESIAN_POINT('',(-49.93582108105,21.581792626215));
#5409 = CARTESIAN_POINT('',(-3.138764933509,27.018292964067));
#5410 = CARTESIAN_POINT('',(43.658291214037,32.45479330192));
#5411 = CARTESIAN_POINT('',(24.967910540527,-10.7908963131));
#5412 = ( GEOMETRIC_REPRESENTATION_CONTEXT(2) 
PARAMETRIC_REPRESENTATION_CONTEXT() REPRESENTATION_CONTEXT('2D SPACE',''
  ) );
#5413 = ORIENTED_EDGE('',*,*,#5232,.F.);
#5414 = ORIENTED_EDGE('',*,*,#5415,.F.);
#5415 = EDGE_CURVE('',#5416,#5204,#5418,.T.);
#5416 = VERTEX_POINT('',#5417);
#5417 = CARTESIAN_POINT('',(23.0525313101,15.176982578789,22.35));
#5418 = SURFACE_CURVE('',#5419,(#5424,#5431),.PCURVE_S1.);
#5419 = CIRCLE('',#5420,27.6);
#5420 = AXIS2_PLACEMENT_3D('',#5421,#5422,#5423);
#5421 = CARTESIAN_POINT('',(-5.666681978065E-15,5.705855277383E-16,22.35
    ));
#5422 = DIRECTION('',(0.,0.,-1.));
#5423 = DIRECTION('',(0.917937887519,0.396724129158,0.));
#5424 = PCURVE('',#5247,#5425);
#5425 = DEFINITIONAL_REPRESENTATION('',(#5426),#5430);
#5426 = LINE('',#5427,#5428);
#5427 = CARTESIAN_POINT('',(6.691130661023,0.));
#5428 = VECTOR('',#5429,1.);
#5429 = DIRECTION('',(-1.,0.));
#5430 = ( GEOMETRIC_REPRESENTATION_CONTEXT(2) 
PARAMETRIC_REPRESENTATION_CONTEXT() REPRESENTATION_CONTEXT('2D SPACE',''
  ) );
#5431 = PCURVE('',#5278,#5432);
#5432 = DEFINITIONAL_REPRESENTATION('',(#5433),#5437);
#5433 = LINE('',#5434,#5435);
#5434 = CARTESIAN_POINT('',(-6.108897322066,1.15));
#5435 = VECTOR('',#5436,1.);
#5436 = DIRECTION('',(1.,0.));
#5437 = ( GEOMETRIC_REPRESENTATION_CONTEXT(2) 
PARAMETRIC_REPRESENTATION_CONTEXT() REPRESENTATION_CONTEXT('2D SPACE',''
  ) );
#5438 = ORIENTED_EDGE('',*,*,#5439,.F.);
#5439 = EDGE_CURVE('',#5387,#5416,#5440,.T.);
#5440 = SURFACE_CURVE('',#5441,(#5446,#5453),.PCURVE_S1.);
#5441 = CIRCLE('',#5442,0.4);
#5442 = AXIS2_PLACEMENT_3D('',#5443,#5444,#5445);
#5443 = CARTESIAN_POINT('',(22.718436653432,14.957026309531,22.35));
#5444 = DIRECTION('',(-0.549890673145,0.83523664167,0.));
#5445 = DIRECTION('',(0.,0.,1.));
#5446 = PCURVE('',#5247,#5447);
#5447 = DEFINITIONAL_REPRESENTATION('',(#5448),#5452);
#5448 = LINE('',#5449,#5450);
#5449 = CARTESIAN_POINT('',(0.582233338958,1.570796326795));
#5450 = VECTOR('',#5451,1.);
#5451 = DIRECTION('',(0.,-1.));
#5452 = ( GEOMETRIC_REPRESENTATION_CONTEXT(2) 
PARAMETRIC_REPRESENTATION_CONTEXT() REPRESENTATION_CONTEXT('2D SPACE',''
  ) );
#5453 = PCURVE('',#5454,#5464);
#5454 = ( BOUNDED_SURFACE() B_SPLINE_SURFACE(2,2,(
    (#5455,#5456,#5457)
    ,(#5458,#5459,#5460)
    ,(#5461,#5462,#5463
)),.UNSPECIFIED.,.F.,.F.,.F.) B_SPLINE_SURFACE_WITH_KNOTS((3,3),(3,3),(
    0.,1.570796326795),(0.582233338958,2.030541643119),
.PIECEWISE_BEZIER_KNOTS.) GEOMETRIC_REPRESENTATION_ITEM() 
RATIONAL_B_SPLINE_SURFACE((
    (1.,0.749060065874,1.)
    ,(0.707106781187,0.529665452095,0.707106781187)
,(1.,0.749060065874,1.))) REPRESENTATION_ITEM('') SURFACE() );
#5455 = CARTESIAN_POINT('',(23.0525313101,15.176982578789,22.35));
#5456 = CARTESIAN_POINT('',(22.760722626508,15.620214873492,22.35));
#5457 = CARTESIAN_POINT('',(22.285157395522,15.384747495782,22.35));
#5458 = CARTESIAN_POINT('',(23.0525313101,15.176982578789,22.75));
#5459 = CARTESIAN_POINT('',(22.760722626508,15.620214873492,22.75));
#5460 = CARTESIAN_POINT('',(22.285157395522,15.384747495782,22.75));
#5461 = CARTESIAN_POINT('',(22.718436653432,14.957026309531,22.75));
#5462 = CARTESIAN_POINT('',(22.621167092234,15.104770407766,22.75));
#5463 = CARTESIAN_POINT('',(22.462645348573,15.026281281862,22.75));
#5464 = DEFINITIONAL_REPRESENTATION('',(#5465),#5469);
#5465 = LINE('',#5466,#5467);
#5466 = CARTESIAN_POINT('',(1.570796326795,0.582233338958));
#5467 = VECTOR('',#5468,1.);
#5468 = DIRECTION('',(-1.,-9.958670102627E-14));
#5469 = ( GEOMETRIC_REPRESENTATION_CONTEXT(2) 
PARAMETRIC_REPRESENTATION_CONTEXT() REPRESENTATION_CONTEXT('2D SPACE',''
  ) );
#5470 = ADVANCED_FACE('',(#5471),#5454,.T.);
#5471 = FACE_BOUND('',#5472,.T.);
#5472 = EDGE_LOOP('',(#5473,#5504,#5531,#5532));
#5473 = ORIENTED_EDGE('',*,*,#5474,.T.);
#5474 = EDGE_CURVE('',#5475,#5477,#5479,.T.);
#5475 = VERTEX_POINT('',#5476);
#5476 = CARTESIAN_POINT('',(22.462645348573,15.026281281862,22.75));
#5477 = VERTEX_POINT('',#5478);
#5478 = CARTESIAN_POINT('',(22.285157395522,15.384747495782,22.35));
#5479 = SURFACE_CURVE('',#5480,(#5485,#5492),.PCURVE_S1.);
#5480 = CIRCLE('',#5481,0.4);
#5481 = AXIS2_PLACEMENT_3D('',#5482,#5483,#5484);
#5482 = CARTESIAN_POINT('',(22.462645348573,15.026281281862,22.35));
#5483 = DIRECTION('',(-0.8961655348,-0.443719882626,0.));
#5484 = DIRECTION('',(0.,0.,1.));
#5485 = PCURVE('',#5454,#5486);
#5486 = DEFINITIONAL_REPRESENTATION('',(#5487),#5491);
#5487 = LINE('',#5488,#5489);
#5488 = CARTESIAN_POINT('',(1.570796326795,2.030541643119));
#5489 = VECTOR('',#5490,1.);
#5490 = DIRECTION('',(-1.,1.023431817502E-13));
#5491 = ( GEOMETRIC_REPRESENTATION_CONTEXT(2) 
PARAMETRIC_REPRESENTATION_CONTEXT() REPRESENTATION_CONTEXT('2D SPACE',''
  ) );
#5492 = PCURVE('',#5493,#5498);
#5493 = TOROIDAL_SURFACE('',#5494,5.55,0.4);
#5494 = AXIS2_PLACEMENT_3D('',#5495,#5496,#5497);
#5495 = CARTESIAN_POINT('',(20.,20.,22.35));
#5496 = DIRECTION('',(0.,0.,-1.));
#5497 = DIRECTION('',(-1.,0.,0.));
#5498 = DEFINITIONAL_REPRESENTATION('',(#5499),#5503);
#5499 = LINE('',#5500,#5501);
#5500 = CARTESIAN_POINT('',(4.252643664061,4.712388980385));
#5501 = VECTOR('',#5502,1.);
#5502 = DIRECTION('',(5.654319433713E-16,-1.));
#5503 = ( GEOMETRIC_REPRESENTATION_CONTEXT(2) 
PARAMETRIC_REPRESENTATION_CONTEXT() REPRESENTATION_CONTEXT('2D SPACE',''
  ) );
#5504 = ORIENTED_EDGE('',*,*,#5505,.T.);
#5505 = EDGE_CURVE('',#5477,#5416,#5506,.T.);
#5506 = SURFACE_CURVE('',#5507,(#5512,#5519),.PCURVE_S1.);
#5507 = CIRCLE('',#5508,0.6);
#5508 = AXIS2_PLACEMENT_3D('',#5509,#5510,#5511);
#5509 = CARTESIAN_POINT('',(22.551389325098,14.847048174902,22.35));
#5510 = DIRECTION('',(0.,0.,-1.));
#5511 = DIRECTION('',(0.261338694239,0.965247163629,0.));
#5512 = PCURVE('',#5454,#5513);
#5513 = DEFINITIONAL_REPRESENTATION('',(#5514),#5518);
#5514 = LINE('',#5515,#5516);
#5515 = CARTESIAN_POINT('',(2.249487973145E-14,7.589572798218));
#5516 = VECTOR('',#5517,1.);
#5517 = DIRECTION('',(-5.718039688594E-15,-1.));
#5518 = ( GEOMETRIC_REPRESENTATION_CONTEXT(2) 
PARAMETRIC_REPRESENTATION_CONTEXT() REPRESENTATION_CONTEXT('2D SPACE',''
  ) );
#5519 = PCURVE('',#5520,#5525);
#5520 = CYLINDRICAL_SURFACE('',#5521,0.6);
#5521 = AXIS2_PLACEMENT_3D('',#5522,#5523,#5524);
#5522 = CARTESIAN_POINT('',(22.551389325098,14.847048174902,23.5));
#5523 = DIRECTION('',(0.,0.,-1.));
#5524 = DIRECTION('',(-0.443719882626,0.8961655348,0.));
#5525 = DEFINITIONAL_REPRESENTATION('',(#5526),#5530);
#5526 = LINE('',#5527,#5528);
#5527 = CARTESIAN_POINT('',(-5.559031155099,1.15));
#5528 = VECTOR('',#5529,1.);
#5529 = DIRECTION('',(1.,0.));
#5530 = ( GEOMETRIC_REPRESENTATION_CONTEXT(2) 
PARAMETRIC_REPRESENTATION_CONTEXT() REPRESENTATION_CONTEXT('2D SPACE',''
  ) );
#5531 = ORIENTED_EDGE('',*,*,#5439,.F.);
#5532 = ORIENTED_EDGE('',*,*,#5533,.T.);
#5533 = EDGE_CURVE('',#5387,#5475,#5534,.T.);
#5534 = SURFACE_CURVE('',#5535,(#5540,#5547),.PCURVE_S1.);
#5535 = CIRCLE('',#5536,0.2);
#5536 = AXIS2_PLACEMENT_3D('',#5537,#5538,#5539);
#5537 = CARTESIAN_POINT('',(22.551389325098,14.847048174902,22.75));
#5538 = DIRECTION('',(0.,0.,1.));
#5539 = DIRECTION('',(0.261338694239,0.965247163629,-0.));
#5540 = PCURVE('',#5454,#5541);
#5541 = DEFINITIONAL_REPRESENTATION('',(#5542),#5546);
#5542 = LINE('',#5543,#5544);
#5543 = CARTESIAN_POINT('',(1.570796326794,-4.976797816142));
#5544 = VECTOR('',#5545,1.);
#5545 = DIRECTION('',(1.201974536506E-13,1.));
#5546 = ( GEOMETRIC_REPRESENTATION_CONTEXT(2) 
PARAMETRIC_REPRESENTATION_CONTEXT() REPRESENTATION_CONTEXT('2D SPACE',''
  ) );
#5547 = PCURVE('',#4709,#5548);
#5548 = DEFINITIONAL_REPRESENTATION('',(#5549),#5557);
#5549 = ( BOUNDED_CURVE() B_SPLINE_CURVE(2,(#5550,#5551,#5552,#5553,
#5554,#5555,#5556),.UNSPECIFIED.,.T.,.F.) B_SPLINE_CURVE_WITH_KNOTS((1,2
    ,2,2,2,1),(-2.094395102393,0.,2.094395102393,4.188790204786,
6.28318530718,8.377580409573),.UNSPECIFIED.) CURVE() 
GEOMETRIC_REPRESENTATION_ITEM() RATIONAL_B_SPLINE_CURVE((1.,0.5,1.,0.5,
1.,0.5,1.)) REPRESENTATION_ITEM('') );
#5550 = CARTESIAN_POINT('',(22.603657063946,-15.04009760762));
#5551 = CARTESIAN_POINT('',(22.269285638092,-15.1306279869));
#5552 = CARTESIAN_POINT('',(22.358069742747,-14.79578864818));
#5553 = CARTESIAN_POINT('',(22.446853847402,-14.46094930945));
#5554 = CARTESIAN_POINT('',(22.6924411686,-14.70525826889));
#5555 = CARTESIAN_POINT('',(22.938028489799,-14.94956722834));
#5556 = CARTESIAN_POINT('',(22.603657063946,-15.04009760762));
#5557 = ( GEOMETRIC_REPRESENTATION_CONTEXT(2) 
PARAMETRIC_REPRESENTATION_CONTEXT() REPRESENTATION_CONTEXT('2D SPACE',''
  ) );
#5558 = ADVANCED_FACE('',(#5559),#5493,.F.);
#5559 = FACE_BOUND('',#5560,.F.);
#5560 = EDGE_LOOP('',(#5561,#5585,#5586,#5615));
#5561 = ORIENTED_EDGE('',*,*,#5562,.F.);
#5562 = EDGE_CURVE('',#5475,#5563,#5565,.T.);
#5563 = VERTEX_POINT('',#5564);
#5564 = CARTESIAN_POINT('',(18.273543559604,14.725358006517,22.75));
#5565 = SURFACE_CURVE('',#5566,(#5571,#5578),.PCURVE_S1.);
#5566 = CIRCLE('',#5567,5.55);
#5567 = AXIS2_PLACEMENT_3D('',#5568,#5569,#5570);
#5568 = CARTESIAN_POINT('',(20.,20.,22.75));
#5569 = DIRECTION('',(0.,0.,-1.));
#5570 = DIRECTION('',(1.34894895748E-03,-0.999999090168,0.));
#5571 = PCURVE('',#5493,#5572);
#5572 = DEFINITIONAL_REPRESENTATION('',(#5573),#5577);
#5573 = LINE('',#5574,#5575);
#5574 = CARTESIAN_POINT('',(-1.572145276161,4.712388980385));
#5575 = VECTOR('',#5576,1.);
#5576 = DIRECTION('',(1.,-5.722302081351E-15));
#5577 = ( GEOMETRIC_REPRESENTATION_CONTEXT(2) 
PARAMETRIC_REPRESENTATION_CONTEXT() REPRESENTATION_CONTEXT('2D SPACE',''
  ) );
#5578 = PCURVE('',#4709,#5579);
#5579 = DEFINITIONAL_REPRESENTATION('',(#5580),#5584);
#5580 = CIRCLE('',#5581,5.55);
#5581 = AXIS2_PLACEMENT_2D('',#5582,#5583);
#5582 = CARTESIAN_POINT('',(20.,-20.));
#5583 = DIRECTION('',(1.34894895748E-03,0.999999090168));
#5584 = ( GEOMETRIC_REPRESENTATION_CONTEXT(2) 
PARAMETRIC_REPRESENTATION_CONTEXT() REPRESENTATION_CONTEXT('2D SPACE',''
  ) );
#5585 = ORIENTED_EDGE('',*,*,#5474,.T.);
#5586 = ORIENTED_EDGE('',*,*,#5587,.F.);
#5587 = EDGE_CURVE('',#5588,#5477,#5590,.T.);
#5588 = VERTEX_POINT('',#5589);
#5589 = CARTESIAN_POINT('',(18.397972852605,15.105512384426,22.35));
#5590 = SURFACE_CURVE('',#5591,(#5596,#5603),.PCURVE_S1.);
#5591 = CIRCLE('',#5592,5.15);
#5592 = AXIS2_PLACEMENT_3D('',#5593,#5594,#5595);
#5593 = CARTESIAN_POINT('',(20.,20.,22.35));
#5594 = DIRECTION('',(0.,0.,1.));
#5595 = DIRECTION('',(1.34894895748E-03,-0.999999090168,0.));
#5596 = PCURVE('',#5493,#5597);
#5597 = DEFINITIONAL_REPRESENTATION('',(#5598),#5602);
#5598 = LINE('',#5599,#5600);
#5599 = CARTESIAN_POINT('',(10.994225338198,3.14159265359));
#5600 = VECTOR('',#5601,1.);
#5601 = DIRECTION('',(-1.,-4.577841665081E-15));
#5602 = ( GEOMETRIC_REPRESENTATION_CONTEXT(2) 
PARAMETRIC_REPRESENTATION_CONTEXT() REPRESENTATION_CONTEXT('2D SPACE',''
  ) );
#5603 = PCURVE('',#5604,#5609);
#5604 = CYLINDRICAL_SURFACE('',#5605,5.15);
#5605 = AXIS2_PLACEMENT_3D('',#5606,#5607,#5608);
#5606 = CARTESIAN_POINT('',(20.,20.,23.5));
#5607 = DIRECTION('',(0.,0.,-1.));
#5608 = DIRECTION('',(0.443719882626,-0.8961655348,0.));
#5609 = DEFINITIONAL_REPRESENTATION('',(#5610),#5614);
#5610 = LINE('',#5611,#5612);
#5611 = CARTESIAN_POINT('',(6.741581674137,1.15));
#5612 = VECTOR('',#5613,1.);
#5613 = DIRECTION('',(-1.,0.));
#5614 = ( GEOMETRIC_REPRESENTATION_CONTEXT(2) 
PARAMETRIC_REPRESENTATION_CONTEXT() REPRESENTATION_CONTEXT('2D SPACE',''
  ) );
#5615 = ORIENTED_EDGE('',*,*,#5616,.F.);
#5616 = EDGE_CURVE('',#5563,#5588,#5617,.T.);
#5617 = SURFACE_CURVE('',#5618,(#5623,#5630),.PCURVE_S1.);
#5618 = CIRCLE('',#5619,0.4);
#5619 = AXIS2_PLACEMENT_3D('',#5620,#5621,#5622);
#5620 = CARTESIAN_POINT('',(18.273543559604,14.725358006517,22.35));
#5621 = DIRECTION('',(-0.950385944772,0.311073232504,9.529181477398E-17)
  );
#5622 = DIRECTION('',(5.551115123126E-15,1.665334536938E-14,1.));
#5623 = PCURVE('',#5493,#5624);
#5624 = DEFINITIONAL_REPRESENTATION('',(#5625),#5629);
#5625 = LINE('',#5626,#5627);
#5626 = CARTESIAN_POINT('',(5.028711064098,4.712388980385));
#5627 = VECTOR('',#5628,1.);
#5628 = DIRECTION('',(0.,-1.));
#5629 = ( GEOMETRIC_REPRESENTATION_CONTEXT(2) 
PARAMETRIC_REPRESENTATION_CONTEXT() REPRESENTATION_CONTEXT('2D SPACE',''
  ) );
#5630 = PCURVE('',#5631,#5667);
#5631 = B_SPLINE_SURFACE_WITH_KNOTS('',3,3,(
    (#5632,#5633,#5634,#5635,#5636)
    ,(#5637,#5638,#5639,#5640,#5641)
    ,(#5642,#5643,#5644,#5645,#5646)
    ,(#5647,#5648,#5649,#5650,#5651)
    ,(#5652,#5653,#5654,#5655,#5656)
    ,(#5657,#5658,#5659,#5660,#5661)
    ,(#5662,#5663,#5664,#5665,#5666
    )),.UNSPECIFIED.,.F.,.F.,.F.,(4,1,1,1,4),(4,1,4),(0.,0.285714285714,
    0.571428571429,0.857142857143,1.),(1.299645710802E-15,
    5.427021823205E-02,0.108540436464),.UNSPECIFIED.);
#5632 = CARTESIAN_POINT('',(18.397972852605,15.105512384426,22.35));
#5633 = CARTESIAN_POINT('',(18.238438371505,15.157730019803,22.35));
#5634 = CARTESIAN_POINT('',(17.925465983083,15.277690030985,
    22.302893154033));
#5635 = CARTESIAN_POINT('',(17.637615312467,15.4211869612,
    22.195477625227));
#5636 = CARTESIAN_POINT('',(17.502443054507,15.496145061836,22.125));
#5637 = CARTESIAN_POINT('',(18.397972852605,15.105512384426,
    22.409839860068));
#5638 = CARTESIAN_POINT('',(18.233358067269,15.159415428614,
    22.415081666276));
#5639 = CARTESIAN_POINT('',(17.910519334709,15.283616005254,
    22.376949616846));
#5640 = CARTESIAN_POINT('',(17.613239088024,15.433375440581,
    22.277110027359));
#5641 = CARTESIAN_POINT('',(17.471342335924,15.513391579936,
    22.209050084409));
#5642 = CARTESIAN_POINT('',(18.38946604849,15.079522533094,
    22.529468277365));
#5643 = CARTESIAN_POINT('',(18.212302822589,15.132382624223,
    22.545195302807));
#5644 = CARTESIAN_POINT('',(17.864010959589,15.255789737167,
    22.524800194527));
#5645 = CARTESIAN_POINT('',(17.538887316286,15.407155479603,
    22.439991339803));
#5646 = CARTESIAN_POINT('',(17.377692658467,15.490855534713,
    22.376785380933));
#5647 = CARTESIAN_POINT('',(18.353775604172,14.970481660726,
    22.673456728342));
#5648 = CARTESIAN_POINT('',(18.154886477476,15.010402219729,
    22.695669400124));
#5649 = CARTESIAN_POINT('',(17.762784036904,15.107630826179,
    22.680222596152));
#5650 = CARTESIAN_POINT('',(17.392614447001,15.232144768928,
    22.587870610255));
#5651 = CARTESIAN_POINT('',(17.205971313258,15.302201554284,
    22.515486811878));
#5652 = CARTESIAN_POINT('',(18.310776902414,14.839112717583,
    22.739975101075));
#5653 = CARTESIAN_POINT('',(18.09594303319,14.863956534814,
    22.754721681742));
#5654 = CARTESIAN_POINT('',(17.676218608752,14.932048728536,
    22.713947458632));
#5655 = CARTESIAN_POINT('',(17.289542529058,15.030524424571,
    22.580406460559));
#5656 = CARTESIAN_POINT('',(17.101469389628,15.086375607008,
    22.48410760794));
#5657 = CARTESIAN_POINT('',(18.282850848956,14.75379348749,22.75));
#5658 = CARTESIAN_POINT('',(18.061509796752,14.771031012674,
    22.754107096385));
#5659 = CARTESIAN_POINT('',(17.634357891892,14.826677861403,
    22.685846049274));
#5660 = CARTESIAN_POINT('',(17.254252852429,14.92005348606,
    22.518329867728));
#5661 = CARTESIAN_POINT('',(17.077072659073,14.974118044776,
    22.405866068028));
#5662 = CARTESIAN_POINT('',(18.273543559604,14.725358006517,22.75));
#5663 = CARTESIAN_POINT('',(18.050455297878,14.740402931818,22.75));
#5664 = CARTESIAN_POINT('',(17.622145026357,14.792982780321,
    22.671488590055));
#5665 = CARTESIAN_POINT('',(17.246054995798,14.886296234946,
    22.492462708712));
#5666 = CARTESIAN_POINT('',(17.073475674709,14.940702090637,22.375));
#5667 = DEFINITIONAL_REPRESENTATION('',(#5668),#5671);
#5668 = B_SPLINE_CURVE_WITH_KNOTS('',1,(#5669,#5670),.UNSPECIFIED.,.F.,
  .F.,(2,2),(0.,1.570796326795),.PIECEWISE_BEZIER_KNOTS.);
#5669 = CARTESIAN_POINT('',(1.,1.172232567316E-15));
#5670 = CARTESIAN_POINT('',(-8.902647892355E-16,-1.532724180388E-15));
#5671 = ( GEOMETRIC_REPRESENTATION_CONTEXT(2) 
PARAMETRIC_REPRESENTATION_CONTEXT() REPRESENTATION_CONTEXT('2D SPACE',''
  ) );
#5672 = ADVANCED_FACE('',(#5673),#5631,.T.);
#5673 = FACE_BOUND('',#5674,.T.);
#5674 = EDGE_LOOP('',(#5675,#5742,#5787,#5788));
#5675 = ORIENTED_EDGE('',*,*,#5676,.T.);
#5676 = EDGE_CURVE('',#5677,#5679,#5681,.T.);
#5677 = VERTEX_POINT('',#5678);
#5678 = CARTESIAN_POINT('',(17.073475674709,14.940702090637,22.375));
#5679 = VERTEX_POINT('',#5680);
#5680 = CARTESIAN_POINT('',(17.502443054507,15.496145061836,22.125));
#5681 = SURFACE_CURVE('',#5682,(#5687,#5693),.PCURVE_S1.);
#5682 = CIRCLE('',#5683,0.4);
#5683 = AXIS2_PLACEMENT_3D('',#5684,#5685,#5686);
#5684 = CARTESIAN_POINT('',(17.308458049032,15.146331086057,22.125));
#5685 = DIRECTION('',(-0.805407968022,0.446629008284,-0.389667209303));
#5686 = DIRECTION('',(-0.587455935808,-0.51407248855,0.625));
#5687 = PCURVE('',#5631,#5688);
#5688 = DEFINITIONAL_REPRESENTATION('',(#5689),#5692);
#5689 = B_SPLINE_CURVE_WITH_KNOTS('',1,(#5690,#5691),.UNSPECIFIED.,.F.,
  .F.,(2,2),(0.,2.395679435692),.PIECEWISE_BEZIER_KNOTS.);
#5690 = CARTESIAN_POINT('',(1.,0.108540436464));
#5691 = CARTESIAN_POINT('',(-5.293228454695E-15,0.108540436464));
#5692 = ( GEOMETRIC_REPRESENTATION_CONTEXT(2) 
PARAMETRIC_REPRESENTATION_CONTEXT() REPRESENTATION_CONTEXT('2D SPACE',''
  ) );
#5693 = PCURVE('',#5694,#5737);
#5694 = B_SPLINE_SURFACE_WITH_KNOTS('',3,3,(
    (#5695,#5696,#5697,#5698,#5699,#5700)
    ,(#5701,#5702,#5703,#5704,#5705,#5706)
    ,(#5707,#5708,#5709,#5710,#5711,#5712)
    ,(#5713,#5714,#5715,#5716,#5717,#5718)
    ,(#5719,#5720,#5721,#5722,#5723,#5724)
    ,(#5725,#5726,#5727,#5728,#5729,#5730)
    ,(#5731,#5732,#5733,#5734,#5735,#5736
    )),.UNSPECIFIED.,.F.,.F.,.F.,(4,1,1,1,4),(4,1,1,4),(0.,
    0.285714285714,0.571428571429,0.857142857143,1.),(1.336560267657E-16
    ,0.135389269887,0.225648783145,0.315908296403),.UNSPECIFIED.);
#5695 = CARTESIAN_POINT('',(17.502443054507,15.496145061836,22.125));
#5696 = CARTESIAN_POINT('',(17.16516105855,15.683180613194,
    21.949144136779));
#5697 = CARTESIAN_POINT('',(16.588077628715,16.094040186048,
    21.849458366416));
#5698 = CARTESIAN_POINT('',(15.926012381013,16.814760492019,
    21.881120292467));
#5699 = CARTESIAN_POINT('',(15.620825857371,17.277605651794,
    22.007771757662));
#5700 = CARTESIAN_POINT('',(15.496145061664,17.502443054817,
    22.125000000161));
#5701 = CARTESIAN_POINT('',(17.471342335924,15.513391579936,
    22.209050084409));
#5702 = CARTESIAN_POINT('',(17.152089783027,15.693391790021,
    22.037039109615));
#5703 = CARTESIAN_POINT('',(16.585059019531,16.097638590748,
    21.932650906849));
#5704 = CARTESIAN_POINT('',(15.932109030478,16.808367289633,
    21.966125857007));
#5705 = CARTESIAN_POINT('',(15.633382508006,17.258523639221,
    22.094384904255));
#5706 = CARTESIAN_POINT('',(15.51339157977,17.471342336217,
    22.209050084567));
#5707 = CARTESIAN_POINT('',(17.377693083039,15.490856241523,
    22.376785313512));
#5708 = CARTESIAN_POINT('',(17.093124848992,15.664477657466,
    22.212454136539));
#5709 = CARTESIAN_POINT('',(16.543737956948,16.064539741507,
    22.09865702686));
#5710 = CARTESIAN_POINT('',(15.900743998558,16.761241990594,
    22.135759937283));
#5711 = CARTESIAN_POINT('',(15.606594966614,17.187995490523,
    22.267239605548));
#5712 = CARTESIAN_POINT('',(15.490856241363,17.3776930833,
    22.376785313663));
#5713 = CARTESIAN_POINT('',(17.205971516251,15.302201827765,
    22.515486705768));
#5714 = CARTESIAN_POINT('',(16.940449127383,15.491588085672,
    22.366921520197));
#5715 = CARTESIAN_POINT('',(16.398886628655,15.912323752405,
    22.254630457735));
#5716 = CARTESIAN_POINT('',(15.740943011674,16.614337889867,
    22.291641265316));
#5717 = CARTESIAN_POINT('',(15.428449640695,17.028970179142,
    22.416450851883));
#5718 = CARTESIAN_POINT('',(15.302201827591,17.205971516495,
    22.515486705905));
#5719 = CARTESIAN_POINT('',(17.101469560983,15.086375840256,
    22.484107521109));
#5720 = CARTESIAN_POINT('',(16.81188014567,15.298395490814,22.350597469)
  );
#5721 = CARTESIAN_POINT('',(16.254690061309,15.747670881242,
    22.257466385834));
#5722 = CARTESIAN_POINT('',(15.565247041546,16.476084762754,
    22.287925022826));
#5723 = CARTESIAN_POINT('',(15.227711423301,16.90842477126,
    22.395107652381));
#5724 = CARTESIAN_POINT('',(15.086375840062,17.101469561249,
    22.484107521232));
#5725 = CARTESIAN_POINT('',(17.077072659073,14.974118044776,
    22.405866068028));
#5726 = CARTESIAN_POINT('',(16.758099478702,15.195725452936,
    22.278714179508));
#5727 = CARTESIAN_POINT('',(16.181697790288,15.659401852468,
    22.2019693705));
#5728 = CARTESIAN_POINT('',(15.4710809693,16.409985184789,
    22.226585916564));
#5729 = CARTESIAN_POINT('',(15.121844975545,16.864440196424,
    22.321104649627));
#5730 = CARTESIAN_POINT('',(14.974118044572,17.077072659366,
    22.405866068144));
#5731 = CARTESIAN_POINT('',(17.073475674709,14.940702090637,22.375));
#5732 = CARTESIAN_POINT('',(16.743766461566,15.164761061155,
    22.249388669128));
#5733 = CARTESIAN_POINT('',(16.16007919753,15.632626830482,
    22.17818454744));
#5734 = CARTESIAN_POINT('',(15.442551971928,16.390955116342,
    22.200800208905));
#5735 = CARTESIAN_POINT('',(15.090063270846,16.85368640632,
    22.291265541187));
#5736 = CARTESIAN_POINT('',(14.940702090431,17.073475675012,
    22.375000000115));
#5737 = DEFINITIONAL_REPRESENTATION('',(#5738),#5741);
#5738 = B_SPLINE_CURVE_WITH_KNOTS('',1,(#5739,#5740),.UNSPECIFIED.,.F.,
  .F.,(2,2),(0.,2.395679435692),.PIECEWISE_BEZIER_KNOTS.);
#5739 = CARTESIAN_POINT('',(1.,-6.621222528218E-15));
#5740 = CARTESIAN_POINT('',(-3.986366168921E-15,-2.943007417146E-15));
#5741 = ( GEOMETRIC_REPRESENTATION_CONTEXT(2) 
PARAMETRIC_REPRESENTATION_CONTEXT() REPRESENTATION_CONTEXT('2D SPACE',''
  ) );
#5742 = ORIENTED_EDGE('',*,*,#5743,.T.);
#5743 = EDGE_CURVE('',#5679,#5588,#5744,.T.);
#5744 = SURFACE_CURVE('',#5745,(#5751,#5758),.PCURVE_S1.);
#5745 = B_SPLINE_CURVE_WITH_KNOTS('',3,(#5746,#5747,#5748,#5749,#5750),
  .UNSPECIFIED.,.F.,.F.,(4,1,4),(-0.108540436464,-5.427021823205E-02,
    -1.299645710802E-15),.UNSPECIFIED.);
#5746 = CARTESIAN_POINT('',(17.502443054507,15.496145061836,22.125));
#5747 = CARTESIAN_POINT('',(17.637615312467,15.4211869612,
    22.195477625227));
#5748 = CARTESIAN_POINT('',(17.925465983083,15.277690030985,
    22.302893154033));
#5749 = CARTESIAN_POINT('',(18.238438371505,15.157730019803,22.35));
#5750 = CARTESIAN_POINT('',(18.397972852605,15.105512384426,22.35));
#5751 = PCURVE('',#5631,#5752);
#5752 = DEFINITIONAL_REPRESENTATION('',(#5753),#5757);
#5753 = LINE('',#5754,#5755);
#5754 = CARTESIAN_POINT('',(-8.902647892351E-16,-1.942890293094E-16));
#5755 = VECTOR('',#5756,1.);
#5756 = DIRECTION('',(-1.4976305642E-14,-1.));
#5757 = ( GEOMETRIC_REPRESENTATION_CONTEXT(2) 
PARAMETRIC_REPRESENTATION_CONTEXT() REPRESENTATION_CONTEXT('2D SPACE',''
  ) );
#5758 = PCURVE('',#5604,#5759);
#5759 = DEFINITIONAL_REPRESENTATION('',(#5760),#5786);
#5760 = B_SPLINE_CURVE_WITH_KNOTS('',3,(#5761,#5762,#5763,#5764,#5765,
    #5766,#5767,#5768,#5769,#5770,#5771,#5772,#5773,#5774,#5775,#5776,
    #5777,#5778,#5779,#5780,#5781,#5782,#5783,#5784,#5785),
  .UNSPECIFIED.,.F.,.F.,(4,1,1,1,1,1,1,1,1,1,1,1,1,1,1,1,1,1,1,1,1,1,4),
  (-0.108540436464,-0.103606780261,-9.867312405826E-02,
    -9.373946785535E-02,-8.880581165244E-02,-8.387215544952E-02,
    -7.893849924661E-02,-7.40048430437E-02,-6.907118684078E-02,
    -6.413753063787E-02,-5.920387443496E-02,-5.427021823205E-02,
    -4.933656202913E-02,-4.440290582622E-02,-3.946924962331E-02,
    -3.453559342039E-02,-2.960193721748E-02,-2.466828101457E-02,
    -1.973462481165E-02,-1.480096860874E-02,-9.867312405827E-03,
    -4.933656202914E-03,-1.299645710802E-15),.UNSPECIFIED.);
#5761 = CARTESIAN_POINT('',(0.966065619212,1.375));
#5762 = CARTESIAN_POINT('',(0.963337202891,1.368592943161));
#5763 = CARTESIAN_POINT('',(0.957860801219,1.356056017266));
#5764 = CARTESIAN_POINT('',(0.949589932033,1.33807456131));
#5765 = CARTESIAN_POINT('',(0.941265241385,1.320909407784));
#5766 = CARTESIAN_POINT('',(0.932889157692,1.304552926228));
#5767 = CARTESIAN_POINT('',(0.924464096209,1.288997486183));
#5768 = CARTESIAN_POINT('',(0.915992455826,1.274235457191));
#5769 = CARTESIAN_POINT('',(0.90747661762,1.260259208793));
#5770 = CARTESIAN_POINT('',(0.898918942866,1.247061110529));
#5771 = CARTESIAN_POINT('',(0.890321771188,1.234633531942));
#5772 = CARTESIAN_POINT('',(0.881687418408,1.222968842572));
#5773 = CARTESIAN_POINT('',(0.873018175275,1.21205941196));
#5774 = CARTESIAN_POINT('',(0.864316302787,1.201897609648));
#5775 = CARTESIAN_POINT('',(0.855584376869,1.192521645639));
#5776 = CARTESIAN_POINT('',(0.846824975338,1.183969729934));
#5777 = CARTESIAN_POINT('',(0.838040673164,1.176280072538));
#5778 = CARTESIAN_POINT('',(0.829234041067,1.169490883452));
#5779 = CARTESIAN_POINT('',(0.820407643173,1.163640372679));
#5780 = CARTESIAN_POINT('',(0.81156403483,1.158766750222));
#5781 = CARTESIAN_POINT('',(0.802705760546,1.154908226085));
#5782 = CARTESIAN_POINT('',(0.793835351112,1.152103010268));
#5783 = CARTESIAN_POINT('',(0.784955323815,1.150389312777));
#5784 = CARTESIAN_POINT('',(0.779030555295,1.15));
#5785 = CARTESIAN_POINT('',(0.776067400037,1.15));
#5786 = ( GEOMETRIC_REPRESENTATION_CONTEXT(2) 
PARAMETRIC_REPRESENTATION_CONTEXT() REPRESENTATION_CONTEXT('2D SPACE',''
  ) );
#5787 = ORIENTED_EDGE('',*,*,#5616,.F.);
#5788 = ORIENTED_EDGE('',*,*,#5789,.T.);
#5789 = EDGE_CURVE('',#5563,#5677,#5790,.T.);
#5790 = SURFACE_CURVE('',#5791,(#5797,#5804),.PCURVE_S1.);
#5791 = B_SPLINE_CURVE_WITH_KNOTS('',3,(#5792,#5793,#5794,#5795,#5796),
  .UNSPECIFIED.,.F.,.F.,(4,1,4),(1.299645710802E-15,5.427021823205E-02,
    0.108540436464),.UNSPECIFIED.);
#5792 = CARTESIAN_POINT('',(18.273543559604,14.725358006517,22.75));
#5793 = CARTESIAN_POINT('',(18.050455297878,14.740402931818,22.75));
#5794 = CARTESIAN_POINT('',(17.622145026357,14.792982780321,
    22.671488590055));
#5795 = CARTESIAN_POINT('',(17.246054995798,14.886296234946,
    22.492462708712));
#5796 = CARTESIAN_POINT('',(17.073475674709,14.940702090637,22.375));
#5797 = PCURVE('',#5631,#5798);
#5798 = DEFINITIONAL_REPRESENTATION('',(#5799),#5803);
#5799 = LINE('',#5800,#5801);
#5800 = CARTESIAN_POINT('',(1.,-3.580582351949E-16));
#5801 = VECTOR('',#5802,1.);
#5802 = DIRECTION('',(1.125152401144E-14,1.));
#5803 = ( GEOMETRIC_REPRESENTATION_CONTEXT(2) 
PARAMETRIC_REPRESENTATION_CONTEXT() REPRESENTATION_CONTEXT('2D SPACE',''
  ) );
#5804 = PCURVE('',#5805,#5810);
#5805 = TOROIDAL_SURFACE('',#5806,23.468245836552,1.);
#5806 = AXIS2_PLACEMENT_3D('',#5807,#5808,#5809);
#5807 = CARTESIAN_POINT('',(-5.666681978065E-15,5.705855277383E-16,21.75
    ));
#5808 = DIRECTION('',(0.,0.,-1.));
#5809 = DIRECTION('',(1.,6.479139107033E-12,0.));
#5810 = DEFINITIONAL_REPRESENTATION('',(#5811),#5837);
#5811 = B_SPLINE_CURVE_WITH_KNOTS('',3,(#5812,#5813,#5814,#5815,#5816,
    #5817,#5818,#5819,#5820,#5821,#5822,#5823,#5824,#5825,#5826,#5827,
    #5828,#5829,#5830,#5831,#5832,#5833,#5834,#5835,#5836),
  .UNSPECIFIED.,.F.,.F.,(4,1,1,1,1,1,1,1,1,1,1,1,1,1,1,1,1,1,1,1,1,1,4),
  (1.299645710802E-15,4.933656202914E-03,9.867312405827E-03,
    1.480096860874E-02,1.973462481165E-02,2.466828101457E-02,
    2.960193721748E-02,3.453559342039E-02,3.946924962331E-02,
    4.440290582622E-02,4.933656202913E-02,5.427021823205E-02,
    5.920387443496E-02,6.413753063787E-02,6.907118684078E-02,
    7.40048430437E-02,7.893849924661E-02,8.387215544952E-02,
    8.880581165244E-02,9.373946785535E-02,9.867312405826E-02,
    0.103606780261,0.108540436464),.QUASI_UNIFORM_KNOTS.);
#5812 = CARTESIAN_POINT('',(5.604899967697,4.712388980385));
#5813 = CARTESIAN_POINT('',(5.604312352907,4.697455811581));
#5814 = CARTESIAN_POINT('',(5.603132656993,4.66784447637));
#5815 = CARTESIAN_POINT('',(5.601350479503,4.624127635219));
#5816 = CARTESIAN_POINT('',(5.599556429158,4.581044771982));
#5817 = CARTESIAN_POINT('',(5.597751282881,4.538534386732));
#5818 = CARTESIAN_POINT('',(5.595935828042,4.496538892876));
#5819 = CARTESIAN_POINT('',(5.594110863814,4.455005480174));
#5820 = CARTESIAN_POINT('',(5.592277200623,4.413886383512));
#5821 = CARTESIAN_POINT('',(5.590435660081,4.373139186697));
#5822 = CARTESIAN_POINT('',(5.588587074769,4.33272698856));
#5823 = CARTESIAN_POINT('',(5.586732288056,4.292618583477));
#5824 = CARTESIAN_POINT('',(5.584872153801,4.252788287938));
#5825 = CARTESIAN_POINT('',(5.583007536393,4.213216782045));
#5826 = CARTESIAN_POINT('',(5.581139299069,4.173842648752));
#5827 = CARTESIAN_POINT('',(5.579268311333,4.134600003756));
#5828 = CARTESIAN_POINT('',(5.577395448914,4.095420090005));
#5829 = CARTESIAN_POINT('',(5.575521593363,4.056231725421));
#5830 = CARTESIAN_POINT('',(5.57364763174,4.016962031139));
#5831 = CARTESIAN_POINT('',(5.571774456276,3.977537089694));
#5832 = CARTESIAN_POINT('',(5.569902963996,3.937882613204));
#5833 = CARTESIAN_POINT('',(5.568034056482,3.897924769284));
#5834 = CARTESIAN_POINT('',(5.56616863908,3.857590618922));
#5835 = CARTESIAN_POINT('',(5.564927961138,3.830403759427));
#5836 = CARTESIAN_POINT('',(5.564308507072,3.816724186527));
#5837 = ( GEOMETRIC_REPRESENTATION_CONTEXT(2) 
PARAMETRIC_REPRESENTATION_CONTEXT() REPRESENTATION_CONTEXT('2D SPACE',''
  ) );
#5838 = ADVANCED_FACE('',(#5839),#5694,.T.);
#5839 = FACE_BOUND('',#5840,.T.);
#5840 = EDGE_LOOP('',(#5841,#5901,#5947,#5948));
#5841 = ORIENTED_EDGE('',*,*,#5842,.T.);
#5842 = EDGE_CURVE('',#5843,#5845,#5847,.T.);
#5843 = VERTEX_POINT('',#5844);
#5844 = CARTESIAN_POINT('',(14.940702090394,17.073475674985,
    22.375000000119));
#5845 = VERTEX_POINT('',#5846);
#5846 = CARTESIAN_POINT('',(15.496145061664,17.502443054817,
    22.125000000161));
#5847 = SURFACE_CURVE('',#5848,(#5853,#5859),.PCURVE_S1.);
#5848 = CIRCLE('',#5849,0.400000000037);
#5849 = AXIS2_PLACEMENT_3D('',#5850,#5851,#5852);
#5850 = CARTESIAN_POINT('',(15.146331085871,17.308458049366,
    22.125000000161));
#5851 = DIRECTION('',(-0.44662900819,0.805407967982,0.389667209493));
#5852 = DIRECTION('',(-0.514072488647,-0.587455935898,0.624999999835));
#5853 = PCURVE('',#5694,#5854);
#5854 = DEFINITIONAL_REPRESENTATION('',(#5855),#5858);
#5855 = B_SPLINE_CURVE_WITH_KNOTS('',1,(#5856,#5857),.UNSPECIFIED.,.F.,
  .F.,(2,2),(0.,2.395679435856),.PIECEWISE_BEZIER_KNOTS.);
#5856 = CARTESIAN_POINT('',(1.000000000029,0.315908296402));
#5857 = CARTESIAN_POINT('',(-3.802772063048E-16,0.315908296403));
#5858 = ( GEOMETRIC_REPRESENTATION_CONTEXT(2) 
PARAMETRIC_REPRESENTATION_CONTEXT() REPRESENTATION_CONTEXT('2D SPACE',''
  ) );
#5859 = PCURVE('',#5860,#5896);
#5860 = B_SPLINE_SURFACE_WITH_KNOTS('',3,3,(
    (#5861,#5862,#5863,#5864,#5865)
    ,(#5866,#5867,#5868,#5869,#5870)
    ,(#5871,#5872,#5873,#5874,#5875)
    ,(#5876,#5877,#5878,#5879,#5880)
    ,(#5881,#5882,#5883,#5884,#5885)
    ,(#5886,#5887,#5888,#5889,#5890)
    ,(#5891,#5892,#5893,#5894,#5895
    )),.UNSPECIFIED.,.F.,.F.,.F.,(4,1,1,1,4),(4,1,4),(0.,0.285714285714,
    0.571428571429,0.857142857143,1.),(3.397230033241E-11,
    5.424678012612E-02,0.108493560218),.UNSPECIFIED.);
#5861 = CARTESIAN_POINT('',(15.496145061694,17.502443054765,
    22.125000000134));
#5862 = CARTESIAN_POINT('',(15.421205028174,17.637582732235,
    22.195460638151));
#5863 = CARTESIAN_POINT('',(15.277519456999,17.925837158382,
    22.303005892978));
#5864 = CARTESIAN_POINT('',(15.157707468129,18.238507271016,22.35));
#5865 = CARTESIAN_POINT('',(15.105512384426,18.397972852605,22.35));
#5866 = CARTESIAN_POINT('',(15.513391579783,17.471342336194,
    22.209050084538));
#5867 = CARTESIAN_POINT('',(15.433394726685,17.613204887,22.277093623009
    ));
#5868 = CARTESIAN_POINT('',(15.283438126528,17.91090254323,
    22.377052625946));
#5869 = CARTESIAN_POINT('',(15.159392149049,18.233429160854,
    22.415079402453));
#5870 = CARTESIAN_POINT('',(15.105512384426,18.397972852605,
    22.409839860068));
#5871 = CARTESIAN_POINT('',(15.490855534554,17.377692658773,
    22.376785381054));
#5872 = CARTESIAN_POINT('',(15.407175653637,17.538848463926,
    22.439976105392));
#5873 = CARTESIAN_POINT('',(15.255610648373,17.864428475865,
    22.524883723393));
#5874 = CARTESIAN_POINT('',(15.132359795087,18.212379335575,
    22.545188510643));
#5875 = CARTESIAN_POINT('',(15.079522533094,18.38946604849,
    22.529468277365));
#5876 = CARTESIAN_POINT('',(15.302201554151,17.205971313613,
    22.515486812016));
#5877 = CARTESIAN_POINT('',(15.232161654558,17.392569460851,
    22.587853163723));
#5878 = CARTESIAN_POINT('',(15.107485006329,17.763257489602,
    22.680311115837));
#5879 = CARTESIAN_POINT('',(15.010384978899,18.154972373412,
    22.695659806949));
#5880 = CARTESIAN_POINT('',(14.970481660726,18.353775604172,
    22.673456728342));
#5881 = CARTESIAN_POINT('',(15.086375606902,17.101469389986,
    22.484107608123));
#5882 = CARTESIAN_POINT('',(15.030537886255,17.289497198247,
    22.580383249836));
#5883 = CARTESIAN_POINT('',(14.931937162084,17.676717174415,
    22.71408118177));
#5884 = CARTESIAN_POINT('',(14.863945805304,18.096035815317,
    22.754715313011));
#5885 = CARTESIAN_POINT('',(14.839112717583,18.310776902414,
    22.739975101075));
#5886 = CARTESIAN_POINT('',(14.974118044673,17.07707265941,
    22.405866068241));
#5887 = CARTESIAN_POINT('',(14.92006651712,17.25421014713,
    22.518302760808));
#5888 = CARTESIAN_POINT('',(14.826575825813,17.63485357277,
    22.686020026309));
#5889 = CARTESIAN_POINT('',(14.771023568157,18.061605389192,
    22.754105322618));
#5890 = CARTESIAN_POINT('',(14.75379348749,18.282850848956,22.75));
#5891 = CARTESIAN_POINT('',(14.940702090533,17.073475675037,
    22.375000000223));
#5892 = CARTESIAN_POINT('',(14.886309348268,17.24601339944,
    22.492434396919));
#5893 = CARTESIAN_POINT('',(14.792882168299,17.622637771395,
    22.671676488296));
#5894 = CARTESIAN_POINT('',(14.740396434239,18.0505516449,22.75));
#5895 = CARTESIAN_POINT('',(14.725358006517,18.273543559604,22.75));
#5896 = DEFINITIONAL_REPRESENTATION('',(#5897),#5900);
#5897 = B_SPLINE_CURVE_WITH_KNOTS('',1,(#5898,#5899),.UNSPECIFIED.,.F.,
  .F.,(2,2),(0.,2.395679435856),.PIECEWISE_BEZIER_KNOTS.);
#5898 = CARTESIAN_POINT('',(1.00000000018,3.221470500818E-11));
#5899 = CARTESIAN_POINT('',(5.754316486727E-14,4.1025309722E-11));
#5900 = ( GEOMETRIC_REPRESENTATION_CONTEXT(2) 
PARAMETRIC_REPRESENTATION_CONTEXT() REPRESENTATION_CONTEXT('2D SPACE',''
  ) );
#5901 = ORIENTED_EDGE('',*,*,#5902,.T.);
#5902 = EDGE_CURVE('',#5845,#5679,#5903,.T.);
#5903 = SURFACE_CURVE('',#5904,(#5911,#5918),.PCURVE_S1.);
#5904 = B_SPLINE_CURVE_WITH_KNOTS('',3,(#5905,#5906,#5907,#5908,#5909,
    #5910),.UNSPECIFIED.,.F.,.F.,(4,1,1,4),(-0.315908296403,
    -0.225648783145,-0.135389269887,-1.336560267657E-16),.UNSPECIFIED.);
#5905 = CARTESIAN_POINT('',(15.496145061664,17.502443054817,
    22.125000000161));
#5906 = CARTESIAN_POINT('',(15.620825857371,17.277605651794,
    22.007771757662));
#5907 = CARTESIAN_POINT('',(15.926012381013,16.814760492019,
    21.881120292467));
#5908 = CARTESIAN_POINT('',(16.588077628715,16.094040186048,
    21.849458366416));
#5909 = CARTESIAN_POINT('',(17.16516105855,15.683180613194,
    21.949144136779));
#5910 = CARTESIAN_POINT('',(17.502443054507,15.496145061836,22.125));
#5911 = PCURVE('',#5694,#5912);
#5912 = DEFINITIONAL_REPRESENTATION('',(#5913),#5917);
#5913 = LINE('',#5914,#5915);
#5914 = CARTESIAN_POINT('',(1.308239625801E-15,5.551115123126E-16));
#5915 = VECTOR('',#5916,1.);
#5916 = DIRECTION('',(-5.632545964798E-15,-1.));
#5917 = ( GEOMETRIC_REPRESENTATION_CONTEXT(2) 
PARAMETRIC_REPRESENTATION_CONTEXT() REPRESENTATION_CONTEXT('2D SPACE',''
  ) );
#5918 = PCURVE('',#5604,#5919);
#5919 = DEFINITIONAL_REPRESENTATION('',(#5920),#5946);
#5920 = B_SPLINE_CURVE_WITH_KNOTS('',3,(#5921,#5922,#5923,#5924,#5925,
    #5926,#5927,#5928,#5929,#5930,#5931,#5932,#5933,#5934,#5935,#5936,
    #5937,#5938,#5939,#5940,#5941,#5942,#5943,#5944,#5945),
  .UNSPECIFIED.,.F.,.F.,(4,1,1,1,1,1,1,1,1,1,1,1,1,1,1,1,1,1,1,1,1,1,4),
  (-0.315908296403,-0.301548828384,-0.287189360366,-0.272829892348,
    -0.258470424329,-0.244110956311,-0.229751488293,-0.215392020274,
    -0.201032552256,-0.186673084238,-0.17231361622,-0.157954148201,
    -0.143594680183,-0.129235212165,-0.114875744146,-0.100516276128,
    -8.615680810978E-02,-7.179734009148E-02,-5.743787207318E-02,
    -4.307840405489E-02,-2.871893603659E-02,-1.43594680183E-02,
    -1.336560267657E-16),.UNSPECIFIED.);
#5921 = CARTESIAN_POINT('',(1.524221340299,1.374999999839));
#5922 = CARTESIAN_POINT('',(1.516279421268,1.393649947509));
#5923 = CARTESIAN_POINT('',(1.500205634867,1.428221315944));
#5924 = CARTESIAN_POINT('',(1.475610271562,1.472539279144));
#5925 = CARTESIAN_POINT('',(1.450615191323,1.509964976658));
#5926 = CARTESIAN_POINT('',(1.425306041847,1.541144068493));
#5927 = CARTESIAN_POINT('',(1.399769154415,1.566726537188));
#5928 = CARTESIAN_POINT('',(1.374087561104,1.587346238918));
#5929 = CARTESIAN_POINT('',(1.348353471487,1.60369721278));
#5930 = CARTESIAN_POINT('',(1.322589551974,1.616079923576));
#5931 = CARTESIAN_POINT('',(1.296792697023,1.624648999144));
#5932 = CARTESIAN_POINT('',(1.270965692806,1.629593818457));
#5933 = CARTESIAN_POINT('',(1.245108673785,1.631099778906));
#5934 = CARTESIAN_POINT('',(1.219223168709,1.629333453078));
#5935 = CARTESIAN_POINT('',(1.193304131939,1.624540694345));
#5936 = CARTESIAN_POINT('',(1.167371447287,1.616614078578));
#5937 = CARTESIAN_POINT('',(1.141481596546,1.604963661721));
#5938 = CARTESIAN_POINT('',(1.11568610093,1.589093871133));
#5939 = CARTESIAN_POINT('',(1.090039644148,1.568483847428));
#5940 = CARTESIAN_POINT('',(1.064597365517,1.542619506783));
#5941 = CARTESIAN_POINT('',(1.039415066097,1.510984949866));
#5942 = CARTESIAN_POINT('',(1.014548622089,1.473064763821));
#5943 = CARTESIAN_POINT('',(0.990053760371,1.428343405398));
#5944 = CARTESIAN_POINT('',(0.974008157759,1.393651379433));
#5945 = CARTESIAN_POINT('',(0.966065619212,1.375));
#5946 = ( GEOMETRIC_REPRESENTATION_CONTEXT(2) 
PARAMETRIC_REPRESENTATION_CONTEXT() REPRESENTATION_CONTEXT('2D SPACE',''
  ) );
#5947 = ORIENTED_EDGE('',*,*,#5676,.F.);
#5948 = ORIENTED_EDGE('',*,*,#5949,.T.);
#5949 = EDGE_CURVE('',#5677,#5843,#5950,.T.);
#5950 = SURFACE_CURVE('',#5951,(#5958,#5965),.PCURVE_S1.);
#5951 = B_SPLINE_CURVE_WITH_KNOTS('',3,(#5952,#5953,#5954,#5955,#5956,
    #5957),.UNSPECIFIED.,.F.,.F.,(4,1,1,4),(1.336560267657E-16,
    0.135389269887,0.225648783145,0.315908296403),.UNSPECIFIED.);
#5952 = CARTESIAN_POINT('',(17.073475674709,14.940702090637,22.375));
#5953 = CARTESIAN_POINT('',(16.743766461566,15.164761061155,
    22.249388669128));
#5954 = CARTESIAN_POINT('',(16.16007919753,15.632626830482,
    22.17818454744));
#5955 = CARTESIAN_POINT('',(15.442551971928,16.390955116342,
    22.200800208905));
#5956 = CARTESIAN_POINT('',(15.090063270846,16.85368640632,
    22.291265541187));
#5957 = CARTESIAN_POINT('',(14.940702090431,17.073475675012,
    22.375000000115));
#5958 = PCURVE('',#5694,#5959);
#5959 = DEFINITIONAL_REPRESENTATION('',(#5960),#5964);
#5960 = LINE('',#5961,#5962);
#5961 = CARTESIAN_POINT('',(1.,-6.389343383923E-17));
#5962 = VECTOR('',#5963,1.);
#5963 = DIRECTION('',(1.757191940301E-15,1.));
#5964 = ( GEOMETRIC_REPRESENTATION_CONTEXT(2) 
PARAMETRIC_REPRESENTATION_CONTEXT() REPRESENTATION_CONTEXT('2D SPACE',''
  ) );
#5965 = PCURVE('',#1819,#5966);
#5966 = DEFINITIONAL_REPRESENTATION('',(#5967),#5993);
#5967 = B_SPLINE_CURVE_WITH_KNOTS('',3,(#5968,#5969,#5970,#5971,#5972,
    #5973,#5974,#5975,#5976,#5977,#5978,#5979,#5980,#5981,#5982,#5983,
    #5984,#5985,#5986,#5987,#5988,#5989,#5990,#5991,#5992),
  .UNSPECIFIED.,.F.,.F.,(4,1,1,1,1,1,1,1,1,1,1,1,1,1,1,1,1,1,1,1,1,1,4),
  (1.336560267657E-16,1.43594680183E-02,2.871893603659E-02,
    4.307840405489E-02,5.743787207318E-02,7.179734009148E-02,
    8.615680810978E-02,0.100516276128,0.114875744146,0.129235212165,
    0.143594680183,0.157954148201,0.17231361622,0.186673084238,
    0.201032552256,0.215392020274,0.229751488293,0.244110956311,
    0.258470424329,0.272829892348,0.287189360366,0.301548828384,
    0.315908296403),.QUASI_UNIFORM_KNOTS.);
#5968 = CARTESIAN_POINT('',(2.422715853475,0.675131532937));
#5969 = CARTESIAN_POINT('',(2.420912608211,0.692198986672));
#5970 = CARTESIAN_POINT('',(2.417245256568,0.724427255364));
#5971 = CARTESIAN_POINT('',(2.411579497592,0.767276339285));
#5972 = CARTESIAN_POINT('',(2.405766734524,0.804858206265));
#5973 = CARTESIAN_POINT('',(2.39982513022,0.837400691123));
#5974 = CARTESIAN_POINT('',(2.393773112241,0.865115585723));
#5975 = CARTESIAN_POINT('',(2.387629404943,0.888194858528));
#5976 = CARTESIAN_POINT('',(2.381412958119,0.906808772426));
#5977 = CARTESIAN_POINT('',(2.375143064867,0.921111389314));
#5978 = CARTESIAN_POINT('',(2.368838805587,0.931236642618));
#5979 = CARTESIAN_POINT('',(2.36252097942,0.937341615054));
#5980 = CARTESIAN_POINT('',(2.356202604967,0.939444532382));
#5981 = CARTESIAN_POINT('',(2.349890887174,0.937469557678));
#5982 = CARTESIAN_POINT('',(2.343594331601,0.931370146738));
#5983 = CARTESIAN_POINT('',(2.337320941053,0.921095671432));
#5984 = CARTESIAN_POINT('',(2.331079126858,0.906593963187));
#5985 = CARTESIAN_POINT('',(2.324875782236,0.887821928002));
#5986 = CARTESIAN_POINT('',(2.318723416496,0.864697502319));
#5987 = CARTESIAN_POINT('',(2.312649627291,0.837015590593));
#5988 = CARTESIAN_POINT('',(2.30667935965,0.804566036559));
#5989 = CARTESIAN_POINT('',(2.30083783747,0.767109045747));
#5990 = CARTESIAN_POINT('',(2.295149788469,0.724382247137));
#5991 = CARTESIAN_POINT('',(2.291476227189,0.692196125126));
#5992 = CARTESIAN_POINT('',(2.289673126894,0.675131532789));
#5993 = ( GEOMETRIC_REPRESENTATION_CONTEXT(2) 
PARAMETRIC_REPRESENTATION_CONTEXT() REPRESENTATION_CONTEXT('2D SPACE',''
  ) );
#5994 = ADVANCED_FACE('',(#5995),#6010,.F.);
#5995 = FACE_BOUND('',#5996,.F.);
#5996 = EDGE_LOOP('',(#5997,#6028,#6062,#6086));
#5997 = ORIENTED_EDGE('',*,*,#5998,.F.);
#5998 = EDGE_CURVE('',#5999,#6001,#6003,.T.);
#5999 = VERTEX_POINT('',#6000);
#6000 = CARTESIAN_POINT('',(15.384747495782,22.285157395522,22.35));
#6001 = VERTEX_POINT('',#6002);
#6002 = CARTESIAN_POINT('',(15.105512384426,18.397972852605,22.35));
#6003 = SURFACE_CURVE('',#6004,(#6009,#6021),.PCURVE_S1.);
#6004 = CIRCLE('',#6005,5.15);
#6005 = AXIS2_PLACEMENT_3D('',#6006,#6007,#6008);
#6006 = CARTESIAN_POINT('',(20.,20.,22.35));
#6007 = DIRECTION('',(0.,0.,1.));
#6008 = DIRECTION('',(-0.999999090168,1.34894895748E-03,0.));
#6009 = PCURVE('',#6010,#6015);
#6010 = TOROIDAL_SURFACE('',#6011,5.55,0.4);
#6011 = AXIS2_PLACEMENT_3D('',#6012,#6013,#6014);
#6012 = CARTESIAN_POINT('',(20.,20.,22.35));
#6013 = DIRECTION('',(0.,0.,-1.));
#6014 = DIRECTION('',(-1.,0.,0.));
#6015 = DEFINITIONAL_REPRESENTATION('',(#6016),#6020);
#6016 = LINE('',#6017,#6018);
#6017 = CARTESIAN_POINT('',(6.284534256546,3.14159265359));
#6018 = VECTOR('',#6019,1.);
#6019 = DIRECTION('',(-1.,-5.722302081351E-16));
#6020 = ( GEOMETRIC_REPRESENTATION_CONTEXT(2) 
PARAMETRIC_REPRESENTATION_CONTEXT() REPRESENTATION_CONTEXT('2D SPACE',''
  ) );
#6021 = PCURVE('',#5604,#6022);
#6022 = DEFINITIONAL_REPRESENTATION('',(#6023),#6027);
#6023 = LINE('',#6024,#6025);
#6024 = CARTESIAN_POINT('',(8.315075899665,1.15));
#6025 = VECTOR('',#6026,1.);
#6026 = DIRECTION('',(-1.,0.));
#6027 = ( GEOMETRIC_REPRESENTATION_CONTEXT(2) 
PARAMETRIC_REPRESENTATION_CONTEXT() REPRESENTATION_CONTEXT('2D SPACE',''
  ) );
#6028 = ORIENTED_EDGE('',*,*,#6029,.F.);
#6029 = EDGE_CURVE('',#6030,#5999,#6032,.T.);
#6030 = VERTEX_POINT('',#6031);
#6031 = CARTESIAN_POINT('',(15.026281281862,22.462645348573,22.75));
#6032 = SURFACE_CURVE('',#6033,(#6038,#6045),.PCURVE_S1.);
#6033 = CIRCLE('',#6034,0.4);
#6034 = AXIS2_PLACEMENT_3D('',#6035,#6036,#6037);
#6035 = CARTESIAN_POINT('',(15.026281281862,22.462645348573,22.35));
#6036 = DIRECTION('',(0.443719882626,0.8961655348,0.));
#6037 = DIRECTION('',(0.,-0.,1.));
#6038 = PCURVE('',#6010,#6039);
#6039 = DEFINITIONAL_REPRESENTATION('',(#6040),#6044);
#6040 = LINE('',#6041,#6042);
#6041 = CARTESIAN_POINT('',(0.459745316324,4.712388980385));
#6042 = VECTOR('',#6043,1.);
#6043 = DIRECTION('',(2.473764752249E-16,-1.));
#6044 = ( GEOMETRIC_REPRESENTATION_CONTEXT(2) 
PARAMETRIC_REPRESENTATION_CONTEXT() REPRESENTATION_CONTEXT('2D SPACE',''
  ) );
#6045 = PCURVE('',#6046,#6056);
#6046 = ( BOUNDED_SURFACE() B_SPLINE_SURFACE(2,2,(
    (#6047,#6048,#6049)
    ,(#6050,#6051,#6052)
    ,(#6053,#6054,#6055
)),.UNSPECIFIED.,.F.,.F.,.F.) B_SPLINE_SURFACE_WITH_KNOTS((3,3),(3,3),(
    0.,1.570796326795),(-0.459745316324,0.988562987837),
.PIECEWISE_BEZIER_KNOTS.) GEOMETRIC_REPRESENTATION_ITEM() 
RATIONAL_B_SPLINE_SURFACE((
    (1.,0.749060065874,1.)
    ,(0.707106781187,0.529665452095,0.707106781187)
,(1.,0.749060065874,1.))) REPRESENTATION_ITEM('') SURFACE() );
#6047 = CARTESIAN_POINT('',(15.384747495782,22.285157395522,22.35));
#6048 = CARTESIAN_POINT('',(15.620214873492,22.760722626508,22.35));
#6049 = CARTESIAN_POINT('',(15.176982578789,23.0525313101,22.35));
#6050 = CARTESIAN_POINT('',(15.384747495782,22.285157395522,22.75));
#6051 = CARTESIAN_POINT('',(15.620214873492,22.760722626508,22.75));
#6052 = CARTESIAN_POINT('',(15.176982578789,23.0525313101,22.75));
#6053 = CARTESIAN_POINT('',(15.026281281862,22.462645348573,22.75));
#6054 = CARTESIAN_POINT('',(15.104770407766,22.621167092234,22.75));
#6055 = CARTESIAN_POINT('',(14.957026309531,22.718436653432,22.75));
#6056 = DEFINITIONAL_REPRESENTATION('',(#6057),#6061);
#6057 = LINE('',#6058,#6059);
#6058 = CARTESIAN_POINT('',(1.570796326795,-0.459745316324));
#6059 = VECTOR('',#6060,1.);
#6060 = DIRECTION('',(-1.,4.148856884487E-14));
#6061 = ( GEOMETRIC_REPRESENTATION_CONTEXT(2) 
PARAMETRIC_REPRESENTATION_CONTEXT() REPRESENTATION_CONTEXT('2D SPACE',''
  ) );
#6062 = ORIENTED_EDGE('',*,*,#6063,.F.);
#6063 = EDGE_CURVE('',#6064,#6030,#6066,.T.);
#6064 = VERTEX_POINT('',#6065);
#6065 = CARTESIAN_POINT('',(14.725358006517,18.273543559604,22.75));
#6066 = SURFACE_CURVE('',#6067,(#6072,#6079),.PCURVE_S1.);
#6067 = CIRCLE('',#6068,5.55);
#6068 = AXIS2_PLACEMENT_3D('',#6069,#6070,#6071);
#6069 = CARTESIAN_POINT('',(20.,20.,22.75));
#6070 = DIRECTION('',(0.,0.,-1.));
#6071 = DIRECTION('',(-0.999999090168,1.34894895748E-03,0.));
#6072 = PCURVE('',#6010,#6073);
#6073 = DEFINITIONAL_REPRESENTATION('',(#6074),#6078);
#6074 = LINE('',#6075,#6076);
#6075 = CARTESIAN_POINT('',(-6.281836357813,4.712388980385));
#6076 = VECTOR('',#6077,1.);
#6077 = DIRECTION('',(1.,-4.577841665081E-15));
#6078 = ( GEOMETRIC_REPRESENTATION_CONTEXT(2) 
PARAMETRIC_REPRESENTATION_CONTEXT() REPRESENTATION_CONTEXT('2D SPACE',''
  ) );
#6079 = PCURVE('',#408,#6080);
#6080 = DEFINITIONAL_REPRESENTATION('',(#6081),#6085);
#6081 = CIRCLE('',#6082,5.55);
#6082 = AXIS2_PLACEMENT_2D('',#6083,#6084);
#6083 = CARTESIAN_POINT('',(20.,-20.));
#6084 = DIRECTION('',(-0.999999090168,-1.34894895748E-03));
#6085 = ( GEOMETRIC_REPRESENTATION_CONTEXT(2) 
PARAMETRIC_REPRESENTATION_CONTEXT() REPRESENTATION_CONTEXT('2D SPACE',''
  ) );
#6086 = ORIENTED_EDGE('',*,*,#6087,.F.);
#6087 = EDGE_CURVE('',#6001,#6064,#6088,.T.);
#6088 = SURFACE_CURVE('',#6089,(#6094,#6101),.PCURVE_S1.);
#6089 = CIRCLE('',#6090,0.4);
#6090 = AXIS2_PLACEMENT_3D('',#6091,#6092,#6093);
#6091 = CARTESIAN_POINT('',(14.725358006517,18.273543559604,22.35));
#6092 = DIRECTION('',(0.311073232504,-0.950385944772,9.529181477395E-17)
  );
#6093 = DIRECTION('',(0.950385944772,0.311073232504,3.02683180715E-33));
#6094 = PCURVE('',#6010,#6095);
#6095 = DEFINITIONAL_REPRESENTATION('',(#6096),#6100);
#6096 = LINE('',#6097,#6098);
#6097 = CARTESIAN_POINT('',(-0.316322083713,3.14159265359));
#6098 = VECTOR('',#6099,1.);
#6099 = DIRECTION('',(-5.654319433713E-16,1.));
#6100 = ( GEOMETRIC_REPRESENTATION_CONTEXT(2) 
PARAMETRIC_REPRESENTATION_CONTEXT() REPRESENTATION_CONTEXT('2D SPACE',''
  ) );
#6101 = PCURVE('',#5860,#6102);
#6102 = DEFINITIONAL_REPRESENTATION('',(#6103),#6106);
#6103 = B_SPLINE_CURVE_WITH_KNOTS('',1,(#6104,#6105),.UNSPECIFIED.,.F.,
  .F.,(2,2),(0.,1.570796326795),.PIECEWISE_BEZIER_KNOTS.);
#6104 = CARTESIAN_POINT('',(-5.918718518255E-15,0.108493560218));
#6105 = CARTESIAN_POINT('',(1.,0.108493560218));
#6106 = ( GEOMETRIC_REPRESENTATION_CONTEXT(2) 
PARAMETRIC_REPRESENTATION_CONTEXT() REPRESENTATION_CONTEXT('2D SPACE',''
  ) );
#6107 = ADVANCED_FACE('',(#6108),#6046,.T.);
#6108 = FACE_BOUND('',#6109,.T.);
#6109 = EDGE_LOOP('',(#6110,#6136,#6163,#6164));
#6110 = ORIENTED_EDGE('',*,*,#6111,.T.);
#6111 = EDGE_CURVE('',#6112,#6114,#6116,.T.);
#6112 = VERTEX_POINT('',#6113);
#6113 = CARTESIAN_POINT('',(14.957026309531,22.718436653432,22.75));
#6114 = VERTEX_POINT('',#6115);
#6115 = CARTESIAN_POINT('',(15.176982578789,23.0525313101,22.35));
#6116 = SURFACE_CURVE('',#6117,(#6122,#6129),.PCURVE_S1.);
#6117 = CIRCLE('',#6118,0.4);
#6118 = AXIS2_PLACEMENT_3D('',#6119,#6120,#6121);
#6119 = CARTESIAN_POINT('',(14.957026309531,22.718436653432,22.35));
#6120 = DIRECTION('',(-0.83523664167,0.549890673145,0.));
#6121 = DIRECTION('',(0.,0.,1.));
#6122 = PCURVE('',#6046,#6123);
#6123 = DEFINITIONAL_REPRESENTATION('',(#6124),#6128);
#6124 = LINE('',#6125,#6126);
#6125 = CARTESIAN_POINT('',(1.570796326795,0.988562987837));
#6126 = VECTOR('',#6127,1.);
#6127 = DIRECTION('',(-1.,-6.431788355849E-15));
#6128 = ( GEOMETRIC_REPRESENTATION_CONTEXT(2) 
PARAMETRIC_REPRESENTATION_CONTEXT() REPRESENTATION_CONTEXT('2D SPACE',''
  ) );
#6129 = PCURVE('',#1014,#6130);
#6130 = DEFINITIONAL_REPRESENTATION('',(#6131),#6135);
#6131 = LINE('',#6132,#6133);
#6132 = CARTESIAN_POINT('',(0.988562987837,1.570796326795));
#6133 = VECTOR('',#6134,1.);
#6134 = DIRECTION('',(-7.067899292142E-17,-1.));
#6135 = ( GEOMETRIC_REPRESENTATION_CONTEXT(2) 
PARAMETRIC_REPRESENTATION_CONTEXT() REPRESENTATION_CONTEXT('2D SPACE',''
  ) );
#6136 = ORIENTED_EDGE('',*,*,#6137,.T.);
#6137 = EDGE_CURVE('',#6114,#5999,#6138,.T.);
#6138 = SURFACE_CURVE('',#6139,(#6144,#6151),.PCURVE_S1.);
#6139 = CIRCLE('',#6140,0.6);
#6140 = AXIS2_PLACEMENT_3D('',#6141,#6142,#6143);
#6141 = CARTESIAN_POINT('',(14.847048174902,22.551389325098,22.35));
#6142 = DIRECTION('',(0.,0.,-1.));
#6143 = DIRECTION('',(0.965247163629,0.261338694239,0.));
#6144 = PCURVE('',#6046,#6145);
#6145 = DEFINITIONAL_REPRESENTATION('',(#6146),#6150);
#6146 = LINE('',#6147,#6148);
#6147 = CARTESIAN_POINT('',(-3.220870481734E-14,6.547594142936));
#6148 = VECTOR('',#6149,1.);
#6149 = DIRECTION('',(7.121114206635E-15,-1.));
#6150 = ( GEOMETRIC_REPRESENTATION_CONTEXT(2) 
PARAMETRIC_REPRESENTATION_CONTEXT() REPRESENTATION_CONTEXT('2D SPACE',''
  ) );
#6151 = PCURVE('',#6152,#6157);
#6152 = CYLINDRICAL_SURFACE('',#6153,0.6);
#6153 = AXIS2_PLACEMENT_3D('',#6154,#6155,#6156);
#6154 = CARTESIAN_POINT('',(14.847048174902,22.551389325098,23.5));
#6155 = DIRECTION('',(0.,0.,-1.));
#6156 = DIRECTION('',(0.549890673145,0.83523664167,0.));
#6157 = DEFINITIONAL_REPRESENTATION('',(#6158),#6162);
#6158 = LINE('',#6159,#6160);
#6159 = CARTESIAN_POINT('',(-5.559031155099,1.15));
#6160 = VECTOR('',#6161,1.);
#6161 = DIRECTION('',(1.,0.));
#6162 = ( GEOMETRIC_REPRESENTATION_CONTEXT(2) 
PARAMETRIC_REPRESENTATION_CONTEXT() REPRESENTATION_CONTEXT('2D SPACE',''
  ) );
#6163 = ORIENTED_EDGE('',*,*,#6029,.F.);
#6164 = ORIENTED_EDGE('',*,*,#6165,.T.);
#6165 = EDGE_CURVE('',#6030,#6112,#6166,.T.);
#6166 = SURFACE_CURVE('',#6167,(#6172,#6179),.PCURVE_S1.);
#6167 = CIRCLE('',#6168,0.2);
#6168 = AXIS2_PLACEMENT_3D('',#6169,#6170,#6171);
#6169 = CARTESIAN_POINT('',(14.847048174902,22.551389325098,22.75));
#6170 = DIRECTION('',(0.,0.,1.));
#6171 = DIRECTION('',(0.965247163629,0.261338694239,-0.));
#6172 = PCURVE('',#6046,#6173);
#6173 = DEFINITIONAL_REPRESENTATION('',(#6174),#6178);
#6174 = LINE('',#6175,#6176);
#6175 = CARTESIAN_POINT('',(1.570796326794,-6.018776471423));
#6176 = VECTOR('',#6177,1.);
#6177 = DIRECTION('',(1.300094906834E-13,1.));
#6178 = ( GEOMETRIC_REPRESENTATION_CONTEXT(2) 
PARAMETRIC_REPRESENTATION_CONTEXT() REPRESENTATION_CONTEXT('2D SPACE',''
  ) );
#6179 = PCURVE('',#408,#6180);
#6180 = DEFINITIONAL_REPRESENTATION('',(#6181),#6189);
#6181 = ( BOUNDED_CURVE() B_SPLINE_CURVE(2,(#6182,#6183,#6184,#6185,
#6186,#6187,#6188),.UNSPECIFIED.,.T.,.F.) B_SPLINE_CURVE_WITH_KNOTS((1,2
    ,2,2,2,1),(-2.094395102393,0.,2.094395102393,4.188790204786,
6.28318530718,8.377580409573),.UNSPECIFIED.) CURVE() 
GEOMETRIC_REPRESENTATION_ITEM() RATIONAL_B_SPLINE_CURVE((1.,0.5,1.,0.5,
1.,0.5,1.)) REPRESENTATION_ITEM('') );
#6182 = CARTESIAN_POINT('',(15.040097607628,-22.60365706394));
#6183 = CARTESIAN_POINT('',(14.949567228347,-22.93802848979));
#6184 = CARTESIAN_POINT('',(14.705258268899,-22.6924411686));
#6185 = CARTESIAN_POINT('',(14.460949309451,-22.4468538474));
#6186 = CARTESIAN_POINT('',(14.79578864818,-22.35806974274));
#6187 = CARTESIAN_POINT('',(15.130627986909,-22.26928563809));
#6188 = CARTESIAN_POINT('',(15.040097607628,-22.60365706394));
#6189 = ( GEOMETRIC_REPRESENTATION_CONTEXT(2) 
PARAMETRIC_REPRESENTATION_CONTEXT() REPRESENTATION_CONTEXT('2D SPACE',''
  ) );
#6190 = ADVANCED_FACE('',(#6191),#1014,.F.);
#6191 = FACE_BOUND('',#6192,.F.);
#6192 = EDGE_LOOP('',(#6193,#6194,#6220,#6221));
#6193 = ORIENTED_EDGE('',*,*,#969,.F.);
#6194 = ORIENTED_EDGE('',*,*,#6195,.F.);
#6195 = EDGE_CURVE('',#6112,#947,#6196,.T.);
#6196 = SURFACE_CURVE('',#6197,(#6202,#6209),.PCURVE_S1.);
#6197 = CIRCLE('',#6198,27.2);
#6198 = AXIS2_PLACEMENT_3D('',#6199,#6200,#6201);
#6199 = CARTESIAN_POINT('',(-5.666681978065E-15,5.705855277383E-16,22.75
    ));
#6200 = DIRECTION('',(0.,0.,1.));
#6201 = DIRECTION('',(0.390051202482,0.920793168655,-0.));
#6202 = PCURVE('',#1014,#6203);
#6203 = DEFINITIONAL_REPRESENTATION('',(#6204),#6208);
#6204 = LINE('',#6205,#6206);
#6205 = CARTESIAN_POINT('',(-5.113076179362,1.570796326795));
#6206 = VECTOR('',#6207,1.);
#6207 = DIRECTION('',(1.,-4.917455236646E-14));
#6208 = ( GEOMETRIC_REPRESENTATION_CONTEXT(2) 
PARAMETRIC_REPRESENTATION_CONTEXT() REPRESENTATION_CONTEXT('2D SPACE',''
  ) );
#6209 = PCURVE('',#408,#6210);
#6210 = DEFINITIONAL_REPRESENTATION('',(#6211),#6219);
#6211 = ( BOUNDED_CURVE() B_SPLINE_CURVE(2,(#6212,#6213,#6214,#6215,
#6216,#6217,#6218),.UNSPECIFIED.,.T.,.F.) B_SPLINE_CURVE_WITH_KNOTS((1,2
    ,2,2,2,1),(-2.094395102393,0.,2.094395102393,4.188790204786,
6.28318530718,8.377580409573),.UNSPECIFIED.) CURVE() 
GEOMETRIC_REPRESENTATION_ITEM() RATIONAL_B_SPLINE_CURVE((1.,0.5,1.,0.5,
1.,0.5,1.)) REPRESENTATION_ITEM('') );
#6212 = CARTESIAN_POINT('',(10.609392707519,-25.04557418742));
#6213 = CARTESIAN_POINT('',(-32.77081428983,-43.42158139429));
#6214 = CARTESIAN_POINT('',(-26.99479985243,3.334783490274));
#6215 = CARTESIAN_POINT('',(-21.21878541503,50.091148374843));
#6216 = CARTESIAN_POINT('',(16.385407144915,21.710790697148));
#6217 = CARTESIAN_POINT('',(53.989599704869,-6.669566980548));
#6218 = CARTESIAN_POINT('',(10.609392707519,-25.04557418742));
#6219 = ( GEOMETRIC_REPRESENTATION_CONTEXT(2) 
PARAMETRIC_REPRESENTATION_CONTEXT() REPRESENTATION_CONTEXT('2D SPACE',''
  ) );
#6220 = ORIENTED_EDGE('',*,*,#6111,.T.);
#6221 = ORIENTED_EDGE('',*,*,#6222,.F.);
#6222 = EDGE_CURVE('',#970,#6114,#6223,.T.);
#6223 = SURFACE_CURVE('',#6224,(#6229,#6236),.PCURVE_S1.);
#6224 = CIRCLE('',#6225,27.6);
#6225 = AXIS2_PLACEMENT_3D('',#6226,#6227,#6228);
#6226 = CARTESIAN_POINT('',(-5.666681978065E-15,5.705855277383E-16,22.35
    ));
#6227 = DIRECTION('',(0.,0.,-1.));
#6228 = DIRECTION('',(0.390051202482,0.920793168655,0.));
#6229 = PCURVE('',#1014,#6230);
#6230 = DEFINITIONAL_REPRESENTATION('',(#6231),#6235);
#6231 = LINE('',#6232,#6233);
#6232 = CARTESIAN_POINT('',(7.453294434997,0.));
#6233 = VECTOR('',#6234,1.);
#6234 = DIRECTION('',(-1.,0.));
#6235 = ( GEOMETRIC_REPRESENTATION_CONTEXT(2) 
PARAMETRIC_REPRESENTATION_CONTEXT() REPRESENTATION_CONTEXT('2D SPACE',''
  ) );
#6236 = PCURVE('',#865,#6237);
#6237 = DEFINITIONAL_REPRESENTATION('',(#6238),#6242);
#6238 = LINE('',#6239,#6240);
#6239 = CARTESIAN_POINT('',(-5.300264769244,1.15));
#6240 = VECTOR('',#6241,1.);
#6241 = DIRECTION('',(1.,0.));
#6242 = ( GEOMETRIC_REPRESENTATION_CONTEXT(2) 
PARAMETRIC_REPRESENTATION_CONTEXT() REPRESENTATION_CONTEXT('2D SPACE',''
  ) );
#6243 = ADVANCED_FACE('',(#6244),#5860,.T.);
#6244 = FACE_BOUND('',#6245,.T.);
#6245 = EDGE_LOOP('',(#6246,#6247,#6292,#6293));
#6246 = ORIENTED_EDGE('',*,*,#6087,.F.);
#6247 = ORIENTED_EDGE('',*,*,#6248,.T.);
#6248 = EDGE_CURVE('',#6001,#5845,#6249,.T.);
#6249 = SURFACE_CURVE('',#6250,(#6256,#6263),.PCURVE_S1.);
#6250 = B_SPLINE_CURVE_WITH_KNOTS('',3,(#6251,#6252,#6253,#6254,#6255),
  .UNSPECIFIED.,.F.,.F.,(4,1,4),(-0.108493560218,-5.424678012612E-02,
    -3.397230033241E-11),.UNSPECIFIED.);
#6251 = CARTESIAN_POINT('',(15.105512384426,18.397972852605,22.35));
#6252 = CARTESIAN_POINT('',(15.157707468129,18.238507271016,22.35));
#6253 = CARTESIAN_POINT('',(15.277519456999,17.925837158382,
    22.303005892978));
#6254 = CARTESIAN_POINT('',(15.421205028174,17.637582732235,
    22.195460638151));
#6255 = CARTESIAN_POINT('',(15.496145061694,17.502443054765,
    22.125000000134));
#6256 = PCURVE('',#5860,#6257);
#6257 = DEFINITIONAL_REPRESENTATION('',(#6258),#6262);
#6258 = LINE('',#6259,#6260);
#6259 = CARTESIAN_POINT('',(-2.884088108921E-15,3.608224830032E-16));
#6260 = VECTOR('',#6261,1.);
#6261 = DIRECTION('',(2.797060399925E-14,-1.));
#6262 = ( GEOMETRIC_REPRESENTATION_CONTEXT(2) 
PARAMETRIC_REPRESENTATION_CONTEXT() REPRESENTATION_CONTEXT('2D SPACE',''
  ) );
#6263 = PCURVE('',#5604,#6264);
#6264 = DEFINITIONAL_REPRESENTATION('',(#6265),#6291);
#6265 = B_SPLINE_CURVE_WITH_KNOTS('',3,(#6266,#6267,#6268,#6269,#6270,
    #6271,#6272,#6273,#6274,#6275,#6276,#6277,#6278,#6279,#6280,#6281,
    #6282,#6283,#6284,#6285,#6286,#6287,#6288,#6289,#6290),
  .UNSPECIFIED.,.F.,.F.,(4,1,1,1,1,1,1,1,1,1,1,1,1,1,1,1,1,1,1,1,1,1,4),
  (-0.108493560218,-0.103562034755,-9.863050929242E-02,
    -9.36989838295E-02,-8.876745836658E-02,-8.383593290365E-02,
    -7.890440744073E-02,-7.397288197781E-02,-6.904135651489E-02,
    -6.410983105196E-02,-5.917830558904E-02,-5.424678012612E-02,
    -4.93152546632E-02,-4.438372920027E-02,-3.945220373735E-02,
    -3.452067827443E-02,-2.958915281151E-02,-2.465762734858E-02,
    -1.972610188566E-02,-1.479457642274E-02,-9.863050959817E-03,
    -4.931525496895E-03,-3.397230033241E-11),.UNSPECIFIED.);
#6266 = CARTESIAN_POINT('',(1.714219559405,1.15));
#6267 = CARTESIAN_POINT('',(1.711257683729,1.15));
#6268 = CARTESIAN_POINT('',(1.705335777143,1.15038838105));
#6269 = CARTESIAN_POINT('',(1.696460701147,1.15209841313));
#6270 = CARTESIAN_POINT('',(1.687595652123,1.15489822307));
#6271 = CARTESIAN_POINT('',(1.678742895888,1.158750128228));
#6272 = CARTESIAN_POINT('',(1.669904710583,1.163616445959));
#6273 = CARTESIAN_POINT('',(1.661083386891,1.169459493618));
#6274 = CARTESIAN_POINT('',(1.65228122541,1.176241588561));
#6275 = CARTESIAN_POINT('',(1.643500534793,1.183925048145));
#6276 = CARTESIAN_POINT('',(1.634743629768,1.192472189725));
#6277 = CARTESIAN_POINT('',(1.626012828988,1.201845330656));
#6278 = CARTESIAN_POINT('',(1.617310453842,1.212006788296));
#6279 = CARTESIAN_POINT('',(1.608638823823,1.222918879999));
#6280 = CARTESIAN_POINT('',(1.600000597815,1.234588594002));
#6281 = CARTESIAN_POINT('',(1.591398465537,1.247022918541));
#6282 = CARTESIAN_POINT('',(1.582835142457,1.26022884185));
#6283 = CARTESIAN_POINT('',(1.574313368238,1.274213352167));
#6284 = CARTESIAN_POINT('',(1.565835904276,1.288983437726));
#6285 = CARTESIAN_POINT('',(1.557405531562,1.304546086765));
#6286 = CARTESIAN_POINT('',(1.549025048405,1.320908287518));
#6287 = CARTESIAN_POINT('',(1.540697268674,1.338077028221));
#6288 = CARTESIAN_POINT('',(1.532425018509,1.356059297111));
#6289 = CARTESIAN_POINT('',(1.526949098858,1.368594487319));
#6290 = CARTESIAN_POINT('',(1.524221340288,1.374999999866));
#6291 = ( GEOMETRIC_REPRESENTATION_CONTEXT(2) 
PARAMETRIC_REPRESENTATION_CONTEXT() REPRESENTATION_CONTEXT('2D SPACE',''
  ) );
#6292 = ORIENTED_EDGE('',*,*,#5842,.F.);
#6293 = ORIENTED_EDGE('',*,*,#6294,.T.);
#6294 = EDGE_CURVE('',#5843,#6064,#6295,.T.);
#6295 = SURFACE_CURVE('',#6296,(#6302,#6309),.PCURVE_S1.);
#6296 = B_SPLINE_CURVE_WITH_KNOTS('',3,(#6297,#6298,#6299,#6300,#6301),
  .UNSPECIFIED.,.F.,.F.,(4,1,4),(3.397230033241E-11,5.424678012612E-02,
    0.108493560218),.UNSPECIFIED.);
#6297 = CARTESIAN_POINT('',(14.940702090533,17.073475675037,
    22.375000000223));
#6298 = CARTESIAN_POINT('',(14.886309348268,17.24601339944,
    22.492434396919));
#6299 = CARTESIAN_POINT('',(14.792882168299,17.622637771395,
    22.671676488296));
#6300 = CARTESIAN_POINT('',(14.740396434239,18.0505516449,22.75));
#6301 = CARTESIAN_POINT('',(14.725358006517,18.273543559604,22.75));
#6302 = PCURVE('',#5860,#6303);
#6303 = DEFINITIONAL_REPRESENTATION('',(#6304),#6308);
#6304 = LINE('',#6305,#6306);
#6305 = CARTESIAN_POINT('',(1.,-2.360882975501E-16));
#6306 = VECTOR('',#6307,1.);
#6307 = DIRECTION('',(-2.660600185967E-14,1.));
#6308 = ( GEOMETRIC_REPRESENTATION_CONTEXT(2) 
PARAMETRIC_REPRESENTATION_CONTEXT() REPRESENTATION_CONTEXT('2D SPACE',''
  ) );
#6309 = PCURVE('',#2261,#6310);
#6310 = DEFINITIONAL_REPRESENTATION('',(#6311),#6337);
#6311 = B_SPLINE_CURVE_WITH_KNOTS('',3,(#6312,#6313,#6314,#6315,#6316,
    #6317,#6318,#6319,#6320,#6321,#6322,#6323,#6324,#6325,#6326,#6327,
    #6328,#6329,#6330,#6331,#6332,#6333,#6334,#6335,#6336),
  .UNSPECIFIED.,.F.,.F.,(4,1,1,1,1,1,1,1,1,1,1,1,1,1,1,1,1,1,1,1,1,1,4),
  (3.397230033241E-11,4.931525496895E-03,9.863050959817E-03,
    1.479457642274E-02,1.972610188566E-02,2.465762734858E-02,
    2.958915281151E-02,3.452067827443E-02,3.945220373735E-02,
    4.438372920027E-02,4.93152546632E-02,5.424678012612E-02,
    5.917830558904E-02,6.410983105196E-02,6.904135651489E-02,
    7.397288197781E-02,7.890440744073E-02,8.383593290365E-02,
    8.876745836658E-02,9.36989838295E-02,9.863050929242E-02,
    0.103562034755,0.108493560218),.QUASI_UNIFORM_KNOTS.);
#6312 = CARTESIAN_POINT('',(2.289673126896,3.816724186813));
#6313 = CARTESIAN_POINT('',(2.289053822071,3.830400448955));
#6314 = CARTESIAN_POINT('',(2.28781325568,3.857584416432));
#6315 = CARTESIAN_POINT('',(2.285947536762,3.897923840098));
#6316 = CARTESIAN_POINT('',(2.284077951151,3.93789504736));
#6317 = CARTESIAN_POINT('',(2.282205495334,3.977569260411));
#6318 = CARTESIAN_POINT('',(2.28033116125,4.017018507357));
#6319 = CARTESIAN_POINT('',(2.278455935355,4.056315191216));
#6320 = CARTESIAN_POINT('',(2.276580798379,4.095531294428));
#6321 = CARTESIAN_POINT('',(2.27470672491,4.134737732774));
#6322 = CARTESIAN_POINT('',(2.27283468303,4.174003720814));
#6323 = CARTESIAN_POINT('',(2.27096563396,4.213396068567));
#6324 = CARTESIAN_POINT('',(2.269100531673,4.252978758328));
#6325 = CARTESIAN_POINT('',(2.267240322687,4.292811388077));
#6326 = CARTESIAN_POINT('',(2.265385811975,4.332914552533));
#6327 = CARTESIAN_POINT('',(2.263537794674,4.37331521537));
#6328 = CARTESIAN_POINT('',(2.261697056006,4.414045854876));
#6329 = CARTESIAN_POINT('',(2.25986437103,4.455144617484));
#6330 = CARTESIAN_POINT('',(2.25804050448,4.496655119692));
#6331 = CARTESIAN_POINT('',(2.256226210553,4.538626263403));
#6332 = CARTESIAN_POINT('',(2.254422232865,4.5811119153));
#6333 = CARTESIAN_POINT('',(2.252629303923,4.624170613592));
#6334 = CARTESIAN_POINT('',(2.250848146413,4.667864705229));
#6335 = CARTESIAN_POINT('',(2.249669027354,4.697462247563));
#6336 = CARTESIAN_POINT('',(2.249081666284,4.712388980385));
#6337 = ( GEOMETRIC_REPRESENTATION_CONTEXT(2) 
PARAMETRIC_REPRESENTATION_CONTEXT() REPRESENTATION_CONTEXT('2D SPACE',''
  ) );
#6338 = ADVANCED_FACE('',(#6339),#4547,.T.);
#6339 = FACE_BOUND('',#6340,.T.);
#6340 = EDGE_LOOP('',(#6341,#6342,#6387,#6388));
#6341 = ORIENTED_EDGE('',*,*,#4984,.F.);
#6342 = ORIENTED_EDGE('',*,*,#6343,.T.);
#6343 = EDGE_CURVE('',#4898,#4532,#6344,.T.);
#6344 = SURFACE_CURVE('',#6345,(#6351,#6358),.PCURVE_S1.);
#6345 = B_SPLINE_CURVE_WITH_KNOTS('',3,(#6346,#6347,#6348,#6349,#6350),
  .UNSPECIFIED.,.F.,.F.,(4,1,4),(-0.108493560218,-5.424678012612E-02,
    -3.397441473802E-11),.UNSPECIFIED.);
#6346 = CARTESIAN_POINT('',(18.397972852605,-15.10551238442,22.35));
#6347 = CARTESIAN_POINT('',(18.238507271016,-15.15770746812,22.35));
#6348 = CARTESIAN_POINT('',(17.925837158382,-15.27751945699,
    22.303005892978));
#6349 = CARTESIAN_POINT('',(17.637582732235,-15.42120502817,
    22.195460638151));
#6350 = CARTESIAN_POINT('',(17.502443054765,-15.49614506169,
    22.125000000134));
#6351 = PCURVE('',#4547,#6352);
#6352 = DEFINITIONAL_REPRESENTATION('',(#6353),#6357);
#6353 = LINE('',#6354,#6355);
#6354 = CARTESIAN_POINT('',(3.259522389537E-15,5.273559366969E-16));
#6355 = VECTOR('',#6356,1.);
#6356 = DIRECTION('',(1.24498503118E-13,-1.));
#6357 = ( GEOMETRIC_REPRESENTATION_CONTEXT(2) 
PARAMETRIC_REPRESENTATION_CONTEXT() REPRESENTATION_CONTEXT('2D SPACE',''
  ) );
#6358 = PCURVE('',#4196,#6359);
#6359 = DEFINITIONAL_REPRESENTATION('',(#6360),#6386);
#6360 = B_SPLINE_CURVE_WITH_KNOTS('',3,(#6361,#6362,#6363,#6364,#6365,
    #6366,#6367,#6368,#6369,#6370,#6371,#6372,#6373,#6374,#6375,#6376,
    #6377,#6378,#6379,#6380,#6381,#6382,#6383,#6384,#6385),
  .UNSPECIFIED.,.F.,.F.,(4,1,1,1,1,1,1,1,1,1,1,1,1,1,1,1,1,1,1,1,1,1,4),
  (-0.108493560218,-0.103562034755,-9.863050929242E-02,
    -9.36989838295E-02,-8.876745836658E-02,-8.383593290366E-02,
    -7.890440744073E-02,-7.397288197781E-02,-6.904135651489E-02,
    -6.410983105197E-02,-5.917830558904E-02,-5.424678012612E-02,
    -4.93152546632E-02,-4.438372920028E-02,-3.945220373735E-02,
    -3.452067827443E-02,-2.958915281151E-02,-2.465762734859E-02,
    -1.972610188566E-02,-1.479457642274E-02,-9.863050959819E-03,
    -4.931525496897E-03,-3.397441473802E-11),.QUASI_UNIFORM_KNOTS.);
#6361 = CARTESIAN_POINT('',(1.714219559405,1.15));
#6362 = CARTESIAN_POINT('',(1.711257683729,1.15));
#6363 = CARTESIAN_POINT('',(1.705335777143,1.15038838105));
#6364 = CARTESIAN_POINT('',(1.696460701147,1.15209841313));
#6365 = CARTESIAN_POINT('',(1.687595652123,1.15489822307));
#6366 = CARTESIAN_POINT('',(1.678742895888,1.158750128228));
#6367 = CARTESIAN_POINT('',(1.669904710583,1.163616445959));
#6368 = CARTESIAN_POINT('',(1.661083386891,1.169459493618));
#6369 = CARTESIAN_POINT('',(1.65228122541,1.176241588561));
#6370 = CARTESIAN_POINT('',(1.643500534793,1.183925048145));
#6371 = CARTESIAN_POINT('',(1.634743629768,1.192472189725));
#6372 = CARTESIAN_POINT('',(1.626012828988,1.201845330656));
#6373 = CARTESIAN_POINT('',(1.617310453842,1.212006788296));
#6374 = CARTESIAN_POINT('',(1.608638823823,1.222918879999));
#6375 = CARTESIAN_POINT('',(1.600000597815,1.234588594002));
#6376 = CARTESIAN_POINT('',(1.591398465537,1.247022918541));
#6377 = CARTESIAN_POINT('',(1.582835142457,1.26022884185));
#6378 = CARTESIAN_POINT('',(1.574313368238,1.274213352167));
#6379 = CARTESIAN_POINT('',(1.565835904276,1.288983437726));
#6380 = CARTESIAN_POINT('',(1.557405531562,1.304546086765));
#6381 = CARTESIAN_POINT('',(1.549025048405,1.320908287518));
#6382 = CARTESIAN_POINT('',(1.540697268674,1.338077028221));
#6383 = CARTESIAN_POINT('',(1.532425018509,1.356059297111));
#6384 = CARTESIAN_POINT('',(1.526949098858,1.368594487319));
#6385 = CARTESIAN_POINT('',(1.524221340288,1.374999999866));
#6386 = ( GEOMETRIC_REPRESENTATION_CONTEXT(2) 
PARAMETRIC_REPRESENTATION_CONTEXT() REPRESENTATION_CONTEXT('2D SPACE',''
  ) );
#6387 = ORIENTED_EDGE('',*,*,#4529,.F.);
#6388 = ORIENTED_EDGE('',*,*,#6389,.T.);
#6389 = EDGE_CURVE('',#4530,#4961,#6390,.T.);
#6390 = SURFACE_CURVE('',#6391,(#6397,#6404),.PCURVE_S1.);
#6391 = B_SPLINE_CURVE_WITH_KNOTS('',3,(#6392,#6393,#6394,#6395,#6396),
  .UNSPECIFIED.,.F.,.F.,(4,1,4),(3.397441473802E-11,5.424678012612E-02,
    0.108493560218),.UNSPECIFIED.);
#6392 = CARTESIAN_POINT('',(17.073475675037,-14.94070209053,
    22.375000000223));
#6393 = CARTESIAN_POINT('',(17.24601339944,-14.88630934826,
    22.492434396919));
#6394 = CARTESIAN_POINT('',(17.622637771395,-14.79288216829,
    22.671676488296));
#6395 = CARTESIAN_POINT('',(18.0505516449,-14.74039643423,22.75));
#6396 = CARTESIAN_POINT('',(18.273543559604,-14.72535800651,22.75));
#6397 = PCURVE('',#4547,#6398);
#6398 = DEFINITIONAL_REPRESENTATION('',(#6399),#6403);
#6399 = LINE('',#6400,#6401);
#6400 = CARTESIAN_POINT('',(1.,-3.297312538624E-17));
#6401 = VECTOR('',#6402,1.);
#6402 = DIRECTION('',(-3.172254067884E-14,1.));
#6403 = ( GEOMETRIC_REPRESENTATION_CONTEXT(2) 
PARAMETRIC_REPRESENTATION_CONTEXT() REPRESENTATION_CONTEXT('2D SPACE',''
  ) );
#6404 = PCURVE('',#5805,#6405);
#6405 = DEFINITIONAL_REPRESENTATION('',(#6406),#6432);
#6406 = B_SPLINE_CURVE_WITH_KNOTS('',3,(#6407,#6408,#6409,#6410,#6411,
    #6412,#6413,#6414,#6415,#6416,#6417,#6418,#6419,#6420,#6421,#6422,
    #6423,#6424,#6425,#6426,#6427,#6428,#6429,#6430,#6431),
  .UNSPECIFIED.,.F.,.F.,(4,1,1,1,1,1,1,1,1,1,1,1,1,1,1,1,1,1,1,1,1,1,4),
  (3.397441473802E-11,4.931525496897E-03,9.863050959819E-03,
    1.479457642274E-02,1.972610188566E-02,2.465762734859E-02,
    2.958915281151E-02,3.452067827443E-02,3.945220373735E-02,
    4.438372920028E-02,4.93152546632E-02,5.424678012612E-02,
    5.917830558904E-02,6.410983105197E-02,6.904135651489E-02,
    7.397288197781E-02,7.890440744073E-02,8.383593290366E-02,
    8.876745836658E-02,9.36989838295E-02,9.863050929242E-02,
    0.103562034755,0.108493560218),.QUASI_UNIFORM_KNOTS.);
#6407 = CARTESIAN_POINT('',(7.002062107287,3.816724186813));
#6408 = CARTESIAN_POINT('',(7.001442802462,3.830400448955));
#6409 = CARTESIAN_POINT('',(7.000202236072,3.857584416432));
#6410 = CARTESIAN_POINT('',(6.998336517153,3.897923840098));
#6411 = CARTESIAN_POINT('',(6.996466931542,3.93789504736));
#6412 = CARTESIAN_POINT('',(6.994594475726,3.977569260411));
#6413 = CARTESIAN_POINT('',(6.992720141641,4.017018507357));
#6414 = CARTESIAN_POINT('',(6.990844915746,4.056315191216));
#6415 = CARTESIAN_POINT('',(6.98896977877,4.095531294428));
#6416 = CARTESIAN_POINT('',(6.987095705301,4.134737732774));
#6417 = CARTESIAN_POINT('',(6.985223663421,4.174003720814));
#6418 = CARTESIAN_POINT('',(6.983354614351,4.213396068567));
#6419 = CARTESIAN_POINT('',(6.981489512065,4.252978758328));
#6420 = CARTESIAN_POINT('',(6.979629303078,4.292811388077));
#6421 = CARTESIAN_POINT('',(6.977774792366,4.332914552533));
#6422 = CARTESIAN_POINT('',(6.975926775065,4.373315215369));
#6423 = CARTESIAN_POINT('',(6.974086036397,4.414045854876));
#6424 = CARTESIAN_POINT('',(6.972253351422,4.455144617484));
#6425 = CARTESIAN_POINT('',(6.970429484871,4.496655119692));
#6426 = CARTESIAN_POINT('',(6.968615190945,4.538626263403));
#6427 = CARTESIAN_POINT('',(6.966811213256,4.5811119153));
#6428 = CARTESIAN_POINT('',(6.965018284314,4.624170613592));
#6429 = CARTESIAN_POINT('',(6.963237126804,4.667864705229));
#6430 = CARTESIAN_POINT('',(6.962058007746,4.697462247563));
#6431 = CARTESIAN_POINT('',(6.961470646676,4.712388980385));
#6432 = ( GEOMETRIC_REPRESENTATION_CONTEXT(2) 
PARAMETRIC_REPRESENTATION_CONTEXT() REPRESENTATION_CONTEXT('2D SPACE',''
  ) );
#6433 = ADVANCED_FACE('',(#6434),#2316,.T.);
#6434 = FACE_BOUND('',#6435,.T.);
#6435 = EDGE_LOOP('',(#6436,#6437,#6482,#6483));
#6436 = ORIENTED_EDGE('',*,*,#2753,.F.);
#6437 = ORIENTED_EDGE('',*,*,#6438,.T.);
#6438 = EDGE_CURVE('',#2667,#2301,#6439,.T.);
#6439 = SURFACE_CURVE('',#6440,(#6446,#6453),.PCURVE_S1.);
#6440 = B_SPLINE_CURVE_WITH_KNOTS('',3,(#6441,#6442,#6443,#6444,#6445),
  .UNSPECIFIED.,.F.,.F.,(4,1,4),(-0.108493560218,-5.424678012612E-02,
    -3.397135375695E-11),.UNSPECIFIED.);
#6441 = CARTESIAN_POINT('',(-18.3979728526,15.105512384426,22.35));
#6442 = CARTESIAN_POINT('',(-18.23850727101,15.157707468129,22.35));
#6443 = CARTESIAN_POINT('',(-17.92583715838,15.277519456999,
    22.303005892978));
#6444 = CARTESIAN_POINT('',(-17.63758273223,15.421205028174,
    22.195460638151));
#6445 = CARTESIAN_POINT('',(-17.50244305476,15.496145061694,
    22.125000000134));
#6446 = PCURVE('',#2316,#6447);
#6447 = DEFINITIONAL_REPRESENTATION('',(#6448),#6452);
#6448 = LINE('',#6449,#6450);
#6449 = CARTESIAN_POINT('',(-4.975368855834E-15,7.632783294298E-16));
#6450 = VECTOR('',#6451,1.);
#6451 = DIRECTION('',(5.215784880883E-14,-1.));
#6452 = ( GEOMETRIC_REPRESENTATION_CONTEXT(2) 
PARAMETRIC_REPRESENTATION_CONTEXT() REPRESENTATION_CONTEXT('2D SPACE',''
  ) );
#6453 = PCURVE('',#2060,#6454);
#6454 = DEFINITIONAL_REPRESENTATION('',(#6455),#6481);
#6455 = B_SPLINE_CURVE_WITH_KNOTS('',3,(#6456,#6457,#6458,#6459,#6460,
    #6461,#6462,#6463,#6464,#6465,#6466,#6467,#6468,#6469,#6470,#6471,
    #6472,#6473,#6474,#6475,#6476,#6477,#6478,#6479,#6480),
  .UNSPECIFIED.,.F.,.F.,(4,1,1,1,1,1,1,1,1,1,1,1,1,1,1,1,1,1,1,1,1,1,4),
  (-0.108493560218,-0.103562034755,-9.863050929242E-02,
    -9.36989838295E-02,-8.876745836658E-02,-8.383593290365E-02,
    -7.890440744073E-02,-7.397288197781E-02,-6.904135651489E-02,
    -6.410983105196E-02,-5.917830558904E-02,-5.424678012612E-02,
    -4.93152546632E-02,-4.438372920027E-02,-3.945220373735E-02,
    -3.452067827443E-02,-2.958915281151E-02,-2.465762734858E-02,
    -1.972610188566E-02,-1.479457642274E-02,-9.863050959816E-03,
    -4.931525496894E-03,-3.397135375695E-11),.UNSPECIFIED.);
#6456 = CARTESIAN_POINT('',(1.714219559405,1.15));
#6457 = CARTESIAN_POINT('',(1.711257683729,1.15));
#6458 = CARTESIAN_POINT('',(1.705335777143,1.15038838105));
#6459 = CARTESIAN_POINT('',(1.696460701147,1.15209841313));
#6460 = CARTESIAN_POINT('',(1.687595652123,1.15489822307));
#6461 = CARTESIAN_POINT('',(1.678742895888,1.158750128228));
#6462 = CARTESIAN_POINT('',(1.669904710583,1.163616445959));
#6463 = CARTESIAN_POINT('',(1.661083386891,1.169459493618));
#6464 = CARTESIAN_POINT('',(1.65228122541,1.176241588561));
#6465 = CARTESIAN_POINT('',(1.643500534793,1.183925048145));
#6466 = CARTESIAN_POINT('',(1.634743629768,1.192472189725));
#6467 = CARTESIAN_POINT('',(1.626012828988,1.201845330656));
#6468 = CARTESIAN_POINT('',(1.617310453842,1.212006788296));
#6469 = CARTESIAN_POINT('',(1.608638823823,1.222918879999));
#6470 = CARTESIAN_POINT('',(1.600000597815,1.234588594002));
#6471 = CARTESIAN_POINT('',(1.591398465537,1.247022918541));
#6472 = CARTESIAN_POINT('',(1.582835142457,1.26022884185));
#6473 = CARTESIAN_POINT('',(1.574313368238,1.274213352167));
#6474 = CARTESIAN_POINT('',(1.565835904276,1.288983437726));
#6475 = CARTESIAN_POINT('',(1.557405531562,1.304546086765));
#6476 = CARTESIAN_POINT('',(1.549025048405,1.320908287518));
#6477 = CARTESIAN_POINT('',(1.540697268674,1.338077028221));
#6478 = CARTESIAN_POINT('',(1.532425018509,1.356059297111));
#6479 = CARTESIAN_POINT('',(1.526949098858,1.368594487319));
#6480 = CARTESIAN_POINT('',(1.524221340288,1.374999999866));
#6481 = ( GEOMETRIC_REPRESENTATION_CONTEXT(2) 
PARAMETRIC_REPRESENTATION_CONTEXT() REPRESENTATION_CONTEXT('2D SPACE',''
  ) );
#6482 = ORIENTED_EDGE('',*,*,#2298,.F.);
#6483 = ORIENTED_EDGE('',*,*,#6484,.T.);
#6484 = EDGE_CURVE('',#2299,#2730,#6485,.T.);
#6485 = SURFACE_CURVE('',#6486,(#6492,#6499),.PCURVE_S1.);
#6486 = B_SPLINE_CURVE_WITH_KNOTS('',3,(#6487,#6488,#6489,#6490,#6491),
  .UNSPECIFIED.,.F.,.F.,(4,1,4),(3.397135375695E-11,5.424678012612E-02,
    0.108493560218),.UNSPECIFIED.);
#6487 = CARTESIAN_POINT('',(-17.07347567503,14.940702090533,
    22.375000000223));
#6488 = CARTESIAN_POINT('',(-17.24601339944,14.886309348268,
    22.492434396919));
#6489 = CARTESIAN_POINT('',(-17.62263777139,14.792882168299,
    22.671676488296));
#6490 = CARTESIAN_POINT('',(-18.0505516449,14.740396434239,22.75));
#6491 = CARTESIAN_POINT('',(-18.2735435596,14.725358006517,22.75));
#6492 = PCURVE('',#2316,#6493);
#6493 = DEFINITIONAL_REPRESENTATION('',(#6494),#6498);
#6494 = LINE('',#6495,#6496);
#6495 = CARTESIAN_POINT('',(1.,-3.21014370122E-16));
#6496 = VECTOR('',#6497,1.);
#6497 = DIRECTION('',(-5.321200371934E-14,1.));
#6498 = ( GEOMETRIC_REPRESENTATION_CONTEXT(2) 
PARAMETRIC_REPRESENTATION_CONTEXT() REPRESENTATION_CONTEXT('2D SPACE',''
  ) );
#6499 = PCURVE('',#3574,#6500);
#6500 = DEFINITIONAL_REPRESENTATION('',(#6501),#6527);
#6501 = B_SPLINE_CURVE_WITH_KNOTS('',3,(#6502,#6503,#6504,#6505,#6506,
    #6507,#6508,#6509,#6510,#6511,#6512,#6513,#6514,#6515,#6516,#6517,
    #6518,#6519,#6520,#6521,#6522,#6523,#6524,#6525,#6526),
  .UNSPECIFIED.,.F.,.F.,(4,1,1,1,1,1,1,1,1,1,1,1,1,1,1,1,1,1,1,1,1,1,4),
  (3.397135375695E-11,4.931525496894E-03,9.863050959816E-03,
    1.479457642274E-02,1.972610188566E-02,2.465762734858E-02,
    2.958915281151E-02,3.452067827443E-02,3.945220373735E-02,
    4.438372920027E-02,4.93152546632E-02,5.424678012612E-02,
    5.917830558904E-02,6.410983105196E-02,6.904135651489E-02,
    7.397288197781E-02,7.890440744073E-02,8.383593290365E-02,
    8.876745836658E-02,9.36989838295E-02,9.863050929242E-02,
    0.103562034755,0.108493560218),.QUASI_UNIFORM_KNOTS.);
#6502 = CARTESIAN_POINT('',(7.002062107281,3.816724186813));
#6503 = CARTESIAN_POINT('',(7.001442802455,3.830400448955));
#6504 = CARTESIAN_POINT('',(7.000202236065,3.857584416432));
#6505 = CARTESIAN_POINT('',(6.998336517146,3.897923840098));
#6506 = CARTESIAN_POINT('',(6.996466931536,3.93789504736));
#6507 = CARTESIAN_POINT('',(6.994594475719,3.977569260411));
#6508 = CARTESIAN_POINT('',(6.992720141635,4.017018507357));
#6509 = CARTESIAN_POINT('',(6.99084491574,4.056315191216));
#6510 = CARTESIAN_POINT('',(6.988969778764,4.095531294428));
#6511 = CARTESIAN_POINT('',(6.987095705295,4.134737732774));
#6512 = CARTESIAN_POINT('',(6.985223663415,4.174003720814));
#6513 = CARTESIAN_POINT('',(6.983354614345,4.213396068567));
#6514 = CARTESIAN_POINT('',(6.981489512058,4.252978758328));
#6515 = CARTESIAN_POINT('',(6.979629303072,4.292811388077));
#6516 = CARTESIAN_POINT('',(6.977774792359,4.332914552533));
#6517 = CARTESIAN_POINT('',(6.975926775059,4.37331521537));
#6518 = CARTESIAN_POINT('',(6.974086036391,4.414045854876));
#6519 = CARTESIAN_POINT('',(6.972253351415,4.455144617484));
#6520 = CARTESIAN_POINT('',(6.970429484864,4.496655119692));
#6521 = CARTESIAN_POINT('',(6.968615190938,4.538626263403));
#6522 = CARTESIAN_POINT('',(6.96681121325,4.5811119153));
#6523 = CARTESIAN_POINT('',(6.965018284308,4.624170613592));
#6524 = CARTESIAN_POINT('',(6.963237126798,4.667864705229));
#6525 = CARTESIAN_POINT('',(6.962058007739,4.697462247563));
#6526 = CARTESIAN_POINT('',(6.961470646669,4.712388980385));
#6527 = ( GEOMETRIC_REPRESENTATION_CONTEXT(2) 
PARAMETRIC_REPRESENTATION_CONTEXT() REPRESENTATION_CONTEXT('2D SPACE',''
  ) );
#6528 = ADVANCED_FACE('',(#6529),#2060,.T.);
#6529 = FACE_BOUND('',#6530,.T.);
#6530 = EDGE_LOOP('',(#6531,#6532,#6533,#6534,#6535,#6536,#6559,#6583));
#6531 = ORIENTED_EDGE('',*,*,#2043,.F.);
#6532 = ORIENTED_EDGE('',*,*,#2199,.F.);
#6533 = ORIENTED_EDGE('',*,*,#2358,.F.);
#6534 = ORIENTED_EDGE('',*,*,#6438,.F.);
#6535 = ORIENTED_EDGE('',*,*,#2664,.F.);
#6536 = ORIENTED_EDGE('',*,*,#6537,.T.);
#6537 = EDGE_CURVE('',#2665,#6538,#6540,.T.);
#6538 = VERTEX_POINT('',#6539);
#6539 = CARTESIAN_POINT('',(-22.28515739552,15.384747495782,
    20.757510160843));
#6540 = SURFACE_CURVE('',#6541,(#6545,#6552),.PCURVE_S1.);
#6541 = LINE('',#6542,#6543);
#6542 = CARTESIAN_POINT('',(-22.28515739552,15.384747495782,23.5));
#6543 = VECTOR('',#6544,1.);
#6544 = DIRECTION('',(0.,0.,-1.));
#6545 = PCURVE('',#2060,#6546);
#6546 = DEFINITIONAL_REPRESENTATION('',(#6547),#6551);
#6547 = LINE('',#6548,#6549);
#6548 = CARTESIAN_POINT('',(2.490286959442,0.));
#6549 = VECTOR('',#6550,1.);
#6550 = DIRECTION('',(0.,1.));
#6551 = ( GEOMETRIC_REPRESENTATION_CONTEXT(2) 
PARAMETRIC_REPRESENTATION_CONTEXT() REPRESENTATION_CONTEXT('2D SPACE',''
  ) );
#6552 = PCURVE('',#2818,#6553);
#6553 = DEFINITIONAL_REPRESENTATION('',(#6554),#6558);
#6554 = LINE('',#6555,#6556);
#6555 = CARTESIAN_POINT('',(1.448308304161,0.));
#6556 = VECTOR('',#6557,1.);
#6557 = DIRECTION('',(0.,1.));
#6558 = ( GEOMETRIC_REPRESENTATION_CONTEXT(2) 
PARAMETRIC_REPRESENTATION_CONTEXT() REPRESENTATION_CONTEXT('2D SPACE',''
  ) );
#6559 = ORIENTED_EDGE('',*,*,#6560,.F.);
#6560 = EDGE_CURVE('',#6561,#6538,#6563,.T.);
#6561 = VERTEX_POINT('',#6562);
#6562 = CARTESIAN_POINT('',(-15.38474749578,22.285157395522,
    20.757510160843));
#6563 = SURFACE_CURVE('',#6564,(#6569,#6576),.PCURVE_S1.);
#6564 = CIRCLE('',#6565,5.15);
#6565 = AXIS2_PLACEMENT_3D('',#6566,#6567,#6568);
#6566 = CARTESIAN_POINT('',(-20.,20.,20.757510160843));
#6567 = DIRECTION('',(2.359223927328E-16,-2.775557561563E-17,-1.));
#6568 = DIRECTION('',(0.8961655348,0.443719882626,1.991098165003E-16));
#6569 = PCURVE('',#2060,#6570);
#6570 = DEFINITIONAL_REPRESENTATION('',(#6571),#6575);
#6571 = LINE('',#6572,#6573);
#6572 = CARTESIAN_POINT('',(0.,2.742489839157));
#6573 = VECTOR('',#6574,1.);
#6574 = DIRECTION('',(1.,0.));
#6575 = ( GEOMETRIC_REPRESENTATION_CONTEXT(2) 
PARAMETRIC_REPRESENTATION_CONTEXT() REPRESENTATION_CONTEXT('2D SPACE',''
  ) );
#6576 = PCURVE('',#228,#6577);
#6577 = DEFINITIONAL_REPRESENTATION('',(#6578),#6582);
#6578 = CIRCLE('',#6579,5.15);
#6579 = AXIS2_PLACEMENT_2D('',#6580,#6581);
#6580 = CARTESIAN_POINT('',(20.,20.));
#6581 = DIRECTION('',(-0.8961655348,0.443719882626));
#6582 = ( GEOMETRIC_REPRESENTATION_CONTEXT(2) 
PARAMETRIC_REPRESENTATION_CONTEXT() REPRESENTATION_CONTEXT('2D SPACE',''
  ) );
#6583 = ORIENTED_EDGE('',*,*,#6584,.F.);
#6584 = EDGE_CURVE('',#1933,#6561,#6585,.T.);
#6585 = SURFACE_CURVE('',#6586,(#6590,#6597),.PCURVE_S1.);
#6586 = LINE('',#6587,#6588);
#6587 = CARTESIAN_POINT('',(-15.38474749578,22.285157395522,23.5));
#6588 = VECTOR('',#6589,1.);
#6589 = DIRECTION('',(0.,0.,-1.));
#6590 = PCURVE('',#2060,#6591);
#6591 = DEFINITIONAL_REPRESENTATION('',(#6592),#6596);
#6592 = LINE('',#6593,#6594);
#6593 = CARTESIAN_POINT('',(0.,0.));
#6594 = VECTOR('',#6595,1.);
#6595 = DIRECTION('',(0.,1.));
#6596 = ( GEOMETRIC_REPRESENTATION_CONTEXT(2) 
PARAMETRIC_REPRESENTATION_CONTEXT() REPRESENTATION_CONTEXT('2D SPACE',''
  ) );
#6597 = PCURVE('',#1976,#6598);
#6598 = DEFINITIONAL_REPRESENTATION('',(#6599),#6603);
#6599 = LINE('',#6600,#6601);
#6600 = CARTESIAN_POINT('',(0.,0.));
#6601 = VECTOR('',#6602,1.);
#6602 = DIRECTION('',(0.,1.));
#6603 = ( GEOMETRIC_REPRESENTATION_CONTEXT(2) 
PARAMETRIC_REPRESENTATION_CONTEXT() REPRESENTATION_CONTEXT('2D SPACE',''
  ) );
#6604 = ADVANCED_FACE('',(#6605),#2818,.F.);
#6605 = FACE_BOUND('',#6606,.F.);
#6606 = EDGE_LOOP('',(#6607,#6608,#6636,#6657));
#6607 = ORIENTED_EDGE('',*,*,#6537,.T.);
#6608 = ORIENTED_EDGE('',*,*,#6609,.T.);
#6609 = EDGE_CURVE('',#6538,#6610,#6612,.T.);
#6610 = VERTEX_POINT('',#6611);
#6611 = CARTESIAN_POINT('',(-23.0525313101,15.176982578789,
    20.757510160843));
#6612 = SURFACE_CURVE('',#6613,(#6618,#6625),.PCURVE_S1.);
#6613 = CIRCLE('',#6614,0.6);
#6614 = AXIS2_PLACEMENT_3D('',#6615,#6616,#6617);
#6615 = CARTESIAN_POINT('',(-22.55138932509,14.847048174902,
    20.757510160843));
#6616 = DIRECTION('',(-2.359223927328E-16,2.775557561563E-17,1.));
#6617 = DIRECTION('',(-0.83523664167,0.549890673145,-2.123135591598E-16)
  );
#6618 = PCURVE('',#2818,#6619);
#6619 = DEFINITIONAL_REPRESENTATION('',(#6620),#6624);
#6620 = LINE('',#6621,#6622);
#6621 = CARTESIAN_POINT('',(6.28318530718,2.742489839157));
#6622 = VECTOR('',#6623,1.);
#6623 = DIRECTION('',(-1.,0.));
#6624 = ( GEOMETRIC_REPRESENTATION_CONTEXT(2) 
PARAMETRIC_REPRESENTATION_CONTEXT() REPRESENTATION_CONTEXT('2D SPACE',''
  ) );
#6625 = PCURVE('',#228,#6626);
#6626 = DEFINITIONAL_REPRESENTATION('',(#6627),#6635);
#6627 = ( BOUNDED_CURVE() B_SPLINE_CURVE(2,(#6628,#6629,#6630,#6631,
#6632,#6633,#6634),.UNSPECIFIED.,.T.,.F.) B_SPLINE_CURVE_WITH_KNOTS((1,2
    ,2,2,2,1),(-2.094395102393,0.,2.094395102393,4.188790204786,
6.28318530718,8.377580409573),.UNSPECIFIED.) CURVE() 
GEOMETRIC_REPRESENTATION_ITEM() RATIONAL_B_SPLINE_CURVE((1.,0.5,1.,0.5,
1.,0.5,1.)) REPRESENTATION_ITEM('') );
#6628 = CARTESIAN_POINT('',(23.0525313101,15.176982578789));
#6629 = CARTESIAN_POINT('',(23.623994460797,14.308979198959));
#6630 = CARTESIAN_POINT('',(22.586549907945,14.248079283044));
#6631 = CARTESIAN_POINT('',(21.549105355093,14.187179367129));
#6632 = CARTESIAN_POINT('',(22.015086757248,15.116082662874));
#6633 = CARTESIAN_POINT('',(22.481068159403,16.044985958619));
#6634 = CARTESIAN_POINT('',(23.0525313101,15.176982578789));
#6635 = ( GEOMETRIC_REPRESENTATION_CONTEXT(2) 
PARAMETRIC_REPRESENTATION_CONTEXT() REPRESENTATION_CONTEXT('2D SPACE',''
  ) );
#6636 = ORIENTED_EDGE('',*,*,#6637,.F.);
#6637 = EDGE_CURVE('',#2780,#6610,#6638,.T.);
#6638 = SURFACE_CURVE('',#6639,(#6643,#6650),.PCURVE_S1.);
#6639 = LINE('',#6640,#6641);
#6640 = CARTESIAN_POINT('',(-23.0525313101,15.176982578789,23.5));
#6641 = VECTOR('',#6642,1.);
#6642 = DIRECTION('',(0.,0.,-1.));
#6643 = PCURVE('',#2818,#6644);
#6644 = DEFINITIONAL_REPRESENTATION('',(#6645),#6649);
#6645 = LINE('',#6646,#6647);
#6646 = CARTESIAN_POINT('',(0.,0.));
#6647 = VECTOR('',#6648,1.);
#6648 = DIRECTION('',(0.,1.));
#6649 = ( GEOMETRIC_REPRESENTATION_CONTEXT(2) 
PARAMETRIC_REPRESENTATION_CONTEXT() REPRESENTATION_CONTEXT('2D SPACE',''
  ) );
#6650 = PCURVE('',#2627,#6651);
#6651 = DEFINITIONAL_REPRESENTATION('',(#6652),#6656);
#6652 = LINE('',#6653,#6654);
#6653 = CARTESIAN_POINT('',(3.723825992548,0.));
#6654 = VECTOR('',#6655,1.);
#6655 = DIRECTION('',(0.,1.));
#6656 = ( GEOMETRIC_REPRESENTATION_CONTEXT(2) 
PARAMETRIC_REPRESENTATION_CONTEXT() REPRESENTATION_CONTEXT('2D SPACE',''
  ) );
#6657 = ORIENTED_EDGE('',*,*,#2803,.T.);
#6658 = ADVANCED_FACE('',(#6659),#2627,.F.);
#6659 = FACE_BOUND('',#6660,.F.);
#6660 = EDGE_LOOP('',(#6661,#6662,#6688,#6689));
#6661 = ORIENTED_EDGE('',*,*,#6637,.T.);
#6662 = ORIENTED_EDGE('',*,*,#6663,.T.);
#6663 = EDGE_CURVE('',#6610,#2612,#6664,.T.);
#6664 = SURFACE_CURVE('',#6665,(#6670,#6677),.PCURVE_S1.);
#6665 = CIRCLE('',#6666,27.6);
#6666 = AXIS2_PLACEMENT_3D('',#6667,#6668,#6669);
#6667 = CARTESIAN_POINT('',(0.,0.,20.757510160843));
#6668 = DIRECTION('',(-2.359223927328E-16,2.775557561563E-17,1.));
#6669 = DIRECTION('',(1.,6.548161810917E-33,2.359223927328E-16));
#6670 = PCURVE('',#2627,#6671);
#6671 = DEFINITIONAL_REPRESENTATION('',(#6672),#6676);
#6672 = LINE('',#6673,#6674);
#6673 = CARTESIAN_POINT('',(6.28318530718,2.742489839157));
#6674 = VECTOR('',#6675,1.);
#6675 = DIRECTION('',(-1.,0.));
#6676 = ( GEOMETRIC_REPRESENTATION_CONTEXT(2) 
PARAMETRIC_REPRESENTATION_CONTEXT() REPRESENTATION_CONTEXT('2D SPACE',''
  ) );
#6677 = PCURVE('',#228,#6678);
#6678 = DEFINITIONAL_REPRESENTATION('',(#6679),#6687);
#6679 = ( BOUNDED_CURVE() B_SPLINE_CURVE(2,(#6680,#6681,#6682,#6683,
#6684,#6685,#6686),.UNSPECIFIED.,.T.,.F.) B_SPLINE_CURVE_WITH_KNOTS((1,2
    ,2,2,2,1),(-2.094395102393,0.,2.094395102393,4.188790204786,
6.28318530718,8.377580409573),.UNSPECIFIED.) CURVE() 
GEOMETRIC_REPRESENTATION_ITEM() RATIONAL_B_SPLINE_CURVE((1.,0.5,1.,0.5,
1.,0.5,1.)) REPRESENTATION_ITEM('') );
#6680 = CARTESIAN_POINT('',(-27.6,-4.446443213624E-15));
#6681 = CARTESIAN_POINT('',(-27.6,47.804602288901));
#6682 = CARTESIAN_POINT('',(13.8,23.902301144451));
#6683 = CARTESIAN_POINT('',(55.2,2.31360711767E-15));
#6684 = CARTESIAN_POINT('',(13.8,-23.90230114445));
#6685 = CARTESIAN_POINT('',(-27.6,-47.8046022889));
#6686 = CARTESIAN_POINT('',(-27.6,-4.446443213624E-15));
#6687 = ( GEOMETRIC_REPRESENTATION_CONTEXT(2) 
PARAMETRIC_REPRESENTATION_CONTEXT() REPRESENTATION_CONTEXT('2D SPACE',''
  ) );
#6688 = ORIENTED_EDGE('',*,*,#2611,.T.);
#6689 = ORIENTED_EDGE('',*,*,#2887,.T.);
#6690 = ADVANCED_FACE('',(#6691),#2598,.F.);
#6691 = FACE_BOUND('',#6692,.T.);
#6692 = EDGE_LOOP('',(#6693,#6694,#6695,#6696));
#6693 = ORIENTED_EDGE('',*,*,#2582,.F.);
#6694 = ORIENTED_EDGE('',*,*,#3130,.F.);
#6695 = ORIENTED_EDGE('',*,*,#3060,.F.);
#6696 = ORIENTED_EDGE('',*,*,#6697,.F.);
#6697 = EDGE_CURVE('',#2583,#3061,#6698,.T.);
#6698 = SURFACE_CURVE('',#6699,(#6703,#6710),.PCURVE_S1.);
#6699 = LINE('',#6700,#6701);
#6700 = CARTESIAN_POINT('',(-26.85,-3.253363643984,20.757510160843));
#6701 = VECTOR('',#6702,1.);
#6702 = DIRECTION('',(0.,-1.,2.775557561563E-17));
#6703 = PCURVE('',#2598,#6704);
#6704 = DEFINITIONAL_REPRESENTATION('',(#6705),#6709);
#6705 = LINE('',#6706,#6707);
#6706 = CARTESIAN_POINT('',(3.253363643984,2.742489839157));
#6707 = VECTOR('',#6708,1.);
#6708 = DIRECTION('',(-1.,-2.775557561563E-17));
#6709 = ( GEOMETRIC_REPRESENTATION_CONTEXT(2) 
PARAMETRIC_REPRESENTATION_CONTEXT() REPRESENTATION_CONTEXT('2D SPACE',''
  ) );
#6710 = PCURVE('',#228,#6711);
#6711 = DEFINITIONAL_REPRESENTATION('',(#6712),#6716);
#6712 = LINE('',#6713,#6714);
#6713 = CARTESIAN_POINT('',(26.85,-3.253363643984));
#6714 = VECTOR('',#6715,1.);
#6715 = DIRECTION('',(-6.548161810917E-33,-1.));
#6716 = ( GEOMETRIC_REPRESENTATION_CONTEXT(2) 
PARAMETRIC_REPRESENTATION_CONTEXT() REPRESENTATION_CONTEXT('2D SPACE',''
  ) );
#6717 = ADVANCED_FACE('',(#6718),#3047,.F.);
#6718 = FACE_BOUND('',#6719,.F.);
#6719 = EDGE_LOOP('',(#6720,#6748,#6769,#6770));
#6720 = ORIENTED_EDGE('',*,*,#6721,.T.);
#6721 = EDGE_CURVE('',#3032,#6722,#6724,.T.);
#6722 = VERTEX_POINT('',#6723);
#6723 = CARTESIAN_POINT('',(-23.0525313101,-15.17698257878,
    20.757510160843));
#6724 = SURFACE_CURVE('',#6725,(#6730,#6737),.PCURVE_S1.);
#6725 = CIRCLE('',#6726,27.6);
#6726 = AXIS2_PLACEMENT_3D('',#6727,#6728,#6729);
#6727 = CARTESIAN_POINT('',(-5.666681978065E-15,5.705855277383E-16,
    20.757510160843));
#6728 = DIRECTION('',(-2.359223927328E-16,2.775557561563E-17,1.));
#6729 = DIRECTION('',(-0.83523664167,-0.549890673145,-1.817884948422E-16
    ));
#6730 = PCURVE('',#3047,#6731);
#6731 = DEFINITIONAL_REPRESENTATION('',(#6732),#6736);
#6732 = LINE('',#6733,#6734);
#6733 = CARTESIAN_POINT('',(6.28318530718,2.742489839157));
#6734 = VECTOR('',#6735,1.);
#6735 = DIRECTION('',(-1.,-1.032153621097E-14));
#6736 = ( GEOMETRIC_REPRESENTATION_CONTEXT(2) 
PARAMETRIC_REPRESENTATION_CONTEXT() REPRESENTATION_CONTEXT('2D SPACE',''
  ) );
#6737 = PCURVE('',#228,#6738);
#6738 = DEFINITIONAL_REPRESENTATION('',(#6739),#6747);
#6739 = ( BOUNDED_CURVE() B_SPLINE_CURVE(2,(#6740,#6741,#6742,#6743,
#6744,#6745,#6746),.UNSPECIFIED.,.T.,.F.) B_SPLINE_CURVE_WITH_KNOTS((1,2
    ,2,2,2,1),(-2.094395102393,0.,2.094395102393,4.188790204786,
6.28318530718,8.377580409573),.UNSPECIFIED.) CURVE() 
GEOMETRIC_REPRESENTATION_ITEM() RATIONAL_B_SPLINE_CURVE((1.,0.5,1.,0.5,
1.,0.5,1.)) REPRESENTATION_ITEM('') );
#6740 = CARTESIAN_POINT('',(23.0525313101,-15.17698257878));
#6741 = CARTESIAN_POINT('',(-3.23477362195,-55.10513805095));
#6742 = CARTESIAN_POINT('',(-24.66991812107,-12.37558644668));
#6743 = CARTESIAN_POINT('',(-46.1050626202,30.353965157578));
#6744 = CARTESIAN_POINT('',(1.617386810975,27.552569025477));
#6745 = CARTESIAN_POINT('',(49.33983624215,24.751172893376));
#6746 = CARTESIAN_POINT('',(23.0525313101,-15.17698257878));
#6747 = ( GEOMETRIC_REPRESENTATION_CONTEXT(2) 
PARAMETRIC_REPRESENTATION_CONTEXT() REPRESENTATION_CONTEXT('2D SPACE',''
  ) );
#6748 = ORIENTED_EDGE('',*,*,#6749,.F.);
#6749 = EDGE_CURVE('',#3185,#6722,#6750,.T.);
#6750 = SURFACE_CURVE('',#6751,(#6755,#6762),.PCURVE_S1.);
#6751 = LINE('',#6752,#6753);
#6752 = CARTESIAN_POINT('',(-23.0525313101,-15.17698257878,23.5));
#6753 = VECTOR('',#6754,1.);
#6754 = DIRECTION('',(0.,0.,-1.));
#6755 = PCURVE('',#3047,#6756);
#6756 = DEFINITIONAL_REPRESENTATION('',(#6757),#6761);
#6757 = LINE('',#6758,#6759);
#6758 = CARTESIAN_POINT('',(0.,0.));
#6759 = VECTOR('',#6760,1.);
#6760 = DIRECTION('',(0.,1.));
#6761 = ( GEOMETRIC_REPRESENTATION_CONTEXT(2) 
PARAMETRIC_REPRESENTATION_CONTEXT() REPRESENTATION_CONTEXT('2D SPACE',''
  ) );
#6762 = PCURVE('',#3289,#6763);
#6763 = DEFINITIONAL_REPRESENTATION('',(#6764),#6768);
#6764 = LINE('',#6765,#6766);
#6765 = CARTESIAN_POINT('',(1.448308304161,0.));
#6766 = VECTOR('',#6767,1.);
#6767 = DIRECTION('',(0.,1.));
#6768 = ( GEOMETRIC_REPRESENTATION_CONTEXT(2) 
PARAMETRIC_REPRESENTATION_CONTEXT() REPRESENTATION_CONTEXT('2D SPACE',''
  ) );
#6769 = ORIENTED_EDGE('',*,*,#3184,.T.);
#6770 = ORIENTED_EDGE('',*,*,#3031,.T.);
#6771 = ADVANCED_FACE('',(#6772),#3289,.F.);
#6772 = FACE_BOUND('',#6773,.F.);
#6773 = EDGE_LOOP('',(#6774,#6775,#6803,#6824));
#6774 = ORIENTED_EDGE('',*,*,#6749,.T.);
#6775 = ORIENTED_EDGE('',*,*,#6776,.T.);
#6776 = EDGE_CURVE('',#6722,#6777,#6779,.T.);
#6777 = VERTEX_POINT('',#6778);
#6778 = CARTESIAN_POINT('',(-22.28515739552,-15.38474749578,
    20.757510160843));
#6779 = SURFACE_CURVE('',#6780,(#6785,#6792),.PCURVE_S1.);
#6780 = CIRCLE('',#6781,0.6);
#6781 = AXIS2_PLACEMENT_3D('',#6782,#6783,#6784);
#6782 = CARTESIAN_POINT('',(-22.55138932509,-14.8470481749,
    20.757510160843));
#6783 = DIRECTION('',(-2.359223927328E-16,2.775557561563E-17,1.));
#6784 = DIRECTION('',(0.443719882626,-0.8961655348,1.295570466774E-16));
#6785 = PCURVE('',#3289,#6786);
#6786 = DEFINITIONAL_REPRESENTATION('',(#6787),#6791);
#6787 = LINE('',#6788,#6789);
#6788 = CARTESIAN_POINT('',(6.28318530718,2.742489839157));
#6789 = VECTOR('',#6790,1.);
#6790 = DIRECTION('',(-1.,0.));
#6791 = ( GEOMETRIC_REPRESENTATION_CONTEXT(2) 
PARAMETRIC_REPRESENTATION_CONTEXT() REPRESENTATION_CONTEXT('2D SPACE',''
  ) );
#6792 = PCURVE('',#228,#6793);
#6793 = DEFINITIONAL_REPRESENTATION('',(#6794),#6802);
#6794 = ( BOUNDED_CURVE() B_SPLINE_CURVE(2,(#6795,#6796,#6797,#6798,
#6799,#6800,#6801),.UNSPECIFIED.,.T.,.F.) B_SPLINE_CURVE_WITH_KNOTS((1,2
    ,2,2,2,1),(-2.094395102393,0.,2.094395102393,4.188790204786,
6.28318530718,8.377580409573),.UNSPECIFIED.) CURVE() 
GEOMETRIC_REPRESENTATION_ITEM() RATIONAL_B_SPLINE_CURVE((1.,0.5,1.,0.5,
1.,0.5,1.)) REPRESENTATION_ITEM('') );
#6795 = CARTESIAN_POINT('',(22.285157395522,-15.38474749578));
#6796 = CARTESIAN_POINT('',(21.353834852563,-14.92362026716));
#6797 = CARTESIAN_POINT('',(22.218844018406,-14.34763490015));
#6798 = CARTESIAN_POINT('',(23.083853184249,-13.77164953314));
#6799 = CARTESIAN_POINT('',(23.150166561365,-14.80876212877));
#6800 = CARTESIAN_POINT('',(23.216479938481,-15.8458747244));
#6801 = CARTESIAN_POINT('',(22.285157395522,-15.38474749578));
#6802 = ( GEOMETRIC_REPRESENTATION_CONTEXT(2) 
PARAMETRIC_REPRESENTATION_CONTEXT() REPRESENTATION_CONTEXT('2D SPACE',''
  ) );
#6803 = ORIENTED_EDGE('',*,*,#6804,.F.);
#6804 = EDGE_CURVE('',#3246,#6777,#6805,.T.);
#6805 = SURFACE_CURVE('',#6806,(#6810,#6817),.PCURVE_S1.);
#6806 = LINE('',#6807,#6808);
#6807 = CARTESIAN_POINT('',(-22.28515739552,-15.38474749578,23.5));
#6808 = VECTOR('',#6809,1.);
#6809 = DIRECTION('',(0.,0.,-1.));
#6810 = PCURVE('',#3289,#6811);
#6811 = DEFINITIONAL_REPRESENTATION('',(#6812),#6816);
#6812 = LINE('',#6813,#6814);
#6813 = CARTESIAN_POINT('',(0.,0.));
#6814 = VECTOR('',#6815,1.);
#6815 = DIRECTION('',(0.,1.));
#6816 = ( GEOMETRIC_REPRESENTATION_CONTEXT(2) 
PARAMETRIC_REPRESENTATION_CONTEXT() REPRESENTATION_CONTEXT('2D SPACE',''
  ) );
#6817 = PCURVE('',#3373,#6818);
#6818 = DEFINITIONAL_REPRESENTATION('',(#6819),#6823);
#6819 = LINE('',#6820,#6821);
#6820 = CARTESIAN_POINT('',(0.,0.));
#6821 = VECTOR('',#6822,1.);
#6822 = DIRECTION('',(0.,1.));
#6823 = ( GEOMETRIC_REPRESENTATION_CONTEXT(2) 
PARAMETRIC_REPRESENTATION_CONTEXT() REPRESENTATION_CONTEXT('2D SPACE',''
  ) );
#6824 = ORIENTED_EDGE('',*,*,#3274,.T.);
#6825 = ADVANCED_FACE('',(#6826),#3373,.T.);
#6826 = FACE_BOUND('',#6827,.T.);
#6827 = EDGE_LOOP('',(#6828,#6829,#6830,#6831,#6832,#6833,#6856,#6878));
#6828 = ORIENTED_EDGE('',*,*,#3356,.F.);
#6829 = ORIENTED_EDGE('',*,*,#3512,.F.);
#6830 = ORIENTED_EDGE('',*,*,#3671,.F.);
#6831 = ORIENTED_EDGE('',*,*,#4435,.F.);
#6832 = ORIENTED_EDGE('',*,*,#3767,.F.);
#6833 = ORIENTED_EDGE('',*,*,#6834,.T.);
#6834 = EDGE_CURVE('',#3768,#6835,#6837,.T.);
#6835 = VERTEX_POINT('',#6836);
#6836 = CARTESIAN_POINT('',(-15.38474749578,-22.28515739552,
    20.757510160843));
#6837 = SURFACE_CURVE('',#6838,(#6842,#6849),.PCURVE_S1.);
#6838 = LINE('',#6839,#6840);
#6839 = CARTESIAN_POINT('',(-15.38474749578,-22.28515739552,23.5));
#6840 = VECTOR('',#6841,1.);
#6841 = DIRECTION('',(0.,0.,-1.));
#6842 = PCURVE('',#3373,#6843);
#6843 = DEFINITIONAL_REPRESENTATION('',(#6844),#6848);
#6844 = LINE('',#6845,#6846);
#6845 = CARTESIAN_POINT('',(2.490286959442,0.));
#6846 = VECTOR('',#6847,1.);
#6847 = DIRECTION('',(0.,1.));
#6848 = ( GEOMETRIC_REPRESENTATION_CONTEXT(2) 
PARAMETRIC_REPRESENTATION_CONTEXT() REPRESENTATION_CONTEXT('2D SPACE',''
  ) );
#6849 = PCURVE('',#3931,#6850);
#6850 = DEFINITIONAL_REPRESENTATION('',(#6851),#6855);
#6851 = LINE('',#6852,#6853);
#6852 = CARTESIAN_POINT('',(1.448308304161,0.));
#6853 = VECTOR('',#6854,1.);
#6854 = DIRECTION('',(0.,1.));
#6855 = ( GEOMETRIC_REPRESENTATION_CONTEXT(2) 
PARAMETRIC_REPRESENTATION_CONTEXT() REPRESENTATION_CONTEXT('2D SPACE',''
  ) );
#6856 = ORIENTED_EDGE('',*,*,#6857,.F.);
#6857 = EDGE_CURVE('',#6777,#6835,#6858,.T.);
#6858 = SURFACE_CURVE('',#6859,(#6864,#6871),.PCURVE_S1.);
#6859 = CIRCLE('',#6860,5.15);
#6860 = AXIS2_PLACEMENT_3D('',#6861,#6862,#6863);
#6861 = CARTESIAN_POINT('',(-20.,-20.,20.757510160843));
#6862 = DIRECTION('',(2.359223927328E-16,-2.775557561563E-17,-1.));
#6863 = DIRECTION('',(-0.443719882626,0.8961655348,-1.295570466774E-16)
  );
#6864 = PCURVE('',#3373,#6865);
#6865 = DEFINITIONAL_REPRESENTATION('',(#6866),#6870);
#6866 = LINE('',#6867,#6868);
#6867 = CARTESIAN_POINT('',(0.,2.742489839157));
#6868 = VECTOR('',#6869,1.);
#6869 = DIRECTION('',(1.,0.));
#6870 = ( GEOMETRIC_REPRESENTATION_CONTEXT(2) 
PARAMETRIC_REPRESENTATION_CONTEXT() REPRESENTATION_CONTEXT('2D SPACE',''
  ) );
#6871 = PCURVE('',#228,#6872);
#6872 = DEFINITIONAL_REPRESENTATION('',(#6873),#6877);
#6873 = CIRCLE('',#6874,5.15);
#6874 = AXIS2_PLACEMENT_2D('',#6875,#6876);
#6875 = CARTESIAN_POINT('',(20.,-20.));
#6876 = DIRECTION('',(0.443719882626,0.8961655348));
#6877 = ( GEOMETRIC_REPRESENTATION_CONTEXT(2) 
PARAMETRIC_REPRESENTATION_CONTEXT() REPRESENTATION_CONTEXT('2D SPACE',''
  ) );
#6878 = ORIENTED_EDGE('',*,*,#6804,.F.);
#6879 = ADVANCED_FACE('',(#6880),#3931,.F.);
#6880 = FACE_BOUND('',#6881,.F.);
#6881 = EDGE_LOOP('',(#6882,#6883,#6911,#6932));
#6882 = ORIENTED_EDGE('',*,*,#6834,.T.);
#6883 = ORIENTED_EDGE('',*,*,#6884,.T.);
#6884 = EDGE_CURVE('',#6835,#6885,#6887,.T.);
#6885 = VERTEX_POINT('',#6886);
#6886 = CARTESIAN_POINT('',(-15.17698257878,-23.0525313101,
    20.757510160843));
#6887 = SURFACE_CURVE('',#6888,(#6893,#6900),.PCURVE_S1.);
#6888 = CIRCLE('',#6889,0.6);
#6889 = AXIS2_PLACEMENT_3D('',#6890,#6891,#6892);
#6890 = CARTESIAN_POINT('',(-14.8470481749,-22.55138932509,
    20.757510160843));
#6891 = DIRECTION('',(-2.359223927328E-16,2.775557561563E-17,1.));
#6892 = DIRECTION('',(-0.549890673145,-0.83523664167,-1.065490495849E-16
    ));
#6893 = PCURVE('',#3931,#6894);
#6894 = DEFINITIONAL_REPRESENTATION('',(#6895),#6899);
#6895 = LINE('',#6896,#6897);
#6896 = CARTESIAN_POINT('',(6.28318530718,2.742489839157));
#6897 = VECTOR('',#6898,1.);
#6898 = DIRECTION('',(-1.,0.));
#6899 = ( GEOMETRIC_REPRESENTATION_CONTEXT(2) 
PARAMETRIC_REPRESENTATION_CONTEXT() REPRESENTATION_CONTEXT('2D SPACE',''
  ) );
#6900 = PCURVE('',#228,#6901);
#6901 = DEFINITIONAL_REPRESENTATION('',(#6902),#6910);
#6902 = ( BOUNDED_CURVE() B_SPLINE_CURVE(2,(#6903,#6904,#6905,#6906,
#6907,#6908,#6909),.UNSPECIFIED.,.T.,.F.) B_SPLINE_CURVE_WITH_KNOTS((1,2
    ,2,2,2,1),(-2.094395102393,0.,2.094395102393,4.188790204786,
6.28318530718,8.377580409573),.UNSPECIFIED.) CURVE() 
GEOMETRIC_REPRESENTATION_ITEM() RATIONAL_B_SPLINE_CURVE((1.,0.5,1.,0.5,
1.,0.5,1.)) REPRESENTATION_ITEM('') );
#6903 = CARTESIAN_POINT('',(15.176982578789,-23.0525313101));
#6904 = CARTESIAN_POINT('',(14.308979198959,-23.62399446079));
#6905 = CARTESIAN_POINT('',(14.248079283044,-22.58654990794));
#6906 = CARTESIAN_POINT('',(14.187179367129,-21.54910535509));
#6907 = CARTESIAN_POINT('',(15.116082662874,-22.01508675724));
#6908 = CARTESIAN_POINT('',(16.044985958619,-22.4810681594));
#6909 = CARTESIAN_POINT('',(15.176982578789,-23.0525313101));
#6910 = ( GEOMETRIC_REPRESENTATION_CONTEXT(2) 
PARAMETRIC_REPRESENTATION_CONTEXT() REPRESENTATION_CONTEXT('2D SPACE',''
  ) );
#6911 = ORIENTED_EDGE('',*,*,#6912,.F.);
#6912 = EDGE_CURVE('',#3888,#6885,#6913,.T.);
#6913 = SURFACE_CURVE('',#6914,(#6918,#6925),.PCURVE_S1.);
#6914 = LINE('',#6915,#6916);
#6915 = CARTESIAN_POINT('',(-15.17698257878,-23.0525313101,23.5));
#6916 = VECTOR('',#6917,1.);
#6917 = DIRECTION('',(0.,0.,-1.));
#6918 = PCURVE('',#3931,#6919);
#6919 = DEFINITIONAL_REPRESENTATION('',(#6920),#6924);
#6920 = LINE('',#6921,#6922);
#6921 = CARTESIAN_POINT('',(0.,0.));
#6922 = VECTOR('',#6923,1.);
#6923 = DIRECTION('',(0.,1.));
#6924 = ( GEOMETRIC_REPRESENTATION_CONTEXT(2) 
PARAMETRIC_REPRESENTATION_CONTEXT() REPRESENTATION_CONTEXT('2D SPACE',''
  ) );
#6925 = PCURVE('',#4019,#6926);
#6926 = DEFINITIONAL_REPRESENTATION('',(#6927),#6931);
#6927 = LINE('',#6928,#6929);
#6928 = CARTESIAN_POINT('',(1.164466677915,0.));
#6929 = VECTOR('',#6930,1.);
#6930 = DIRECTION('',(0.,1.));
#6931 = ( GEOMETRIC_REPRESENTATION_CONTEXT(2) 
PARAMETRIC_REPRESENTATION_CONTEXT() REPRESENTATION_CONTEXT('2D SPACE',''
  ) );
#6932 = ORIENTED_EDGE('',*,*,#3916,.T.);
#6933 = ADVANCED_FACE('',(#6934),#4019,.F.);
#6934 = FACE_BOUND('',#6935,.F.);
#6935 = EDGE_LOOP('',(#6936,#6937,#6965,#6986));
#6936 = ORIENTED_EDGE('',*,*,#6912,.T.);
#6937 = ORIENTED_EDGE('',*,*,#6938,.T.);
#6938 = EDGE_CURVE('',#6885,#6939,#6941,.T.);
#6939 = VERTEX_POINT('',#6940);
#6940 = CARTESIAN_POINT('',(15.176982578789,-23.0525313101,
    20.757510160843));
#6941 = SURFACE_CURVE('',#6942,(#6947,#6954),.PCURVE_S1.);
#6942 = CIRCLE('',#6943,27.6);
#6943 = AXIS2_PLACEMENT_3D('',#6944,#6945,#6946);
#6944 = CARTESIAN_POINT('',(-5.666681978065E-15,5.705855277383E-16,
    20.757510160843));
#6945 = DIRECTION('',(-2.359223927328E-16,2.775557561563E-17,1.));
#6946 = DIRECTION('',(0.549890673145,-0.83523664167,1.529139971146E-16)
  );
#6947 = PCURVE('',#4019,#6948);
#6948 = DEFINITIONAL_REPRESENTATION('',(#6949),#6953);
#6949 = LINE('',#6950,#6951);
#6950 = CARTESIAN_POINT('',(6.28318530718,2.742489839157));
#6951 = VECTOR('',#6952,1.);
#6952 = DIRECTION('',(-1.,-6.101872636082E-15));
#6953 = ( GEOMETRIC_REPRESENTATION_CONTEXT(2) 
PARAMETRIC_REPRESENTATION_CONTEXT() REPRESENTATION_CONTEXT('2D SPACE',''
  ) );
#6954 = PCURVE('',#228,#6955);
#6955 = DEFINITIONAL_REPRESENTATION('',(#6956),#6964);
#6956 = ( BOUNDED_CURVE() B_SPLINE_CURVE(2,(#6957,#6958,#6959,#6960,
#6961,#6962,#6963),.UNSPECIFIED.,.T.,.F.) B_SPLINE_CURVE_WITH_KNOTS((1,2
    ,2,2,2,1),(-2.094395102393,0.,2.094395102393,4.188790204786,
6.28318530718,8.377580409573),.UNSPECIFIED.) CURVE() 
GEOMETRIC_REPRESENTATION_ITEM() RATIONAL_B_SPLINE_CURVE((1.,0.5,1.,0.5,
1.,0.5,1.)) REPRESENTATION_ITEM('') );
#6957 = CARTESIAN_POINT('',(-15.17698257878,-23.0525313101));
#6958 = CARTESIAN_POINT('',(-55.10513805095,3.234773621951));
#6959 = CARTESIAN_POINT('',(-12.37558644668,24.669918121075));
#6960 = CARTESIAN_POINT('',(30.353965157578,46.1050626202));
#6961 = CARTESIAN_POINT('',(27.552569025477,-1.617386810975));
#6962 = CARTESIAN_POINT('',(24.751172893376,-49.33983624215));
#6963 = CARTESIAN_POINT('',(-15.17698257878,-23.0525313101));
#6964 = ( GEOMETRIC_REPRESENTATION_CONTEXT(2) 
PARAMETRIC_REPRESENTATION_CONTEXT() REPRESENTATION_CONTEXT('2D SPACE',''
  ) );
#6965 = ORIENTED_EDGE('',*,*,#6966,.F.);
#6966 = EDGE_CURVE('',#4003,#6939,#6967,.T.);
#6967 = SURFACE_CURVE('',#6968,(#6972,#6979),.PCURVE_S1.);
#6968 = LINE('',#6969,#6970);
#6969 = CARTESIAN_POINT('',(15.176982578789,-23.0525313101,23.5));
#6970 = VECTOR('',#6971,1.);
#6971 = DIRECTION('',(0.,0.,-1.));
#6972 = PCURVE('',#4019,#6973);
#6973 = DEFINITIONAL_REPRESENTATION('',(#6974),#6978);
#6974 = LINE('',#6975,#6976);
#6975 = CARTESIAN_POINT('',(0.,0.));
#6976 = VECTOR('',#6977,1.);
#6977 = DIRECTION('',(0.,1.));
#6978 = ( GEOMETRIC_REPRESENTATION_CONTEXT(2) 
PARAMETRIC_REPRESENTATION_CONTEXT() REPRESENTATION_CONTEXT('2D SPACE',''
  ) );
#6979 = PCURVE('',#4112,#6980);
#6980 = DEFINITIONAL_REPRESENTATION('',(#6981),#6985);
#6981 = LINE('',#6982,#6983);
#6982 = CARTESIAN_POINT('',(1.448308304161,0.));
#6983 = VECTOR('',#6984,1.);
#6984 = DIRECTION('',(0.,1.));
#6985 = ( GEOMETRIC_REPRESENTATION_CONTEXT(2) 
PARAMETRIC_REPRESENTATION_CONTEXT() REPRESENTATION_CONTEXT('2D SPACE',''
  ) );
#6986 = ORIENTED_EDGE('',*,*,#4002,.T.);
#6987 = ADVANCED_FACE('',(#6988),#4112,.F.);
#6988 = FACE_BOUND('',#6989,.F.);
#6989 = EDGE_LOOP('',(#6990,#6991,#7019,#7040));
#6990 = ORIENTED_EDGE('',*,*,#6966,.T.);
#6991 = ORIENTED_EDGE('',*,*,#6992,.T.);
#6992 = EDGE_CURVE('',#6939,#6993,#6995,.T.);
#6993 = VERTEX_POINT('',#6994);
#6994 = CARTESIAN_POINT('',(15.384747495782,-22.28515739552,
    20.757510160843));
#6995 = SURFACE_CURVE('',#6996,(#7001,#7008),.PCURVE_S1.);
#6996 = CIRCLE('',#6997,0.6);
#6997 = AXIS2_PLACEMENT_3D('',#6998,#6999,#7000);
#6998 = CARTESIAN_POINT('',(14.847048174902,-22.55138932509,
    20.757510160843));
#6999 = DIRECTION('',(-2.359223927328E-16,2.775557561563E-17,1.));
#7000 = DIRECTION('',(0.8961655348,0.443719882626,1.991098165003E-16));
#7001 = PCURVE('',#4112,#7002);
#7002 = DEFINITIONAL_REPRESENTATION('',(#7003),#7007);
#7003 = LINE('',#7004,#7005);
#7004 = CARTESIAN_POINT('',(6.28318530718,2.742489839157));
#7005 = VECTOR('',#7006,1.);
#7006 = DIRECTION('',(-1.,0.));
#7007 = ( GEOMETRIC_REPRESENTATION_CONTEXT(2) 
PARAMETRIC_REPRESENTATION_CONTEXT() REPRESENTATION_CONTEXT('2D SPACE',''
  ) );
#7008 = PCURVE('',#228,#7009);
#7009 = DEFINITIONAL_REPRESENTATION('',(#7010),#7018);
#7010 = ( BOUNDED_CURVE() B_SPLINE_CURVE(2,(#7011,#7012,#7013,#7014,
#7015,#7016,#7017),.UNSPECIFIED.,.T.,.F.) B_SPLINE_CURVE_WITH_KNOTS((1,2
    ,2,2,2,1),(-2.094395102393,0.,2.094395102393,4.188790204786,
6.28318530718,8.377580409573),.UNSPECIFIED.) CURVE() 
GEOMETRIC_REPRESENTATION_ITEM() RATIONAL_B_SPLINE_CURVE((1.,0.5,1.,0.5,
1.,0.5,1.)) REPRESENTATION_ITEM('') );
#7011 = CARTESIAN_POINT('',(-15.38474749578,-22.28515739552));
#7012 = CARTESIAN_POINT('',(-14.92362026716,-21.35383485256));
#7013 = CARTESIAN_POINT('',(-14.34763490015,-22.2188440184));
#7014 = CARTESIAN_POINT('',(-13.77164953314,-23.08385318424));
#7015 = CARTESIAN_POINT('',(-14.80876212877,-23.15016656136));
#7016 = CARTESIAN_POINT('',(-15.8458747244,-23.21647993848));
#7017 = CARTESIAN_POINT('',(-15.38474749578,-22.28515739552));
#7018 = ( GEOMETRIC_REPRESENTATION_CONTEXT(2) 
PARAMETRIC_REPRESENTATION_CONTEXT() REPRESENTATION_CONTEXT('2D SPACE',''
  ) );
#7019 = ORIENTED_EDGE('',*,*,#7020,.F.);
#7020 = EDGE_CURVE('',#4069,#6993,#7021,.T.);
#7021 = SURFACE_CURVE('',#7022,(#7026,#7033),.PCURVE_S1.);
#7022 = LINE('',#7023,#7024);
#7023 = CARTESIAN_POINT('',(15.384747495782,-22.28515739552,23.5));
#7024 = VECTOR('',#7025,1.);
#7025 = DIRECTION('',(0.,0.,-1.));
#7026 = PCURVE('',#4112,#7027);
#7027 = DEFINITIONAL_REPRESENTATION('',(#7028),#7032);
#7028 = LINE('',#7029,#7030);
#7029 = CARTESIAN_POINT('',(0.,0.));
#7030 = VECTOR('',#7031,1.);
#7031 = DIRECTION('',(0.,1.));
#7032 = ( GEOMETRIC_REPRESENTATION_CONTEXT(2) 
PARAMETRIC_REPRESENTATION_CONTEXT() REPRESENTATION_CONTEXT('2D SPACE',''
  ) );
#7033 = PCURVE('',#4196,#7034);
#7034 = DEFINITIONAL_REPRESENTATION('',(#7035),#7039);
#7035 = LINE('',#7036,#7037);
#7036 = CARTESIAN_POINT('',(0.,0.));
#7037 = VECTOR('',#7038,1.);
#7038 = DIRECTION('',(0.,1.));
#7039 = ( GEOMETRIC_REPRESENTATION_CONTEXT(2) 
PARAMETRIC_REPRESENTATION_CONTEXT() REPRESENTATION_CONTEXT('2D SPACE',''
  ) );
#7040 = ORIENTED_EDGE('',*,*,#4097,.T.);
#7041 = ADVANCED_FACE('',(#7042),#4196,.T.);
#7042 = FACE_BOUND('',#7043,.T.);
#7043 = EDGE_LOOP('',(#7044,#7045,#7046,#7047,#7048,#7049,#7072,#7094));
#7044 = ORIENTED_EDGE('',*,*,#4179,.F.);
#7045 = ORIENTED_EDGE('',*,*,#4335,.F.);
#7046 = ORIENTED_EDGE('',*,*,#4589,.F.);
#7047 = ORIENTED_EDGE('',*,*,#6343,.F.);
#7048 = ORIENTED_EDGE('',*,*,#4895,.F.);
#7049 = ORIENTED_EDGE('',*,*,#7050,.T.);
#7050 = EDGE_CURVE('',#4896,#7051,#7053,.T.);
#7051 = VERTEX_POINT('',#7052);
#7052 = CARTESIAN_POINT('',(22.285157395522,-15.38474749578,
    20.757510160843));
#7053 = SURFACE_CURVE('',#7054,(#7058,#7065),.PCURVE_S1.);
#7054 = LINE('',#7055,#7056);
#7055 = CARTESIAN_POINT('',(22.285157395522,-15.38474749578,23.5));
#7056 = VECTOR('',#7057,1.);
#7057 = DIRECTION('',(0.,0.,-1.));
#7058 = PCURVE('',#4196,#7059);
#7059 = DEFINITIONAL_REPRESENTATION('',(#7060),#7064);
#7060 = LINE('',#7061,#7062);
#7061 = CARTESIAN_POINT('',(2.490286959442,0.));
#7062 = VECTOR('',#7063,1.);
#7063 = DIRECTION('',(0.,1.));
#7064 = ( GEOMETRIC_REPRESENTATION_CONTEXT(2) 
PARAMETRIC_REPRESENTATION_CONTEXT() REPRESENTATION_CONTEXT('2D SPACE',''
  ) );
#7065 = PCURVE('',#5049,#7066);
#7066 = DEFINITIONAL_REPRESENTATION('',(#7067),#7071);
#7067 = LINE('',#7068,#7069);
#7068 = CARTESIAN_POINT('',(1.448308304161,0.));
#7069 = VECTOR('',#7070,1.);
#7070 = DIRECTION('',(0.,1.));
#7071 = ( GEOMETRIC_REPRESENTATION_CONTEXT(2) 
PARAMETRIC_REPRESENTATION_CONTEXT() REPRESENTATION_CONTEXT('2D SPACE',''
  ) );
#7072 = ORIENTED_EDGE('',*,*,#7073,.F.);
#7073 = EDGE_CURVE('',#6993,#7051,#7074,.T.);
#7074 = SURFACE_CURVE('',#7075,(#7080,#7087),.PCURVE_S1.);
#7075 = CIRCLE('',#7076,5.15);
#7076 = AXIS2_PLACEMENT_3D('',#7077,#7078,#7079);
#7077 = CARTESIAN_POINT('',(20.,-20.,20.757510160843));
#7078 = DIRECTION('',(2.359223927328E-16,-2.775557561563E-17,-1.));
#7079 = DIRECTION('',(-0.8961655348,-0.443719882626,-1.991098165003E-16)
  );
#7080 = PCURVE('',#4196,#7081);
#7081 = DEFINITIONAL_REPRESENTATION('',(#7082),#7086);
#7082 = LINE('',#7083,#7084);
#7083 = CARTESIAN_POINT('',(0.,2.742489839157));
#7084 = VECTOR('',#7085,1.);
#7085 = DIRECTION('',(1.,0.));
#7086 = ( GEOMETRIC_REPRESENTATION_CONTEXT(2) 
PARAMETRIC_REPRESENTATION_CONTEXT() REPRESENTATION_CONTEXT('2D SPACE',''
  ) );
#7087 = PCURVE('',#228,#7088);
#7088 = DEFINITIONAL_REPRESENTATION('',(#7089),#7093);
#7089 = CIRCLE('',#7090,5.15);
#7090 = AXIS2_PLACEMENT_2D('',#7091,#7092);
#7091 = CARTESIAN_POINT('',(-20.,-20.));
#7092 = DIRECTION('',(0.8961655348,-0.443719882626));
#7093 = ( GEOMETRIC_REPRESENTATION_CONTEXT(2) 
PARAMETRIC_REPRESENTATION_CONTEXT() REPRESENTATION_CONTEXT('2D SPACE',''
  ) );
#7094 = ORIENTED_EDGE('',*,*,#7020,.F.);
#7095 = ADVANCED_FACE('',(#7096),#5049,.F.);
#7096 = FACE_BOUND('',#7097,.F.);
#7097 = EDGE_LOOP('',(#7098,#7099,#7127,#7148));
#7098 = ORIENTED_EDGE('',*,*,#7050,.T.);
#7099 = ORIENTED_EDGE('',*,*,#7100,.T.);
#7100 = EDGE_CURVE('',#7051,#7101,#7103,.T.);
#7101 = VERTEX_POINT('',#7102);
#7102 = CARTESIAN_POINT('',(23.0525313101,-15.17698257878,
    20.757510160843));
#7103 = SURFACE_CURVE('',#7104,(#7109,#7116),.PCURVE_S1.);
#7104 = CIRCLE('',#7105,0.6);
#7105 = AXIS2_PLACEMENT_3D('',#7106,#7107,#7108);
#7106 = CARTESIAN_POINT('',(22.551389325098,-14.8470481749,
    20.757510160843));
#7107 = DIRECTION('',(-2.359223927328E-16,2.775557561563E-17,1.));
#7108 = DIRECTION('',(0.83523664167,-0.549890673145,2.123135591598E-16)
  );
#7109 = PCURVE('',#5049,#7110);
#7110 = DEFINITIONAL_REPRESENTATION('',(#7111),#7115);
#7111 = LINE('',#7112,#7113);
#7112 = CARTESIAN_POINT('',(6.28318530718,2.742489839157));
#7113 = VECTOR('',#7114,1.);
#7114 = DIRECTION('',(-1.,0.));
#7115 = ( GEOMETRIC_REPRESENTATION_CONTEXT(2) 
PARAMETRIC_REPRESENTATION_CONTEXT() REPRESENTATION_CONTEXT('2D SPACE',''
  ) );
#7116 = PCURVE('',#228,#7117);
#7117 = DEFINITIONAL_REPRESENTATION('',(#7118),#7126);
#7118 = ( BOUNDED_CURVE() B_SPLINE_CURVE(2,(#7119,#7120,#7121,#7122,
#7123,#7124,#7125),.UNSPECIFIED.,.T.,.F.) B_SPLINE_CURVE_WITH_KNOTS((1,2
    ,2,2,2,1),(-2.094395102393,0.,2.094395102393,4.188790204786,
6.28318530718,8.377580409573),.UNSPECIFIED.) CURVE() 
GEOMETRIC_REPRESENTATION_ITEM() RATIONAL_B_SPLINE_CURVE((1.,0.5,1.,0.5,
1.,0.5,1.)) REPRESENTATION_ITEM('') );
#7119 = CARTESIAN_POINT('',(-23.0525313101,-15.17698257878));
#7120 = CARTESIAN_POINT('',(-23.62399446079,-14.30897919895));
#7121 = CARTESIAN_POINT('',(-22.58654990794,-14.24807928304));
#7122 = CARTESIAN_POINT('',(-21.54910535509,-14.18717936712));
#7123 = CARTESIAN_POINT('',(-22.01508675724,-15.11608266287));
#7124 = CARTESIAN_POINT('',(-22.4810681594,-16.04498595861));
#7125 = CARTESIAN_POINT('',(-23.0525313101,-15.17698257878));
#7126 = ( GEOMETRIC_REPRESENTATION_CONTEXT(2) 
PARAMETRIC_REPRESENTATION_CONTEXT() REPRESENTATION_CONTEXT('2D SPACE',''
  ) );
#7127 = ORIENTED_EDGE('',*,*,#7128,.F.);
#7128 = EDGE_CURVE('',#5011,#7101,#7129,.T.);
#7129 = SURFACE_CURVE('',#7130,(#7134,#7141),.PCURVE_S1.);
#7130 = LINE('',#7131,#7132);
#7131 = CARTESIAN_POINT('',(23.0525313101,-15.17698257878,23.5));
#7132 = VECTOR('',#7133,1.);
#7133 = DIRECTION('',(0.,0.,-1.));
#7134 = PCURVE('',#5049,#7135);
#7135 = DEFINITIONAL_REPRESENTATION('',(#7136),#7140);
#7136 = LINE('',#7137,#7138);
#7137 = CARTESIAN_POINT('',(0.,0.));
#7138 = VECTOR('',#7139,1.);
#7139 = DIRECTION('',(0.,1.));
#7140 = ( GEOMETRIC_REPRESENTATION_CONTEXT(2) 
PARAMETRIC_REPRESENTATION_CONTEXT() REPRESENTATION_CONTEXT('2D SPACE',''
  ) );
#7141 = PCURVE('',#4858,#7142);
#7142 = DEFINITIONAL_REPRESENTATION('',(#7143),#7147);
#7143 = LINE('',#7144,#7145);
#7144 = CARTESIAN_POINT('',(0.582233338958,0.));
#7145 = VECTOR('',#7146,1.);
#7146 = DIRECTION('',(0.,1.));
#7147 = ( GEOMETRIC_REPRESENTATION_CONTEXT(2) 
PARAMETRIC_REPRESENTATION_CONTEXT() REPRESENTATION_CONTEXT('2D SPACE',''
  ) );
#7148 = ORIENTED_EDGE('',*,*,#5034,.T.);
#7149 = ADVANCED_FACE('',(#7150),#4858,.F.);
#7150 = FACE_BOUND('',#7151,.F.);
#7151 = EDGE_LOOP('',(#7152,#7153,#7179,#7180));
#7152 = ORIENTED_EDGE('',*,*,#7128,.T.);
#7153 = ORIENTED_EDGE('',*,*,#7154,.T.);
#7154 = EDGE_CURVE('',#7101,#4843,#7155,.T.);
#7155 = SURFACE_CURVE('',#7156,(#7161,#7168),.PCURVE_S1.);
#7156 = CIRCLE('',#7157,27.6);
#7157 = AXIS2_PLACEMENT_3D('',#7158,#7159,#7160);
#7158 = CARTESIAN_POINT('',(0.,0.,20.757510160843));
#7159 = DIRECTION('',(-2.359223927328E-16,2.775557561563E-17,1.));
#7160 = DIRECTION('',(1.,6.548161810917E-33,2.359223927328E-16));
#7161 = PCURVE('',#4858,#7162);
#7162 = DEFINITIONAL_REPRESENTATION('',(#7163),#7167);
#7163 = LINE('',#7164,#7165);
#7164 = CARTESIAN_POINT('',(6.28318530718,2.742489839157));
#7165 = VECTOR('',#7166,1.);
#7166 = DIRECTION('',(-1.,0.));
#7167 = ( GEOMETRIC_REPRESENTATION_CONTEXT(2) 
PARAMETRIC_REPRESENTATION_CONTEXT() REPRESENTATION_CONTEXT('2D SPACE',''
  ) );
#7168 = PCURVE('',#228,#7169);
#7169 = DEFINITIONAL_REPRESENTATION('',(#7170),#7178);
#7170 = ( BOUNDED_CURVE() B_SPLINE_CURVE(2,(#7171,#7172,#7173,#7174,
#7175,#7176,#7177),.UNSPECIFIED.,.T.,.F.) B_SPLINE_CURVE_WITH_KNOTS((1,2
    ,2,2,2,1),(-2.094395102393,0.,2.094395102393,4.188790204786,
6.28318530718,8.377580409573),.UNSPECIFIED.) CURVE() 
GEOMETRIC_REPRESENTATION_ITEM() RATIONAL_B_SPLINE_CURVE((1.,0.5,1.,0.5,
1.,0.5,1.)) REPRESENTATION_ITEM('') );
#7171 = CARTESIAN_POINT('',(-27.6,-4.446443213624E-15));
#7172 = CARTESIAN_POINT('',(-27.6,47.804602288901));
#7173 = CARTESIAN_POINT('',(13.8,23.902301144451));
#7174 = CARTESIAN_POINT('',(55.2,2.31360711767E-15));
#7175 = CARTESIAN_POINT('',(13.8,-23.90230114445));
#7176 = CARTESIAN_POINT('',(-27.6,-47.8046022889));
#7177 = CARTESIAN_POINT('',(-27.6,-4.446443213624E-15));
#7178 = ( GEOMETRIC_REPRESENTATION_CONTEXT(2) 
PARAMETRIC_REPRESENTATION_CONTEXT() REPRESENTATION_CONTEXT('2D SPACE',''
  ) );
#7179 = ORIENTED_EDGE('',*,*,#4842,.T.);
#7180 = ORIENTED_EDGE('',*,*,#5118,.T.);
#7181 = ADVANCED_FACE('',(#7182),#4829,.F.);
#7182 = FACE_BOUND('',#7183,.T.);
#7183 = EDGE_LOOP('',(#7184,#7185,#7186,#7187));
#7184 = ORIENTED_EDGE('',*,*,#4813,.F.);
#7185 = ORIENTED_EDGE('',*,*,#5361,.F.);
#7186 = ORIENTED_EDGE('',*,*,#5291,.F.);
#7187 = ORIENTED_EDGE('',*,*,#7188,.F.);
#7188 = EDGE_CURVE('',#4814,#5292,#7189,.T.);
#7189 = SURFACE_CURVE('',#7190,(#7194,#7201),.PCURVE_S1.);
#7190 = LINE('',#7191,#7192);
#7191 = CARTESIAN_POINT('',(26.85,3.253363643984,20.757510160843));
#7192 = VECTOR('',#7193,1.);
#7193 = DIRECTION('',(0.,1.,-2.775557561563E-17));
#7194 = PCURVE('',#4829,#7195);
#7195 = DEFINITIONAL_REPRESENTATION('',(#7196),#7200);
#7196 = LINE('',#7197,#7198);
#7197 = CARTESIAN_POINT('',(3.253363643984,2.742489839157));
#7198 = VECTOR('',#7199,1.);
#7199 = DIRECTION('',(-1.,2.775557561563E-17));
#7200 = ( GEOMETRIC_REPRESENTATION_CONTEXT(2) 
PARAMETRIC_REPRESENTATION_CONTEXT() REPRESENTATION_CONTEXT('2D SPACE',''
  ) );
#7201 = PCURVE('',#228,#7202);
#7202 = DEFINITIONAL_REPRESENTATION('',(#7203),#7207);
#7203 = LINE('',#7204,#7205);
#7204 = CARTESIAN_POINT('',(-26.85,3.253363643984));
#7205 = VECTOR('',#7206,1.);
#7206 = DIRECTION('',(6.548161810917E-33,1.));
#7207 = ( GEOMETRIC_REPRESENTATION_CONTEXT(2) 
PARAMETRIC_REPRESENTATION_CONTEXT() REPRESENTATION_CONTEXT('2D SPACE',''
  ) );
#7208 = ADVANCED_FACE('',(#7209),#5278,.F.);
#7209 = FACE_BOUND('',#7210,.F.);
#7210 = EDGE_LOOP('',(#7211,#7239,#7260,#7261));
#7211 = ORIENTED_EDGE('',*,*,#7212,.T.);
#7212 = EDGE_CURVE('',#5263,#7213,#7215,.T.);
#7213 = VERTEX_POINT('',#7214);
#7214 = CARTESIAN_POINT('',(23.0525313101,15.176982578789,
    20.757510160843));
#7215 = SURFACE_CURVE('',#7216,(#7221,#7228),.PCURVE_S1.);
#7216 = CIRCLE('',#7217,27.6);
#7217 = AXIS2_PLACEMENT_3D('',#7218,#7219,#7220);
#7218 = CARTESIAN_POINT('',(-5.666681978065E-15,5.705855277383E-16,
    20.757510160843));
#7219 = DIRECTION('',(-2.359223927328E-16,2.775557561563E-17,1.));
#7220 = DIRECTION('',(0.83523664167,0.549890673145,1.817884948422E-16));
#7221 = PCURVE('',#5278,#7222);
#7222 = DEFINITIONAL_REPRESENTATION('',(#7223),#7227);
#7223 = LINE('',#7224,#7225);
#7224 = CARTESIAN_POINT('',(6.28318530718,2.742489839157));
#7225 = VECTOR('',#7226,1.);
#7226 = DIRECTION('',(-1.,1.032153621097E-14));
#7227 = ( GEOMETRIC_REPRESENTATION_CONTEXT(2) 
PARAMETRIC_REPRESENTATION_CONTEXT() REPRESENTATION_CONTEXT('2D SPACE',''
  ) );
#7228 = PCURVE('',#228,#7229);
#7229 = DEFINITIONAL_REPRESENTATION('',(#7230),#7238);
#7230 = ( BOUNDED_CURVE() B_SPLINE_CURVE(2,(#7231,#7232,#7233,#7234,
#7235,#7236,#7237),.UNSPECIFIED.,.T.,.F.) B_SPLINE_CURVE_WITH_KNOTS((1,2
    ,2,2,2,1),(-2.094395102393,0.,2.094395102393,4.188790204786,
6.28318530718,8.377580409573),.UNSPECIFIED.) CURVE() 
GEOMETRIC_REPRESENTATION_ITEM() RATIONAL_B_SPLINE_CURVE((1.,0.5,1.,0.5,
1.,0.5,1.)) REPRESENTATION_ITEM('') );
#7231 = CARTESIAN_POINT('',(-23.0525313101,15.176982578789));
#7232 = CARTESIAN_POINT('',(3.234773621951,55.105138050954));
#7233 = CARTESIAN_POINT('',(24.669918121075,12.375586446688));
#7234 = CARTESIAN_POINT('',(46.1050626202,-30.35396515757));
#7235 = CARTESIAN_POINT('',(-1.617386810975,-27.55256902547));
#7236 = CARTESIAN_POINT('',(-49.33983624215,-24.75117289337));
#7237 = CARTESIAN_POINT('',(-23.0525313101,15.176982578789));
#7238 = ( GEOMETRIC_REPRESENTATION_CONTEXT(2) 
PARAMETRIC_REPRESENTATION_CONTEXT() REPRESENTATION_CONTEXT('2D SPACE',''
  ) );
#7239 = ORIENTED_EDGE('',*,*,#7240,.F.);
#7240 = EDGE_CURVE('',#5416,#7213,#7241,.T.);
#7241 = SURFACE_CURVE('',#7242,(#7246,#7253),.PCURVE_S1.);
#7242 = LINE('',#7243,#7244);
#7243 = CARTESIAN_POINT('',(23.0525313101,15.176982578789,23.5));
#7244 = VECTOR('',#7245,1.);
#7245 = DIRECTION('',(0.,0.,-1.));
#7246 = PCURVE('',#5278,#7247);
#7247 = DEFINITIONAL_REPRESENTATION('',(#7248),#7252);
#7248 = LINE('',#7249,#7250);
#7249 = CARTESIAN_POINT('',(0.,0.));
#7250 = VECTOR('',#7251,1.);
#7251 = DIRECTION('',(0.,1.));
#7252 = ( GEOMETRIC_REPRESENTATION_CONTEXT(2) 
PARAMETRIC_REPRESENTATION_CONTEXT() REPRESENTATION_CONTEXT('2D SPACE',''
  ) );
#7253 = PCURVE('',#5520,#7254);
#7254 = DEFINITIONAL_REPRESENTATION('',(#7255),#7259);
#7255 = LINE('',#7256,#7257);
#7256 = CARTESIAN_POINT('',(1.448308304161,0.));
#7257 = VECTOR('',#7258,1.);
#7258 = DIRECTION('',(0.,1.));
#7259 = ( GEOMETRIC_REPRESENTATION_CONTEXT(2) 
PARAMETRIC_REPRESENTATION_CONTEXT() REPRESENTATION_CONTEXT('2D SPACE',''
  ) );
#7260 = ORIENTED_EDGE('',*,*,#5415,.T.);
#7261 = ORIENTED_EDGE('',*,*,#5262,.T.);
#7262 = ADVANCED_FACE('',(#7263),#5520,.F.);
#7263 = FACE_BOUND('',#7264,.F.);
#7264 = EDGE_LOOP('',(#7265,#7266,#7294,#7315));
#7265 = ORIENTED_EDGE('',*,*,#7240,.T.);
#7266 = ORIENTED_EDGE('',*,*,#7267,.T.);
#7267 = EDGE_CURVE('',#7213,#7268,#7270,.T.);
#7268 = VERTEX_POINT('',#7269);
#7269 = CARTESIAN_POINT('',(22.285157395522,15.384747495782,
    20.757510160843));
#7270 = SURFACE_CURVE('',#7271,(#7276,#7283),.PCURVE_S1.);
#7271 = CIRCLE('',#7272,0.6);
#7272 = AXIS2_PLACEMENT_3D('',#7273,#7274,#7275);
#7273 = CARTESIAN_POINT('',(22.551389325098,14.847048174902,
    20.757510160843));
#7274 = DIRECTION('',(-2.359223927328E-16,2.775557561563E-17,1.));
#7275 = DIRECTION('',(-0.443719882626,0.8961655348,-1.295570466774E-16)
  );
#7276 = PCURVE('',#5520,#7277);
#7277 = DEFINITIONAL_REPRESENTATION('',(#7278),#7282);
#7278 = LINE('',#7279,#7280);
#7279 = CARTESIAN_POINT('',(6.28318530718,2.742489839157));
#7280 = VECTOR('',#7281,1.);
#7281 = DIRECTION('',(-1.,0.));
#7282 = ( GEOMETRIC_REPRESENTATION_CONTEXT(2) 
PARAMETRIC_REPRESENTATION_CONTEXT() REPRESENTATION_CONTEXT('2D SPACE',''
  ) );
#7283 = PCURVE('',#228,#7284);
#7284 = DEFINITIONAL_REPRESENTATION('',(#7285),#7293);
#7285 = ( BOUNDED_CURVE() B_SPLINE_CURVE(2,(#7286,#7287,#7288,#7289,
#7290,#7291,#7292),.UNSPECIFIED.,.T.,.F.) B_SPLINE_CURVE_WITH_KNOTS((1,2
    ,2,2,2,1),(-2.094395102393,0.,2.094395102393,4.188790204786,
6.28318530718,8.377580409573),.UNSPECIFIED.) CURVE() 
GEOMETRIC_REPRESENTATION_ITEM() RATIONAL_B_SPLINE_CURVE((1.,0.5,1.,0.5,
1.,0.5,1.)) REPRESENTATION_ITEM('') );
#7286 = CARTESIAN_POINT('',(-22.28515739552,15.384747495782));
#7287 = CARTESIAN_POINT('',(-21.35383485256,14.92362026716));
#7288 = CARTESIAN_POINT('',(-22.2188440184,14.347634900152));
#7289 = CARTESIAN_POINT('',(-23.08385318424,13.771649533143));
#7290 = CARTESIAN_POINT('',(-23.15016656136,14.808762128773));
#7291 = CARTESIAN_POINT('',(-23.21647993848,15.845874724404));
#7292 = CARTESIAN_POINT('',(-22.28515739552,15.384747495782));
#7293 = ( GEOMETRIC_REPRESENTATION_CONTEXT(2) 
PARAMETRIC_REPRESENTATION_CONTEXT() REPRESENTATION_CONTEXT('2D SPACE',''
  ) );
#7294 = ORIENTED_EDGE('',*,*,#7295,.F.);
#7295 = EDGE_CURVE('',#5477,#7268,#7296,.T.);
#7296 = SURFACE_CURVE('',#7297,(#7301,#7308),.PCURVE_S1.);
#7297 = LINE('',#7298,#7299);
#7298 = CARTESIAN_POINT('',(22.285157395522,15.384747495782,23.5));
#7299 = VECTOR('',#7300,1.);
#7300 = DIRECTION('',(0.,0.,-1.));
#7301 = PCURVE('',#5520,#7302);
#7302 = DEFINITIONAL_REPRESENTATION('',(#7303),#7307);
#7303 = LINE('',#7304,#7305);
#7304 = CARTESIAN_POINT('',(0.,0.));
#7305 = VECTOR('',#7306,1.);
#7306 = DIRECTION('',(0.,1.));
#7307 = ( GEOMETRIC_REPRESENTATION_CONTEXT(2) 
PARAMETRIC_REPRESENTATION_CONTEXT() REPRESENTATION_CONTEXT('2D SPACE',''
  ) );
#7308 = PCURVE('',#5604,#7309);
#7309 = DEFINITIONAL_REPRESENTATION('',(#7310),#7314);
#7310 = LINE('',#7311,#7312);
#7311 = CARTESIAN_POINT('',(0.,0.));
#7312 = VECTOR('',#7313,1.);
#7313 = DIRECTION('',(0.,1.));
#7314 = ( GEOMETRIC_REPRESENTATION_CONTEXT(2) 
PARAMETRIC_REPRESENTATION_CONTEXT() REPRESENTATION_CONTEXT('2D SPACE',''
  ) );
#7315 = ORIENTED_EDGE('',*,*,#5505,.T.);
#7316 = ADVANCED_FACE('',(#7317),#5604,.T.);
#7317 = FACE_BOUND('',#7318,.T.);
#7318 = EDGE_LOOP('',(#7319,#7320,#7321,#7322,#7323,#7324,#7347,#7369));
#7319 = ORIENTED_EDGE('',*,*,#5587,.F.);
#7320 = ORIENTED_EDGE('',*,*,#5743,.F.);
#7321 = ORIENTED_EDGE('',*,*,#5902,.F.);
#7322 = ORIENTED_EDGE('',*,*,#6248,.F.);
#7323 = ORIENTED_EDGE('',*,*,#5998,.F.);
#7324 = ORIENTED_EDGE('',*,*,#7325,.T.);
#7325 = EDGE_CURVE('',#5999,#7326,#7328,.T.);
#7326 = VERTEX_POINT('',#7327);
#7327 = CARTESIAN_POINT('',(15.384747495782,22.285157395522,
    20.757510160843));
#7328 = SURFACE_CURVE('',#7329,(#7333,#7340),.PCURVE_S1.);
#7329 = LINE('',#7330,#7331);
#7330 = CARTESIAN_POINT('',(15.384747495782,22.285157395522,23.5));
#7331 = VECTOR('',#7332,1.);
#7332 = DIRECTION('',(0.,0.,-1.));
#7333 = PCURVE('',#5604,#7334);
#7334 = DEFINITIONAL_REPRESENTATION('',(#7335),#7339);
#7335 = LINE('',#7336,#7337);
#7336 = CARTESIAN_POINT('',(2.490286959442,0.));
#7337 = VECTOR('',#7338,1.);
#7338 = DIRECTION('',(0.,1.));
#7339 = ( GEOMETRIC_REPRESENTATION_CONTEXT(2) 
PARAMETRIC_REPRESENTATION_CONTEXT() REPRESENTATION_CONTEXT('2D SPACE',''
  ) );
#7340 = PCURVE('',#6152,#7341);
#7341 = DEFINITIONAL_REPRESENTATION('',(#7342),#7346);
#7342 = LINE('',#7343,#7344);
#7343 = CARTESIAN_POINT('',(1.448308304161,0.));
#7344 = VECTOR('',#7345,1.);
#7345 = DIRECTION('',(0.,1.));
#7346 = ( GEOMETRIC_REPRESENTATION_CONTEXT(2) 
PARAMETRIC_REPRESENTATION_CONTEXT() REPRESENTATION_CONTEXT('2D SPACE',''
  ) );
#7347 = ORIENTED_EDGE('',*,*,#7348,.F.);
#7348 = EDGE_CURVE('',#7268,#7326,#7349,.T.);
#7349 = SURFACE_CURVE('',#7350,(#7355,#7362),.PCURVE_S1.);
#7350 = CIRCLE('',#7351,5.15);
#7351 = AXIS2_PLACEMENT_3D('',#7352,#7353,#7354);
#7352 = CARTESIAN_POINT('',(20.,20.,20.757510160843));
#7353 = DIRECTION('',(2.359223927328E-16,-2.775557561563E-17,-1.));
#7354 = DIRECTION('',(0.443719882626,-0.8961655348,1.295570466774E-16));
#7355 = PCURVE('',#5604,#7356);
#7356 = DEFINITIONAL_REPRESENTATION('',(#7357),#7361);
#7357 = LINE('',#7358,#7359);
#7358 = CARTESIAN_POINT('',(0.,2.742489839157));
#7359 = VECTOR('',#7360,1.);
#7360 = DIRECTION('',(1.,0.));
#7361 = ( GEOMETRIC_REPRESENTATION_CONTEXT(2) 
PARAMETRIC_REPRESENTATION_CONTEXT() REPRESENTATION_CONTEXT('2D SPACE',''
  ) );
#7362 = PCURVE('',#228,#7363);
#7363 = DEFINITIONAL_REPRESENTATION('',(#7364),#7368);
#7364 = CIRCLE('',#7365,5.15);
#7365 = AXIS2_PLACEMENT_2D('',#7366,#7367);
#7366 = CARTESIAN_POINT('',(-20.,20.));
#7367 = DIRECTION('',(-0.443719882626,-0.8961655348));
#7368 = ( GEOMETRIC_REPRESENTATION_CONTEXT(2) 
PARAMETRIC_REPRESENTATION_CONTEXT() REPRESENTATION_CONTEXT('2D SPACE',''
  ) );
#7369 = ORIENTED_EDGE('',*,*,#7295,.F.);
#7370 = ADVANCED_FACE('',(#7371),#1819,.T.);
#7371 = FACE_BOUND('',#7372,.T.);
#7372 = EDGE_LOOP('',(#7373,#7374,#7398,#7420,#7421,#7443,#7444,#7466,
    #7467,#7489,#7490,#7512));
#7373 = ORIENTED_EDGE('',*,*,#1798,.T.);
#7374 = ORIENTED_EDGE('',*,*,#7375,.T.);
#7375 = EDGE_CURVE('',#1799,#7376,#7378,.T.);
#7376 = VERTEX_POINT('',#7377);
#7377 = CARTESIAN_POINT('',(22.687621086752,-2.207846726678E-15,22.375)
  );
#7378 = SEAM_CURVE('',#7379,(#7384,#7391),.PCURVE_S1.);
#7379 = CIRCLE('',#7380,1.);
#7380 = AXIS2_PLACEMENT_3D('',#7381,#7382,#7383);
#7381 = CARTESIAN_POINT('',(21.906996336952,-2.11224776656E-15,23.));
#7382 = DIRECTION('',(-1.224646799147E-16,-1.,0.));
#7383 = DIRECTION('',(1.,-1.224646799147E-16,0.));
#7384 = PCURVE('',#1819,#7385);
#7385 = DEFINITIONAL_REPRESENTATION('',(#7386),#7390);
#7386 = LINE('',#7387,#7388);
#7387 = CARTESIAN_POINT('',(-3.14159265359,6.28318530718));
#7388 = VECTOR('',#7389,1.);
#7389 = DIRECTION('',(0.,-1.));
#7390 = ( GEOMETRIC_REPRESENTATION_CONTEXT(2) 
PARAMETRIC_REPRESENTATION_CONTEXT() REPRESENTATION_CONTEXT('2D SPACE',''
  ) );
#7391 = PCURVE('',#1819,#7392);
#7392 = DEFINITIONAL_REPRESENTATION('',(#7393),#7397);
#7393 = LINE('',#7394,#7395);
#7394 = CARTESIAN_POINT('',(3.14159265359,6.28318530718));
#7395 = VECTOR('',#7396,1.);
#7396 = DIRECTION('',(0.,-1.));
#7397 = ( GEOMETRIC_REPRESENTATION_CONTEXT(2) 
PARAMETRIC_REPRESENTATION_CONTEXT() REPRESENTATION_CONTEXT('2D SPACE',''
  ) );
#7398 = ORIENTED_EDGE('',*,*,#7399,.T.);
#7399 = EDGE_CURVE('',#7376,#4530,#7400,.T.);
#7400 = SURFACE_CURVE('',#7401,(#7406,#7413),.PCURVE_S1.);
#7401 = CIRCLE('',#7402,22.687621086752);
#7402 = AXIS2_PLACEMENT_3D('',#7403,#7404,#7405);
#7403 = CARTESIAN_POINT('',(-5.666681978065E-15,5.705855277383E-16,
    22.375));
#7404 = DIRECTION('',(0.,0.,-1.));
#7405 = DIRECTION('',(1.,0.,0.));
#7406 = PCURVE('',#1819,#7407);
#7407 = DEFINITIONAL_REPRESENTATION('',(#7408),#7412);
#7408 = LINE('',#7409,#7410);
#7409 = CARTESIAN_POINT('',(-3.14159265359,0.675131532937));
#7410 = VECTOR('',#7411,1.);
#7411 = DIRECTION('',(1.,-2.007701363871E-15));
#7412 = ( GEOMETRIC_REPRESENTATION_CONTEXT(2) 
PARAMETRIC_REPRESENTATION_CONTEXT() REPRESENTATION_CONTEXT('2D SPACE',''
  ) );
#7413 = PCURVE('',#5805,#7414);
#7414 = DEFINITIONAL_REPRESENTATION('',(#7415),#7419);
#7415 = LINE('',#7416,#7417);
#7416 = CARTESIAN_POINT('',(6.28318530718,3.816724186527));
#7417 = VECTOR('',#7418,1.);
#7418 = DIRECTION('',(1.,0.));
#7419 = ( GEOMETRIC_REPRESENTATION_CONTEXT(2) 
PARAMETRIC_REPRESENTATION_CONTEXT() REPRESENTATION_CONTEXT('2D SPACE',''
  ) );
#7420 = ORIENTED_EDGE('',*,*,#4636,.F.);
#7421 = ORIENTED_EDGE('',*,*,#7422,.T.);
#7422 = EDGE_CURVE('',#4269,#3612,#7423,.T.);
#7423 = SURFACE_CURVE('',#7424,(#7429,#7436),.PCURVE_S1.);
#7424 = CIRCLE('',#7425,22.687621086752);
#7425 = AXIS2_PLACEMENT_3D('',#7426,#7427,#7428);
#7426 = CARTESIAN_POINT('',(-5.666681978065E-15,5.705855277383E-16,
    22.375));
#7427 = DIRECTION('',(0.,0.,-1.));
#7428 = DIRECTION('',(1.,0.,0.));
#7429 = PCURVE('',#1819,#7430);
#7430 = DEFINITIONAL_REPRESENTATION('',(#7431),#7435);
#7431 = LINE('',#7432,#7433);
#7432 = CARTESIAN_POINT('',(-3.14159265359,0.675131532937));
#7433 = VECTOR('',#7434,1.);
#7434 = DIRECTION('',(1.,-8.494121154745E-16));
#7435 = ( GEOMETRIC_REPRESENTATION_CONTEXT(2) 
PARAMETRIC_REPRESENTATION_CONTEXT() REPRESENTATION_CONTEXT('2D SPACE',''
  ) );
#7436 = PCURVE('',#4397,#7437);
#7437 = DEFINITIONAL_REPRESENTATION('',(#7438),#7442);
#7438 = LINE('',#7439,#7440);
#7439 = CARTESIAN_POINT('',(3.14159265359,3.816724186527));
#7440 = VECTOR('',#7441,1.);
#7441 = DIRECTION('',(1.,6.177542657997E-16));
#7442 = ( GEOMETRIC_REPRESENTATION_CONTEXT(2) 
PARAMETRIC_REPRESENTATION_CONTEXT() REPRESENTATION_CONTEXT('2D SPACE',''
  ) );
#7443 = ORIENTED_EDGE('',*,*,#3718,.F.);
#7444 = ORIENTED_EDGE('',*,*,#7445,.T.);
#7445 = EDGE_CURVE('',#3446,#2299,#7446,.T.);
#7446 = SURFACE_CURVE('',#7447,(#7452,#7459),.PCURVE_S1.);
#7447 = CIRCLE('',#7448,22.687621086752);
#7448 = AXIS2_PLACEMENT_3D('',#7449,#7450,#7451);
#7449 = CARTESIAN_POINT('',(-5.666681978065E-15,5.705855277383E-16,
    22.375));
#7450 = DIRECTION('',(0.,0.,-1.));
#7451 = DIRECTION('',(1.,0.,0.));
#7452 = PCURVE('',#1819,#7453);
#7453 = DEFINITIONAL_REPRESENTATION('',(#7454),#7458);
#7454 = LINE('',#7455,#7456);
#7455 = CARTESIAN_POINT('',(-3.14159265359,0.675131532937));
#7456 = VECTOR('',#7457,1.);
#7457 = DIRECTION('',(1.,-1.544385664499E-16));
#7458 = ( GEOMETRIC_REPRESENTATION_CONTEXT(2) 
PARAMETRIC_REPRESENTATION_CONTEXT() REPRESENTATION_CONTEXT('2D SPACE',''
  ) );
#7459 = PCURVE('',#3574,#7460);
#7460 = DEFINITIONAL_REPRESENTATION('',(#7461),#7465);
#7461 = LINE('',#7462,#7463);
#7462 = CARTESIAN_POINT('',(3.14159265359,3.816724186527));
#7463 = VECTOR('',#7464,1.);
#7464 = DIRECTION('',(1.,0.));
#7465 = ( GEOMETRIC_REPRESENTATION_CONTEXT(2) 
PARAMETRIC_REPRESENTATION_CONTEXT() REPRESENTATION_CONTEXT('2D SPACE',''
  ) );
#7466 = ORIENTED_EDGE('',*,*,#2405,.F.);
#7467 = ORIENTED_EDGE('',*,*,#7468,.T.);
#7468 = EDGE_CURVE('',#2133,#5843,#7469,.T.);
#7469 = SURFACE_CURVE('',#7470,(#7475,#7482),.PCURVE_S1.);
#7470 = CIRCLE('',#7471,22.687621086752);
#7471 = AXIS2_PLACEMENT_3D('',#7472,#7473,#7474);
#7472 = CARTESIAN_POINT('',(-5.666681978065E-15,5.705855277383E-16,
    22.375));
#7473 = DIRECTION('',(0.,0.,-1.));
#7474 = DIRECTION('',(1.,0.,0.));
#7475 = PCURVE('',#1819,#7476);
#7476 = DEFINITIONAL_REPRESENTATION('',(#7477),#7481);
#7477 = LINE('',#7478,#7479);
#7478 = CARTESIAN_POINT('',(-3.14159265359,0.675131532937));
#7479 = VECTOR('',#7480,1.);
#7480 = DIRECTION('',(1.,-1.544385664499E-16));
#7481 = ( GEOMETRIC_REPRESENTATION_CONTEXT(2) 
PARAMETRIC_REPRESENTATION_CONTEXT() REPRESENTATION_CONTEXT('2D SPACE',''
  ) );
#7482 = PCURVE('',#2261,#7483);
#7483 = DEFINITIONAL_REPRESENTATION('',(#7484),#7488);
#7484 = LINE('',#7485,#7486);
#7485 = CARTESIAN_POINT('',(-3.14159265359,3.816724186527));
#7486 = VECTOR('',#7487,1.);
#7487 = DIRECTION('',(1.,3.088771328998E-16));
#7488 = ( GEOMETRIC_REPRESENTATION_CONTEXT(2) 
PARAMETRIC_REPRESENTATION_CONTEXT() REPRESENTATION_CONTEXT('2D SPACE',''
  ) );
#7489 = ORIENTED_EDGE('',*,*,#5949,.F.);
#7490 = ORIENTED_EDGE('',*,*,#7491,.T.);
#7491 = EDGE_CURVE('',#5677,#7376,#7492,.T.);
#7492 = SURFACE_CURVE('',#7493,(#7498,#7505),.PCURVE_S1.);
#7493 = CIRCLE('',#7494,22.687621086752);
#7494 = AXIS2_PLACEMENT_3D('',#7495,#7496,#7497);
#7495 = CARTESIAN_POINT('',(-5.666681978065E-15,5.705855277383E-16,
    22.375));
#7496 = DIRECTION('',(0.,0.,-1.));
#7497 = DIRECTION('',(1.,0.,0.));
#7498 = PCURVE('',#1819,#7499);
#7499 = DEFINITIONAL_REPRESENTATION('',(#7500),#7504);
#7500 = LINE('',#7501,#7502);
#7501 = CARTESIAN_POINT('',(-3.14159265359,0.675131532937));
#7502 = VECTOR('',#7503,1.);
#7503 = DIRECTION('',(1.,1.544385664482E-16));
#7504 = ( GEOMETRIC_REPRESENTATION_CONTEXT(2) 
PARAMETRIC_REPRESENTATION_CONTEXT() REPRESENTATION_CONTEXT('2D SPACE',''
  ) );
#7505 = PCURVE('',#5805,#7506);
#7506 = DEFINITIONAL_REPRESENTATION('',(#7507),#7511);
#7507 = LINE('',#7508,#7509);
#7508 = CARTESIAN_POINT('',(6.479261571712E-12,3.816724186527));
#7509 = VECTOR('',#7510,1.);
#7510 = DIRECTION('',(1.,-3.088771328992E-15));
#7511 = ( GEOMETRIC_REPRESENTATION_CONTEXT(2) 
PARAMETRIC_REPRESENTATION_CONTEXT() REPRESENTATION_CONTEXT('2D SPACE',''
  ) );
#7512 = ORIENTED_EDGE('',*,*,#7375,.F.);
#7513 = ADVANCED_FACE('',(#7514),#5805,.F.);
#7514 = FACE_BOUND('',#7515,.F.);
#7515 = EDGE_LOOP('',(#7516,#7538,#7539,#7540,#7541));
#7516 = ORIENTED_EDGE('',*,*,#7517,.F.);
#7517 = EDGE_CURVE('',#5563,#4961,#7518,.T.);
#7518 = SURFACE_CURVE('',#7519,(#7524,#7531),.PCURVE_S1.);
#7519 = CIRCLE('',#7520,23.468245836552);
#7520 = AXIS2_PLACEMENT_3D('',#7521,#7522,#7523);
#7521 = CARTESIAN_POINT('',(-5.666681978065E-15,5.705855277383E-16,22.75
    ));
#7522 = DIRECTION('',(0.,0.,-1.));
#7523 = DIRECTION('',(-1.,0.,0.));
#7524 = PCURVE('',#5805,#7525);
#7525 = DEFINITIONAL_REPRESENTATION('',(#7526),#7530);
#7526 = LINE('',#7527,#7528);
#7527 = CARTESIAN_POINT('',(3.141592653596,4.712388980385));
#7528 = VECTOR('',#7529,1.);
#7529 = DIRECTION('',(1.,-2.61889316484E-15));
#7530 = ( GEOMETRIC_REPRESENTATION_CONTEXT(2) 
PARAMETRIC_REPRESENTATION_CONTEXT() REPRESENTATION_CONTEXT('2D SPACE',''
  ) );
#7531 = PCURVE('',#4709,#7532);
#7532 = DEFINITIONAL_REPRESENTATION('',(#7533),#7537);
#7533 = CIRCLE('',#7534,23.468245836552);
#7534 = AXIS2_PLACEMENT_2D('',#7535,#7536);
#7535 = CARTESIAN_POINT('',(-3.231203456907E-14,-5.705855277383E-16));
#7536 = DIRECTION('',(-1.,0.));
#7537 = ( GEOMETRIC_REPRESENTATION_CONTEXT(2) 
PARAMETRIC_REPRESENTATION_CONTEXT() REPRESENTATION_CONTEXT('2D SPACE',''
  ) );
#7538 = ORIENTED_EDGE('',*,*,#5789,.T.);
#7539 = ORIENTED_EDGE('',*,*,#7491,.T.);
#7540 = ORIENTED_EDGE('',*,*,#7399,.T.);
#7541 = ORIENTED_EDGE('',*,*,#6389,.T.);
#7542 = ADVANCED_FACE('',(#7543),#4397,.F.);
#7543 = FACE_BOUND('',#7544,.F.);
#7544 = EDGE_LOOP('',(#7545,#7567,#7568,#7569));
#7545 = ORIENTED_EDGE('',*,*,#7546,.F.);
#7546 = EDGE_CURVE('',#4155,#3833,#7547,.T.);
#7547 = SURFACE_CURVE('',#7548,(#7553,#7560),.PCURVE_S1.);
#7548 = CIRCLE('',#7549,23.468245836552);
#7549 = AXIS2_PLACEMENT_3D('',#7550,#7551,#7552);
#7550 = CARTESIAN_POINT('',(-5.666681978065E-15,5.705855277383E-16,22.75
    ));
#7551 = DIRECTION('',(0.,0.,-1.));
#7552 = DIRECTION('',(-1.,0.,0.));
#7553 = PCURVE('',#4397,#7554);
#7554 = DEFINITIONAL_REPRESENTATION('',(#7555),#7559);
#7555 = LINE('',#7556,#7557);
#7556 = CARTESIAN_POINT('',(0.,4.712388980385));
#7557 = VECTOR('',#7558,1.);
#7558 = DIRECTION('',(1.,1.30944658242E-15));
#7559 = ( GEOMETRIC_REPRESENTATION_CONTEXT(2) 
PARAMETRIC_REPRESENTATION_CONTEXT() REPRESENTATION_CONTEXT('2D SPACE',''
  ) );
#7560 = PCURVE('',#3849,#7561);
#7561 = DEFINITIONAL_REPRESENTATION('',(#7562),#7566);
#7562 = CIRCLE('',#7563,23.468245836552);
#7563 = AXIS2_PLACEMENT_2D('',#7564,#7565);
#7564 = CARTESIAN_POINT('',(-3.231203456907E-14,-5.705855277383E-16));
#7565 = DIRECTION('',(-1.,0.));
#7566 = ( GEOMETRIC_REPRESENTATION_CONTEXT(2) 
PARAMETRIC_REPRESENTATION_CONTEXT() REPRESENTATION_CONTEXT('2D SPACE',''
  ) );
#7567 = ORIENTED_EDGE('',*,*,#4381,.T.);
#7568 = ORIENTED_EDGE('',*,*,#7422,.T.);
#7569 = ORIENTED_EDGE('',*,*,#4481,.T.);
#7570 = ADVANCED_FACE('',(#7571),#3574,.F.);
#7571 = FACE_BOUND('',#7572,.F.);
#7572 = EDGE_LOOP('',(#7573,#7595,#7596,#7597));
#7573 = ORIENTED_EDGE('',*,*,#7574,.F.);
#7574 = EDGE_CURVE('',#3332,#2730,#7575,.T.);
#7575 = SURFACE_CURVE('',#7576,(#7581,#7588),.PCURVE_S1.);
#7576 = CIRCLE('',#7577,23.468245836552);
#7577 = AXIS2_PLACEMENT_3D('',#7578,#7579,#7580);
#7578 = CARTESIAN_POINT('',(-5.666681978065E-15,5.705855277383E-16,22.75
    ));
#7579 = DIRECTION('',(0.,0.,-1.));
#7580 = DIRECTION('',(-1.,0.,0.));
#7581 = PCURVE('',#3574,#7582);
#7582 = DEFINITIONAL_REPRESENTATION('',(#7583),#7587);
#7583 = LINE('',#7584,#7585);
#7584 = CARTESIAN_POINT('',(0.,4.712388980385));
#7585 = VECTOR('',#7586,1.);
#7586 = DIRECTION('',(1.,-6.5472329121E-16));
#7587 = ( GEOMETRIC_REPRESENTATION_CONTEXT(2) 
PARAMETRIC_REPRESENTATION_CONTEXT() REPRESENTATION_CONTEXT('2D SPACE',''
  ) );
#7588 = PCURVE('',#2478,#7589);
#7589 = DEFINITIONAL_REPRESENTATION('',(#7590),#7594);
#7590 = CIRCLE('',#7591,23.468245836552);
#7591 = AXIS2_PLACEMENT_2D('',#7592,#7593);
#7592 = CARTESIAN_POINT('',(-3.231203456907E-14,-5.705855277383E-16));
#7593 = DIRECTION('',(-1.,0.));
#7594 = ( GEOMETRIC_REPRESENTATION_CONTEXT(2) 
PARAMETRIC_REPRESENTATION_CONTEXT() REPRESENTATION_CONTEXT('2D SPACE',''
  ) );
#7595 = ORIENTED_EDGE('',*,*,#3558,.T.);
#7596 = ORIENTED_EDGE('',*,*,#7445,.T.);
#7597 = ORIENTED_EDGE('',*,*,#6484,.T.);
#7598 = ADVANCED_FACE('',(#7599),#6152,.F.);
#7599 = FACE_BOUND('',#7600,.F.);
#7600 = EDGE_LOOP('',(#7601,#7602,#7630,#7651));
#7601 = ORIENTED_EDGE('',*,*,#7325,.T.);
#7602 = ORIENTED_EDGE('',*,*,#7603,.T.);
#7603 = EDGE_CURVE('',#7326,#7604,#7606,.T.);
#7604 = VERTEX_POINT('',#7605);
#7605 = CARTESIAN_POINT('',(15.176982578789,23.0525313101,
    20.757510160843));
#7606 = SURFACE_CURVE('',#7607,(#7612,#7619),.PCURVE_S1.);
#7607 = CIRCLE('',#7608,0.6);
#7608 = AXIS2_PLACEMENT_3D('',#7609,#7610,#7611);
#7609 = CARTESIAN_POINT('',(14.847048174902,22.551389325098,
    20.757510160843));
#7610 = DIRECTION('',(-2.359223927328E-16,2.775557561563E-17,1.));
#7611 = DIRECTION('',(0.549890673145,0.83523664167,1.065490495849E-16));
#7612 = PCURVE('',#6152,#7613);
#7613 = DEFINITIONAL_REPRESENTATION('',(#7614),#7618);
#7614 = LINE('',#7615,#7616);
#7615 = CARTESIAN_POINT('',(6.28318530718,2.742489839157));
#7616 = VECTOR('',#7617,1.);
#7617 = DIRECTION('',(-1.,0.));
#7618 = ( GEOMETRIC_REPRESENTATION_CONTEXT(2) 
PARAMETRIC_REPRESENTATION_CONTEXT() REPRESENTATION_CONTEXT('2D SPACE',''
  ) );
#7619 = PCURVE('',#228,#7620);
#7620 = DEFINITIONAL_REPRESENTATION('',(#7621),#7629);
#7621 = ( BOUNDED_CURVE() B_SPLINE_CURVE(2,(#7622,#7623,#7624,#7625,
#7626,#7627,#7628),.UNSPECIFIED.,.T.,.F.) B_SPLINE_CURVE_WITH_KNOTS((1,2
    ,2,2,2,1),(-2.094395102393,0.,2.094395102393,4.188790204786,
6.28318530718,8.377580409573),.UNSPECIFIED.) CURVE() 
GEOMETRIC_REPRESENTATION_ITEM() RATIONAL_B_SPLINE_CURVE((1.,0.5,1.,0.5,
1.,0.5,1.)) REPRESENTATION_ITEM('') );
#7622 = CARTESIAN_POINT('',(-15.17698257878,23.0525313101));
#7623 = CARTESIAN_POINT('',(-14.30897919895,23.623994460797));
#7624 = CARTESIAN_POINT('',(-14.24807928304,22.586549907945));
#7625 = CARTESIAN_POINT('',(-14.18717936712,21.549105355093));
#7626 = CARTESIAN_POINT('',(-15.11608266287,22.015086757248));
#7627 = CARTESIAN_POINT('',(-16.04498595861,22.481068159403));
#7628 = CARTESIAN_POINT('',(-15.17698257878,23.0525313101));
#7629 = ( GEOMETRIC_REPRESENTATION_CONTEXT(2) 
PARAMETRIC_REPRESENTATION_CONTEXT() REPRESENTATION_CONTEXT('2D SPACE',''
  ) );
#7630 = ORIENTED_EDGE('',*,*,#7631,.F.);
#7631 = EDGE_CURVE('',#6114,#7604,#7632,.T.);
#7632 = SURFACE_CURVE('',#7633,(#7637,#7644),.PCURVE_S1.);
#7633 = LINE('',#7634,#7635);
#7634 = CARTESIAN_POINT('',(15.176982578789,23.0525313101,23.5));
#7635 = VECTOR('',#7636,1.);
#7636 = DIRECTION('',(0.,0.,-1.));
#7637 = PCURVE('',#6152,#7638);
#7638 = DEFINITIONAL_REPRESENTATION('',(#7639),#7643);
#7639 = LINE('',#7640,#7641);
#7640 = CARTESIAN_POINT('',(0.,0.));
#7641 = VECTOR('',#7642,1.);
#7642 = DIRECTION('',(0.,1.));
#7643 = ( GEOMETRIC_REPRESENTATION_CONTEXT(2) 
PARAMETRIC_REPRESENTATION_CONTEXT() REPRESENTATION_CONTEXT('2D SPACE',''
  ) );
#7644 = PCURVE('',#865,#7645);
#7645 = DEFINITIONAL_REPRESENTATION('',(#7646),#7650);
#7646 = LINE('',#7647,#7648);
#7647 = CARTESIAN_POINT('',(1.164466677915,0.));
#7648 = VECTOR('',#7649,1.);
#7649 = DIRECTION('',(0.,1.));
#7650 = ( GEOMETRIC_REPRESENTATION_CONTEXT(2) 
PARAMETRIC_REPRESENTATION_CONTEXT() REPRESENTATION_CONTEXT('2D SPACE',''
  ) );
#7651 = ORIENTED_EDGE('',*,*,#6137,.T.);
#7652 = ADVANCED_FACE('',(#7653),#865,.F.);
#7653 = FACE_BOUND('',#7654,.F.);
#7654 = EDGE_LOOP('',(#7655,#7656,#7657,#7658,#7684));
#7655 = ORIENTED_EDGE('',*,*,#1048,.T.);
#7656 = ORIENTED_EDGE('',*,*,#6222,.T.);
#7657 = ORIENTED_EDGE('',*,*,#7631,.T.);
#7658 = ORIENTED_EDGE('',*,*,#7659,.T.);
#7659 = EDGE_CURVE('',#7604,#819,#7660,.T.);
#7660 = SURFACE_CURVE('',#7661,(#7666,#7673),.PCURVE_S1.);
#7661 = CIRCLE('',#7662,27.6);
#7662 = AXIS2_PLACEMENT_3D('',#7663,#7664,#7665);
#7663 = CARTESIAN_POINT('',(-5.666681978065E-15,5.705855277383E-16,
    20.757510160843));
#7664 = DIRECTION('',(-2.359223927328E-16,2.775557561563E-17,1.));
#7665 = DIRECTION('',(-0.549890673145,0.83523664167,-1.529139971146E-16)
  );
#7666 = PCURVE('',#865,#7667);
#7667 = DEFINITIONAL_REPRESENTATION('',(#7668),#7672);
#7668 = LINE('',#7669,#7670);
#7669 = CARTESIAN_POINT('',(6.28318530718,2.742489839157));
#7670 = VECTOR('',#7671,1.);
#7671 = DIRECTION('',(-1.,1.090425729258E-14));
#7672 = ( GEOMETRIC_REPRESENTATION_CONTEXT(2) 
PARAMETRIC_REPRESENTATION_CONTEXT() REPRESENTATION_CONTEXT('2D SPACE',''
  ) );
#7673 = PCURVE('',#228,#7674);
#7674 = DEFINITIONAL_REPRESENTATION('',(#7675),#7683);
#7675 = ( BOUNDED_CURVE() B_SPLINE_CURVE(2,(#7676,#7677,#7678,#7679,
#7680,#7681,#7682),.UNSPECIFIED.,.T.,.F.) B_SPLINE_CURVE_WITH_KNOTS((1,2
    ,2,2,2,1),(-2.094395102393,0.,2.094395102393,4.188790204786,
6.28318530718,8.377580409573),.UNSPECIFIED.) CURVE() 
GEOMETRIC_REPRESENTATION_ITEM() RATIONAL_B_SPLINE_CURVE((1.,0.5,1.,0.5,
1.,0.5,1.)) REPRESENTATION_ITEM('') );
#7676 = CARTESIAN_POINT('',(15.176982578789,23.0525313101));
#7677 = CARTESIAN_POINT('',(55.105138050954,-3.234773621951));
#7678 = CARTESIAN_POINT('',(12.375586446688,-24.66991812107));
#7679 = CARTESIAN_POINT('',(-30.35396515757,-46.1050626202));
#7680 = CARTESIAN_POINT('',(-27.55256902547,1.617386810975));
#7681 = CARTESIAN_POINT('',(-24.75117289337,49.33983624215));
#7682 = CARTESIAN_POINT('',(15.176982578789,23.0525313101));
#7683 = ( GEOMETRIC_REPRESENTATION_CONTEXT(2) 
PARAMETRIC_REPRESENTATION_CONTEXT() REPRESENTATION_CONTEXT('2D SPACE',''
  ) );
#7684 = ORIENTED_EDGE('',*,*,#818,.T.);
#7685 = ADVANCED_FACE('',(#7686),#2261,.F.);
#7686 = FACE_BOUND('',#7687,.F.);
#7687 = EDGE_LOOP('',(#7688,#7689,#7690,#7712));
#7688 = ORIENTED_EDGE('',*,*,#7468,.T.);
#7689 = ORIENTED_EDGE('',*,*,#6294,.T.);
#7690 = ORIENTED_EDGE('',*,*,#7691,.F.);
#7691 = EDGE_CURVE('',#2019,#6064,#7692,.T.);
#7692 = SURFACE_CURVE('',#7693,(#7698,#7705),.PCURVE_S1.);
#7693 = CIRCLE('',#7694,23.468245836552);
#7694 = AXIS2_PLACEMENT_3D('',#7695,#7696,#7697);
#7695 = CARTESIAN_POINT('',(-5.666681978065E-15,5.705855277383E-16,22.75
    ));
#7696 = DIRECTION('',(0.,0.,-1.));
#7697 = DIRECTION('',(-1.,0.,0.));
#7698 = PCURVE('',#2261,#7699);
#7699 = DEFINITIONAL_REPRESENTATION('',(#7700),#7704);
#7700 = LINE('',#7701,#7702);
#7701 = CARTESIAN_POINT('',(0.,4.712388980385));
#7702 = VECTOR('',#7703,1.);
#7703 = DIRECTION('',(1.,-6.5472329121E-16));
#7704 = ( GEOMETRIC_REPRESENTATION_CONTEXT(2) 
PARAMETRIC_REPRESENTATION_CONTEXT() REPRESENTATION_CONTEXT('2D SPACE',''
  ) );
#7705 = PCURVE('',#408,#7706);
#7706 = DEFINITIONAL_REPRESENTATION('',(#7707),#7711);
#7707 = CIRCLE('',#7708,23.468245836552);
#7708 = AXIS2_PLACEMENT_2D('',#7709,#7710);
#7709 = CARTESIAN_POINT('',(-3.231203456907E-14,-5.705855277383E-16));
#7710 = DIRECTION('',(-1.,0.));
#7711 = ( GEOMETRIC_REPRESENTATION_CONTEXT(2) 
PARAMETRIC_REPRESENTATION_CONTEXT() REPRESENTATION_CONTEXT('2D SPACE',''
  ) );
#7712 = ORIENTED_EDGE('',*,*,#2245,.T.);
#7713 = ADVANCED_FACE('',(#7714),#4709,.T.);
#7714 = FACE_BOUND('',#7715,.T.);
#7715 = EDGE_LOOP('',(#7716,#7717,#7718,#7719,#7720,#7721,#7722,#7723,
    #7724,#7725));
#7716 = ORIENTED_EDGE('',*,*,#4960,.F.);
#7717 = ORIENTED_EDGE('',*,*,#7517,.F.);
#7718 = ORIENTED_EDGE('',*,*,#5562,.F.);
#7719 = ORIENTED_EDGE('',*,*,#5533,.F.);
#7720 = ORIENTED_EDGE('',*,*,#5386,.F.);
#7721 = ORIENTED_EDGE('',*,*,#5144,.F.);
#7722 = ORIENTED_EDGE('',*,*,#5339,.F.);
#7723 = ORIENTED_EDGE('',*,*,#4685,.F.);
#7724 = ORIENTED_EDGE('',*,*,#5091,.F.);
#7725 = ORIENTED_EDGE('',*,*,#5062,.F.);
#7726 = ADVANCED_FACE('',(#7727),#3849,.T.);
#7727 = FACE_BOUND('',#7728,.T.);
#7728 = EDGE_LOOP('',(#7729,#7730,#7731,#7732,#7733,#7734));
#7729 = ORIENTED_EDGE('',*,*,#3832,.F.);
#7730 = ORIENTED_EDGE('',*,*,#7546,.F.);
#7731 = ORIENTED_EDGE('',*,*,#4154,.F.);
#7732 = ORIENTED_EDGE('',*,*,#4125,.F.);
#7733 = ORIENTED_EDGE('',*,*,#3973,.F.);
#7734 = ORIENTED_EDGE('',*,*,#3944,.F.);
#7735 = ADVANCED_FACE('',(#7736),#408,.T.);
#7736 = FACE_BOUND('',#7737,.T.);
#7737 = EDGE_LOOP('',(#7738,#7739,#7740,#7741,#7742,#7743,#7744,#7745,
    #7746,#7747));
#7738 = ORIENTED_EDGE('',*,*,#392,.F.);
#7739 = ORIENTED_EDGE('',*,*,#788,.F.);
#7740 = ORIENTED_EDGE('',*,*,#946,.F.);
#7741 = ORIENTED_EDGE('',*,*,#6195,.F.);
#7742 = ORIENTED_EDGE('',*,*,#6165,.F.);
#7743 = ORIENTED_EDGE('',*,*,#6063,.F.);
#7744 = ORIENTED_EDGE('',*,*,#7691,.F.);
#7745 = ORIENTED_EDGE('',*,*,#2018,.F.);
#7746 = ORIENTED_EDGE('',*,*,#1989,.F.);
#7747 = ORIENTED_EDGE('',*,*,#1901,.F.);
#7748 = ADVANCED_FACE('',(#7749),#7764,.T.);
#7749 = FACE_BOUND('',#7750,.T.);
#7750 = EDGE_LOOP('',(#7751,#7786,#7814,#7841,#7873));
#7751 = ORIENTED_EDGE('',*,*,#7752,.T.);
#7752 = EDGE_CURVE('',#7753,#7755,#7757,.T.);
#7753 = VERTEX_POINT('',#7754);
#7754 = CARTESIAN_POINT('',(-27.85,-6.390422521242,20.757510160843));
#7755 = VERTEX_POINT('',#7756);
#7756 = CARTESIAN_POINT('',(-27.82282608695,-6.621959569113,
    20.757510160843));
#7757 = SURFACE_CURVE('',#7758,(#7763,#7775),.PCURVE_S1.);
#7758 = CIRCLE('',#7759,1.);
#7759 = AXIS2_PLACEMENT_3D('',#7760,#7761,#7762);
#7760 = CARTESIAN_POINT('',(-26.85,-6.390422521242,20.757510160843));
#7761 = DIRECTION('',(-2.359223927328E-16,2.775557561563E-17,1.));
#7762 = DIRECTION('',(-0.993183287958,-0.11656310103,-2.310789017526E-16
    ));
#7763 = PCURVE('',#7764,#7769);
#7764 = CYLINDRICAL_SURFACE('',#7765,1.);
#7765 = AXIS2_PLACEMENT_3D('',#7766,#7767,#7768);
#7766 = CARTESIAN_POINT('',(-26.85,-6.390422521242,23.5));
#7767 = DIRECTION('',(0.,0.,-1.));
#7768 = DIRECTION('',(-0.993183287958,-0.11656310103,-0.));
#7769 = DEFINITIONAL_REPRESENTATION('',(#7770),#7774);
#7770 = LINE('',#7771,#7772);
#7771 = CARTESIAN_POINT('',(12.566370614359,2.742489839157));
#7772 = VECTOR('',#7773,1.);
#7773 = DIRECTION('',(-1.,0.));
#7774 = ( GEOMETRIC_REPRESENTATION_CONTEXT(2) 
PARAMETRIC_REPRESENTATION_CONTEXT() REPRESENTATION_CONTEXT('2D SPACE',''
  ) );
#7775 = PCURVE('',#228,#7776);
#7776 = DEFINITIONAL_REPRESENTATION('',(#7777),#7785);
#7777 = ( BOUNDED_CURVE() B_SPLINE_CURVE(2,(#7778,#7779,#7780,#7781,
#7782,#7783,#7784),.UNSPECIFIED.,.T.,.F.) B_SPLINE_CURVE_WITH_KNOTS((1,2
    ,2,2,2,1),(-2.094395102393,0.,2.094395102393,4.188790204786,
6.28318530718,8.377580409573),.UNSPECIFIED.) CURVE() 
GEOMETRIC_REPRESENTATION_ITEM() RATIONAL_B_SPLINE_CURVE((1.,0.5,1.,0.5,
1.,0.5,1.)) REPRESENTATION_ITEM('') );
#7778 = CARTESIAN_POINT('',(27.843183287958,-6.506985622272));
#7779 = CARTESIAN_POINT('',(27.641290074686,-8.227229538243));
#7780 = CARTESIAN_POINT('',(26.252461749385,-7.192262928713));
#7781 = CARTESIAN_POINT('',(24.863633424085,-6.157296319182));
#7782 = CARTESIAN_POINT('',(26.454354962657,-5.472019012742));
#7783 = CARTESIAN_POINT('',(28.045076501229,-4.786741706301));
#7784 = CARTESIAN_POINT('',(27.843183287958,-6.506985622272));
#7785 = ( GEOMETRIC_REPRESENTATION_CONTEXT(2) 
PARAMETRIC_REPRESENTATION_CONTEXT() REPRESENTATION_CONTEXT('2D SPACE',''
  ) );
#7786 = ORIENTED_EDGE('',*,*,#7787,.T.);
#7787 = EDGE_CURVE('',#7755,#7788,#7790,.T.);
#7788 = VERTEX_POINT('',#7789);
#7789 = CARTESIAN_POINT('',(-27.82282608695,-6.621959569113,23.3));
#7790 = SURFACE_CURVE('',#7791,(#7795,#7802),.PCURVE_S1.);
#7791 = LINE('',#7792,#7793);
#7792 = CARTESIAN_POINT('',(-27.82282608695,-6.621959569113,23.5));
#7793 = VECTOR('',#7794,1.);
#7794 = DIRECTION('',(0.,0.,1.));
#7795 = PCURVE('',#7764,#7796);
#7796 = DEFINITIONAL_REPRESENTATION('',(#7797),#7801);
#7797 = LINE('',#7798,#7799);
#7798 = CARTESIAN_POINT('',(6.166356622815,0.));
#7799 = VECTOR('',#7800,1.);
#7800 = DIRECTION('',(0.,-1.));
#7801 = ( GEOMETRIC_REPRESENTATION_CONTEXT(2) 
PARAMETRIC_REPRESENTATION_CONTEXT() REPRESENTATION_CONTEXT('2D SPACE',''
  ) );
#7802 = PCURVE('',#7803,#7808);
#7803 = CYLINDRICAL_SURFACE('',#7804,28.6);
#7804 = AXIS2_PLACEMENT_3D('',#7805,#7806,#7807);
#7805 = CARTESIAN_POINT('',(-5.666681978065E-15,5.705855277383E-16,23.5)
  );
#7806 = DIRECTION('',(0.,0.,-1.));
#7807 = DIRECTION('',(-0.83523664167,-0.549890673145,-0.));
#7808 = DEFINITIONAL_REPRESENTATION('',(#7809),#7813);
#7809 = LINE('',#7810,#7811);
#7810 = CARTESIAN_POINT('',(0.348575970228,0.));
#7811 = VECTOR('',#7812,1.);
#7812 = DIRECTION('',(0.,-1.));
#7813 = ( GEOMETRIC_REPRESENTATION_CONTEXT(2) 
PARAMETRIC_REPRESENTATION_CONTEXT() REPRESENTATION_CONTEXT('2D SPACE',''
  ) );
#7814 = ORIENTED_EDGE('',*,*,#7815,.T.);
#7815 = EDGE_CURVE('',#7788,#7816,#7818,.T.);
#7816 = VERTEX_POINT('',#7817);
#7817 = CARTESIAN_POINT('',(-27.84330365806,-6.50595538619,
    23.306696341939));
#7818 = SURFACE_CURVE('',#7819,(#7824,#7830),.PCURVE_S1.);
#7819 = B_SPLINE_CURVE_WITH_KNOTS('',3,(#7820,#7821,#7822,#7823),
  .UNSPECIFIED.,.F.,.F.,(4,4),(0.187588623589,0.199341742247),
  .PIECEWISE_BEZIER_KNOTS.);
#7820 = CARTESIAN_POINT('',(-27.82282608695,-6.621959569113,23.3));
#7821 = CARTESIAN_POINT('',(-27.83189702828,-6.583847101001,23.3));
#7822 = CARTESIAN_POINT('',(-27.83875970693,-6.545022393469,
    23.302232024107));
#7823 = CARTESIAN_POINT('',(-27.84330365806,-6.50595538619,
    23.306696341939));
#7824 = PCURVE('',#7764,#7825);
#7825 = DEFINITIONAL_REPRESENTATION('',(#7826),#7829);
#7826 = B_SPLINE_CURVE_WITH_KNOTS('',1,(#7827,#7828),.UNSPECIFIED.,.F.,
  .F.,(2,2),(0.187588623589,0.199341742247),.PIECEWISE_BEZIER_KNOTS.);
#7827 = CARTESIAN_POINT('',(6.166356622815,0.2));
#7828 = CARTESIAN_POINT('',(6.284222551338,0.193303658061));
#7829 = ( GEOMETRIC_REPRESENTATION_CONTEXT(2) 
PARAMETRIC_REPRESENTATION_CONTEXT() REPRESENTATION_CONTEXT('2D SPACE',''
  ) );
#7830 = PCURVE('',#7831,#7836);
#7831 = CONICAL_SURFACE('',#7832,28.5,0.785398163397);
#7832 = AXIS2_PLACEMENT_3D('',#7833,#7834,#7835);
#7833 = CARTESIAN_POINT('',(-5.666681978065E-15,5.705855277383E-16,23.4)
  );
#7834 = DIRECTION('',(0.,0.,-1.));
#7835 = DIRECTION('',(-0.83523664167,-0.549890673145,-0.));
#7836 = DEFINITIONAL_REPRESENTATION('',(#7837),#7840);
#7837 = B_SPLINE_CURVE_WITH_KNOTS('',1,(#7838,#7839),.UNSPECIFIED.,.F.,
  .F.,(2,2),(0.187588623589,0.199341742247),.PIECEWISE_BEZIER_KNOTS.);
#7838 = CARTESIAN_POINT('',(0.348575970228,9.999999999999E-02));
#7839 = CARTESIAN_POINT('',(0.352688595499,9.33036580608E-02));
#7840 = ( GEOMETRIC_REPRESENTATION_CONTEXT(2) 
PARAMETRIC_REPRESENTATION_CONTEXT() REPRESENTATION_CONTEXT('2D SPACE',''
  ) );
#7841 = ORIENTED_EDGE('',*,*,#7842,.T.);
#7842 = EDGE_CURVE('',#7816,#7843,#7845,.T.);
#7843 = VERTEX_POINT('',#7844);
#7844 = CARTESIAN_POINT('',(-27.85,-6.390422521242,23.3));
#7845 = SURFACE_CURVE('',#7846,(#7851,#7857),.PCURVE_S1.);
#7846 = ELLIPSE('',#7847,1.414213562373,1.);
#7847 = AXIS2_PLACEMENT_3D('',#7848,#7849,#7850);
#7848 = CARTESIAN_POINT('',(-26.85,-6.390422521242,24.3));
#7849 = DIRECTION('',(0.707106781187,-5.669408418833E-36,-0.707106781187
    ));
#7850 = DIRECTION('',(-0.707106781187,1.226634733347E-17,-0.707106781187
    ));
#7851 = PCURVE('',#7764,#7852);
#7852 = DEFINITIONAL_REPRESENTATION('',(#7853),#7856);
#7853 = B_SPLINE_CURVE_WITH_KNOTS('',1,(#7854,#7855),.UNSPECIFIED.,.F.,
  .F.,(2,2),(6.167393866973,6.28318530718),.PIECEWISE_BEZIER_KNOTS.);
#7854 = CARTESIAN_POINT('',(6.284222551338,0.193303658061));
#7855 = CARTESIAN_POINT('',(6.400013991544,0.2));
#7856 = ( GEOMETRIC_REPRESENTATION_CONTEXT(2) 
PARAMETRIC_REPRESENTATION_CONTEXT() REPRESENTATION_CONTEXT('2D SPACE',''
  ) );
#7857 = PCURVE('',#7858,#7863);
#7858 = PLANE('',#7859);
#7859 = AXIS2_PLACEMENT_3D('',#7860,#7861,#7862);
#7860 = CARTESIAN_POINT('',(-27.75,-3.253363643984,23.4));
#7861 = DIRECTION('',(-0.707106781187,0.,0.707106781187));
#7862 = DIRECTION('',(0.707106781187,0.,0.707106781187));
#7863 = DEFINITIONAL_REPRESENTATION('',(#7864),#7872);
#7864 = ( BOUNDED_CURVE() B_SPLINE_CURVE(2,(#7865,#7866,#7867,#7868,
#7869,#7870,#7871),.UNSPECIFIED.,.T.,.F.) B_SPLINE_CURVE_WITH_KNOTS((1,2
    ,2,2,2,1),(-2.094395102393,0.,2.094395102393,4.188790204786,
6.28318530718,8.377580409573),.UNSPECIFIED.) CURVE() 
GEOMETRIC_REPRESENTATION_ITEM() RATIONAL_B_SPLINE_CURVE((1.,0.5,1.,0.5,
1.,0.5,1.)) REPRESENTATION_ITEM('') );
#7865 = CARTESIAN_POINT('',(-0.141421356237,-3.137058877258));
#7866 = CARTESIAN_POINT('',(-0.141421356237,-1.405008069689));
#7867 = CARTESIAN_POINT('',(1.979898987322,-2.271033473473));
#7868 = CARTESIAN_POINT('',(4.101219330882,-3.137058877258));
#7869 = CARTESIAN_POINT('',(1.979898987322,-4.003084281042));
#7870 = CARTESIAN_POINT('',(-0.141421356237,-4.869109684827));
#7871 = CARTESIAN_POINT('',(-0.141421356237,-3.137058877258));
#7872 = ( GEOMETRIC_REPRESENTATION_CONTEXT(2) 
PARAMETRIC_REPRESENTATION_CONTEXT() REPRESENTATION_CONTEXT('2D SPACE',''
  ) );
#7873 = ORIENTED_EDGE('',*,*,#7874,.T.);
#7874 = EDGE_CURVE('',#7843,#7753,#7875,.T.);
#7875 = SURFACE_CURVE('',#7876,(#7880,#7887),.PCURVE_S1.);
#7876 = LINE('',#7877,#7878);
#7877 = CARTESIAN_POINT('',(-27.85,-6.390422521242,23.5));
#7878 = VECTOR('',#7879,1.);
#7879 = DIRECTION('',(0.,0.,-1.));
#7880 = PCURVE('',#7764,#7881);
#7881 = DEFINITIONAL_REPRESENTATION('',(#7882),#7886);
#7882 = LINE('',#7883,#7884);
#7883 = CARTESIAN_POINT('',(6.400013991544,0.));
#7884 = VECTOR('',#7885,1.);
#7885 = DIRECTION('',(0.,1.));
#7886 = ( GEOMETRIC_REPRESENTATION_CONTEXT(2) 
PARAMETRIC_REPRESENTATION_CONTEXT() REPRESENTATION_CONTEXT('2D SPACE',''
  ) );
#7887 = PCURVE('',#7888,#7893);
#7888 = PLANE('',#7889);
#7889 = AXIS2_PLACEMENT_3D('',#7890,#7891,#7892);
#7890 = CARTESIAN_POINT('',(-27.85,-6.506727287969,23.5));
#7891 = DIRECTION('',(-1.,0.,0.));
#7892 = DIRECTION('',(0.,1.,0.));
#7893 = DEFINITIONAL_REPRESENTATION('',(#7894),#7898);
#7894 = LINE('',#7895,#7896);
#7895 = CARTESIAN_POINT('',(0.116304766727,0.));
#7896 = VECTOR('',#7897,1.);
#7897 = DIRECTION('',(0.,1.));
#7898 = ( GEOMETRIC_REPRESENTATION_CONTEXT(2) 
PARAMETRIC_REPRESENTATION_CONTEXT() REPRESENTATION_CONTEXT('2D SPACE',''
  ) );
#7899 = ADVANCED_FACE('',(#7900),#7888,.T.);
#7900 = FACE_BOUND('',#7901,.T.);
#7901 = EDGE_LOOP('',(#7902,#7903,#7926,#7954));
#7902 = ORIENTED_EDGE('',*,*,#7874,.F.);
#7903 = ORIENTED_EDGE('',*,*,#7904,.F.);
#7904 = EDGE_CURVE('',#7905,#7843,#7907,.T.);
#7905 = VERTEX_POINT('',#7906);
#7906 = CARTESIAN_POINT('',(-27.85,6.390422521242,23.3));
#7907 = SURFACE_CURVE('',#7908,(#7912,#7919),.PCURVE_S1.);
#7908 = LINE('',#7909,#7910);
#7909 = CARTESIAN_POINT('',(-27.85,-3.253363643984,23.3));
#7910 = VECTOR('',#7911,1.);
#7911 = DIRECTION('',(0.,-1.,0.));
#7912 = PCURVE('',#7888,#7913);
#7913 = DEFINITIONAL_REPRESENTATION('',(#7914),#7918);
#7914 = LINE('',#7915,#7916);
#7915 = CARTESIAN_POINT('',(3.253363643984,0.2));
#7916 = VECTOR('',#7917,1.);
#7917 = DIRECTION('',(-1.,0.));
#7918 = ( GEOMETRIC_REPRESENTATION_CONTEXT(2) 
PARAMETRIC_REPRESENTATION_CONTEXT() REPRESENTATION_CONTEXT('2D SPACE',''
  ) );
#7919 = PCURVE('',#7858,#7920);
#7920 = DEFINITIONAL_REPRESENTATION('',(#7921),#7925);
#7921 = LINE('',#7922,#7923);
#7922 = CARTESIAN_POINT('',(-0.141421356237,0.));
#7923 = VECTOR('',#7924,1.);
#7924 = DIRECTION('',(0.,-1.));
#7925 = ( GEOMETRIC_REPRESENTATION_CONTEXT(2) 
PARAMETRIC_REPRESENTATION_CONTEXT() REPRESENTATION_CONTEXT('2D SPACE',''
  ) );
#7926 = ORIENTED_EDGE('',*,*,#7927,.F.);
#7927 = EDGE_CURVE('',#7928,#7905,#7930,.T.);
#7928 = VERTEX_POINT('',#7929);
#7929 = CARTESIAN_POINT('',(-27.85,6.390422521242,20.757510160843));
#7930 = SURFACE_CURVE('',#7931,(#7935,#7942),.PCURVE_S1.);
#7931 = LINE('',#7932,#7933);
#7932 = CARTESIAN_POINT('',(-27.85,6.390422521242,23.5));
#7933 = VECTOR('',#7934,1.);
#7934 = DIRECTION('',(0.,0.,1.));
#7935 = PCURVE('',#7888,#7936);
#7936 = DEFINITIONAL_REPRESENTATION('',(#7937),#7941);
#7937 = LINE('',#7938,#7939);
#7938 = CARTESIAN_POINT('',(12.897149809211,0.));
#7939 = VECTOR('',#7940,1.);
#7940 = DIRECTION('',(0.,-1.));
#7941 = ( GEOMETRIC_REPRESENTATION_CONTEXT(2) 
PARAMETRIC_REPRESENTATION_CONTEXT() REPRESENTATION_CONTEXT('2D SPACE',''
  ) );
#7942 = PCURVE('',#7943,#7948);
#7943 = CYLINDRICAL_SURFACE('',#7944,1.);
#7944 = AXIS2_PLACEMENT_3D('',#7945,#7946,#7947);
#7945 = CARTESIAN_POINT('',(-26.85,6.390422521242,23.5));
#7946 = DIRECTION('',(0.,0.,-1.));
#7947 = DIRECTION('',(-0.993183287958,0.11656310103,0.));
#7948 = DEFINITIONAL_REPRESENTATION('',(#7949),#7953);
#7949 = LINE('',#7950,#7951);
#7950 = CARTESIAN_POINT('',(-0.116828684365,0.));
#7951 = VECTOR('',#7952,1.);
#7952 = DIRECTION('',(0.,-1.));
#7953 = ( GEOMETRIC_REPRESENTATION_CONTEXT(2) 
PARAMETRIC_REPRESENTATION_CONTEXT() REPRESENTATION_CONTEXT('2D SPACE',''
  ) );
#7954 = ORIENTED_EDGE('',*,*,#7955,.F.);
#7955 = EDGE_CURVE('',#7753,#7928,#7956,.T.);
#7956 = SURFACE_CURVE('',#7957,(#7961,#7968),.PCURVE_S1.);
#7957 = LINE('',#7958,#7959);
#7958 = CARTESIAN_POINT('',(-27.85,-3.253363643984,20.757510160843));
#7959 = VECTOR('',#7960,1.);
#7960 = DIRECTION('',(0.,1.,-2.775557561563E-17));
#7961 = PCURVE('',#7888,#7962);
#7962 = DEFINITIONAL_REPRESENTATION('',(#7963),#7967);
#7963 = LINE('',#7964,#7965);
#7964 = CARTESIAN_POINT('',(3.253363643984,2.742489839157));
#7965 = VECTOR('',#7966,1.);
#7966 = DIRECTION('',(1.,2.775557561563E-17));
#7967 = ( GEOMETRIC_REPRESENTATION_CONTEXT(2) 
PARAMETRIC_REPRESENTATION_CONTEXT() REPRESENTATION_CONTEXT('2D SPACE',''
  ) );
#7968 = PCURVE('',#228,#7969);
#7969 = DEFINITIONAL_REPRESENTATION('',(#7970),#7974);
#7970 = LINE('',#7971,#7972);
#7971 = CARTESIAN_POINT('',(27.85,-3.253363643984));
#7972 = VECTOR('',#7973,1.);
#7973 = DIRECTION('',(6.548161810917E-33,1.));
#7974 = ( GEOMETRIC_REPRESENTATION_CONTEXT(2) 
PARAMETRIC_REPRESENTATION_CONTEXT() REPRESENTATION_CONTEXT('2D SPACE',''
  ) );
#7975 = ADVANCED_FACE('',(#7976),#7858,.T.);
#7976 = FACE_BOUND('',#7977,.T.);
#7977 = EDGE_LOOP('',(#7978,#7979,#8003,#8031,#8060,#8085));
#7978 = ORIENTED_EDGE('',*,*,#7842,.F.);
#7979 = ORIENTED_EDGE('',*,*,#7980,.F.);
#7980 = EDGE_CURVE('',#7981,#7816,#7983,.T.);
#7981 = VERTEX_POINT('',#7982);
#7982 = CARTESIAN_POINT('',(-27.65,-6.483633240707,23.5));
#7983 = SURFACE_CURVE('',#7984,(#7989,#7997),.PCURVE_S1.);
#7984 = B_SPLINE_CURVE_WITH_KNOTS('',3,(#7985,#7986,#7987,#7988),
  .UNSPECIFIED.,.F.,.F.,(4,4),(0.,2.742813946932E-02),
  .PIECEWISE_BEZIER_KNOTS.);
#7985 = CARTESIAN_POINT('',(-27.65,-6.483633240707,23.5));
#7986 = CARTESIAN_POINT('',(-27.71443355912,-6.491086649552,
    23.435566440876));
#7987 = CARTESIAN_POINT('',(-27.77886858371,-6.498527375561,
    23.371131416288));
#7988 = CARTESIAN_POINT('',(-27.84330365806,-6.50595538619,
    23.306696341939));
#7989 = PCURVE('',#7858,#7990);
#7990 = DEFINITIONAL_REPRESENTATION('',(#7991),#7996);
#7991 = B_SPLINE_CURVE_WITH_KNOTS('',3,(#7992,#7993,#7994,#7995),
  .UNSPECIFIED.,.F.,.F.,(4,4),(0.,2.742813946932E-02),
  .PIECEWISE_BEZIER_KNOTS.);
#7992 = CARTESIAN_POINT('',(0.141421356237,-3.230269596722));
#7993 = CARTESIAN_POINT('',(5.029854305261E-02,-3.237723005567));
#7994 = CARTESIAN_POINT('',(-4.082634261216E-02,-3.245163731576));
#7995 = CARTESIAN_POINT('',(-0.131951298649,-3.252591742205));
#7996 = ( GEOMETRIC_REPRESENTATION_CONTEXT(2) 
PARAMETRIC_REPRESENTATION_CONTEXT() REPRESENTATION_CONTEXT('2D SPACE',''
  ) );
#7997 = PCURVE('',#7831,#7998);
#7998 = DEFINITIONAL_REPRESENTATION('',(#7999),#8002);
#7999 = B_SPLINE_CURVE_WITH_KNOTS('',1,(#8000,#8001),.UNSPECIFIED.,.F.,
  .F.,(2,2),(0.,2.742813946932E-02),.PIECEWISE_BEZIER_KNOTS.);
#8000 = CARTESIAN_POINT('',(0.351905265773,-0.1));
#8001 = CARTESIAN_POINT('',(0.352688595499,9.33036580608E-02));
#8002 = ( GEOMETRIC_REPRESENTATION_CONTEXT(2) 
PARAMETRIC_REPRESENTATION_CONTEXT() REPRESENTATION_CONTEXT('2D SPACE',''
  ) );
#8003 = ORIENTED_EDGE('',*,*,#8004,.T.);
#8004 = EDGE_CURVE('',#7981,#8005,#8007,.T.);
#8005 = VERTEX_POINT('',#8006);
#8006 = CARTESIAN_POINT('',(-27.65,6.483633240707,23.5));
#8007 = SURFACE_CURVE('',#8008,(#8012,#8019),.PCURVE_S1.);
#8008 = LINE('',#8009,#8010);
#8009 = CARTESIAN_POINT('',(-27.65,-3.253363643984,23.5));
#8010 = VECTOR('',#8011,1.);
#8011 = DIRECTION('',(0.,1.,0.));
#8012 = PCURVE('',#7858,#8013);
#8013 = DEFINITIONAL_REPRESENTATION('',(#8014),#8018);
#8014 = LINE('',#8015,#8016);
#8015 = CARTESIAN_POINT('',(0.141421356237,0.));
#8016 = VECTOR('',#8017,1.);
#8017 = DIRECTION('',(0.,1.));
#8018 = ( GEOMETRIC_REPRESENTATION_CONTEXT(2) 
PARAMETRIC_REPRESENTATION_CONTEXT() REPRESENTATION_CONTEXT('2D SPACE',''
  ) );
#8019 = PCURVE('',#8020,#8025);
#8020 = PLANE('',#8021);
#8021 = AXIS2_PLACEMENT_3D('',#8022,#8023,#8024);
#8022 = CARTESIAN_POINT('',(2.6645352591E-14,8.881784197001E-15,23.5));
#8023 = DIRECTION('',(0.,0.,-1.));
#8024 = DIRECTION('',(1.,0.,0.));
#8025 = DEFINITIONAL_REPRESENTATION('',(#8026),#8030);
#8026 = LINE('',#8027,#8028);
#8027 = CARTESIAN_POINT('',(-27.65,3.253363643984));
#8028 = VECTOR('',#8029,1.);
#8029 = DIRECTION('',(0.,-1.));
#8030 = ( GEOMETRIC_REPRESENTATION_CONTEXT(2) 
PARAMETRIC_REPRESENTATION_CONTEXT() REPRESENTATION_CONTEXT('2D SPACE',''
  ) );
#8031 = ORIENTED_EDGE('',*,*,#8032,.T.);
#8032 = EDGE_CURVE('',#8005,#8033,#8035,.T.);
#8033 = VERTEX_POINT('',#8034);
#8034 = CARTESIAN_POINT('',(-27.84330365806,6.50595538619,
    23.306696341939));
#8035 = SURFACE_CURVE('',#8036,(#8041,#8049),.PCURVE_S1.);
#8036 = B_SPLINE_CURVE_WITH_KNOTS('',3,(#8037,#8038,#8039,#8040),
  .UNSPECIFIED.,.F.,.F.,(4,4),(0.,2.742813950081E-02),
  .PIECEWISE_BEZIER_KNOTS.);
#8037 = CARTESIAN_POINT('',(-27.65,6.483633240707,23.5));
#8038 = CARTESIAN_POINT('',(-27.71443355919,6.49108664956,
    23.435566440802));
#8039 = CARTESIAN_POINT('',(-27.77886858386,6.498527375578,
    23.371131416139));
#8040 = CARTESIAN_POINT('',(-27.84330365806,6.50595538619,
    23.306696341939));
#8041 = PCURVE('',#7858,#8042);
#8042 = DEFINITIONAL_REPRESENTATION('',(#8043),#8048);
#8043 = B_SPLINE_CURVE_WITH_KNOTS('',3,(#8044,#8045,#8046,#8047),
  .UNSPECIFIED.,.F.,.F.,(4,4),(0.,2.742813950081E-02),
  .PIECEWISE_BEZIER_KNOTS.);
#8044 = CARTESIAN_POINT('',(0.141421356237,9.736996884691));
#8045 = CARTESIAN_POINT('',(5.029854294809E-02,9.744450293545));
#8046 = CARTESIAN_POINT('',(-4.08263428233E-02,9.751891019562));
#8047 = CARTESIAN_POINT('',(-0.131951298649,9.759319030174));
#8048 = ( GEOMETRIC_REPRESENTATION_CONTEXT(2) 
PARAMETRIC_REPRESENTATION_CONTEXT() REPRESENTATION_CONTEXT('2D SPACE',''
  ) );
#8049 = PCURVE('',#8050,#8055);
#8050 = CONICAL_SURFACE('',#8051,28.5,0.785398163397);
#8051 = AXIS2_PLACEMENT_3D('',#8052,#8053,#8054);
#8052 = CARTESIAN_POINT('',(0.,0.,23.4));
#8053 = DIRECTION('',(0.,0.,-1.));
#8054 = DIRECTION('',(-1.,0.,0.));
#8055 = DEFINITIONAL_REPRESENTATION('',(#8056),#8059);
#8056 = B_SPLINE_CURVE_WITH_KNOTS('',1,(#8057,#8058),.UNSPECIFIED.,.F.,
  .F.,(2,2),(0.,2.742813950081E-02),.PIECEWISE_BEZIER_KNOTS.);
#8057 = CARTESIAN_POINT('',(0.230328073184,-1.E-01));
#8058 = CARTESIAN_POINT('',(0.229544743459,9.33036580608E-02));
#8059 = ( GEOMETRIC_REPRESENTATION_CONTEXT(2) 
PARAMETRIC_REPRESENTATION_CONTEXT() REPRESENTATION_CONTEXT('2D SPACE',''
  ) );
#8060 = ORIENTED_EDGE('',*,*,#8061,.F.);
#8061 = EDGE_CURVE('',#7905,#8033,#8062,.T.);
#8062 = SURFACE_CURVE('',#8063,(#8068,#8079),.PCURVE_S1.);
#8063 = ELLIPSE('',#8064,1.414213562373,1.);
#8064 = AXIS2_PLACEMENT_3D('',#8065,#8066,#8067);
#8065 = CARTESIAN_POINT('',(-26.85,6.390422521242,24.3));
#8066 = DIRECTION('',(0.707106781187,2.303334199637E-34,-0.707106781187)
  );
#8067 = DIRECTION('',(-0.707106781187,-2.453269466693E-17,
    -0.707106781187));
#8068 = PCURVE('',#7858,#8069);
#8069 = DEFINITIONAL_REPRESENTATION('',(#8070),#8078);
#8070 = ( BOUNDED_CURVE() B_SPLINE_CURVE(2,(#8071,#8072,#8073,#8074,
#8075,#8076,#8077),.UNSPECIFIED.,.T.,.F.) B_SPLINE_CURVE_WITH_KNOTS((1,2
    ,2,2,2,1),(-2.094395102393,0.,2.094395102393,4.188790204786,
6.28318530718,8.377580409573),.UNSPECIFIED.) CURVE() 
GEOMETRIC_REPRESENTATION_ITEM() RATIONAL_B_SPLINE_CURVE((1.,0.5,1.,0.5,
1.,0.5,1.)) REPRESENTATION_ITEM('') );
#8071 = CARTESIAN_POINT('',(-0.141421356237,9.643786165227));
#8072 = CARTESIAN_POINT('',(-0.141421356237,11.375836972796));
#8073 = CARTESIAN_POINT('',(1.979898987322,10.509811569011));
#8074 = CARTESIAN_POINT('',(4.101219330882,9.643786165227));
#8075 = CARTESIAN_POINT('',(1.979898987322,8.777760761442));
#8076 = CARTESIAN_POINT('',(-0.141421356237,7.911735357658));
#8077 = CARTESIAN_POINT('',(-0.141421356237,9.643786165227));
#8078 = ( GEOMETRIC_REPRESENTATION_CONTEXT(2) 
PARAMETRIC_REPRESENTATION_CONTEXT() REPRESENTATION_CONTEXT('2D SPACE',''
  ) );
#8079 = PCURVE('',#7943,#8080);
#8080 = DEFINITIONAL_REPRESENTATION('',(#8081),#8084);
#8081 = B_SPLINE_CURVE_WITH_KNOTS('',1,(#8082,#8083),.UNSPECIFIED.,.F.,
  .F.,(2,2),(0.,0.115791440207),.PIECEWISE_BEZIER_KNOTS.);
#8082 = CARTESIAN_POINT('',(-0.116828684365,0.2));
#8083 = CARTESIAN_POINT('',(-1.037244158328E-03,0.193303658061));
#8084 = ( GEOMETRIC_REPRESENTATION_CONTEXT(2) 
PARAMETRIC_REPRESENTATION_CONTEXT() REPRESENTATION_CONTEXT('2D SPACE',''
  ) );
#8085 = ORIENTED_EDGE('',*,*,#7904,.T.);
#8086 = ADVANCED_FACE('',(#8087),#7831,.T.);
#8087 = FACE_BOUND('',#8088,.T.);
#8088 = EDGE_LOOP('',(#8089,#8090,#8114,#8142,#8164));
#8089 = ORIENTED_EDGE('',*,*,#7815,.F.);
#8090 = ORIENTED_EDGE('',*,*,#8091,.T.);
#8091 = EDGE_CURVE('',#7788,#8092,#8094,.T.);
#8092 = VERTEX_POINT('',#8093);
#8093 = CARTESIAN_POINT('',(-23.88776795177,-15.72687325193,23.3));
#8094 = SURFACE_CURVE('',#8095,(#8100,#8107),.PCURVE_S1.);
#8095 = CIRCLE('',#8096,28.6);
#8096 = AXIS2_PLACEMENT_3D('',#8097,#8098,#8099);
#8097 = CARTESIAN_POINT('',(-5.666681978065E-15,5.705855277383E-16,23.3)
  );
#8098 = DIRECTION('',(0.,0.,1.));
#8099 = DIRECTION('',(-0.83523664167,-0.549890673145,0.));
#8100 = PCURVE('',#7831,#8101);
#8101 = DEFINITIONAL_REPRESENTATION('',(#8102),#8106);
#8102 = LINE('',#8103,#8104);
#8103 = CARTESIAN_POINT('',(6.28318530718,9.999999999997E-02));
#8104 = VECTOR('',#8105,1.);
#8105 = DIRECTION('',(-1.,5.123646849738E-15));
#8106 = ( GEOMETRIC_REPRESENTATION_CONTEXT(2) 
PARAMETRIC_REPRESENTATION_CONTEXT() REPRESENTATION_CONTEXT('2D SPACE',''
  ) );
#8107 = PCURVE('',#7803,#8108);
#8108 = DEFINITIONAL_REPRESENTATION('',(#8109),#8113);
#8109 = LINE('',#8110,#8111);
#8110 = CARTESIAN_POINT('',(6.28318530718,0.2));
#8111 = VECTOR('',#8112,1.);
#8112 = DIRECTION('',(-1.,0.));
#8113 = ( GEOMETRIC_REPRESENTATION_CONTEXT(2) 
PARAMETRIC_REPRESENTATION_CONTEXT() REPRESENTATION_CONTEXT('2D SPACE',''
  ) );
#8114 = ORIENTED_EDGE('',*,*,#8115,.F.);
#8115 = EDGE_CURVE('',#8116,#8092,#8118,.T.);
#8116 = VERTEX_POINT('',#8117);
#8117 = CARTESIAN_POINT('',(-23.72072062343,-15.6168951173,23.5));
#8118 = SURFACE_CURVE('',#8119,(#8123,#8130),.PCURVE_S1.);
#8119 = LINE('',#8120,#8121);
#8120 = CARTESIAN_POINT('',(-23.72072062343,-15.6168951173,23.5));
#8121 = VECTOR('',#8122,1.);
#8122 = DIRECTION('',(-0.590601493221,-0.388831423892,-0.707106781187));
#8123 = PCURVE('',#7831,#8124);
#8124 = DEFINITIONAL_REPRESENTATION('',(#8125),#8129);
#8125 = LINE('',#8126,#8127);
#8126 = CARTESIAN_POINT('',(0.,-9.999999999998E-02));
#8127 = VECTOR('',#8128,1.);
#8128 = DIRECTION('',(0.,1.));
#8129 = ( GEOMETRIC_REPRESENTATION_CONTEXT(2) 
PARAMETRIC_REPRESENTATION_CONTEXT() REPRESENTATION_CONTEXT('2D SPACE',''
  ) );
#8130 = PCURVE('',#8131,#8136);
#8131 = CONICAL_SURFACE('',#8132,1.5,0.785398163397);
#8132 = AXIS2_PLACEMENT_3D('',#8133,#8134,#8135);
#8133 = CARTESIAN_POINT('',(-22.55138932509,-14.8470481749,23.4));
#8134 = DIRECTION('',(0.,0.,-1.));
#8135 = DIRECTION('',(0.443719882626,-0.8961655348,0.));
#8136 = DEFINITIONAL_REPRESENTATION('',(#8137),#8141);
#8137 = LINE('',#8138,#8139);
#8138 = CARTESIAN_POINT('',(1.448308304161,-9.999999999998E-02));
#8139 = VECTOR('',#8140,1.);
#8140 = DIRECTION('',(1.7763568394E-14,1.));
#8141 = ( GEOMETRIC_REPRESENTATION_CONTEXT(2) 
PARAMETRIC_REPRESENTATION_CONTEXT() REPRESENTATION_CONTEXT('2D SPACE',''
  ) );
#8142 = ORIENTED_EDGE('',*,*,#8143,.T.);
#8143 = EDGE_CURVE('',#8116,#7981,#8144,.T.);
#8144 = SURFACE_CURVE('',#8145,(#8150,#8157),.PCURVE_S1.);
#8145 = CIRCLE('',#8146,28.4);
#8146 = AXIS2_PLACEMENT_3D('',#8147,#8148,#8149);
#8147 = CARTESIAN_POINT('',(-5.666681978065E-15,5.705855277383E-16,23.5)
  );
#8148 = DIRECTION('',(0.,0.,-1.));
#8149 = DIRECTION('',(-0.83523664167,-0.549890673145,-0.));
#8150 = PCURVE('',#7831,#8151);
#8151 = DEFINITIONAL_REPRESENTATION('',(#8152),#8156);
#8152 = LINE('',#8153,#8154);
#8153 = CARTESIAN_POINT('',(0.,-1.E-01));
#8154 = VECTOR('',#8155,1.);
#8155 = DIRECTION('',(1.,-5.075173194205E-15));
#8156 = ( GEOMETRIC_REPRESENTATION_CONTEXT(2) 
PARAMETRIC_REPRESENTATION_CONTEXT() REPRESENTATION_CONTEXT('2D SPACE',''
  ) );
#8157 = PCURVE('',#8020,#8158);
#8158 = DEFINITIONAL_REPRESENTATION('',(#8159),#8163);
#8159 = CIRCLE('',#8160,28.4);
#8160 = AXIS2_PLACEMENT_2D('',#8161,#8162);
#8161 = CARTESIAN_POINT('',(-3.231203456907E-14,8.311198669263E-15));
#8162 = DIRECTION('',(-0.83523664167,0.549890673145));
#8163 = ( GEOMETRIC_REPRESENTATION_CONTEXT(2) 
PARAMETRIC_REPRESENTATION_CONTEXT() REPRESENTATION_CONTEXT('2D SPACE',''
  ) );
#8164 = ORIENTED_EDGE('',*,*,#7980,.T.);
#8165 = ADVANCED_FACE('',(#8166),#7943,.T.);
#8166 = FACE_BOUND('',#8167,.T.);
#8167 = EDGE_LOOP('',(#8168,#8196,#8197,#8198,#8220));
#8168 = ORIENTED_EDGE('',*,*,#8169,.T.);
#8169 = EDGE_CURVE('',#8170,#7928,#8172,.T.);
#8170 = VERTEX_POINT('',#8171);
#8171 = CARTESIAN_POINT('',(-27.82282608695,6.621959569113,
    20.757510160843));
#8172 = SURFACE_CURVE('',#8173,(#8178,#8185),.PCURVE_S1.);
#8173 = CIRCLE('',#8174,1.);
#8174 = AXIS2_PLACEMENT_3D('',#8175,#8176,#8177);
#8175 = CARTESIAN_POINT('',(-26.85,6.390422521242,20.757510160843));
#8176 = DIRECTION('',(-2.359223927328E-16,2.775557561563E-17,1.));
#8177 = DIRECTION('',(-0.993183287958,0.11656310103,-2.375494536819E-16)
  );
#8178 = PCURVE('',#7943,#8179);
#8179 = DEFINITIONAL_REPRESENTATION('',(#8180),#8184);
#8180 = LINE('',#8181,#8182);
#8181 = CARTESIAN_POINT('',(6.28318530718,2.742489839157));
#8182 = VECTOR('',#8183,1.);
#8183 = DIRECTION('',(-1.,0.));
#8184 = ( GEOMETRIC_REPRESENTATION_CONTEXT(2) 
PARAMETRIC_REPRESENTATION_CONTEXT() REPRESENTATION_CONTEXT('2D SPACE',''
  ) );
#8185 = PCURVE('',#228,#8186);
#8186 = DEFINITIONAL_REPRESENTATION('',(#8187),#8195);
#8187 = ( BOUNDED_CURVE() B_SPLINE_CURVE(2,(#8188,#8189,#8190,#8191,
#8192,#8193,#8194),.UNSPECIFIED.,.T.,.F.) B_SPLINE_CURVE_WITH_KNOTS((1,2
    ,2,2,2,1),(-2.094395102393,0.,2.094395102393,4.188790204786,
6.28318530718,8.377580409573),.UNSPECIFIED.) CURVE() 
GEOMETRIC_REPRESENTATION_ITEM() RATIONAL_B_SPLINE_CURVE((1.,0.5,1.,0.5,
1.,0.5,1.)) REPRESENTATION_ITEM('') );
#8188 = CARTESIAN_POINT('',(27.843183287958,6.506985622272));
#8189 = CARTESIAN_POINT('',(28.045076501229,4.786741706301));
#8190 = CARTESIAN_POINT('',(26.454354962657,5.472019012742));
#8191 = CARTESIAN_POINT('',(24.863633424085,6.157296319182));
#8192 = CARTESIAN_POINT('',(26.252461749385,7.192262928713));
#8193 = CARTESIAN_POINT('',(27.641290074686,8.227229538243));
#8194 = CARTESIAN_POINT('',(27.843183287958,6.506985622272));
#8195 = ( GEOMETRIC_REPRESENTATION_CONTEXT(2) 
PARAMETRIC_REPRESENTATION_CONTEXT() REPRESENTATION_CONTEXT('2D SPACE',''
  ) );
#8196 = ORIENTED_EDGE('',*,*,#7927,.T.);
#8197 = ORIENTED_EDGE('',*,*,#8061,.T.);
#8198 = ORIENTED_EDGE('',*,*,#8199,.T.);
#8199 = EDGE_CURVE('',#8033,#8200,#8202,.T.);
#8200 = VERTEX_POINT('',#8201);
#8201 = CARTESIAN_POINT('',(-27.82282608695,6.621959569113,23.3));
#8202 = SURFACE_CURVE('',#8203,(#8208,#8214),.PCURVE_S1.);
#8203 = B_SPLINE_CURVE_WITH_KNOTS('',3,(#8204,#8205,#8206,#8207),
  .UNSPECIFIED.,.F.,.F.,(4,4),(0.175835504931,0.187588623589),
  .PIECEWISE_BEZIER_KNOTS.);
#8204 = CARTESIAN_POINT('',(-27.84330365806,6.50595538619,
    23.306696341939));
#8205 = CARTESIAN_POINT('',(-27.83875970693,6.545022393469,
    23.302232024107));
#8206 = CARTESIAN_POINT('',(-27.83189702828,6.583847101001,23.3));
#8207 = CARTESIAN_POINT('',(-27.82282608695,6.621959569113,23.3));
#8208 = PCURVE('',#7943,#8209);
#8209 = DEFINITIONAL_REPRESENTATION('',(#8210),#8213);
#8210 = B_SPLINE_CURVE_WITH_KNOTS('',1,(#8211,#8212),.UNSPECIFIED.,.F.,
  .F.,(2,2),(0.175835504931,0.187588623589),.PIECEWISE_BEZIER_KNOTS.);
#8211 = CARTESIAN_POINT('',(-1.037244158331E-03,0.193303658061));
#8212 = CARTESIAN_POINT('',(0.116828684365,0.2));
#8213 = ( GEOMETRIC_REPRESENTATION_CONTEXT(2) 
PARAMETRIC_REPRESENTATION_CONTEXT() REPRESENTATION_CONTEXT('2D SPACE',''
  ) );
#8214 = PCURVE('',#8050,#8215);
#8215 = DEFINITIONAL_REPRESENTATION('',(#8216),#8219);
#8216 = B_SPLINE_CURVE_WITH_KNOTS('',1,(#8217,#8218),.UNSPECIFIED.,.F.,
  .F.,(2,2),(0.175835504931,0.187588623589),.PIECEWISE_BEZIER_KNOTS.);
#8217 = CARTESIAN_POINT('',(0.229544743459,9.33036580608E-02));
#8218 = CARTESIAN_POINT('',(0.23365736873,9.999999999999E-02));
#8219 = ( GEOMETRIC_REPRESENTATION_CONTEXT(2) 
PARAMETRIC_REPRESENTATION_CONTEXT() REPRESENTATION_CONTEXT('2D SPACE',''
  ) );
#8220 = ORIENTED_EDGE('',*,*,#8221,.T.);
#8221 = EDGE_CURVE('',#8200,#8170,#8222,.T.);
#8222 = SURFACE_CURVE('',#8223,(#8227,#8234),.PCURVE_S1.);
#8223 = LINE('',#8224,#8225);
#8224 = CARTESIAN_POINT('',(-27.82282608695,6.621959569113,23.5));
#8225 = VECTOR('',#8226,1.);
#8226 = DIRECTION('',(0.,0.,-1.));
#8227 = PCURVE('',#7943,#8228);
#8228 = DEFINITIONAL_REPRESENTATION('',(#8229),#8233);
#8229 = LINE('',#8230,#8231);
#8230 = CARTESIAN_POINT('',(0.116828684365,0.));
#8231 = VECTOR('',#8232,1.);
#8232 = DIRECTION('',(0.,1.));
#8233 = ( GEOMETRIC_REPRESENTATION_CONTEXT(2) 
PARAMETRIC_REPRESENTATION_CONTEXT() REPRESENTATION_CONTEXT('2D SPACE',''
  ) );
#8234 = PCURVE('',#8235,#8240);
#8235 = CYLINDRICAL_SURFACE('',#8236,28.6);
#8236 = AXIS2_PLACEMENT_3D('',#8237,#8238,#8239);
#8237 = CARTESIAN_POINT('',(0.,0.,23.5));
#8238 = DIRECTION('',(0.,0.,-1.));
#8239 = DIRECTION('',(1.,0.,0.));
#8240 = DEFINITIONAL_REPRESENTATION('',(#8241),#8245);
#8241 = LINE('',#8242,#8243);
#8242 = CARTESIAN_POINT('',(3.37525002232,0.));
#8243 = VECTOR('',#8244,1.);
#8244 = DIRECTION('',(0.,1.));
#8245 = ( GEOMETRIC_REPRESENTATION_CONTEXT(2) 
PARAMETRIC_REPRESENTATION_CONTEXT() REPRESENTATION_CONTEXT('2D SPACE',''
  ) );
#8246 = ADVANCED_FACE('',(#8247),#228,.T.);
#8247 = FACE_BOUND('',#8248,.T.);
#8248 = EDGE_LOOP('',(#8249,#8250,#8278,#8304,#8305,#8306,#8307,#8308,
    #8309,#8310,#8311,#8312,#8313,#8314,#8315,#8316,#8317,#8318,#8319,
    #8320,#8321,#8322,#8323,#8324,#8325,#8326,#8327,#8328,#8329,#8353,
    #8386,#8415,#8444,#8477,#8505,#8538,#8567,#8596,#8629,#8658,#8687,
    #8716,#8749,#8778,#8800,#8801,#8802,#8803,#8827,#8856,#8889,#8911));
#8249 = ORIENTED_EDGE('',*,*,#214,.F.);
#8250 = ORIENTED_EDGE('',*,*,#8251,.T.);
#8251 = EDGE_CURVE('',#136,#8252,#8254,.T.);
#8252 = VERTEX_POINT('',#8253);
#8253 = CARTESIAN_POINT('',(-15.17698257878,23.0525313101,
    20.757510160843));
#8254 = SURFACE_CURVE('',#8255,(#8260,#8271),.PCURVE_S1.);
#8255 = CIRCLE('',#8256,27.6);
#8256 = AXIS2_PLACEMENT_3D('',#8257,#8258,#8259);
#8257 = CARTESIAN_POINT('',(-5.666681978065E-15,5.705855277383E-16,
    20.757510160843));
#8258 = DIRECTION('',(-2.359223927328E-16,2.775557561563E-17,1.));
#8259 = DIRECTION('',(-0.549890673145,0.83523664167,-1.529139971146E-16)
  );
#8260 = PCURVE('',#228,#8261);
#8261 = DEFINITIONAL_REPRESENTATION('',(#8262),#8270);
#8262 = ( BOUNDED_CURVE() B_SPLINE_CURVE(2,(#8263,#8264,#8265,#8266,
#8267,#8268,#8269),.UNSPECIFIED.,.T.,.F.) B_SPLINE_CURVE_WITH_KNOTS((1,2
    ,2,2,2,1),(-2.094395102393,0.,2.094395102393,4.188790204786,
6.28318530718,8.377580409573),.UNSPECIFIED.) CURVE() 
GEOMETRIC_REPRESENTATION_ITEM() RATIONAL_B_SPLINE_CURVE((1.,0.5,1.,0.5,
1.,0.5,1.)) REPRESENTATION_ITEM('') );
#8263 = CARTESIAN_POINT('',(15.176982578789,23.0525313101));
#8264 = CARTESIAN_POINT('',(55.105138050954,-3.234773621951));
#8265 = CARTESIAN_POINT('',(12.375586446688,-24.66991812107));
#8266 = CARTESIAN_POINT('',(-30.35396515757,-46.1050626202));
#8267 = CARTESIAN_POINT('',(-27.55256902547,1.617386810975));
#8268 = CARTESIAN_POINT('',(-24.75117289337,49.33983624215));
#8269 = CARTESIAN_POINT('',(15.176982578789,23.0525313101));
#8270 = ( GEOMETRIC_REPRESENTATION_CONTEXT(2) 
PARAMETRIC_REPRESENTATION_CONTEXT() REPRESENTATION_CONTEXT('2D SPACE',''
  ) );
#8271 = PCURVE('',#180,#8272);
#8272 = DEFINITIONAL_REPRESENTATION('',(#8273),#8277);
#8273 = LINE('',#8274,#8275);
#8274 = CARTESIAN_POINT('',(6.28318530718,2.742489839157));
#8275 = VECTOR('',#8276,1.);
#8276 = DIRECTION('',(-1.,0.));
#8277 = ( GEOMETRIC_REPRESENTATION_CONTEXT(2) 
PARAMETRIC_REPRESENTATION_CONTEXT() REPRESENTATION_CONTEXT('2D SPACE',''
  ) );
#8278 = ORIENTED_EDGE('',*,*,#8279,.T.);
#8279 = EDGE_CURVE('',#8252,#6561,#8280,.T.);
#8280 = SURFACE_CURVE('',#8281,(#8286,#8297),.PCURVE_S1.);
#8281 = CIRCLE('',#8282,0.6);
#8282 = AXIS2_PLACEMENT_3D('',#8283,#8284,#8285);
#8283 = CARTESIAN_POINT('',(-14.8470481749,22.551389325098,
    20.757510160843));
#8284 = DIRECTION('',(-2.359223927328E-16,2.775557561563E-17,1.));
#8285 = DIRECTION('',(-0.8961655348,-0.443719882626,-1.991098165003E-16)
  );
#8286 = PCURVE('',#228,#8287);
#8287 = DEFINITIONAL_REPRESENTATION('',(#8288),#8296);
#8288 = ( BOUNDED_CURVE() B_SPLINE_CURVE(2,(#8289,#8290,#8291,#8292,
#8293,#8294,#8295),.UNSPECIFIED.,.T.,.F.) B_SPLINE_CURVE_WITH_KNOTS((1,2
    ,2,2,2,1),(-2.094395102393,0.,2.094395102393,4.188790204786,
6.28318530718,8.377580409573),.UNSPECIFIED.) CURVE() 
GEOMETRIC_REPRESENTATION_ITEM() RATIONAL_B_SPLINE_CURVE((1.,0.5,1.,0.5,
1.,0.5,1.)) REPRESENTATION_ITEM('') );
#8289 = CARTESIAN_POINT('',(15.384747495782,22.285157395522));
#8290 = CARTESIAN_POINT('',(14.92362026716,21.353834852563));
#8291 = CARTESIAN_POINT('',(14.347634900152,22.218844018406));
#8292 = CARTESIAN_POINT('',(13.771649533143,23.083853184249));
#8293 = CARTESIAN_POINT('',(14.808762128773,23.150166561365));
#8294 = CARTESIAN_POINT('',(15.845874724404,23.216479938481));
#8295 = CARTESIAN_POINT('',(15.384747495782,22.285157395522));
#8296 = ( GEOMETRIC_REPRESENTATION_CONTEXT(2) 
PARAMETRIC_REPRESENTATION_CONTEXT() REPRESENTATION_CONTEXT('2D SPACE',''
  ) );
#8297 = PCURVE('',#1976,#8298);
#8298 = DEFINITIONAL_REPRESENTATION('',(#8299),#8303);
#8299 = LINE('',#8300,#8301);
#8300 = CARTESIAN_POINT('',(6.28318530718,2.742489839157));
#8301 = VECTOR('',#8302,1.);
#8302 = DIRECTION('',(-1.,0.));
#8303 = ( GEOMETRIC_REPRESENTATION_CONTEXT(2) 
PARAMETRIC_REPRESENTATION_CONTEXT() REPRESENTATION_CONTEXT('2D SPACE',''
  ) );
#8304 = ORIENTED_EDGE('',*,*,#6560,.T.);
#8305 = ORIENTED_EDGE('',*,*,#6609,.T.);
#8306 = ORIENTED_EDGE('',*,*,#6663,.T.);
#8307 = ORIENTED_EDGE('',*,*,#2639,.F.);
#8308 = ORIENTED_EDGE('',*,*,#6697,.T.);
#8309 = ORIENTED_EDGE('',*,*,#3083,.F.);
#8310 = ORIENTED_EDGE('',*,*,#6721,.T.);
#8311 = ORIENTED_EDGE('',*,*,#6776,.T.);
#8312 = ORIENTED_EDGE('',*,*,#6857,.T.);
#8313 = ORIENTED_EDGE('',*,*,#6884,.T.);
#8314 = ORIENTED_EDGE('',*,*,#6938,.T.);
#8315 = ORIENTED_EDGE('',*,*,#6992,.T.);
#8316 = ORIENTED_EDGE('',*,*,#7073,.T.);
#8317 = ORIENTED_EDGE('',*,*,#7100,.T.);
#8318 = ORIENTED_EDGE('',*,*,#7154,.T.);
#8319 = ORIENTED_EDGE('',*,*,#4870,.F.);
#8320 = ORIENTED_EDGE('',*,*,#7188,.T.);
#8321 = ORIENTED_EDGE('',*,*,#5314,.F.);
#8322 = ORIENTED_EDGE('',*,*,#7212,.T.);
#8323 = ORIENTED_EDGE('',*,*,#7267,.T.);
#8324 = ORIENTED_EDGE('',*,*,#7348,.T.);
#8325 = ORIENTED_EDGE('',*,*,#7603,.T.);
#8326 = ORIENTED_EDGE('',*,*,#7659,.T.);
#8327 = ORIENTED_EDGE('',*,*,#921,.F.);
#8328 = ORIENTED_EDGE('',*,*,#606,.T.);
#8329 = ORIENTED_EDGE('',*,*,#8330,.T.);
#8330 = EDGE_CURVE('',#579,#8331,#8333,.T.);
#8331 = VERTEX_POINT('',#8332);
#8332 = CARTESIAN_POINT('',(16.280913030582,21.841437512897,
    20.757510160843));
#8333 = SURFACE_CURVE('',#8334,(#8339,#8346),.PCURVE_S1.);
#8334 = CIRCLE('',#8335,1.6);
#8335 = AXIS2_PLACEMENT_3D('',#8336,#8337,#8338);
#8336 = CARTESIAN_POINT('',(14.847048174902,22.551389325098,
    20.757510160843));
#8337 = DIRECTION('',(2.359223927328E-16,-2.775557561563E-17,-1.));
#8338 = DIRECTION('',(0.549890673145,0.83523664167,1.065490495849E-16));
#8339 = PCURVE('',#228,#8340);
#8340 = DEFINITIONAL_REPRESENTATION('',(#8341),#8345);
#8341 = CIRCLE('',#8342,1.6);
#8342 = AXIS2_PLACEMENT_2D('',#8343,#8344);
#8343 = CARTESIAN_POINT('',(-14.8470481749,22.551389325098));
#8344 = DIRECTION('',(-0.549890673145,0.83523664167));
#8345 = ( GEOMETRIC_REPRESENTATION_CONTEXT(2) 
PARAMETRIC_REPRESENTATION_CONTEXT() REPRESENTATION_CONTEXT('2D SPACE',''
  ) );
#8346 = PCURVE('',#594,#8347);
#8347 = DEFINITIONAL_REPRESENTATION('',(#8348),#8352);
#8348 = LINE('',#8349,#8350);
#8349 = CARTESIAN_POINT('',(0.,2.742489839157));
#8350 = VECTOR('',#8351,1.);
#8351 = DIRECTION('',(1.,0.));
#8352 = ( GEOMETRIC_REPRESENTATION_CONTEXT(2) 
PARAMETRIC_REPRESENTATION_CONTEXT() REPRESENTATION_CONTEXT('2D SPACE',''
  ) );
#8353 = ORIENTED_EDGE('',*,*,#8354,.T.);
#8354 = EDGE_CURVE('',#8331,#8355,#8357,.T.);
#8355 = VERTEX_POINT('',#8356);
#8356 = CARTESIAN_POINT('',(21.841437512897,16.280913030582,
    20.757510160843));
#8357 = SURFACE_CURVE('',#8358,(#8363,#8374),.PCURVE_S1.);
#8358 = CIRCLE('',#8359,4.15);
#8359 = AXIS2_PLACEMENT_3D('',#8360,#8361,#8362);
#8360 = CARTESIAN_POINT('',(20.,20.,20.757510160843));
#8361 = DIRECTION('',(-2.359223927328E-16,2.775557561563E-17,1.));
#8362 = DIRECTION('',(0.443719882626,-0.8961655348,1.295570466774E-16));
#8363 = PCURVE('',#228,#8364);
#8364 = DEFINITIONAL_REPRESENTATION('',(#8365),#8373);
#8365 = ( BOUNDED_CURVE() B_SPLINE_CURVE(2,(#8366,#8367,#8368,#8369,
#8370,#8371,#8372),.UNSPECIFIED.,.T.,.F.) B_SPLINE_CURVE_WITH_KNOTS((1,2
    ,2,2,2,1),(-2.094395102393,0.,2.094395102393,4.188790204786,
6.28318530718,8.377580409573),.UNSPECIFIED.) CURVE() 
GEOMETRIC_REPRESENTATION_ITEM() RATIONAL_B_SPLINE_CURVE((1.,0.5,1.,0.5,
1.,0.5,1.)) REPRESENTATION_ITEM('') );
#8366 = CARTESIAN_POINT('',(-21.84143751289,16.280913030582));
#8367 = CARTESIAN_POINT('',(-28.28308510169,19.470376361882));
#8368 = CARTESIAN_POINT('',(-22.30010503795,23.454275150359));
#8369 = CARTESIAN_POINT('',(-16.3171249742,27.438173938837));
#8370 = CARTESIAN_POINT('',(-15.85845744915,20.264811819059));
#8371 = CARTESIAN_POINT('',(-15.39978992409,13.091449699282));
#8372 = CARTESIAN_POINT('',(-21.84143751289,16.280913030582));
#8373 = ( GEOMETRIC_REPRESENTATION_CONTEXT(2) 
PARAMETRIC_REPRESENTATION_CONTEXT() REPRESENTATION_CONTEXT('2D SPACE',''
  ) );
#8374 = PCURVE('',#8375,#8380);
#8375 = CYLINDRICAL_SURFACE('',#8376,4.15);
#8376 = AXIS2_PLACEMENT_3D('',#8377,#8378,#8379);
#8377 = CARTESIAN_POINT('',(20.,20.,23.5));
#8378 = DIRECTION('',(0.,0.,-1.));
#8379 = DIRECTION('',(0.443719882626,-0.8961655348,0.));
#8380 = DEFINITIONAL_REPRESENTATION('',(#8381),#8385);
#8381 = LINE('',#8382,#8383);
#8382 = CARTESIAN_POINT('',(6.28318530718,2.742489839157));
#8383 = VECTOR('',#8384,1.);
#8384 = DIRECTION('',(-1.,0.));
#8385 = ( GEOMETRIC_REPRESENTATION_CONTEXT(2) 
PARAMETRIC_REPRESENTATION_CONTEXT() REPRESENTATION_CONTEXT('2D SPACE',''
  ) );
#8386 = ORIENTED_EDGE('',*,*,#8387,.T.);
#8387 = EDGE_CURVE('',#8355,#8388,#8390,.T.);
#8388 = VERTEX_POINT('',#8389);
#8389 = CARTESIAN_POINT('',(23.88776795177,15.726873251934,
    20.757510160843));
#8390 = SURFACE_CURVE('',#8391,(#8396,#8403),.PCURVE_S1.);
#8391 = CIRCLE('',#8392,1.6);
#8392 = AXIS2_PLACEMENT_3D('',#8393,#8394,#8395);
#8393 = CARTESIAN_POINT('',(22.551389325098,14.847048174902,
    20.757510160843));
#8394 = DIRECTION('',(2.359223927328E-16,-2.775557561563E-17,-1.));
#8395 = DIRECTION('',(-0.443719882626,0.8961655348,-1.295570466774E-16)
  );
#8396 = PCURVE('',#228,#8397);
#8397 = DEFINITIONAL_REPRESENTATION('',(#8398),#8402);
#8398 = CIRCLE('',#8399,1.6);
#8399 = AXIS2_PLACEMENT_2D('',#8400,#8401);
#8400 = CARTESIAN_POINT('',(-22.55138932509,14.847048174902));
#8401 = DIRECTION('',(0.443719882626,0.8961655348));
#8402 = ( GEOMETRIC_REPRESENTATION_CONTEXT(2) 
PARAMETRIC_REPRESENTATION_CONTEXT() REPRESENTATION_CONTEXT('2D SPACE',''
  ) );
#8403 = PCURVE('',#8404,#8409);
#8404 = CYLINDRICAL_SURFACE('',#8405,1.6);
#8405 = AXIS2_PLACEMENT_3D('',#8406,#8407,#8408);
#8406 = CARTESIAN_POINT('',(22.551389325098,14.847048174902,23.5));
#8407 = DIRECTION('',(0.,0.,-1.));
#8408 = DIRECTION('',(-0.443719882626,0.8961655348,0.));
#8409 = DEFINITIONAL_REPRESENTATION('',(#8410),#8414);
#8410 = LINE('',#8411,#8412);
#8411 = CARTESIAN_POINT('',(0.,2.742489839157));
#8412 = VECTOR('',#8413,1.);
#8413 = DIRECTION('',(1.,0.));
#8414 = ( GEOMETRIC_REPRESENTATION_CONTEXT(2) 
PARAMETRIC_REPRESENTATION_CONTEXT() REPRESENTATION_CONTEXT('2D SPACE',''
  ) );
#8415 = ORIENTED_EDGE('',*,*,#8416,.T.);
#8416 = EDGE_CURVE('',#8388,#8417,#8419,.T.);
#8417 = VERTEX_POINT('',#8418);
#8418 = CARTESIAN_POINT('',(27.822826086957,6.621959569113,
    20.757510160843));
#8419 = SURFACE_CURVE('',#8420,(#8425,#8432),.PCURVE_S1.);
#8420 = CIRCLE('',#8421,28.6);
#8421 = AXIS2_PLACEMENT_3D('',#8422,#8423,#8424);
#8422 = CARTESIAN_POINT('',(-5.666681978065E-15,5.705855277383E-16,
    20.757510160843));
#8423 = DIRECTION('',(2.359223927328E-16,-2.775557561563E-17,-1.));
#8424 = DIRECTION('',(0.83523664167,0.549890673145,1.817884948422E-16));
#8425 = PCURVE('',#228,#8426);
#8426 = DEFINITIONAL_REPRESENTATION('',(#8427),#8431);
#8427 = CIRCLE('',#8428,28.6);
#8428 = AXIS2_PLACEMENT_2D('',#8429,#8430);
#8429 = CARTESIAN_POINT('',(3.226485009052E-14,-3.875857685885E-15));
#8430 = DIRECTION('',(-0.83523664167,0.549890673145));
#8431 = ( GEOMETRIC_REPRESENTATION_CONTEXT(2) 
PARAMETRIC_REPRESENTATION_CONTEXT() REPRESENTATION_CONTEXT('2D SPACE',''
  ) );
#8432 = PCURVE('',#8433,#8438);
#8433 = CYLINDRICAL_SURFACE('',#8434,28.6);
#8434 = AXIS2_PLACEMENT_3D('',#8435,#8436,#8437);
#8435 = CARTESIAN_POINT('',(-5.666681978065E-15,5.705855277383E-16,23.5)
  );
#8436 = DIRECTION('',(0.,0.,-1.));
#8437 = DIRECTION('',(0.83523664167,0.549890673145,0.));
#8438 = DEFINITIONAL_REPRESENTATION('',(#8439),#8443);
#8439 = LINE('',#8440,#8441);
#8440 = CARTESIAN_POINT('',(0.,2.742489839157));
#8441 = VECTOR('',#8442,1.);
#8442 = DIRECTION('',(1.,-1.019207857752E-14));
#8443 = ( GEOMETRIC_REPRESENTATION_CONTEXT(2) 
PARAMETRIC_REPRESENTATION_CONTEXT() REPRESENTATION_CONTEXT('2D SPACE',''
  ) );
#8444 = ORIENTED_EDGE('',*,*,#8445,.F.);
#8445 = EDGE_CURVE('',#8446,#8417,#8448,.T.);
#8446 = VERTEX_POINT('',#8447);
#8447 = CARTESIAN_POINT('',(27.85,6.390422521242,20.757510160843));
#8448 = SURFACE_CURVE('',#8449,(#8454,#8465),.PCURVE_S1.);
#8449 = CIRCLE('',#8450,1.);
#8450 = AXIS2_PLACEMENT_3D('',#8451,#8452,#8453);
#8451 = CARTESIAN_POINT('',(26.85,6.390422521242,20.757510160843));
#8452 = DIRECTION('',(-2.359223927328E-16,2.775557561563E-17,1.));
#8453 = DIRECTION('',(0.993183287958,0.11656310103,2.310789017526E-16));
#8454 = PCURVE('',#228,#8455);
#8455 = DEFINITIONAL_REPRESENTATION('',(#8456),#8464);
#8456 = ( BOUNDED_CURVE() B_SPLINE_CURVE(2,(#8457,#8458,#8459,#8460,
#8461,#8462,#8463),.UNSPECIFIED.,.T.,.F.) B_SPLINE_CURVE_WITH_KNOTS((1,2
    ,2,2,2,1),(-2.094395102393,0.,2.094395102393,4.188790204786,
6.28318530718,8.377580409573),.UNSPECIFIED.) CURVE() 
GEOMETRIC_REPRESENTATION_ITEM() RATIONAL_B_SPLINE_CURVE((1.,0.5,1.,0.5,
1.,0.5,1.)) REPRESENTATION_ITEM('') );
#8457 = CARTESIAN_POINT('',(-27.84318328795,6.506985622272));
#8458 = CARTESIAN_POINT('',(-27.64129007468,8.227229538243));
#8459 = CARTESIAN_POINT('',(-26.25246174938,7.192262928712));
#8460 = CARTESIAN_POINT('',(-24.86363342408,6.157296319182));
#8461 = CARTESIAN_POINT('',(-26.45435496265,5.472019012742));
#8462 = CARTESIAN_POINT('',(-28.04507650122,4.786741706301));
#8463 = CARTESIAN_POINT('',(-27.84318328795,6.506985622272));
#8464 = ( GEOMETRIC_REPRESENTATION_CONTEXT(2) 
PARAMETRIC_REPRESENTATION_CONTEXT() REPRESENTATION_CONTEXT('2D SPACE',''
  ) );
#8465 = PCURVE('',#8466,#8471);
#8466 = CYLINDRICAL_SURFACE('',#8467,1.);
#8467 = AXIS2_PLACEMENT_3D('',#8468,#8469,#8470);
#8468 = CARTESIAN_POINT('',(26.85,6.390422521242,23.5));
#8469 = DIRECTION('',(0.,0.,-1.));
#8470 = DIRECTION('',(0.993183287958,0.11656310103,0.));
#8471 = DEFINITIONAL_REPRESENTATION('',(#8472),#8476);
#8472 = LINE('',#8473,#8474);
#8473 = CARTESIAN_POINT('',(12.566370614359,2.742489839157));
#8474 = VECTOR('',#8475,1.);
#8475 = DIRECTION('',(-1.,0.));
#8476 = ( GEOMETRIC_REPRESENTATION_CONTEXT(2) 
PARAMETRIC_REPRESENTATION_CONTEXT() REPRESENTATION_CONTEXT('2D SPACE',''
  ) );
#8477 = ORIENTED_EDGE('',*,*,#8478,.T.);
#8478 = EDGE_CURVE('',#8446,#8479,#8481,.T.);
#8479 = VERTEX_POINT('',#8480);
#8480 = CARTESIAN_POINT('',(27.85,-6.390422521242,20.757510160843));
#8481 = SURFACE_CURVE('',#8482,(#8486,#8493),.PCURVE_S1.);
#8482 = LINE('',#8483,#8484);
#8483 = CARTESIAN_POINT('',(27.85,3.253363643984,20.757510160843));
#8484 = VECTOR('',#8485,1.);
#8485 = DIRECTION('',(0.,-1.,2.775557561563E-17));
#8486 = PCURVE('',#228,#8487);
#8487 = DEFINITIONAL_REPRESENTATION('',(#8488),#8492);
#8488 = LINE('',#8489,#8490);
#8489 = CARTESIAN_POINT('',(-27.85,3.253363643984));
#8490 = VECTOR('',#8491,1.);
#8491 = DIRECTION('',(-6.548161810917E-33,-1.));
#8492 = ( GEOMETRIC_REPRESENTATION_CONTEXT(2) 
PARAMETRIC_REPRESENTATION_CONTEXT() REPRESENTATION_CONTEXT('2D SPACE',''
  ) );
#8493 = PCURVE('',#8494,#8499);
#8494 = PLANE('',#8495);
#8495 = AXIS2_PLACEMENT_3D('',#8496,#8497,#8498);
#8496 = CARTESIAN_POINT('',(27.85,6.506727287969,23.5));
#8497 = DIRECTION('',(1.,0.,0.));
#8498 = DIRECTION('',(0.,-1.,0.));
#8499 = DEFINITIONAL_REPRESENTATION('',(#8500),#8504);
#8500 = LINE('',#8501,#8502);
#8501 = CARTESIAN_POINT('',(3.253363643984,2.742489839157));
#8502 = VECTOR('',#8503,1.);
#8503 = DIRECTION('',(1.,-2.775557561563E-17));
#8504 = ( GEOMETRIC_REPRESENTATION_CONTEXT(2) 
PARAMETRIC_REPRESENTATION_CONTEXT() REPRESENTATION_CONTEXT('2D SPACE',''
  ) );
#8505 = ORIENTED_EDGE('',*,*,#8506,.F.);
#8506 = EDGE_CURVE('',#8507,#8479,#8509,.T.);
#8507 = VERTEX_POINT('',#8508);
#8508 = CARTESIAN_POINT('',(27.822826086957,-6.621959569113,
    20.757510160843));
#8509 = SURFACE_CURVE('',#8510,(#8515,#8526),.PCURVE_S1.);
#8510 = CIRCLE('',#8511,1.);
#8511 = AXIS2_PLACEMENT_3D('',#8512,#8513,#8514);
#8512 = CARTESIAN_POINT('',(26.85,-6.390422521242,20.757510160843));
#8513 = DIRECTION('',(-2.359223927328E-16,2.775557561563E-17,1.));
#8514 = DIRECTION('',(0.993183287958,-0.11656310103,2.375494536819E-16)
  );
#8515 = PCURVE('',#228,#8516);
#8516 = DEFINITIONAL_REPRESENTATION('',(#8517),#8525);
#8517 = ( BOUNDED_CURVE() B_SPLINE_CURVE(2,(#8518,#8519,#8520,#8521,
#8522,#8523,#8524),.UNSPECIFIED.,.T.,.F.) B_SPLINE_CURVE_WITH_KNOTS((1,2
    ,2,2,2,1),(-2.094395102393,0.,2.094395102393,4.188790204786,
6.28318530718,8.377580409573),.UNSPECIFIED.) CURVE() 
GEOMETRIC_REPRESENTATION_ITEM() RATIONAL_B_SPLINE_CURVE((1.,0.5,1.,0.5,
1.,0.5,1.)) REPRESENTATION_ITEM('') );
#8518 = CARTESIAN_POINT('',(-27.84318328795,-6.506985622272));
#8519 = CARTESIAN_POINT('',(-28.04507650122,-4.786741706301));
#8520 = CARTESIAN_POINT('',(-26.45435496265,-5.472019012742));
#8521 = CARTESIAN_POINT('',(-24.86363342408,-6.157296319182));
#8522 = CARTESIAN_POINT('',(-26.25246174938,-7.192262928712));
#8523 = CARTESIAN_POINT('',(-27.64129007468,-8.227229538243));
#8524 = CARTESIAN_POINT('',(-27.84318328795,-6.506985622272));
#8525 = ( GEOMETRIC_REPRESENTATION_CONTEXT(2) 
PARAMETRIC_REPRESENTATION_CONTEXT() REPRESENTATION_CONTEXT('2D SPACE',''
  ) );
#8526 = PCURVE('',#8527,#8532);
#8527 = CYLINDRICAL_SURFACE('',#8528,1.);
#8528 = AXIS2_PLACEMENT_3D('',#8529,#8530,#8531);
#8529 = CARTESIAN_POINT('',(26.85,-6.390422521242,23.5));
#8530 = DIRECTION('',(0.,0.,-1.));
#8531 = DIRECTION('',(0.993183287958,-0.11656310103,0.));
#8532 = DEFINITIONAL_REPRESENTATION('',(#8533),#8537);
#8533 = LINE('',#8534,#8535);
#8534 = CARTESIAN_POINT('',(6.28318530718,2.742489839157));
#8535 = VECTOR('',#8536,1.);
#8536 = DIRECTION('',(-1.,0.));
#8537 = ( GEOMETRIC_REPRESENTATION_CONTEXT(2) 
PARAMETRIC_REPRESENTATION_CONTEXT() REPRESENTATION_CONTEXT('2D SPACE',''
  ) );
#8538 = ORIENTED_EDGE('',*,*,#8539,.T.);
#8539 = EDGE_CURVE('',#8507,#8540,#8542,.T.);
#8540 = VERTEX_POINT('',#8541);
#8541 = CARTESIAN_POINT('',(23.88776795177,-15.72687325193,
    20.757510160843));
#8542 = SURFACE_CURVE('',#8543,(#8548,#8555),.PCURVE_S1.);
#8543 = CIRCLE('',#8544,28.6);
#8544 = AXIS2_PLACEMENT_3D('',#8545,#8546,#8547);
#8545 = CARTESIAN_POINT('',(0.,0.,20.757510160843));
#8546 = DIRECTION('',(2.359223927328E-16,-2.775557561563E-17,-1.));
#8547 = DIRECTION('',(1.,6.548161810917E-33,2.359223927328E-16));
#8548 = PCURVE('',#228,#8549);
#8549 = DEFINITIONAL_REPRESENTATION('',(#8550),#8554);
#8550 = CIRCLE('',#8551,28.6);
#8551 = AXIS2_PLACEMENT_2D('',#8552,#8553);
#8552 = CARTESIAN_POINT('',(2.659816811246E-14,-4.446443213624E-15));
#8553 = DIRECTION('',(-1.,6.548161810917E-33));
#8554 = ( GEOMETRIC_REPRESENTATION_CONTEXT(2) 
PARAMETRIC_REPRESENTATION_CONTEXT() REPRESENTATION_CONTEXT('2D SPACE',''
  ) );
#8555 = PCURVE('',#8556,#8561);
#8556 = CYLINDRICAL_SURFACE('',#8557,28.6);
#8557 = AXIS2_PLACEMENT_3D('',#8558,#8559,#8560);
#8558 = CARTESIAN_POINT('',(0.,0.,23.5));
#8559 = DIRECTION('',(0.,0.,-1.));
#8560 = DIRECTION('',(1.,0.,0.));
#8561 = DEFINITIONAL_REPRESENTATION('',(#8562),#8566);
#8562 = LINE('',#8563,#8564);
#8563 = CARTESIAN_POINT('',(0.,2.742489839157));
#8564 = VECTOR('',#8565,1.);
#8565 = DIRECTION('',(1.,0.));
#8566 = ( GEOMETRIC_REPRESENTATION_CONTEXT(2) 
PARAMETRIC_REPRESENTATION_CONTEXT() REPRESENTATION_CONTEXT('2D SPACE',''
  ) );
#8567 = ORIENTED_EDGE('',*,*,#8568,.T.);
#8568 = EDGE_CURVE('',#8540,#8569,#8571,.T.);
#8569 = VERTEX_POINT('',#8570);
#8570 = CARTESIAN_POINT('',(21.841437512897,-16.28091303058,
    20.757510160843));
#8571 = SURFACE_CURVE('',#8572,(#8577,#8584),.PCURVE_S1.);
#8572 = CIRCLE('',#8573,1.6);
#8573 = AXIS2_PLACEMENT_3D('',#8574,#8575,#8576);
#8574 = CARTESIAN_POINT('',(22.551389325098,-14.8470481749,
    20.757510160843));
#8575 = DIRECTION('',(2.359223927328E-16,-2.775557561563E-17,-1.));
#8576 = DIRECTION('',(0.83523664167,-0.549890673145,2.123135591598E-16)
  );
#8577 = PCURVE('',#228,#8578);
#8578 = DEFINITIONAL_REPRESENTATION('',(#8579),#8583);
#8579 = CIRCLE('',#8580,1.6);
#8580 = AXIS2_PLACEMENT_2D('',#8581,#8582);
#8581 = CARTESIAN_POINT('',(-22.55138932509,-14.8470481749));
#8582 = DIRECTION('',(-0.83523664167,-0.549890673145));
#8583 = ( GEOMETRIC_REPRESENTATION_CONTEXT(2) 
PARAMETRIC_REPRESENTATION_CONTEXT() REPRESENTATION_CONTEXT('2D SPACE',''
  ) );
#8584 = PCURVE('',#8585,#8590);
#8585 = CYLINDRICAL_SURFACE('',#8586,1.6);
#8586 = AXIS2_PLACEMENT_3D('',#8587,#8588,#8589);
#8587 = CARTESIAN_POINT('',(22.551389325098,-14.8470481749,23.5));
#8588 = DIRECTION('',(0.,0.,-1.));
#8589 = DIRECTION('',(0.83523664167,-0.549890673145,0.));
#8590 = DEFINITIONAL_REPRESENTATION('',(#8591),#8595);
#8591 = LINE('',#8592,#8593);
#8592 = CARTESIAN_POINT('',(0.,2.742489839157));
#8593 = VECTOR('',#8594,1.);
#8594 = DIRECTION('',(1.,0.));
#8595 = ( GEOMETRIC_REPRESENTATION_CONTEXT(2) 
PARAMETRIC_REPRESENTATION_CONTEXT() REPRESENTATION_CONTEXT('2D SPACE',''
  ) );
#8596 = ORIENTED_EDGE('',*,*,#8597,.T.);
#8597 = EDGE_CURVE('',#8569,#8598,#8600,.T.);
#8598 = VERTEX_POINT('',#8599);
#8599 = CARTESIAN_POINT('',(16.280913030582,-21.84143751289,
    20.757510160843));
#8600 = SURFACE_CURVE('',#8601,(#8606,#8617),.PCURVE_S1.);
#8601 = CIRCLE('',#8602,4.15);
#8602 = AXIS2_PLACEMENT_3D('',#8603,#8604,#8605);
#8603 = CARTESIAN_POINT('',(20.,-20.,20.757510160843));
#8604 = DIRECTION('',(-2.359223927328E-16,2.775557561563E-17,1.));
#8605 = DIRECTION('',(-0.8961655348,-0.443719882626,-1.991098165003E-16)
  );
#8606 = PCURVE('',#228,#8607);
#8607 = DEFINITIONAL_REPRESENTATION('',(#8608),#8616);
#8608 = ( BOUNDED_CURVE() B_SPLINE_CURVE(2,(#8609,#8610,#8611,#8612,
#8613,#8614,#8615),.UNSPECIFIED.,.T.,.F.) B_SPLINE_CURVE_WITH_KNOTS((1,2
    ,2,2,2,1),(-2.094395102393,0.,2.094395102393,4.188790204786,
6.28318530718,8.377580409573),.UNSPECIFIED.) CURVE() 
GEOMETRIC_REPRESENTATION_ITEM() RATIONAL_B_SPLINE_CURVE((1.,0.5,1.,0.5,
1.,0.5,1.)) REPRESENTATION_ITEM('') );
#8609 = CARTESIAN_POINT('',(-16.28091303058,-21.84143751289));
#8610 = CARTESIAN_POINT('',(-19.47037636188,-28.28308510169));
#8611 = CARTESIAN_POINT('',(-23.45427515035,-22.30010503795));
#8612 = CARTESIAN_POINT('',(-27.43817393883,-16.3171249742));
#8613 = CARTESIAN_POINT('',(-20.26481181905,-15.85845744915));
#8614 = CARTESIAN_POINT('',(-13.09144969928,-15.39978992409));
#8615 = CARTESIAN_POINT('',(-16.28091303058,-21.84143751289));
#8616 = ( GEOMETRIC_REPRESENTATION_CONTEXT(2) 
PARAMETRIC_REPRESENTATION_CONTEXT() REPRESENTATION_CONTEXT('2D SPACE',''
  ) );
#8617 = PCURVE('',#8618,#8623);
#8618 = CYLINDRICAL_SURFACE('',#8619,4.15);
#8619 = AXIS2_PLACEMENT_3D('',#8620,#8621,#8622);
#8620 = CARTESIAN_POINT('',(20.,-20.,23.5));
#8621 = DIRECTION('',(0.,0.,-1.));
#8622 = DIRECTION('',(-0.8961655348,-0.443719882626,-0.));
#8623 = DEFINITIONAL_REPRESENTATION('',(#8624),#8628);
#8624 = LINE('',#8625,#8626);
#8625 = CARTESIAN_POINT('',(6.28318530718,2.742489839157));
#8626 = VECTOR('',#8627,1.);
#8627 = DIRECTION('',(-1.,0.));
#8628 = ( GEOMETRIC_REPRESENTATION_CONTEXT(2) 
PARAMETRIC_REPRESENTATION_CONTEXT() REPRESENTATION_CONTEXT('2D SPACE',''
  ) );
#8629 = ORIENTED_EDGE('',*,*,#8630,.T.);
#8630 = EDGE_CURVE('',#8598,#8631,#8633,.T.);
#8631 = VERTEX_POINT('',#8632);
#8632 = CARTESIAN_POINT('',(15.726873251934,-23.88776795177,
    20.757510160843));
#8633 = SURFACE_CURVE('',#8634,(#8639,#8646),.PCURVE_S1.);
#8634 = CIRCLE('',#8635,1.6);
#8635 = AXIS2_PLACEMENT_3D('',#8636,#8637,#8638);
#8636 = CARTESIAN_POINT('',(14.847048174902,-22.55138932509,
    20.757510160843));
#8637 = DIRECTION('',(2.359223927328E-16,-2.775557561563E-17,-1.));
#8638 = DIRECTION('',(0.8961655348,0.443719882626,1.991098165003E-16));
#8639 = PCURVE('',#228,#8640);
#8640 = DEFINITIONAL_REPRESENTATION('',(#8641),#8645);
#8641 = CIRCLE('',#8642,1.6);
#8642 = AXIS2_PLACEMENT_2D('',#8643,#8644);
#8643 = CARTESIAN_POINT('',(-14.8470481749,-22.55138932509));
#8644 = DIRECTION('',(-0.8961655348,0.443719882626));
#8645 = ( GEOMETRIC_REPRESENTATION_CONTEXT(2) 
PARAMETRIC_REPRESENTATION_CONTEXT() REPRESENTATION_CONTEXT('2D SPACE',''
  ) );
#8646 = PCURVE('',#8647,#8652);
#8647 = CYLINDRICAL_SURFACE('',#8648,1.6);
#8648 = AXIS2_PLACEMENT_3D('',#8649,#8650,#8651);
#8649 = CARTESIAN_POINT('',(14.847048174902,-22.55138932509,23.5));
#8650 = DIRECTION('',(0.,0.,-1.));
#8651 = DIRECTION('',(0.8961655348,0.443719882626,0.));
#8652 = DEFINITIONAL_REPRESENTATION('',(#8653),#8657);
#8653 = LINE('',#8654,#8655);
#8654 = CARTESIAN_POINT('',(0.,2.742489839157));
#8655 = VECTOR('',#8656,1.);
#8656 = DIRECTION('',(1.,0.));
#8657 = ( GEOMETRIC_REPRESENTATION_CONTEXT(2) 
PARAMETRIC_REPRESENTATION_CONTEXT() REPRESENTATION_CONTEXT('2D SPACE',''
  ) );
#8658 = ORIENTED_EDGE('',*,*,#8659,.T.);
#8659 = EDGE_CURVE('',#8631,#8660,#8662,.T.);
#8660 = VERTEX_POINT('',#8661);
#8661 = CARTESIAN_POINT('',(-15.72687325193,-23.88776795177,
    20.757510160843));
#8662 = SURFACE_CURVE('',#8663,(#8668,#8675),.PCURVE_S1.);
#8663 = CIRCLE('',#8664,28.6);
#8664 = AXIS2_PLACEMENT_3D('',#8665,#8666,#8667);
#8665 = CARTESIAN_POINT('',(-5.666681978065E-15,5.705855277383E-16,
    20.757510160843));
#8666 = DIRECTION('',(2.359223927328E-16,-2.775557561563E-17,-1.));
#8667 = DIRECTION('',(0.549890673145,-0.83523664167,1.529139971146E-16)
  );
#8668 = PCURVE('',#228,#8669);
#8669 = DEFINITIONAL_REPRESENTATION('',(#8670),#8674);
#8670 = CIRCLE('',#8671,28.6);
#8671 = AXIS2_PLACEMENT_2D('',#8672,#8673);
#8672 = CARTESIAN_POINT('',(3.226485009052E-14,-3.875857685885E-15));
#8673 = DIRECTION('',(-0.549890673145,-0.83523664167));
#8674 = ( GEOMETRIC_REPRESENTATION_CONTEXT(2) 
PARAMETRIC_REPRESENTATION_CONTEXT() REPRESENTATION_CONTEXT('2D SPACE',''
  ) );
#8675 = PCURVE('',#8676,#8681);
#8676 = CYLINDRICAL_SURFACE('',#8677,28.6);
#8677 = AXIS2_PLACEMENT_3D('',#8678,#8679,#8680);
#8678 = CARTESIAN_POINT('',(-5.666681978065E-15,5.705855277383E-16,23.5)
  );
#8679 = DIRECTION('',(0.,0.,-1.));
#8680 = DIRECTION('',(0.549890673145,-0.83523664167,0.));
#8681 = DEFINITIONAL_REPRESENTATION('',(#8682),#8686);
#8682 = LINE('',#8683,#8684);
#8683 = CARTESIAN_POINT('',(0.,2.742489839157));
#8684 = VECTOR('',#8685,1.);
#8685 = DIRECTION('',(1.,6.101872636082E-15));
#8686 = ( GEOMETRIC_REPRESENTATION_CONTEXT(2) 
PARAMETRIC_REPRESENTATION_CONTEXT() REPRESENTATION_CONTEXT('2D SPACE',''
  ) );
#8687 = ORIENTED_EDGE('',*,*,#8688,.T.);
#8688 = EDGE_CURVE('',#8660,#8689,#8691,.T.);
#8689 = VERTEX_POINT('',#8690);
#8690 = CARTESIAN_POINT('',(-16.28091303058,-21.84143751289,
    20.757510160843));
#8691 = SURFACE_CURVE('',#8692,(#8697,#8704),.PCURVE_S1.);
#8692 = CIRCLE('',#8693,1.6);
#8693 = AXIS2_PLACEMENT_3D('',#8694,#8695,#8696);
#8694 = CARTESIAN_POINT('',(-14.8470481749,-22.55138932509,
    20.757510160843));
#8695 = DIRECTION('',(2.359223927328E-16,-2.775557561563E-17,-1.));
#8696 = DIRECTION('',(-0.549890673145,-0.83523664167,-1.065490495849E-16
    ));
#8697 = PCURVE('',#228,#8698);
#8698 = DEFINITIONAL_REPRESENTATION('',(#8699),#8703);
#8699 = CIRCLE('',#8700,1.6);
#8700 = AXIS2_PLACEMENT_2D('',#8701,#8702);
#8701 = CARTESIAN_POINT('',(14.847048174902,-22.55138932509));
#8702 = DIRECTION('',(0.549890673145,-0.83523664167));
#8703 = ( GEOMETRIC_REPRESENTATION_CONTEXT(2) 
PARAMETRIC_REPRESENTATION_CONTEXT() REPRESENTATION_CONTEXT('2D SPACE',''
  ) );
#8704 = PCURVE('',#8705,#8710);
#8705 = CYLINDRICAL_SURFACE('',#8706,1.6);
#8706 = AXIS2_PLACEMENT_3D('',#8707,#8708,#8709);
#8707 = CARTESIAN_POINT('',(-14.8470481749,-22.55138932509,23.5));
#8708 = DIRECTION('',(0.,0.,-1.));
#8709 = DIRECTION('',(-0.549890673145,-0.83523664167,-0.));
#8710 = DEFINITIONAL_REPRESENTATION('',(#8711),#8715);
#8711 = LINE('',#8712,#8713);
#8712 = CARTESIAN_POINT('',(0.,2.742489839157));
#8713 = VECTOR('',#8714,1.);
#8714 = DIRECTION('',(1.,0.));
#8715 = ( GEOMETRIC_REPRESENTATION_CONTEXT(2) 
PARAMETRIC_REPRESENTATION_CONTEXT() REPRESENTATION_CONTEXT('2D SPACE',''
  ) );
#8716 = ORIENTED_EDGE('',*,*,#8717,.T.);
#8717 = EDGE_CURVE('',#8689,#8718,#8720,.T.);
#8718 = VERTEX_POINT('',#8719);
#8719 = CARTESIAN_POINT('',(-21.84143751289,-16.28091303058,
    20.757510160843));
#8720 = SURFACE_CURVE('',#8721,(#8726,#8737),.PCURVE_S1.);
#8721 = CIRCLE('',#8722,4.15);
#8722 = AXIS2_PLACEMENT_3D('',#8723,#8724,#8725);
#8723 = CARTESIAN_POINT('',(-20.,-20.,20.757510160843));
#8724 = DIRECTION('',(-2.359223927328E-16,2.775557561563E-17,1.));
#8725 = DIRECTION('',(-0.443719882626,0.8961655348,-1.295570466774E-16)
  );
#8726 = PCURVE('',#228,#8727);
#8727 = DEFINITIONAL_REPRESENTATION('',(#8728),#8736);
#8728 = ( BOUNDED_CURVE() B_SPLINE_CURVE(2,(#8729,#8730,#8731,#8732,
#8733,#8734,#8735),.UNSPECIFIED.,.T.,.F.) B_SPLINE_CURVE_WITH_KNOTS((1,2
    ,2,2,2,1),(-2.094395102393,0.,2.094395102393,4.188790204786,
6.28318530718,8.377580409573),.UNSPECIFIED.) CURVE() 
GEOMETRIC_REPRESENTATION_ITEM() RATIONAL_B_SPLINE_CURVE((1.,0.5,1.,0.5,
1.,0.5,1.)) REPRESENTATION_ITEM('') );
#8729 = CARTESIAN_POINT('',(21.841437512897,-16.28091303058));
#8730 = CARTESIAN_POINT('',(28.283085101697,-19.47037636188));
#8731 = CARTESIAN_POINT('',(22.300105037952,-23.45427515035));
#8732 = CARTESIAN_POINT('',(16.317124974207,-27.43817393883));
#8733 = CARTESIAN_POINT('',(15.858457449152,-20.26481181905));
#8734 = CARTESIAN_POINT('',(15.399789924097,-13.09144969928));
#8735 = CARTESIAN_POINT('',(21.841437512897,-16.28091303058));
#8736 = ( GEOMETRIC_REPRESENTATION_CONTEXT(2) 
PARAMETRIC_REPRESENTATION_CONTEXT() REPRESENTATION_CONTEXT('2D SPACE',''
  ) );
#8737 = PCURVE('',#8738,#8743);
#8738 = CYLINDRICAL_SURFACE('',#8739,4.15);
#8739 = AXIS2_PLACEMENT_3D('',#8740,#8741,#8742);
#8740 = CARTESIAN_POINT('',(-20.,-20.,23.5));
#8741 = DIRECTION('',(0.,0.,-1.));
#8742 = DIRECTION('',(-0.443719882626,0.8961655348,0.));
#8743 = DEFINITIONAL_REPRESENTATION('',(#8744),#8748);
#8744 = LINE('',#8745,#8746);
#8745 = CARTESIAN_POINT('',(6.28318530718,2.742489839157));
#8746 = VECTOR('',#8747,1.);
#8747 = DIRECTION('',(-1.,0.));
#8748 = ( GEOMETRIC_REPRESENTATION_CONTEXT(2) 
PARAMETRIC_REPRESENTATION_CONTEXT() REPRESENTATION_CONTEXT('2D SPACE',''
  ) );
#8749 = ORIENTED_EDGE('',*,*,#8750,.T.);
#8750 = EDGE_CURVE('',#8718,#8751,#8753,.T.);
#8751 = VERTEX_POINT('',#8752);
#8752 = CARTESIAN_POINT('',(-23.88776795177,-15.72687325193,
    20.757510160843));
#8753 = SURFACE_CURVE('',#8754,(#8759,#8766),.PCURVE_S1.);
#8754 = CIRCLE('',#8755,1.6);
#8755 = AXIS2_PLACEMENT_3D('',#8756,#8757,#8758);
#8756 = CARTESIAN_POINT('',(-22.55138932509,-14.8470481749,
    20.757510160843));
#8757 = DIRECTION('',(2.359223927328E-16,-2.775557561563E-17,-1.));
#8758 = DIRECTION('',(0.443719882626,-0.8961655348,1.295570466774E-16));
#8759 = PCURVE('',#228,#8760);
#8760 = DEFINITIONAL_REPRESENTATION('',(#8761),#8765);
#8761 = CIRCLE('',#8762,1.6);
#8762 = AXIS2_PLACEMENT_2D('',#8763,#8764);
#8763 = CARTESIAN_POINT('',(22.551389325098,-14.8470481749));
#8764 = DIRECTION('',(-0.443719882626,-0.8961655348));
#8765 = ( GEOMETRIC_REPRESENTATION_CONTEXT(2) 
PARAMETRIC_REPRESENTATION_CONTEXT() REPRESENTATION_CONTEXT('2D SPACE',''
  ) );
#8766 = PCURVE('',#8767,#8772);
#8767 = CYLINDRICAL_SURFACE('',#8768,1.6);
#8768 = AXIS2_PLACEMENT_3D('',#8769,#8770,#8771);
#8769 = CARTESIAN_POINT('',(-22.55138932509,-14.8470481749,23.5));
#8770 = DIRECTION('',(0.,0.,-1.));
#8771 = DIRECTION('',(0.443719882626,-0.8961655348,0.));
#8772 = DEFINITIONAL_REPRESENTATION('',(#8773),#8777);
#8773 = LINE('',#8774,#8775);
#8774 = CARTESIAN_POINT('',(0.,2.742489839157));
#8775 = VECTOR('',#8776,1.);
#8776 = DIRECTION('',(1.,0.));
#8777 = ( GEOMETRIC_REPRESENTATION_CONTEXT(2) 
PARAMETRIC_REPRESENTATION_CONTEXT() REPRESENTATION_CONTEXT('2D SPACE',''
  ) );
#8778 = ORIENTED_EDGE('',*,*,#8779,.T.);
#8779 = EDGE_CURVE('',#8751,#7755,#8780,.T.);
#8780 = SURFACE_CURVE('',#8781,(#8786,#8793),.PCURVE_S1.);
#8781 = CIRCLE('',#8782,28.6);
#8782 = AXIS2_PLACEMENT_3D('',#8783,#8784,#8785);
#8783 = CARTESIAN_POINT('',(-5.666681978065E-15,5.705855277383E-16,
    20.757510160843));
#8784 = DIRECTION('',(2.359223927328E-16,-2.775557561563E-17,-1.));
#8785 = DIRECTION('',(-0.83523664167,-0.549890673145,-1.817884948422E-16
    ));
#8786 = PCURVE('',#228,#8787);
#8787 = DEFINITIONAL_REPRESENTATION('',(#8788),#8792);
#8788 = CIRCLE('',#8789,28.6);
#8789 = AXIS2_PLACEMENT_2D('',#8790,#8791);
#8790 = CARTESIAN_POINT('',(3.226485009052E-14,-3.875857685885E-15));
#8791 = DIRECTION('',(0.83523664167,-0.549890673145));
#8792 = ( GEOMETRIC_REPRESENTATION_CONTEXT(2) 
PARAMETRIC_REPRESENTATION_CONTEXT() REPRESENTATION_CONTEXT('2D SPACE',''
  ) );
#8793 = PCURVE('',#7803,#8794);
#8794 = DEFINITIONAL_REPRESENTATION('',(#8795),#8799);
#8795 = LINE('',#8796,#8797);
#8796 = CARTESIAN_POINT('',(0.,2.742489839157));
#8797 = VECTOR('',#8798,1.);
#8798 = DIRECTION('',(1.,1.019207857753E-14));
#8799 = ( GEOMETRIC_REPRESENTATION_CONTEXT(2) 
PARAMETRIC_REPRESENTATION_CONTEXT() REPRESENTATION_CONTEXT('2D SPACE',''
  ) );
#8800 = ORIENTED_EDGE('',*,*,#7752,.F.);
#8801 = ORIENTED_EDGE('',*,*,#7955,.T.);
#8802 = ORIENTED_EDGE('',*,*,#8169,.F.);
#8803 = ORIENTED_EDGE('',*,*,#8804,.T.);
#8804 = EDGE_CURVE('',#8170,#8805,#8807,.T.);
#8805 = VERTEX_POINT('',#8806);
#8806 = CARTESIAN_POINT('',(-23.88776795177,15.726873251934,
    20.757510160843));
#8807 = SURFACE_CURVE('',#8808,(#8813,#8820),.PCURVE_S1.);
#8808 = CIRCLE('',#8809,28.6);
#8809 = AXIS2_PLACEMENT_3D('',#8810,#8811,#8812);
#8810 = CARTESIAN_POINT('',(0.,0.,20.757510160843));
#8811 = DIRECTION('',(2.359223927328E-16,-2.775557561563E-17,-1.));
#8812 = DIRECTION('',(1.,6.548161810917E-33,2.359223927328E-16));
#8813 = PCURVE('',#228,#8814);
#8814 = DEFINITIONAL_REPRESENTATION('',(#8815),#8819);
#8815 = CIRCLE('',#8816,28.6);
#8816 = AXIS2_PLACEMENT_2D('',#8817,#8818);
#8817 = CARTESIAN_POINT('',(2.659816811246E-14,-4.446443213624E-15));
#8818 = DIRECTION('',(-1.,6.548161810917E-33));
#8819 = ( GEOMETRIC_REPRESENTATION_CONTEXT(2) 
PARAMETRIC_REPRESENTATION_CONTEXT() REPRESENTATION_CONTEXT('2D SPACE',''
  ) );
#8820 = PCURVE('',#8235,#8821);
#8821 = DEFINITIONAL_REPRESENTATION('',(#8822),#8826);
#8822 = LINE('',#8823,#8824);
#8823 = CARTESIAN_POINT('',(-4.440892098501E-16,2.742489839157));
#8824 = VECTOR('',#8825,1.);
#8825 = DIRECTION('',(1.,0.));
#8826 = ( GEOMETRIC_REPRESENTATION_CONTEXT(2) 
PARAMETRIC_REPRESENTATION_CONTEXT() REPRESENTATION_CONTEXT('2D SPACE',''
  ) );
#8827 = ORIENTED_EDGE('',*,*,#8828,.T.);
#8828 = EDGE_CURVE('',#8805,#8829,#8831,.T.);
#8829 = VERTEX_POINT('',#8830);
#8830 = CARTESIAN_POINT('',(-21.84143751289,16.280913030582,
    20.757510160843));
#8831 = SURFACE_CURVE('',#8832,(#8837,#8844),.PCURVE_S1.);
#8832 = CIRCLE('',#8833,1.6);
#8833 = AXIS2_PLACEMENT_3D('',#8834,#8835,#8836);
#8834 = CARTESIAN_POINT('',(-22.55138932509,14.847048174902,
    20.757510160843));
#8835 = DIRECTION('',(2.359223927328E-16,-2.775557561563E-17,-1.));
#8836 = DIRECTION('',(-0.83523664167,0.549890673145,-2.123135591598E-16)
  );
#8837 = PCURVE('',#228,#8838);
#8838 = DEFINITIONAL_REPRESENTATION('',(#8839),#8843);
#8839 = CIRCLE('',#8840,1.6);
#8840 = AXIS2_PLACEMENT_2D('',#8841,#8842);
#8841 = CARTESIAN_POINT('',(22.551389325098,14.847048174902));
#8842 = DIRECTION('',(0.83523664167,0.549890673145));
#8843 = ( GEOMETRIC_REPRESENTATION_CONTEXT(2) 
PARAMETRIC_REPRESENTATION_CONTEXT() REPRESENTATION_CONTEXT('2D SPACE',''
  ) );
#8844 = PCURVE('',#8845,#8850);
#8845 = CYLINDRICAL_SURFACE('',#8846,1.6);
#8846 = AXIS2_PLACEMENT_3D('',#8847,#8848,#8849);
#8847 = CARTESIAN_POINT('',(-22.55138932509,14.847048174902,23.5));
#8848 = DIRECTION('',(0.,0.,-1.));
#8849 = DIRECTION('',(-0.83523664167,0.549890673145,0.));
#8850 = DEFINITIONAL_REPRESENTATION('',(#8851),#8855);
#8851 = LINE('',#8852,#8853);
#8852 = CARTESIAN_POINT('',(0.,2.742489839157));
#8853 = VECTOR('',#8854,1.);
#8854 = DIRECTION('',(1.,0.));
#8855 = ( GEOMETRIC_REPRESENTATION_CONTEXT(2) 
PARAMETRIC_REPRESENTATION_CONTEXT() REPRESENTATION_CONTEXT('2D SPACE',''
  ) );
#8856 = ORIENTED_EDGE('',*,*,#8857,.T.);
#8857 = EDGE_CURVE('',#8829,#8858,#8860,.T.);
#8858 = VERTEX_POINT('',#8859);
#8859 = CARTESIAN_POINT('',(-16.28091303058,21.841437512897,
    20.757510160843));
#8860 = SURFACE_CURVE('',#8861,(#8866,#8877),.PCURVE_S1.);
#8861 = CIRCLE('',#8862,4.15);
#8862 = AXIS2_PLACEMENT_3D('',#8863,#8864,#8865);
#8863 = CARTESIAN_POINT('',(-20.,20.,20.757510160843));
#8864 = DIRECTION('',(-2.359223927328E-16,2.775557561563E-17,1.));
#8865 = DIRECTION('',(0.8961655348,0.443719882626,1.991098165003E-16));
#8866 = PCURVE('',#228,#8867);
#8867 = DEFINITIONAL_REPRESENTATION('',(#8868),#8876);
#8868 = ( BOUNDED_CURVE() B_SPLINE_CURVE(2,(#8869,#8870,#8871,#8872,
#8873,#8874,#8875),.UNSPECIFIED.,.T.,.F.) B_SPLINE_CURVE_WITH_KNOTS((1,2
    ,2,2,2,1),(-2.094395102393,0.,2.094395102393,4.188790204786,
6.28318530718,8.377580409573),.UNSPECIFIED.) CURVE() 
GEOMETRIC_REPRESENTATION_ITEM() RATIONAL_B_SPLINE_CURVE((1.,0.5,1.,0.5,
1.,0.5,1.)) REPRESENTATION_ITEM('') );
#8869 = CARTESIAN_POINT('',(16.280913030582,21.841437512897));
#8870 = CARTESIAN_POINT('',(19.470376361882,28.283085101696));
#8871 = CARTESIAN_POINT('',(23.454275150359,22.300105037952));
#8872 = CARTESIAN_POINT('',(27.438173938837,16.317124974207));
#8873 = CARTESIAN_POINT('',(20.264811819059,15.858457449152));
#8874 = CARTESIAN_POINT('',(13.091449699282,15.399789924097));
#8875 = CARTESIAN_POINT('',(16.280913030582,21.841437512897));
#8876 = ( GEOMETRIC_REPRESENTATION_CONTEXT(2) 
PARAMETRIC_REPRESENTATION_CONTEXT() REPRESENTATION_CONTEXT('2D SPACE',''
  ) );
#8877 = PCURVE('',#8878,#8883);
#8878 = CYLINDRICAL_SURFACE('',#8879,4.15);
#8879 = AXIS2_PLACEMENT_3D('',#8880,#8881,#8882);
#8880 = CARTESIAN_POINT('',(-20.,20.,23.5));
#8881 = DIRECTION('',(0.,0.,-1.));
#8882 = DIRECTION('',(0.8961655348,0.443719882626,0.));
#8883 = DEFINITIONAL_REPRESENTATION('',(#8884),#8888);
#8884 = LINE('',#8885,#8886);
#8885 = CARTESIAN_POINT('',(6.28318530718,2.742489839157));
#8886 = VECTOR('',#8887,1.);
#8887 = DIRECTION('',(-1.,0.));
#8888 = ( GEOMETRIC_REPRESENTATION_CONTEXT(2) 
PARAMETRIC_REPRESENTATION_CONTEXT() REPRESENTATION_CONTEXT('2D SPACE',''
  ) );
#8889 = ORIENTED_EDGE('',*,*,#8890,.T.);
#8890 = EDGE_CURVE('',#8858,#498,#8891,.T.);
#8891 = SURFACE_CURVE('',#8892,(#8897,#8904),.PCURVE_S1.);
#8892 = CIRCLE('',#8893,1.6);
#8893 = AXIS2_PLACEMENT_3D('',#8894,#8895,#8896);
#8894 = CARTESIAN_POINT('',(-14.8470481749,22.551389325098,
    20.757510160843));
#8895 = DIRECTION('',(2.359223927328E-16,-2.775557561563E-17,-1.));
#8896 = DIRECTION('',(-0.8961655348,-0.443719882626,-1.991098165003E-16)
  );
#8897 = PCURVE('',#228,#8898);
#8898 = DEFINITIONAL_REPRESENTATION('',(#8899),#8903);
#8899 = CIRCLE('',#8900,1.6);
#8900 = AXIS2_PLACEMENT_2D('',#8901,#8902);
#8901 = CARTESIAN_POINT('',(14.847048174902,22.551389325098));
#8902 = DIRECTION('',(0.8961655348,-0.443719882626));
#8903 = ( GEOMETRIC_REPRESENTATION_CONTEXT(2) 
PARAMETRIC_REPRESENTATION_CONTEXT() REPRESENTATION_CONTEXT('2D SPACE',''
  ) );
#8904 = PCURVE('',#537,#8905);
#8905 = DEFINITIONAL_REPRESENTATION('',(#8906),#8910);
#8906 = LINE('',#8907,#8908);
#8907 = CARTESIAN_POINT('',(0.,2.742489839157));
#8908 = VECTOR('',#8909,1.);
#8909 = DIRECTION('',(1.,0.));
#8910 = ( GEOMETRIC_REPRESENTATION_CONTEXT(2) 
PARAMETRIC_REPRESENTATION_CONTEXT() REPRESENTATION_CONTEXT('2D SPACE',''
  ) );
#8911 = ORIENTED_EDGE('',*,*,#497,.T.);
#8912 = ADVANCED_FACE('',(#8913),#8235,.T.);
#8913 = FACE_BOUND('',#8914,.T.);
#8914 = EDGE_LOOP('',(#8915,#8916,#8940,#8961));
#8915 = ORIENTED_EDGE('',*,*,#8221,.F.);
#8916 = ORIENTED_EDGE('',*,*,#8917,.F.);
#8917 = EDGE_CURVE('',#8918,#8200,#8920,.T.);
#8918 = VERTEX_POINT('',#8919);
#8919 = CARTESIAN_POINT('',(-23.88776795177,15.726873251934,23.3));
#8920 = SURFACE_CURVE('',#8921,(#8926,#8933),.PCURVE_S1.);
#8921 = CIRCLE('',#8922,28.6);
#8922 = AXIS2_PLACEMENT_3D('',#8923,#8924,#8925);
#8923 = CARTESIAN_POINT('',(0.,0.,23.3));
#8924 = DIRECTION('',(0.,0.,1.));
#8925 = DIRECTION('',(-1.,0.,0.));
#8926 = PCURVE('',#8235,#8927);
#8927 = DEFINITIONAL_REPRESENTATION('',(#8928),#8932);
#8928 = LINE('',#8929,#8930);
#8929 = CARTESIAN_POINT('',(9.424777960769,0.2));
#8930 = VECTOR('',#8931,1.);
#8931 = DIRECTION('',(-1.,0.));
#8932 = ( GEOMETRIC_REPRESENTATION_CONTEXT(2) 
PARAMETRIC_REPRESENTATION_CONTEXT() REPRESENTATION_CONTEXT('2D SPACE',''
  ) );
#8933 = PCURVE('',#8050,#8934);
#8934 = DEFINITIONAL_REPRESENTATION('',(#8935),#8939);
#8935 = LINE('',#8936,#8937);
#8936 = CARTESIAN_POINT('',(6.28318530718,0.1));
#8937 = VECTOR('',#8938,1.);
#8938 = DIRECTION('',(-1.,-5.067343038202E-15));
#8939 = ( GEOMETRIC_REPRESENTATION_CONTEXT(2) 
PARAMETRIC_REPRESENTATION_CONTEXT() REPRESENTATION_CONTEXT('2D SPACE',''
  ) );
#8940 = ORIENTED_EDGE('',*,*,#8941,.T.);
#8941 = EDGE_CURVE('',#8918,#8805,#8942,.T.);
#8942 = SURFACE_CURVE('',#8943,(#8947,#8954),.PCURVE_S1.);
#8943 = LINE('',#8944,#8945);
#8944 = CARTESIAN_POINT('',(-23.88776795177,15.726873251934,23.5));
#8945 = VECTOR('',#8946,1.);
#8946 = DIRECTION('',(0.,0.,-1.));
#8947 = PCURVE('',#8235,#8948);
#8948 = DEFINITIONAL_REPRESENTATION('',(#8949),#8953);
#8949 = LINE('',#8950,#8951);
#8950 = CARTESIAN_POINT('',(3.723825992548,0.));
#8951 = VECTOR('',#8952,1.);
#8952 = DIRECTION('',(0.,1.));
#8953 = ( GEOMETRIC_REPRESENTATION_CONTEXT(2) 
PARAMETRIC_REPRESENTATION_CONTEXT() REPRESENTATION_CONTEXT('2D SPACE',''
  ) );
#8954 = PCURVE('',#8845,#8955);
#8955 = DEFINITIONAL_REPRESENTATION('',(#8956),#8960);
#8956 = LINE('',#8957,#8958);
#8957 = CARTESIAN_POINT('',(0.,0.));
#8958 = VECTOR('',#8959,1.);
#8959 = DIRECTION('',(0.,1.));
#8960 = ( GEOMETRIC_REPRESENTATION_CONTEXT(2) 
PARAMETRIC_REPRESENTATION_CONTEXT() REPRESENTATION_CONTEXT('2D SPACE',''
  ) );
#8961 = ORIENTED_EDGE('',*,*,#8804,.F.);
#8962 = ADVANCED_FACE('',(#8963),#8050,.T.);
#8963 = FACE_BOUND('',#8964,.T.);
#8964 = EDGE_LOOP('',(#8965,#8966,#8967,#8991,#9017));
#8965 = ORIENTED_EDGE('',*,*,#8199,.F.);
#8966 = ORIENTED_EDGE('',*,*,#8032,.F.);
#8967 = ORIENTED_EDGE('',*,*,#8968,.T.);
#8968 = EDGE_CURVE('',#8005,#8969,#8971,.T.);
#8969 = VERTEX_POINT('',#8970);
#8970 = CARTESIAN_POINT('',(-23.72072062343,15.616895117305,23.5));
#8971 = SURFACE_CURVE('',#8972,(#8977,#8984),.PCURVE_S1.);
#8972 = CIRCLE('',#8973,28.4);
#8973 = AXIS2_PLACEMENT_3D('',#8974,#8975,#8976);
#8974 = CARTESIAN_POINT('',(0.,0.,23.5));
#8975 = DIRECTION('',(0.,0.,-1.));
#8976 = DIRECTION('',(-1.,0.,0.));
#8977 = PCURVE('',#8050,#8978);
#8978 = DEFINITIONAL_REPRESENTATION('',(#8979),#8983);
#8979 = LINE('',#8980,#8981);
#8980 = CARTESIAN_POINT('',(0.,-0.1));
#8981 = VECTOR('',#8982,1.);
#8982 = DIRECTION('',(1.,5.075173194205E-15));
#8983 = ( GEOMETRIC_REPRESENTATION_CONTEXT(2) 
PARAMETRIC_REPRESENTATION_CONTEXT() REPRESENTATION_CONTEXT('2D SPACE',''
  ) );
#8984 = PCURVE('',#8020,#8985);
#8985 = DEFINITIONAL_REPRESENTATION('',(#8986),#8990);
#8986 = CIRCLE('',#8987,28.4);
#8987 = AXIS2_PLACEMENT_2D('',#8988,#8989);
#8988 = CARTESIAN_POINT('',(-2.6645352591E-14,8.881784197001E-15));
#8989 = DIRECTION('',(-1.,0.));
#8990 = ( GEOMETRIC_REPRESENTATION_CONTEXT(2) 
PARAMETRIC_REPRESENTATION_CONTEXT() REPRESENTATION_CONTEXT('2D SPACE',''
  ) );
#8991 = ORIENTED_EDGE('',*,*,#8992,.T.);
#8992 = EDGE_CURVE('',#8969,#8918,#8993,.T.);
#8993 = SURFACE_CURVE('',#8994,(#8998,#9005),.PCURVE_S1.);
#8994 = LINE('',#8995,#8996);
#8995 = CARTESIAN_POINT('',(-23.72072062343,15.616895117305,23.5));
#8996 = VECTOR('',#8997,1.);
#8997 = DIRECTION('',(-0.590601493221,0.388831423892,-0.707106781187));
#8998 = PCURVE('',#8050,#8999);
#8999 = DEFINITIONAL_REPRESENTATION('',(#9000),#9004);
#9000 = LINE('',#9001,#9002);
#9001 = CARTESIAN_POINT('',(0.582233338958,-9.999999999998E-02));
#9002 = VECTOR('',#9003,1.);
#9003 = DIRECTION('',(0.,1.));
#9004 = ( GEOMETRIC_REPRESENTATION_CONTEXT(2) 
PARAMETRIC_REPRESENTATION_CONTEXT() REPRESENTATION_CONTEXT('2D SPACE',''
  ) );
#9005 = PCURVE('',#9006,#9011);
#9006 = CONICAL_SURFACE('',#9007,1.5,0.785398163397);
#9007 = AXIS2_PLACEMENT_3D('',#9008,#9009,#9010);
#9008 = CARTESIAN_POINT('',(-22.55138932509,14.847048174902,23.4));
#9009 = DIRECTION('',(0.,0.,-1.));
#9010 = DIRECTION('',(-0.83523664167,0.549890673145,0.));
#9011 = DEFINITIONAL_REPRESENTATION('',(#9012),#9016);
#9012 = LINE('',#9013,#9014);
#9013 = CARTESIAN_POINT('',(0.,-9.999999999998E-02));
#9014 = VECTOR('',#9015,1.);
#9015 = DIRECTION('',(0.,1.));
#9016 = ( GEOMETRIC_REPRESENTATION_CONTEXT(2) 
PARAMETRIC_REPRESENTATION_CONTEXT() REPRESENTATION_CONTEXT('2D SPACE',''
  ) );
#9017 = ORIENTED_EDGE('',*,*,#8917,.T.);
#9018 = ADVANCED_FACE('',(#9019),#8527,.T.);
#9019 = FACE_BOUND('',#9020,.T.);
#9020 = EDGE_LOOP('',(#9021,#9022,#9045,#9077,#9104));
#9021 = ORIENTED_EDGE('',*,*,#8506,.T.);
#9022 = ORIENTED_EDGE('',*,*,#9023,.T.);
#9023 = EDGE_CURVE('',#8479,#9024,#9026,.T.);
#9024 = VERTEX_POINT('',#9025);
#9025 = CARTESIAN_POINT('',(27.85,-6.390422521242,23.3));
#9026 = SURFACE_CURVE('',#9027,(#9031,#9038),.PCURVE_S1.);
#9027 = LINE('',#9028,#9029);
#9028 = CARTESIAN_POINT('',(27.85,-6.390422521242,23.5));
#9029 = VECTOR('',#9030,1.);
#9030 = DIRECTION('',(0.,0.,1.));
#9031 = PCURVE('',#8527,#9032);
#9032 = DEFINITIONAL_REPRESENTATION('',(#9033),#9037);
#9033 = LINE('',#9034,#9035);
#9034 = CARTESIAN_POINT('',(-0.116828684365,0.));
#9035 = VECTOR('',#9036,1.);
#9036 = DIRECTION('',(0.,-1.));
#9037 = ( GEOMETRIC_REPRESENTATION_CONTEXT(2) 
PARAMETRIC_REPRESENTATION_CONTEXT() REPRESENTATION_CONTEXT('2D SPACE',''
  ) );
#9038 = PCURVE('',#8494,#9039);
#9039 = DEFINITIONAL_REPRESENTATION('',(#9040),#9044);
#9040 = LINE('',#9041,#9042);
#9041 = CARTESIAN_POINT('',(12.897149809211,0.));
#9042 = VECTOR('',#9043,1.);
#9043 = DIRECTION('',(0.,-1.));
#9044 = ( GEOMETRIC_REPRESENTATION_CONTEXT(2) 
PARAMETRIC_REPRESENTATION_CONTEXT() REPRESENTATION_CONTEXT('2D SPACE',''
  ) );
#9045 = ORIENTED_EDGE('',*,*,#9046,.T.);
#9046 = EDGE_CURVE('',#9024,#9047,#9049,.T.);
#9047 = VERTEX_POINT('',#9048);
#9048 = CARTESIAN_POINT('',(27.843303658061,-6.50595538619,
    23.306696341939));
#9049 = SURFACE_CURVE('',#9050,(#9055,#9061),.PCURVE_S1.);
#9050 = ELLIPSE('',#9051,1.414213562373,1.);
#9051 = AXIS2_PLACEMENT_3D('',#9052,#9053,#9054);
#9052 = CARTESIAN_POINT('',(26.85,-6.390422521242,24.3));
#9053 = DIRECTION('',(-0.707106781187,2.586804620579E-34,-0.707106781187
    ));
#9054 = DIRECTION('',(0.707106781187,1.226634733347E-17,-0.707106781187)
  );
#9055 = PCURVE('',#8527,#9056);
#9056 = DEFINITIONAL_REPRESENTATION('',(#9057),#9060);
#9057 = B_SPLINE_CURVE_WITH_KNOTS('',1,(#9058,#9059),.UNSPECIFIED.,.F.,
  .F.,(2,2),(0.,0.115791440207),.PIECEWISE_BEZIER_KNOTS.);
#9058 = CARTESIAN_POINT('',(-0.116828684365,0.2));
#9059 = CARTESIAN_POINT('',(-1.037244158304E-03,0.193303658061));
#9060 = ( GEOMETRIC_REPRESENTATION_CONTEXT(2) 
PARAMETRIC_REPRESENTATION_CONTEXT() REPRESENTATION_CONTEXT('2D SPACE',''
  ) );
#9061 = PCURVE('',#9062,#9067);
#9062 = PLANE('',#9063);
#9063 = AXIS2_PLACEMENT_3D('',#9064,#9065,#9066);
#9064 = CARTESIAN_POINT('',(27.75,3.253363643984,23.4));
#9065 = DIRECTION('',(0.707106781187,0.,0.707106781187));
#9066 = DIRECTION('',(0.707106781187,0.,-0.707106781187));
#9067 = DEFINITIONAL_REPRESENTATION('',(#9068),#9076);
#9068 = ( BOUNDED_CURVE() B_SPLINE_CURVE(2,(#9069,#9070,#9071,#9072,
#9073,#9074,#9075),.UNSPECIFIED.,.T.,.F.) B_SPLINE_CURVE_WITH_KNOTS((1,2
    ,2,2,2,1),(-2.094395102393,0.,2.094395102393,4.188790204786,
6.28318530718,8.377580409573),.UNSPECIFIED.) CURVE() 
GEOMETRIC_REPRESENTATION_ITEM() RATIONAL_B_SPLINE_CURVE((1.,0.5,1.,0.5,
1.,0.5,1.)) REPRESENTATION_ITEM('') );
#9069 = CARTESIAN_POINT('',(0.141421356237,-9.643786165226));
#9070 = CARTESIAN_POINT('',(0.141421356237,-11.37583697279));
#9071 = CARTESIAN_POINT('',(-1.979898987322,-10.50981156901));
#9072 = CARTESIAN_POINT('',(-4.101219330882,-9.643786165226));
#9073 = CARTESIAN_POINT('',(-1.979898987322,-8.777760761442));
#9074 = CARTESIAN_POINT('',(0.141421356237,-7.911735357658));
#9075 = CARTESIAN_POINT('',(0.141421356237,-9.643786165226));
#9076 = ( GEOMETRIC_REPRESENTATION_CONTEXT(2) 
PARAMETRIC_REPRESENTATION_CONTEXT() REPRESENTATION_CONTEXT('2D SPACE',''
  ) );
#9077 = ORIENTED_EDGE('',*,*,#9078,.T.);
#9078 = EDGE_CURVE('',#9047,#9079,#9081,.T.);
#9079 = VERTEX_POINT('',#9080);
#9080 = CARTESIAN_POINT('',(27.822826086957,-6.621959569113,23.3));
#9081 = SURFACE_CURVE('',#9082,(#9087,#9093),.PCURVE_S1.);
#9082 = B_SPLINE_CURVE_WITH_KNOTS('',3,(#9083,#9084,#9085,#9086),
  .UNSPECIFIED.,.F.,.F.,(4,4),(0.175835504931,0.187588623589),
  .PIECEWISE_BEZIER_KNOTS.);
#9083 = CARTESIAN_POINT('',(27.843303658061,-6.50595538619,
    23.306696341939));
#9084 = CARTESIAN_POINT('',(27.838759706934,-6.545022393469,
    23.302232024107));
#9085 = CARTESIAN_POINT('',(27.831897028281,-6.583847101001,23.3));
#9086 = CARTESIAN_POINT('',(27.822826086957,-6.621959569113,23.3));
#9087 = PCURVE('',#8527,#9088);
#9088 = DEFINITIONAL_REPRESENTATION('',(#9089),#9092);
#9089 = B_SPLINE_CURVE_WITH_KNOTS('',1,(#9090,#9091),.UNSPECIFIED.,.F.,
  .F.,(2,2),(0.175835504931,0.187588623589),.PIECEWISE_BEZIER_KNOTS.);
#9090 = CARTESIAN_POINT('',(-1.037244158308E-03,0.193303658061));
#9091 = CARTESIAN_POINT('',(0.116828684365,0.2));
#9092 = ( GEOMETRIC_REPRESENTATION_CONTEXT(2) 
PARAMETRIC_REPRESENTATION_CONTEXT() REPRESENTATION_CONTEXT('2D SPACE',''
  ) );
#9093 = PCURVE('',#9094,#9099);
#9094 = CONICAL_SURFACE('',#9095,28.5,0.785398163397);
#9095 = AXIS2_PLACEMENT_3D('',#9096,#9097,#9098);
#9096 = CARTESIAN_POINT('',(0.,0.,23.4));
#9097 = DIRECTION('',(0.,0.,-1.));
#9098 = DIRECTION('',(1.,0.,0.));
#9099 = DEFINITIONAL_REPRESENTATION('',(#9100),#9103);
#9100 = B_SPLINE_CURVE_WITH_KNOTS('',1,(#9101,#9102),.UNSPECIFIED.,.F.,
  .F.,(2,2),(0.175835504931,0.187588623589),.PIECEWISE_BEZIER_KNOTS.);
#9101 = CARTESIAN_POINT('',(0.229544743459,9.330365806083E-02));
#9102 = CARTESIAN_POINT('',(0.23365736873,0.1));
#9103 = ( GEOMETRIC_REPRESENTATION_CONTEXT(2) 
PARAMETRIC_REPRESENTATION_CONTEXT() REPRESENTATION_CONTEXT('2D SPACE',''
  ) );
#9104 = ORIENTED_EDGE('',*,*,#9105,.T.);
#9105 = EDGE_CURVE('',#9079,#8507,#9106,.T.);
#9106 = SURFACE_CURVE('',#9107,(#9111,#9118),.PCURVE_S1.);
#9107 = LINE('',#9108,#9109);
#9108 = CARTESIAN_POINT('',(27.822826086957,-6.621959569113,23.5));
#9109 = VECTOR('',#9110,1.);
#9110 = DIRECTION('',(0.,0.,-1.));
#9111 = PCURVE('',#8527,#9112);
#9112 = DEFINITIONAL_REPRESENTATION('',(#9113),#9117);
#9113 = LINE('',#9114,#9115);
#9114 = CARTESIAN_POINT('',(0.116828684365,0.));
#9115 = VECTOR('',#9116,1.);
#9116 = DIRECTION('',(0.,1.));
#9117 = ( GEOMETRIC_REPRESENTATION_CONTEXT(2) 
PARAMETRIC_REPRESENTATION_CONTEXT() REPRESENTATION_CONTEXT('2D SPACE',''
  ) );
#9118 = PCURVE('',#8556,#9119);
#9119 = DEFINITIONAL_REPRESENTATION('',(#9120),#9124);
#9120 = LINE('',#9121,#9122);
#9121 = CARTESIAN_POINT('',(0.23365736873,0.));
#9122 = VECTOR('',#9123,1.);
#9123 = DIRECTION('',(0.,1.));
#9124 = ( GEOMETRIC_REPRESENTATION_CONTEXT(2) 
PARAMETRIC_REPRESENTATION_CONTEXT() REPRESENTATION_CONTEXT('2D SPACE',''
  ) );
#9125 = ADVANCED_FACE('',(#9126),#9094,.T.);
#9126 = FACE_BOUND('',#9127,.T.);
#9127 = EDGE_LOOP('',(#9128,#9129,#9153,#9177,#9205));
#9128 = ORIENTED_EDGE('',*,*,#9078,.F.);
#9129 = ORIENTED_EDGE('',*,*,#9130,.F.);
#9130 = EDGE_CURVE('',#9131,#9047,#9133,.T.);
#9131 = VERTEX_POINT('',#9132);
#9132 = CARTESIAN_POINT('',(27.65,-6.483633240707,23.5));
#9133 = SURFACE_CURVE('',#9134,(#9139,#9145),.PCURVE_S1.);
#9134 = B_SPLINE_CURVE_WITH_KNOTS('',3,(#9135,#9136,#9137,#9138),
  .UNSPECIFIED.,.F.,.F.,(4,4),(0.,2.742813944335E-02),
  .PIECEWISE_BEZIER_KNOTS.);
#9135 = CARTESIAN_POINT('',(27.65,-6.483633240707,23.5));
#9136 = CARTESIAN_POINT('',(27.714433559063,-6.491086649544,
    23.435566440937));
#9137 = CARTESIAN_POINT('',(27.778868583589,-6.498527375546,
    23.371131416411));
#9138 = CARTESIAN_POINT('',(27.843303658061,-6.50595538619,
    23.306696341939));
#9139 = PCURVE('',#9094,#9140);
#9140 = DEFINITIONAL_REPRESENTATION('',(#9141),#9144);
#9141 = B_SPLINE_CURVE_WITH_KNOTS('',1,(#9142,#9143),.UNSPECIFIED.,.F.,
  .F.,(2,2),(0.,2.742813944335E-02),.PIECEWISE_BEZIER_KNOTS.);
#9142 = CARTESIAN_POINT('',(0.230328073184,-9.999999999998E-02));
#9143 = CARTESIAN_POINT('',(0.229544743459,9.330365806083E-02));
#9144 = ( GEOMETRIC_REPRESENTATION_CONTEXT(2) 
PARAMETRIC_REPRESENTATION_CONTEXT() REPRESENTATION_CONTEXT('2D SPACE',''
  ) );
#9145 = PCURVE('',#9062,#9146);
#9146 = DEFINITIONAL_REPRESENTATION('',(#9147),#9152);
#9147 = B_SPLINE_CURVE_WITH_KNOTS('',3,(#9148,#9149,#9150,#9151),
  .UNSPECIFIED.,.F.,.F.,(4,4),(0.,2.742813944335E-02),
  .PIECEWISE_BEZIER_KNOTS.);
#9148 = CARTESIAN_POINT('',(-0.141421356237,-9.736996884691));
#9149 = CARTESIAN_POINT('',(-5.029854313894E-02,-9.744450293529));
#9150 = CARTESIAN_POINT('',(4.082634243785E-02,-9.751891019531));
#9151 = CARTESIAN_POINT('',(0.131951298649,-9.759319030174));
#9152 = ( GEOMETRIC_REPRESENTATION_CONTEXT(2) 
PARAMETRIC_REPRESENTATION_CONTEXT() REPRESENTATION_CONTEXT('2D SPACE',''
  ) );
#9153 = ORIENTED_EDGE('',*,*,#9154,.T.);
#9154 = EDGE_CURVE('',#9131,#9155,#9157,.T.);
#9155 = VERTEX_POINT('',#9156);
#9156 = CARTESIAN_POINT('',(23.720720623436,-15.6168951173,23.5));
#9157 = SURFACE_CURVE('',#9158,(#9163,#9170),.PCURVE_S1.);
#9158 = CIRCLE('',#9159,28.4);
#9159 = AXIS2_PLACEMENT_3D('',#9160,#9161,#9162);
#9160 = CARTESIAN_POINT('',(0.,0.,23.5));
#9161 = DIRECTION('',(0.,0.,-1.));
#9162 = DIRECTION('',(1.,0.,0.));
#9163 = PCURVE('',#9094,#9164);
#9164 = DEFINITIONAL_REPRESENTATION('',(#9165),#9169);
#9165 = LINE('',#9166,#9167);
#9166 = CARTESIAN_POINT('',(-2.775557561563E-17,-0.1));
#9167 = VECTOR('',#9168,1.);
#9168 = DIRECTION('',(1.,0.));
#9169 = ( GEOMETRIC_REPRESENTATION_CONTEXT(2) 
PARAMETRIC_REPRESENTATION_CONTEXT() REPRESENTATION_CONTEXT('2D SPACE',''
  ) );
#9170 = PCURVE('',#8020,#9171);
#9171 = DEFINITIONAL_REPRESENTATION('',(#9172),#9176);
#9172 = CIRCLE('',#9173,28.4);
#9173 = AXIS2_PLACEMENT_2D('',#9174,#9175);
#9174 = CARTESIAN_POINT('',(-2.6645352591E-14,8.881784197001E-15));
#9175 = DIRECTION('',(1.,0.));
#9176 = ( GEOMETRIC_REPRESENTATION_CONTEXT(2) 
PARAMETRIC_REPRESENTATION_CONTEXT() REPRESENTATION_CONTEXT('2D SPACE',''
  ) );
#9177 = ORIENTED_EDGE('',*,*,#9178,.T.);
#9178 = EDGE_CURVE('',#9155,#9179,#9181,.T.);
#9179 = VERTEX_POINT('',#9180);
#9180 = CARTESIAN_POINT('',(23.88776795177,-15.72687325193,23.3));
#9181 = SURFACE_CURVE('',#9182,(#9186,#9193),.PCURVE_S1.);
#9182 = LINE('',#9183,#9184);
#9183 = CARTESIAN_POINT('',(23.720720623436,-15.6168951173,23.5));
#9184 = VECTOR('',#9185,1.);
#9185 = DIRECTION('',(0.590601493221,-0.388831423892,-0.707106781187));
#9186 = PCURVE('',#9094,#9187);
#9187 = DEFINITIONAL_REPRESENTATION('',(#9188),#9192);
#9188 = LINE('',#9189,#9190);
#9189 = CARTESIAN_POINT('',(0.582233338958,-9.999999999998E-02));
#9190 = VECTOR('',#9191,1.);
#9191 = DIRECTION('',(-5.551115123126E-16,1.));
#9192 = ( GEOMETRIC_REPRESENTATION_CONTEXT(2) 
PARAMETRIC_REPRESENTATION_CONTEXT() REPRESENTATION_CONTEXT('2D SPACE',''
  ) );
#9193 = PCURVE('',#9194,#9199);
#9194 = CONICAL_SURFACE('',#9195,1.5,0.785398163397);
#9195 = AXIS2_PLACEMENT_3D('',#9196,#9197,#9198);
#9196 = CARTESIAN_POINT('',(22.551389325098,-14.8470481749,23.4));
#9197 = DIRECTION('',(0.,0.,-1.));
#9198 = DIRECTION('',(0.83523664167,-0.549890673145,0.));
#9199 = DEFINITIONAL_REPRESENTATION('',(#9200),#9204);
#9200 = LINE('',#9201,#9202);
#9201 = CARTESIAN_POINT('',(0.,-9.999999999998E-02));
#9202 = VECTOR('',#9203,1.);
#9203 = DIRECTION('',(0.,1.));
#9204 = ( GEOMETRIC_REPRESENTATION_CONTEXT(2) 
PARAMETRIC_REPRESENTATION_CONTEXT() REPRESENTATION_CONTEXT('2D SPACE',''
  ) );
#9205 = ORIENTED_EDGE('',*,*,#9206,.T.);
#9206 = EDGE_CURVE('',#9179,#9079,#9207,.T.);
#9207 = SURFACE_CURVE('',#9208,(#9213,#9220),.PCURVE_S1.);
#9208 = CIRCLE('',#9209,28.6);
#9209 = AXIS2_PLACEMENT_3D('',#9210,#9211,#9212);
#9210 = CARTESIAN_POINT('',(0.,0.,23.3));
#9211 = DIRECTION('',(0.,0.,1.));
#9212 = DIRECTION('',(1.,0.,-0.));
#9213 = PCURVE('',#9094,#9214);
#9214 = DEFINITIONAL_REPRESENTATION('',(#9215),#9219);
#9215 = LINE('',#9216,#9217);
#9216 = CARTESIAN_POINT('',(6.28318530718,1.E-01));
#9217 = VECTOR('',#9218,1.);
#9218 = DIRECTION('',(-1.,0.));
#9219 = ( GEOMETRIC_REPRESENTATION_CONTEXT(2) 
PARAMETRIC_REPRESENTATION_CONTEXT() REPRESENTATION_CONTEXT('2D SPACE',''
  ) );
#9220 = PCURVE('',#8556,#9221);
#9221 = DEFINITIONAL_REPRESENTATION('',(#9222),#9226);
#9222 = LINE('',#9223,#9224);
#9223 = CARTESIAN_POINT('',(6.28318530718,0.2));
#9224 = VECTOR('',#9225,1.);
#9225 = DIRECTION('',(-1.,0.));
#9226 = ( GEOMETRIC_REPRESENTATION_CONTEXT(2) 
PARAMETRIC_REPRESENTATION_CONTEXT() REPRESENTATION_CONTEXT('2D SPACE',''
  ) );
#9227 = ADVANCED_FACE('',(#9228),#9062,.T.);
#9228 = FACE_BOUND('',#9229,.T.);
#9229 = EDGE_LOOP('',(#9230,#9231,#9254,#9281,#9310,#9331));
#9230 = ORIENTED_EDGE('',*,*,#9046,.F.);
#9231 = ORIENTED_EDGE('',*,*,#9232,.T.);
#9232 = EDGE_CURVE('',#9024,#9233,#9235,.T.);
#9233 = VERTEX_POINT('',#9234);
#9234 = CARTESIAN_POINT('',(27.85,6.390422521242,23.3));
#9235 = SURFACE_CURVE('',#9236,(#9240,#9247),.PCURVE_S1.);
#9236 = LINE('',#9237,#9238);
#9237 = CARTESIAN_POINT('',(27.85,3.253363643984,23.3));
#9238 = VECTOR('',#9239,1.);
#9239 = DIRECTION('',(0.,1.,0.));
#9240 = PCURVE('',#9062,#9241);
#9241 = DEFINITIONAL_REPRESENTATION('',(#9242),#9246);
#9242 = LINE('',#9243,#9244);
#9243 = CARTESIAN_POINT('',(0.141421356237,0.));
#9244 = VECTOR('',#9245,1.);
#9245 = DIRECTION('',(0.,1.));
#9246 = ( GEOMETRIC_REPRESENTATION_CONTEXT(2) 
PARAMETRIC_REPRESENTATION_CONTEXT() REPRESENTATION_CONTEXT('2D SPACE',''
  ) );
#9247 = PCURVE('',#8494,#9248);
#9248 = DEFINITIONAL_REPRESENTATION('',(#9249),#9253);
#9249 = LINE('',#9250,#9251);
#9250 = CARTESIAN_POINT('',(3.253363643984,0.2));
#9251 = VECTOR('',#9252,1.);
#9252 = DIRECTION('',(-1.,0.));
#9253 = ( GEOMETRIC_REPRESENTATION_CONTEXT(2) 
PARAMETRIC_REPRESENTATION_CONTEXT() REPRESENTATION_CONTEXT('2D SPACE',''
  ) );
#9254 = ORIENTED_EDGE('',*,*,#9255,.F.);
#9255 = EDGE_CURVE('',#9256,#9233,#9258,.T.);
#9256 = VERTEX_POINT('',#9257);
#9257 = CARTESIAN_POINT('',(27.843303658061,6.50595538619,
    23.306696341939));
#9258 = SURFACE_CURVE('',#9259,(#9264,#9275),.PCURVE_S1.);
#9259 = ELLIPSE('',#9260,1.414213562373,1.);
#9260 = AXIS2_PLACEMENT_3D('',#9261,#9262,#9263);
#9261 = CARTESIAN_POINT('',(26.85,6.390422521242,24.3));
#9262 = DIRECTION('',(-0.707106781187,-1.151667099819E-34,
    -0.707106781187));
#9263 = DIRECTION('',(0.707106781187,1.226634733347E-17,-0.707106781187)
  );
#9264 = PCURVE('',#9062,#9265);
#9265 = DEFINITIONAL_REPRESENTATION('',(#9266),#9274);
#9266 = ( BOUNDED_CURVE() B_SPLINE_CURVE(2,(#9267,#9268,#9269,#9270,
#9271,#9272,#9273),.UNSPECIFIED.,.T.,.F.) B_SPLINE_CURVE_WITH_KNOTS((1,2
    ,2,2,2,1),(-2.094395102393,0.,2.094395102393,4.188790204786,
6.28318530718,8.377580409573),.UNSPECIFIED.) CURVE() 
GEOMETRIC_REPRESENTATION_ITEM() RATIONAL_B_SPLINE_CURVE((1.,0.5,1.,0.5,
1.,0.5,1.)) REPRESENTATION_ITEM('') );
#9267 = CARTESIAN_POINT('',(0.141421356237,3.137058877258));
#9268 = CARTESIAN_POINT('',(0.141421356237,1.405008069689));
#9269 = CARTESIAN_POINT('',(-1.979898987322,2.271033473473));
#9270 = CARTESIAN_POINT('',(-4.101219330882,3.137058877258));
#9271 = CARTESIAN_POINT('',(-1.979898987322,4.003084281042));
#9272 = CARTESIAN_POINT('',(0.141421356237,4.869109684826));
#9273 = CARTESIAN_POINT('',(0.141421356237,3.137058877258));
#9274 = ( GEOMETRIC_REPRESENTATION_CONTEXT(2) 
PARAMETRIC_REPRESENTATION_CONTEXT() REPRESENTATION_CONTEXT('2D SPACE',''
  ) );
#9275 = PCURVE('',#8466,#9276);
#9276 = DEFINITIONAL_REPRESENTATION('',(#9277),#9280);
#9277 = B_SPLINE_CURVE_WITH_KNOTS('',1,(#9278,#9279),.UNSPECIFIED.,.F.,
  .F.,(2,2),(6.167393866973,6.28318530718),.PIECEWISE_BEZIER_KNOTS.);
#9278 = CARTESIAN_POINT('',(6.284222551338,0.193303658061));
#9279 = CARTESIAN_POINT('',(6.400013991544,0.2));
#9280 = ( GEOMETRIC_REPRESENTATION_CONTEXT(2) 
PARAMETRIC_REPRESENTATION_CONTEXT() REPRESENTATION_CONTEXT('2D SPACE',''
  ) );
#9281 = ORIENTED_EDGE('',*,*,#9282,.F.);
#9282 = EDGE_CURVE('',#9283,#9256,#9285,.T.);
#9283 = VERTEX_POINT('',#9284);
#9284 = CARTESIAN_POINT('',(27.65,6.483633240707,23.5));
#9285 = SURFACE_CURVE('',#9286,(#9291,#9299),.PCURVE_S1.);
#9286 = B_SPLINE_CURVE_WITH_KNOTS('',3,(#9287,#9288,#9289,#9290),
  .UNSPECIFIED.,.F.,.F.,(4,4),(0.,2.742813943982E-02),
  .PIECEWISE_BEZIER_KNOTS.);
#9287 = CARTESIAN_POINT('',(27.65,6.483633240707,23.5));
#9288 = CARTESIAN_POINT('',(27.714433559054,6.491086649543,
    23.435566440946));
#9289 = CARTESIAN_POINT('',(27.778868583572,6.498527375544,
    23.371131416428));
#9290 = CARTESIAN_POINT('',(27.843303658061,6.50595538619,
    23.306696341939));
#9291 = PCURVE('',#9062,#9292);
#9292 = DEFINITIONAL_REPRESENTATION('',(#9293),#9298);
#9293 = B_SPLINE_CURVE_WITH_KNOTS('',3,(#9294,#9295,#9296,#9297),
  .UNSPECIFIED.,.F.,.F.,(4,4),(0.,2.742813943982E-02),
  .PIECEWISE_BEZIER_KNOTS.);
#9294 = CARTESIAN_POINT('',(-0.141421356237,3.230269596722));
#9295 = CARTESIAN_POINT('',(-5.029854315068E-02,3.237723005559));
#9296 = CARTESIAN_POINT('',(4.082634241445E-02,3.24516373156));
#9297 = CARTESIAN_POINT('',(0.131951298649,3.252591742205));
#9298 = ( GEOMETRIC_REPRESENTATION_CONTEXT(2) 
PARAMETRIC_REPRESENTATION_CONTEXT() REPRESENTATION_CONTEXT('2D SPACE',''
  ) );
#9299 = PCURVE('',#9300,#9305);
#9300 = CONICAL_SURFACE('',#9301,28.5,0.785398163397);
#9301 = AXIS2_PLACEMENT_3D('',#9302,#9303,#9304);
#9302 = CARTESIAN_POINT('',(-5.666681978065E-15,5.705855277383E-16,23.4)
  );
#9303 = DIRECTION('',(0.,0.,-1.));
#9304 = DIRECTION('',(0.83523664167,0.549890673145,0.));
#9305 = DEFINITIONAL_REPRESENTATION('',(#9306),#9309);
#9306 = B_SPLINE_CURVE_WITH_KNOTS('',1,(#9307,#9308),.UNSPECIFIED.,.F.,
  .F.,(2,2),(0.,2.742813943982E-02),.PIECEWISE_BEZIER_KNOTS.);
#9307 = CARTESIAN_POINT('',(0.351905265773,-9.999999999998E-02));
#9308 = CARTESIAN_POINT('',(0.352688595499,9.330365806082E-02));
#9309 = ( GEOMETRIC_REPRESENTATION_CONTEXT(2) 
PARAMETRIC_REPRESENTATION_CONTEXT() REPRESENTATION_CONTEXT('2D SPACE',''
  ) );
#9310 = ORIENTED_EDGE('',*,*,#9311,.T.);
#9311 = EDGE_CURVE('',#9283,#9131,#9312,.T.);
#9312 = SURFACE_CURVE('',#9313,(#9317,#9324),.PCURVE_S1.);
#9313 = LINE('',#9314,#9315);
#9314 = CARTESIAN_POINT('',(27.65,3.253363643984,23.5));
#9315 = VECTOR('',#9316,1.);
#9316 = DIRECTION('',(0.,-1.,0.));
#9317 = PCURVE('',#9062,#9318);
#9318 = DEFINITIONAL_REPRESENTATION('',(#9319),#9323);
#9319 = LINE('',#9320,#9321);
#9320 = CARTESIAN_POINT('',(-0.141421356237,0.));
#9321 = VECTOR('',#9322,1.);
#9322 = DIRECTION('',(0.,-1.));
#9323 = ( GEOMETRIC_REPRESENTATION_CONTEXT(2) 
PARAMETRIC_REPRESENTATION_CONTEXT() REPRESENTATION_CONTEXT('2D SPACE',''
  ) );
#9324 = PCURVE('',#8020,#9325);
#9325 = DEFINITIONAL_REPRESENTATION('',(#9326),#9330);
#9326 = LINE('',#9327,#9328);
#9327 = CARTESIAN_POINT('',(27.65,-3.253363643984));
#9328 = VECTOR('',#9329,1.);
#9329 = DIRECTION('',(0.,1.));
#9330 = ( GEOMETRIC_REPRESENTATION_CONTEXT(2) 
PARAMETRIC_REPRESENTATION_CONTEXT() REPRESENTATION_CONTEXT('2D SPACE',''
  ) );
#9331 = ORIENTED_EDGE('',*,*,#9130,.T.);
#9332 = ADVANCED_FACE('',(#9333),#8494,.T.);
#9333 = FACE_BOUND('',#9334,.T.);
#9334 = EDGE_LOOP('',(#9335,#9336,#9337,#9358));
#9335 = ORIENTED_EDGE('',*,*,#9023,.F.);
#9336 = ORIENTED_EDGE('',*,*,#8478,.F.);
#9337 = ORIENTED_EDGE('',*,*,#9338,.F.);
#9338 = EDGE_CURVE('',#9233,#8446,#9339,.T.);
#9339 = SURFACE_CURVE('',#9340,(#9344,#9351),.PCURVE_S1.);
#9340 = LINE('',#9341,#9342);
#9341 = CARTESIAN_POINT('',(27.85,6.390422521242,23.5));
#9342 = VECTOR('',#9343,1.);
#9343 = DIRECTION('',(0.,0.,-1.));
#9344 = PCURVE('',#8494,#9345);
#9345 = DEFINITIONAL_REPRESENTATION('',(#9346),#9350);
#9346 = LINE('',#9347,#9348);
#9347 = CARTESIAN_POINT('',(0.116304766727,0.));
#9348 = VECTOR('',#9349,1.);
#9349 = DIRECTION('',(0.,1.));
#9350 = ( GEOMETRIC_REPRESENTATION_CONTEXT(2) 
PARAMETRIC_REPRESENTATION_CONTEXT() REPRESENTATION_CONTEXT('2D SPACE',''
  ) );
#9351 = PCURVE('',#8466,#9352);
#9352 = DEFINITIONAL_REPRESENTATION('',(#9353),#9357);
#9353 = LINE('',#9354,#9355);
#9354 = CARTESIAN_POINT('',(6.400013991544,0.));
#9355 = VECTOR('',#9356,1.);
#9356 = DIRECTION('',(0.,1.));
#9357 = ( GEOMETRIC_REPRESENTATION_CONTEXT(2) 
PARAMETRIC_REPRESENTATION_CONTEXT() REPRESENTATION_CONTEXT('2D SPACE',''
  ) );
#9358 = ORIENTED_EDGE('',*,*,#9232,.F.);
#9359 = ADVANCED_FACE('',(#9360),#8466,.T.);
#9360 = FACE_BOUND('',#9361,.T.);
#9361 = EDGE_LOOP('',(#9362,#9363,#9386,#9406,#9407));
#9362 = ORIENTED_EDGE('',*,*,#8445,.T.);
#9363 = ORIENTED_EDGE('',*,*,#9364,.T.);
#9364 = EDGE_CURVE('',#8417,#9365,#9367,.T.);
#9365 = VERTEX_POINT('',#9366);
#9366 = CARTESIAN_POINT('',(27.822826086957,6.621959569113,23.3));
#9367 = SURFACE_CURVE('',#9368,(#9372,#9379),.PCURVE_S1.);
#9368 = LINE('',#9369,#9370);
#9369 = CARTESIAN_POINT('',(27.822826086957,6.621959569113,23.5));
#9370 = VECTOR('',#9371,1.);
#9371 = DIRECTION('',(0.,0.,1.));
#9372 = PCURVE('',#8466,#9373);
#9373 = DEFINITIONAL_REPRESENTATION('',(#9374),#9378);
#9374 = LINE('',#9375,#9376);
#9375 = CARTESIAN_POINT('',(6.166356622815,0.));
#9376 = VECTOR('',#9377,1.);
#9377 = DIRECTION('',(0.,-1.));
#9378 = ( GEOMETRIC_REPRESENTATION_CONTEXT(2) 
PARAMETRIC_REPRESENTATION_CONTEXT() REPRESENTATION_CONTEXT('2D SPACE',''
  ) );
#9379 = PCURVE('',#8433,#9380);
#9380 = DEFINITIONAL_REPRESENTATION('',(#9381),#9385);
#9381 = LINE('',#9382,#9383);
#9382 = CARTESIAN_POINT('',(0.348575970228,0.));
#9383 = VECTOR('',#9384,1.);
#9384 = DIRECTION('',(0.,-1.));
#9385 = ( GEOMETRIC_REPRESENTATION_CONTEXT(2) 
PARAMETRIC_REPRESENTATION_CONTEXT() REPRESENTATION_CONTEXT('2D SPACE',''
  ) );
#9386 = ORIENTED_EDGE('',*,*,#9387,.T.);
#9387 = EDGE_CURVE('',#9365,#9256,#9388,.T.);
#9388 = SURFACE_CURVE('',#9389,(#9394,#9400),.PCURVE_S1.);
#9389 = B_SPLINE_CURVE_WITH_KNOTS('',3,(#9390,#9391,#9392,#9393),
  .UNSPECIFIED.,.F.,.F.,(4,4),(0.187588623589,0.199341742247),
  .PIECEWISE_BEZIER_KNOTS.);
#9390 = CARTESIAN_POINT('',(27.822826086957,6.621959569113,23.3));
#9391 = CARTESIAN_POINT('',(27.831897028281,6.583847101001,23.3));
#9392 = CARTESIAN_POINT('',(27.838759706934,6.545022393469,
    23.302232024107));
#9393 = CARTESIAN_POINT('',(27.843303658061,6.50595538619,
    23.306696341939));
#9394 = PCURVE('',#8466,#9395);
#9395 = DEFINITIONAL_REPRESENTATION('',(#9396),#9399);
#9396 = B_SPLINE_CURVE_WITH_KNOTS('',1,(#9397,#9398),.UNSPECIFIED.,.F.,
  .F.,(2,2),(0.187588623589,0.199341742247),.PIECEWISE_BEZIER_KNOTS.);
#9397 = CARTESIAN_POINT('',(6.166356622815,0.2));
#9398 = CARTESIAN_POINT('',(6.284222551338,0.193303658061));
#9399 = ( GEOMETRIC_REPRESENTATION_CONTEXT(2) 
PARAMETRIC_REPRESENTATION_CONTEXT() REPRESENTATION_CONTEXT('2D SPACE',''
  ) );
#9400 = PCURVE('',#9300,#9401);
#9401 = DEFINITIONAL_REPRESENTATION('',(#9402),#9405);
#9402 = B_SPLINE_CURVE_WITH_KNOTS('',1,(#9403,#9404),.UNSPECIFIED.,.F.,
  .F.,(2,2),(0.187588623589,0.199341742247),.PIECEWISE_BEZIER_KNOTS.);
#9403 = CARTESIAN_POINT('',(0.348575970228,0.1));
#9404 = CARTESIAN_POINT('',(0.352688595499,9.330365806082E-02));
#9405 = ( GEOMETRIC_REPRESENTATION_CONTEXT(2) 
PARAMETRIC_REPRESENTATION_CONTEXT() REPRESENTATION_CONTEXT('2D SPACE',''
  ) );
#9406 = ORIENTED_EDGE('',*,*,#9255,.T.);
#9407 = ORIENTED_EDGE('',*,*,#9338,.T.);
#9408 = ADVANCED_FACE('',(#9409),#9300,.T.);
#9409 = FACE_BOUND('',#9410,.T.);
#9410 = EDGE_LOOP('',(#9411,#9412,#9436,#9464,#9486));
#9411 = ORIENTED_EDGE('',*,*,#9387,.F.);
#9412 = ORIENTED_EDGE('',*,*,#9413,.T.);
#9413 = EDGE_CURVE('',#9365,#9414,#9416,.T.);
#9414 = VERTEX_POINT('',#9415);
#9415 = CARTESIAN_POINT('',(23.88776795177,15.726873251934,23.3));
#9416 = SURFACE_CURVE('',#9417,(#9422,#9429),.PCURVE_S1.);
#9417 = CIRCLE('',#9418,28.6);
#9418 = AXIS2_PLACEMENT_3D('',#9419,#9420,#9421);
#9419 = CARTESIAN_POINT('',(-5.666681978065E-15,5.705855277383E-16,23.3)
  );
#9420 = DIRECTION('',(0.,0.,1.));
#9421 = DIRECTION('',(0.83523664167,0.549890673145,-0.));
#9422 = PCURVE('',#9300,#9423);
#9423 = DEFINITIONAL_REPRESENTATION('',(#9424),#9428);
#9424 = LINE('',#9425,#9426);
#9425 = CARTESIAN_POINT('',(6.28318530718,1.E-01));
#9426 = VECTOR('',#9427,1.);
#9427 = DIRECTION('',(-1.,0.));
#9428 = ( GEOMETRIC_REPRESENTATION_CONTEXT(2) 
PARAMETRIC_REPRESENTATION_CONTEXT() REPRESENTATION_CONTEXT('2D SPACE',''
  ) );
#9429 = PCURVE('',#8433,#9430);
#9430 = DEFINITIONAL_REPRESENTATION('',(#9431),#9435);
#9431 = LINE('',#9432,#9433);
#9432 = CARTESIAN_POINT('',(6.28318530718,0.2));
#9433 = VECTOR('',#9434,1.);
#9434 = DIRECTION('',(-1.,0.));
#9435 = ( GEOMETRIC_REPRESENTATION_CONTEXT(2) 
PARAMETRIC_REPRESENTATION_CONTEXT() REPRESENTATION_CONTEXT('2D SPACE',''
  ) );
#9436 = ORIENTED_EDGE('',*,*,#9437,.F.);
#9437 = EDGE_CURVE('',#9438,#9414,#9440,.T.);
#9438 = VERTEX_POINT('',#9439);
#9439 = CARTESIAN_POINT('',(23.720720623436,15.616895117305,23.5));
#9440 = SURFACE_CURVE('',#9441,(#9445,#9452),.PCURVE_S1.);
#9441 = LINE('',#9442,#9443);
#9442 = CARTESIAN_POINT('',(23.720720623436,15.616895117305,23.5));
#9443 = VECTOR('',#9444,1.);
#9444 = DIRECTION('',(0.590601493221,0.388831423892,-0.707106781187));
#9445 = PCURVE('',#9300,#9446);
#9446 = DEFINITIONAL_REPRESENTATION('',(#9447),#9451);
#9447 = LINE('',#9448,#9449);
#9448 = CARTESIAN_POINT('',(0.,-9.999999999998E-02));
#9449 = VECTOR('',#9450,1.);
#9450 = DIRECTION('',(0.,1.));
#9451 = ( GEOMETRIC_REPRESENTATION_CONTEXT(2) 
PARAMETRIC_REPRESENTATION_CONTEXT() REPRESENTATION_CONTEXT('2D SPACE',''
  ) );
#9452 = PCURVE('',#9453,#9458);
#9453 = CONICAL_SURFACE('',#9454,1.5,0.785398163397);
#9454 = AXIS2_PLACEMENT_3D('',#9455,#9456,#9457);
#9455 = CARTESIAN_POINT('',(22.551389325098,14.847048174902,23.4));
#9456 = DIRECTION('',(0.,0.,-1.));
#9457 = DIRECTION('',(-0.443719882626,0.8961655348,0.));
#9458 = DEFINITIONAL_REPRESENTATION('',(#9459),#9463);
#9459 = LINE('',#9460,#9461);
#9460 = CARTESIAN_POINT('',(1.448308304161,-9.999999999998E-02));
#9461 = VECTOR('',#9462,1.);
#9462 = DIRECTION('',(2.220446049251E-14,1.));
#9463 = ( GEOMETRIC_REPRESENTATION_CONTEXT(2) 
PARAMETRIC_REPRESENTATION_CONTEXT() REPRESENTATION_CONTEXT('2D SPACE',''
  ) );
#9464 = ORIENTED_EDGE('',*,*,#9465,.T.);
#9465 = EDGE_CURVE('',#9438,#9283,#9466,.T.);
#9466 = SURFACE_CURVE('',#9467,(#9472,#9479),.PCURVE_S1.);
#9467 = CIRCLE('',#9468,28.4);
#9468 = AXIS2_PLACEMENT_3D('',#9469,#9470,#9471);
#9469 = CARTESIAN_POINT('',(-5.666681978065E-15,5.705855277383E-16,23.5)
  );
#9470 = DIRECTION('',(0.,0.,-1.));
#9471 = DIRECTION('',(0.83523664167,0.549890673145,0.));
#9472 = PCURVE('',#9300,#9473);
#9473 = DEFINITIONAL_REPRESENTATION('',(#9474),#9478);
#9474 = LINE('',#9475,#9476);
#9475 = CARTESIAN_POINT('',(0.,-1.E-01));
#9476 = VECTOR('',#9477,1.);
#9477 = DIRECTION('',(1.,-5.019402060203E-15));
#9478 = ( GEOMETRIC_REPRESENTATION_CONTEXT(2) 
PARAMETRIC_REPRESENTATION_CONTEXT() REPRESENTATION_CONTEXT('2D SPACE',''
  ) );
#9479 = PCURVE('',#8020,#9480);
#9480 = DEFINITIONAL_REPRESENTATION('',(#9481),#9485);
#9481 = CIRCLE('',#9482,28.4);
#9482 = AXIS2_PLACEMENT_2D('',#9483,#9484);
#9483 = CARTESIAN_POINT('',(-3.231203456907E-14,8.311198669263E-15));
#9484 = DIRECTION('',(0.83523664167,-0.549890673145));
#9485 = ( GEOMETRIC_REPRESENTATION_CONTEXT(2) 
PARAMETRIC_REPRESENTATION_CONTEXT() REPRESENTATION_CONTEXT('2D SPACE',''
  ) );
#9486 = ORIENTED_EDGE('',*,*,#9282,.T.);
#9487 = ADVANCED_FACE('',(#9488),#180,.F.);
#9488 = FACE_BOUND('',#9489,.F.);
#9489 = EDGE_LOOP('',(#9490,#9491,#9512,#9513,#9514));
#9490 = ORIENTED_EDGE('',*,*,#8251,.T.);
#9491 = ORIENTED_EDGE('',*,*,#9492,.F.);
#9492 = EDGE_CURVE('',#1844,#8252,#9493,.T.);
#9493 = SURFACE_CURVE('',#9494,(#9498,#9505),.PCURVE_S1.);
#9494 = LINE('',#9495,#9496);
#9495 = CARTESIAN_POINT('',(-15.17698257878,23.0525313101,23.5));
#9496 = VECTOR('',#9497,1.);
#9497 = DIRECTION('',(0.,0.,-1.));
#9498 = PCURVE('',#180,#9499);
#9499 = DEFINITIONAL_REPRESENTATION('',(#9500),#9504);
#9500 = LINE('',#9501,#9502);
#9501 = CARTESIAN_POINT('',(0.,0.));
#9502 = VECTOR('',#9503,1.);
#9503 = DIRECTION('',(0.,1.));
#9504 = ( GEOMETRIC_REPRESENTATION_CONTEXT(2) 
PARAMETRIC_REPRESENTATION_CONTEXT() REPRESENTATION_CONTEXT('2D SPACE',''
  ) );
#9505 = PCURVE('',#1976,#9506);
#9506 = DEFINITIONAL_REPRESENTATION('',(#9507),#9511);
#9507 = LINE('',#9508,#9509);
#9508 = CARTESIAN_POINT('',(1.448308304161,0.));
#9509 = VECTOR('',#9510,1.);
#9510 = DIRECTION('',(0.,1.));
#9511 = ( GEOMETRIC_REPRESENTATION_CONTEXT(2) 
PARAMETRIC_REPRESENTATION_CONTEXT() REPRESENTATION_CONTEXT('2D SPACE',''
  ) );
#9512 = ORIENTED_EDGE('',*,*,#1843,.T.);
#9513 = ORIENTED_EDGE('',*,*,#243,.T.);
#9514 = ORIENTED_EDGE('',*,*,#135,.T.);
#9515 = ADVANCED_FACE('',(#9516),#9530,.T.);
#9516 = FACE_BOUND('',#9517,.T.);
#9517 = EDGE_LOOP('',(#9518,#9548,#9576,#9604));
#9518 = ORIENTED_EDGE('',*,*,#9519,.F.);
#9519 = EDGE_CURVE('',#9520,#9522,#9524,.T.);
#9520 = VERTEX_POINT('',#9521);
#9521 = CARTESIAN_POINT('',(-6.581793068762,9.8,20.757510160843));
#9522 = VERTEX_POINT('',#9523);
#9523 = CARTESIAN_POINT('',(-11.77794549146,0.8,20.757510160843));
#9524 = SURFACE_CURVE('',#9525,(#9529,#9541),.PCURVE_S1.);
#9525 = LINE('',#9526,#9527);
#9526 = CARTESIAN_POINT('',(-10.47890738579,3.05,20.757510160843));
#9527 = VECTOR('',#9528,1.);
#9528 = DIRECTION('',(-0.5,-0.866025403784,-9.392416278663E-17));
#9529 = PCURVE('',#9530,#9535);
#9530 = PLANE('',#9531);
#9531 = AXIS2_PLACEMENT_3D('',#9532,#9533,#9534);
#9532 = CARTESIAN_POINT('',(-11.77794549146,0.8,20.757510160843));
#9533 = DIRECTION('',(-0.866025403784,0.5,0.));
#9534 = DIRECTION('',(0.5,0.866025403784,1.802819179931E-32));
#9535 = DEFINITIONAL_REPRESENTATION('',(#9536),#9540);
#9536 = LINE('',#9537,#9538);
#9537 = CARTESIAN_POINT('',(2.598076211353,4.68386162475E-32));
#9538 = VECTOR('',#9539,1.);
#9539 = DIRECTION('',(-1.,9.392416278663E-17));
#9540 = ( GEOMETRIC_REPRESENTATION_CONTEXT(2) 
PARAMETRIC_REPRESENTATION_CONTEXT() REPRESENTATION_CONTEXT('2D SPACE',''
  ) );
#9541 = PCURVE('',#1663,#9542);
#9542 = DEFINITIONAL_REPRESENTATION('',(#9543),#9547);
#9543 = LINE('',#9544,#9545);
#9544 = CARTESIAN_POINT('',(10.478907385792,3.05));
#9545 = VECTOR('',#9546,1.);
#9546 = DIRECTION('',(0.5,-0.866025403784));
#9547 = ( GEOMETRIC_REPRESENTATION_CONTEXT(2) 
PARAMETRIC_REPRESENTATION_CONTEXT() REPRESENTATION_CONTEXT('2D SPACE',''
  ) );
#9548 = ORIENTED_EDGE('',*,*,#9549,.T.);
#9549 = EDGE_CURVE('',#9520,#9550,#9552,.T.);
#9550 = VERTEX_POINT('',#9551);
#9551 = CARTESIAN_POINT('',(-6.581793068762,9.8,19.257510160843));
#9552 = SURFACE_CURVE('',#9553,(#9557,#9564),.PCURVE_S1.);
#9553 = LINE('',#9554,#9555);
#9554 = CARTESIAN_POINT('',(-6.581793068762,9.8,20.757510160843));
#9555 = VECTOR('',#9556,1.);
#9556 = DIRECTION('',(0.,0.,-1.));
#9557 = PCURVE('',#9530,#9558);
#9558 = DEFINITIONAL_REPRESENTATION('',(#9559),#9563);
#9559 = LINE('',#9560,#9561);
#9560 = CARTESIAN_POINT('',(10.392304845413,1.8735446499E-31));
#9561 = VECTOR('',#9562,1.);
#9562 = DIRECTION('',(-1.802819179931E-32,1.));
#9563 = ( GEOMETRIC_REPRESENTATION_CONTEXT(2) 
PARAMETRIC_REPRESENTATION_CONTEXT() REPRESENTATION_CONTEXT('2D SPACE',''
  ) );
#9564 = PCURVE('',#9565,#9570);
#9565 = CYLINDRICAL_SURFACE('',#9566,7.6);
#9566 = AXIS2_PLACEMENT_3D('',#9567,#9568,#9569);
#9567 = CARTESIAN_POINT('',(3.214620155178E-14,6.,20.757510160843));
#9568 = DIRECTION('',(0.,0.,-1.));
#9569 = DIRECTION('',(-0.866025403784,0.5,0.));
#9570 = DEFINITIONAL_REPRESENTATION('',(#9571),#9575);
#9571 = LINE('',#9572,#9573);
#9572 = CARTESIAN_POINT('',(0.,0.));
#9573 = VECTOR('',#9574,1.);
#9574 = DIRECTION('',(0.,1.));
#9575 = ( GEOMETRIC_REPRESENTATION_CONTEXT(2) 
PARAMETRIC_REPRESENTATION_CONTEXT() REPRESENTATION_CONTEXT('2D SPACE',''
  ) );
#9576 = ORIENTED_EDGE('',*,*,#9577,.F.);
#9577 = EDGE_CURVE('',#9578,#9550,#9580,.T.);
#9578 = VERTEX_POINT('',#9579);
#9579 = CARTESIAN_POINT('',(-11.77794549146,0.8,19.257510160843));
#9580 = SURFACE_CURVE('',#9581,(#9585,#9592),.PCURVE_S1.);
#9581 = LINE('',#9582,#9583);
#9582 = CARTESIAN_POINT('',(-6.581793068762,9.8,19.257510160843));
#9583 = VECTOR('',#9584,1.);
#9584 = DIRECTION('',(0.5,0.866025403784,1.802819179931E-32));
#9585 = PCURVE('',#9530,#9586);
#9586 = DEFINITIONAL_REPRESENTATION('',(#9587),#9591);
#9587 = LINE('',#9588,#9589);
#9588 = CARTESIAN_POINT('',(10.392304845413,1.5));
#9589 = VECTOR('',#9590,1.);
#9590 = DIRECTION('',(1.,-2.736911063134E-48));
#9591 = ( GEOMETRIC_REPRESENTATION_CONTEXT(2) 
PARAMETRIC_REPRESENTATION_CONTEXT() REPRESENTATION_CONTEXT('2D SPACE',''
  ) );
#9592 = PCURVE('',#9593,#9598);
#9593 = PLANE('',#9594);
#9594 = AXIS2_PLACEMENT_3D('',#9595,#9596,#9597);
#9595 = CARTESIAN_POINT('',(1.33226762955E-14,1.5,19.257510160843));
#9596 = DIRECTION('',(-2.134917449918E-32,1.232595164408E-32,-1.));
#9597 = DIRECTION('',(1.,0.,-2.134917449918E-32));
#9598 = DEFINITIONAL_REPRESENTATION('',(#9599),#9603);
#9599 = LINE('',#9600,#9601);
#9600 = CARTESIAN_POINT('',(-6.581793068762,-8.3));
#9601 = VECTOR('',#9602,1.);
#9602 = DIRECTION('',(0.5,-0.866025403784));
#9603 = ( GEOMETRIC_REPRESENTATION_CONTEXT(2) 
PARAMETRIC_REPRESENTATION_CONTEXT() REPRESENTATION_CONTEXT('2D SPACE',''
  ) );
#9604 = ORIENTED_EDGE('',*,*,#9605,.F.);
#9605 = EDGE_CURVE('',#9522,#9578,#9606,.T.);
#9606 = SURFACE_CURVE('',#9607,(#9611,#9618),.PCURVE_S1.);
#9607 = LINE('',#9608,#9609);
#9608 = CARTESIAN_POINT('',(-11.77794549146,0.8,20.757510160843));
#9609 = VECTOR('',#9610,1.);
#9610 = DIRECTION('',(0.,0.,-1.));
#9611 = PCURVE('',#9530,#9612);
#9612 = DEFINITIONAL_REPRESENTATION('',(#9613),#9617);
#9613 = LINE('',#9614,#9615);
#9614 = CARTESIAN_POINT('',(-3.484178046318E-15,-6.281343008196E-47));
#9615 = VECTOR('',#9616,1.);
#9616 = DIRECTION('',(-1.802819179931E-32,1.));
#9617 = ( GEOMETRIC_REPRESENTATION_CONTEXT(2) 
PARAMETRIC_REPRESENTATION_CONTEXT() REPRESENTATION_CONTEXT('2D SPACE',''
  ) );
#9618 = PCURVE('',#9619,#9624);
#9619 = CYLINDRICAL_SURFACE('',#9620,7.6);
#9620 = AXIS2_PLACEMENT_3D('',#9621,#9622,#9623);
#9621 = CARTESIAN_POINT('',(-5.196152422707,-3.,20.757510160843));
#9622 = DIRECTION('',(0.,0.,-1.));
#9623 = DIRECTION('',(2.921639538487E-16,-1.,0.));
#9624 = DEFINITIONAL_REPRESENTATION('',(#9625),#9629);
#9625 = LINE('',#9626,#9627);
#9626 = CARTESIAN_POINT('',(2.094395102393,0.));
#9627 = VECTOR('',#9628,1.);
#9628 = DIRECTION('',(0.,1.));
#9629 = ( GEOMETRIC_REPRESENTATION_CONTEXT(2) 
PARAMETRIC_REPRESENTATION_CONTEXT() REPRESENTATION_CONTEXT('2D SPACE',''
  ) );
#9630 = ADVANCED_FACE('',(#9631),#9619,.T.);
#9631 = FACE_BOUND('',#9632,.T.);
#9632 = EDGE_LOOP('',(#9633,#9661,#9662,#9686));
#9633 = ORIENTED_EDGE('',*,*,#9634,.F.);
#9634 = EDGE_CURVE('',#9522,#9635,#9637,.T.);
#9635 = VERTEX_POINT('',#9636);
#9636 = CARTESIAN_POINT('',(-5.196152422707,-10.6,20.757510160843));
#9637 = SURFACE_CURVE('',#9638,(#9643,#9650),.PCURVE_S1.);
#9638 = CIRCLE('',#9639,7.6);
#9639 = AXIS2_PLACEMENT_3D('',#9640,#9641,#9642);
#9640 = CARTESIAN_POINT('',(-5.196152422707,-3.,20.757510160843));
#9641 = DIRECTION('',(-2.359223927328E-16,2.775557561563E-17,1.));
#9642 = DIRECTION('',(2.921639538487E-16,-1.,2.775557561563E-17));
#9643 = PCURVE('',#9619,#9644);
#9644 = DEFINITIONAL_REPRESENTATION('',(#9645),#9649);
#9645 = LINE('',#9646,#9647);
#9646 = CARTESIAN_POINT('',(6.28318530718,0.));
#9647 = VECTOR('',#9648,1.);
#9648 = DIRECTION('',(-1.,0.));
#9649 = ( GEOMETRIC_REPRESENTATION_CONTEXT(2) 
PARAMETRIC_REPRESENTATION_CONTEXT() REPRESENTATION_CONTEXT('2D SPACE',''
  ) );
#9650 = PCURVE('',#1663,#9651);
#9651 = DEFINITIONAL_REPRESENTATION('',(#9652),#9660);
#9652 = ( BOUNDED_CURVE() B_SPLINE_CURVE(2,(#9653,#9654,#9655,#9656,
#9657,#9658,#9659),.UNSPECIFIED.,.T.,.F.) B_SPLINE_CURVE_WITH_KNOTS((1,2
    ,2,2,2,1),(-2.094395102393,0.,2.094395102393,4.188790204786,
6.28318530718,8.377580409573),.UNSPECIFIED.) CURVE() 
GEOMETRIC_REPRESENTATION_ITEM() RATIONAL_B_SPLINE_CURVE((1.,0.5,1.,0.5,
1.,0.5,1.)) REPRESENTATION_ITEM('') );
#9653 = CARTESIAN_POINT('',(5.196152422707,-10.6));
#9654 = CARTESIAN_POINT('',(-7.967433714817,-10.6));
#9655 = CARTESIAN_POINT('',(-1.385640646055,0.8));
#9656 = CARTESIAN_POINT('',(5.196152422707,12.2));
#9657 = CARTESIAN_POINT('',(11.777945491468,0.8));
#9658 = CARTESIAN_POINT('',(18.35973856023,-10.6));
#9659 = CARTESIAN_POINT('',(5.196152422707,-10.6));
#9660 = ( GEOMETRIC_REPRESENTATION_CONTEXT(2) 
PARAMETRIC_REPRESENTATION_CONTEXT() REPRESENTATION_CONTEXT('2D SPACE',''
  ) );
#9661 = ORIENTED_EDGE('',*,*,#9605,.T.);
#9662 = ORIENTED_EDGE('',*,*,#9663,.F.);
#9663 = EDGE_CURVE('',#9664,#9578,#9666,.T.);
#9664 = VERTEX_POINT('',#9665);
#9665 = CARTESIAN_POINT('',(-5.196152422707,-10.6,19.257510160843));
#9666 = SURFACE_CURVE('',#9667,(#9672,#9679),.PCURVE_S1.);
#9667 = CIRCLE('',#9668,7.6);
#9668 = AXIS2_PLACEMENT_3D('',#9669,#9670,#9671);
#9669 = CARTESIAN_POINT('',(-5.196152422707,-3.,19.257510160843));
#9670 = DIRECTION('',(0.,0.,-1.));
#9671 = DIRECTION('',(2.921639538487E-16,-1.,0.));
#9672 = PCURVE('',#9619,#9673);
#9673 = DEFINITIONAL_REPRESENTATION('',(#9674),#9678);
#9674 = LINE('',#9675,#9676);
#9675 = CARTESIAN_POINT('',(0.,1.5));
#9676 = VECTOR('',#9677,1.);
#9677 = DIRECTION('',(1.,0.));
#9678 = ( GEOMETRIC_REPRESENTATION_CONTEXT(2) 
PARAMETRIC_REPRESENTATION_CONTEXT() REPRESENTATION_CONTEXT('2D SPACE',''
  ) );
#9679 = PCURVE('',#9593,#9680);
#9680 = DEFINITIONAL_REPRESENTATION('',(#9681),#9685);
#9681 = CIRCLE('',#9682,7.6);
#9682 = AXIS2_PLACEMENT_2D('',#9683,#9684);
#9683 = CARTESIAN_POINT('',(-5.196152422707,4.5));
#9684 = DIRECTION('',(2.921639538487E-16,1.));
#9685 = ( GEOMETRIC_REPRESENTATION_CONTEXT(2) 
PARAMETRIC_REPRESENTATION_CONTEXT() REPRESENTATION_CONTEXT('2D SPACE',''
  ) );
#9686 = ORIENTED_EDGE('',*,*,#9687,.F.);
#9687 = EDGE_CURVE('',#9635,#9664,#9688,.T.);
#9688 = SURFACE_CURVE('',#9689,(#9693,#9700),.PCURVE_S1.);
#9689 = LINE('',#9690,#9691);
#9690 = CARTESIAN_POINT('',(-5.196152422707,-10.6,20.757510160843));
#9691 = VECTOR('',#9692,1.);
#9692 = DIRECTION('',(0.,0.,-1.));
#9693 = PCURVE('',#9619,#9694);
#9694 = DEFINITIONAL_REPRESENTATION('',(#9695),#9699);
#9695 = LINE('',#9696,#9697);
#9696 = CARTESIAN_POINT('',(0.,0.));
#9697 = VECTOR('',#9698,1.);
#9698 = DIRECTION('',(0.,1.));
#9699 = ( GEOMETRIC_REPRESENTATION_CONTEXT(2) 
PARAMETRIC_REPRESENTATION_CONTEXT() REPRESENTATION_CONTEXT('2D SPACE',''
  ) );
#9700 = PCURVE('',#9701,#9706);
#9701 = PLANE('',#9702);
#9702 = AXIS2_PLACEMENT_3D('',#9703,#9704,#9705);
#9703 = CARTESIAN_POINT('',(5.196152422707,-10.6,20.757510160843));
#9704 = DIRECTION('',(0.,-1.,0.));
#9705 = DIRECTION('',(-1.,-0.,-1.355854680849E-32));
#9706 = DEFINITIONAL_REPRESENTATION('',(#9707),#9711);
#9707 = LINE('',#9708,#9709);
#9708 = CARTESIAN_POINT('',(10.392304845413,-1.409045516946E-31));
#9709 = VECTOR('',#9710,1.);
#9710 = DIRECTION('',(1.355854680849E-32,1.));
#9711 = ( GEOMETRIC_REPRESENTATION_CONTEXT(2) 
PARAMETRIC_REPRESENTATION_CONTEXT() REPRESENTATION_CONTEXT('2D SPACE',''
  ) );
#9712 = ADVANCED_FACE('',(#9713),#9701,.T.);
#9713 = FACE_BOUND('',#9714,.T.);
#9714 = EDGE_LOOP('',(#9715,#9738,#9739,#9762));
#9715 = ORIENTED_EDGE('',*,*,#9716,.F.);
#9716 = EDGE_CURVE('',#9635,#9717,#9719,.T.);
#9717 = VERTEX_POINT('',#9718);
#9718 = CARTESIAN_POINT('',(5.196152422707,-10.6,20.757510160843));
#9719 = SURFACE_CURVE('',#9720,(#9724,#9731),.PCURVE_S1.);
#9720 = LINE('',#9721,#9722);
#9721 = CARTESIAN_POINT('',(2.598076211353,-10.6,20.757510160843));
#9722 = VECTOR('',#9723,1.);
#9723 = DIRECTION('',(1.,0.,2.359223927328E-16));
#9724 = PCURVE('',#9701,#9725);
#9725 = DEFINITIONAL_REPRESENTATION('',(#9726),#9730);
#9726 = LINE('',#9727,#9728);
#9727 = CARTESIAN_POINT('',(2.598076211353,-3.522613792365E-32));
#9728 = VECTOR('',#9729,1.);
#9729 = DIRECTION('',(-1.,-2.359223927328E-16));
#9730 = ( GEOMETRIC_REPRESENTATION_CONTEXT(2) 
PARAMETRIC_REPRESENTATION_CONTEXT() REPRESENTATION_CONTEXT('2D SPACE',''
  ) );
#9731 = PCURVE('',#1663,#9732);
#9732 = DEFINITIONAL_REPRESENTATION('',(#9733),#9737);
#9733 = LINE('',#9734,#9735);
#9734 = CARTESIAN_POINT('',(-2.598076211353,-10.6));
#9735 = VECTOR('',#9736,1.);
#9736 = DIRECTION('',(-1.,1.710569414459E-49));
#9737 = ( GEOMETRIC_REPRESENTATION_CONTEXT(2) 
PARAMETRIC_REPRESENTATION_CONTEXT() REPRESENTATION_CONTEXT('2D SPACE',''
  ) );
#9738 = ORIENTED_EDGE('',*,*,#9687,.T.);
#9739 = ORIENTED_EDGE('',*,*,#9740,.F.);
#9740 = EDGE_CURVE('',#9741,#9664,#9743,.T.);
#9741 = VERTEX_POINT('',#9742);
#9742 = CARTESIAN_POINT('',(5.196152422707,-10.6,19.257510160843));
#9743 = SURFACE_CURVE('',#9744,(#9748,#9755),.PCURVE_S1.);
#9744 = LINE('',#9745,#9746);
#9745 = CARTESIAN_POINT('',(-5.196152422707,-10.6,19.257510160843));
#9746 = VECTOR('',#9747,1.);
#9747 = DIRECTION('',(-1.,0.,-1.355854680849E-32));
#9748 = PCURVE('',#9701,#9749);
#9749 = DEFINITIONAL_REPRESENTATION('',(#9750),#9754);
#9750 = LINE('',#9751,#9752);
#9751 = CARTESIAN_POINT('',(10.392304845413,1.5));
#9752 = VECTOR('',#9753,1.);
#9753 = DIRECTION('',(1.,0.));
#9754 = ( GEOMETRIC_REPRESENTATION_CONTEXT(2) 
PARAMETRIC_REPRESENTATION_CONTEXT() REPRESENTATION_CONTEXT('2D SPACE',''
  ) );
#9755 = PCURVE('',#9593,#9756);
#9756 = DEFINITIONAL_REPRESENTATION('',(#9757),#9761);
#9757 = LINE('',#9758,#9759);
#9758 = CARTESIAN_POINT('',(-5.196152422707,12.1));
#9759 = VECTOR('',#9760,1.);
#9760 = DIRECTION('',(-1.,4.302708848433E-64));
#9761 = ( GEOMETRIC_REPRESENTATION_CONTEXT(2) 
PARAMETRIC_REPRESENTATION_CONTEXT() REPRESENTATION_CONTEXT('2D SPACE',''
  ) );
#9762 = ORIENTED_EDGE('',*,*,#9763,.F.);
#9763 = EDGE_CURVE('',#9717,#9741,#9764,.T.);
#9764 = SURFACE_CURVE('',#9765,(#9769,#9776),.PCURVE_S1.);
#9765 = LINE('',#9766,#9767);
#9766 = CARTESIAN_POINT('',(5.196152422707,-10.6,20.757510160843));
#9767 = VECTOR('',#9768,1.);
#9768 = DIRECTION('',(0.,0.,-1.));
#9769 = PCURVE('',#9701,#9770);
#9770 = DEFINITIONAL_REPRESENTATION('',(#9771),#9775);
#9771 = LINE('',#9772,#9773);
#9772 = CARTESIAN_POINT('',(-0.,0.));
#9773 = VECTOR('',#9774,1.);
#9774 = DIRECTION('',(1.355854680849E-32,1.));
#9775 = ( GEOMETRIC_REPRESENTATION_CONTEXT(2) 
PARAMETRIC_REPRESENTATION_CONTEXT() REPRESENTATION_CONTEXT('2D SPACE',''
  ) );
#9776 = PCURVE('',#9777,#9782);
#9777 = CYLINDRICAL_SURFACE('',#9778,7.6);
#9778 = AXIS2_PLACEMENT_3D('',#9779,#9780,#9781);
#9779 = CARTESIAN_POINT('',(5.196152422707,-3.,20.757510160843));
#9780 = DIRECTION('',(0.,0.,-1.));
#9781 = DIRECTION('',(0.866025403784,0.5,0.));
#9782 = DEFINITIONAL_REPRESENTATION('',(#9783),#9787);
#9783 = LINE('',#9784,#9785);
#9784 = CARTESIAN_POINT('',(2.094395102393,0.));
#9785 = VECTOR('',#9786,1.);
#9786 = DIRECTION('',(0.,1.));
#9787 = ( GEOMETRIC_REPRESENTATION_CONTEXT(2) 
PARAMETRIC_REPRESENTATION_CONTEXT() REPRESENTATION_CONTEXT('2D SPACE',''
  ) );
#9788 = ADVANCED_FACE('',(#9789),#9777,.T.);
#9789 = FACE_BOUND('',#9790,.T.);
#9790 = EDGE_LOOP('',(#9791,#9819,#9820,#9844));
#9791 = ORIENTED_EDGE('',*,*,#9792,.F.);
#9792 = EDGE_CURVE('',#9717,#9793,#9795,.T.);
#9793 = VERTEX_POINT('',#9794);
#9794 = CARTESIAN_POINT('',(11.777945491468,0.8,20.757510160843));
#9795 = SURFACE_CURVE('',#9796,(#9801,#9808),.PCURVE_S1.);
#9796 = CIRCLE('',#9797,7.6);
#9797 = AXIS2_PLACEMENT_3D('',#9798,#9799,#9800);
#9798 = CARTESIAN_POINT('',(5.196152422707,-3.,20.757510160843));
#9799 = DIRECTION('',(-2.359223927328E-16,2.775557561563E-17,1.));
#9800 = DIRECTION('',(0.866025403784,0.5,1.904369976204E-16));
#9801 = PCURVE('',#9777,#9802);
#9802 = DEFINITIONAL_REPRESENTATION('',(#9803),#9807);
#9803 = LINE('',#9804,#9805);
#9804 = CARTESIAN_POINT('',(6.28318530718,0.));
#9805 = VECTOR('',#9806,1.);
#9806 = DIRECTION('',(-1.,0.));
#9807 = ( GEOMETRIC_REPRESENTATION_CONTEXT(2) 
PARAMETRIC_REPRESENTATION_CONTEXT() REPRESENTATION_CONTEXT('2D SPACE',''
  ) );
#9808 = PCURVE('',#1663,#9809);
#9809 = DEFINITIONAL_REPRESENTATION('',(#9810),#9818);
#9810 = ( BOUNDED_CURVE() B_SPLINE_CURVE(2,(#9811,#9812,#9813,#9814,
#9815,#9816,#9817),.UNSPECIFIED.,.T.,.F.) B_SPLINE_CURVE_WITH_KNOTS((1,2
    ,2,2,2,1),(-2.094395102393,0.,2.094395102393,4.188790204786,
6.28318530718,8.377580409573),.UNSPECIFIED.) CURVE() 
GEOMETRIC_REPRESENTATION_ITEM() RATIONAL_B_SPLINE_CURVE((1.,0.5,1.,0.5,
1.,0.5,1.)) REPRESENTATION_ITEM('') );
#9811 = CARTESIAN_POINT('',(-11.77794549146,0.8));
#9812 = CARTESIAN_POINT('',(-5.196152422707,12.2));
#9813 = CARTESIAN_POINT('',(1.385640646055,0.8));
#9814 = CARTESIAN_POINT('',(7.967433714817,-10.6));
#9815 = CARTESIAN_POINT('',(-5.196152422707,-10.6));
#9816 = CARTESIAN_POINT('',(-18.35973856023,-10.6));
#9817 = CARTESIAN_POINT('',(-11.77794549146,0.8));
#9818 = ( GEOMETRIC_REPRESENTATION_CONTEXT(2) 
PARAMETRIC_REPRESENTATION_CONTEXT() REPRESENTATION_CONTEXT('2D SPACE',''
  ) );
#9819 = ORIENTED_EDGE('',*,*,#9763,.T.);
#9820 = ORIENTED_EDGE('',*,*,#9821,.F.);
#9821 = EDGE_CURVE('',#9822,#9741,#9824,.T.);
#9822 = VERTEX_POINT('',#9823);
#9823 = CARTESIAN_POINT('',(11.777945491468,0.8,19.257510160843));
#9824 = SURFACE_CURVE('',#9825,(#9830,#9837),.PCURVE_S1.);
#9825 = CIRCLE('',#9826,7.6);
#9826 = AXIS2_PLACEMENT_3D('',#9827,#9828,#9829);
#9827 = CARTESIAN_POINT('',(5.196152422707,-3.,19.257510160843));
#9828 = DIRECTION('',(-5.386896610393E-48,-3.110126208107E-48,-1.));
#9829 = DIRECTION('',(0.866025403784,0.5,-6.220252416215E-48));
#9830 = PCURVE('',#9777,#9831);
#9831 = DEFINITIONAL_REPRESENTATION('',(#9832),#9836);
#9832 = LINE('',#9833,#9834);
#9833 = CARTESIAN_POINT('',(0.,1.5));
#9834 = VECTOR('',#9835,1.);
#9835 = DIRECTION('',(1.,0.));
#9836 = ( GEOMETRIC_REPRESENTATION_CONTEXT(2) 
PARAMETRIC_REPRESENTATION_CONTEXT() REPRESENTATION_CONTEXT('2D SPACE',''
  ) );
#9837 = PCURVE('',#9593,#9838);
#9838 = DEFINITIONAL_REPRESENTATION('',(#9839),#9843);
#9839 = CIRCLE('',#9840,7.6);
#9840 = AXIS2_PLACEMENT_2D('',#9841,#9842);
#9841 = CARTESIAN_POINT('',(5.196152422707,4.5));
#9842 = DIRECTION('',(0.866025403784,-0.5));
#9843 = ( GEOMETRIC_REPRESENTATION_CONTEXT(2) 
PARAMETRIC_REPRESENTATION_CONTEXT() REPRESENTATION_CONTEXT('2D SPACE',''
  ) );
#9844 = ORIENTED_EDGE('',*,*,#9845,.F.);
#9845 = EDGE_CURVE('',#9793,#9822,#9846,.T.);
#9846 = SURFACE_CURVE('',#9847,(#9851,#9858),.PCURVE_S1.);
#9847 = LINE('',#9848,#9849);
#9848 = CARTESIAN_POINT('',(11.777945491468,0.8,20.757510160843));
#9849 = VECTOR('',#9850,1.);
#9850 = DIRECTION('',(0.,0.,-1.));
#9851 = PCURVE('',#9777,#9852);
#9852 = DEFINITIONAL_REPRESENTATION('',(#9853),#9857);
#9853 = LINE('',#9854,#9855);
#9854 = CARTESIAN_POINT('',(0.,0.));
#9855 = VECTOR('',#9856,1.);
#9856 = DIRECTION('',(0.,1.));
#9857 = ( GEOMETRIC_REPRESENTATION_CONTEXT(2) 
PARAMETRIC_REPRESENTATION_CONTEXT() REPRESENTATION_CONTEXT('2D SPACE',''
  ) );
#9858 = PCURVE('',#9859,#9864);
#9859 = PLANE('',#9860);
#9860 = AXIS2_PLACEMENT_3D('',#9861,#9862,#9863);
#9861 = CARTESIAN_POINT('',(6.581793068762,9.8,20.757510160843));
#9862 = DIRECTION('',(0.866025403784,0.5,0.));
#9863 = DIRECTION('',(0.5,-0.866025403784,-2.372130499909E-32));
#9864 = DEFINITIONAL_REPRESENTATION('',(#9865),#9869);
#9865 = LINE('',#9866,#9867);
#9866 = CARTESIAN_POINT('',(10.392304845413,-2.465190328816E-31));
#9867 = VECTOR('',#9868,1.);
#9868 = DIRECTION('',(2.372130499909E-32,1.));
#9869 = ( GEOMETRIC_REPRESENTATION_CONTEXT(2) 
PARAMETRIC_REPRESENTATION_CONTEXT() REPRESENTATION_CONTEXT('2D SPACE',''
  ) );
#9870 = ADVANCED_FACE('',(#9871),#9859,.T.);
#9871 = FACE_BOUND('',#9872,.T.);
#9872 = EDGE_LOOP('',(#9873,#9896,#9897,#9920));
#9873 = ORIENTED_EDGE('',*,*,#9874,.F.);
#9874 = EDGE_CURVE('',#9793,#9875,#9877,.T.);
#9875 = VERTEX_POINT('',#9876);
#9876 = CARTESIAN_POINT('',(6.581793068762,9.8,20.757510160843));
#9877 = SURFACE_CURVE('',#9878,(#9882,#9889),.PCURVE_S1.);
#9878 = LINE('',#9879,#9880);
#9879 = CARTESIAN_POINT('',(7.880831174438,7.55,20.757510160843));
#9880 = VECTOR('',#9881,1.);
#9881 = DIRECTION('',(-0.5,0.866025403784,-1.419982299462E-16));
#9882 = PCURVE('',#9859,#9883);
#9883 = DEFINITIONAL_REPRESENTATION('',(#9884),#9888);
#9884 = LINE('',#9885,#9886);
#9885 = CARTESIAN_POINT('',(2.598076211353,-6.162975822039E-32));
#9886 = VECTOR('',#9887,1.);
#9887 = DIRECTION('',(-1.,1.419982299462E-16));
#9888 = ( GEOMETRIC_REPRESENTATION_CONTEXT(2) 
PARAMETRIC_REPRESENTATION_CONTEXT() REPRESENTATION_CONTEXT('2D SPACE',''
  ) );
#9889 = PCURVE('',#1663,#9890);
#9890 = DEFINITIONAL_REPRESENTATION('',(#9891),#9895);
#9891 = LINE('',#9892,#9893);
#9892 = CARTESIAN_POINT('',(-7.880831174438,7.55));
#9893 = VECTOR('',#9894,1.);
#9894 = DIRECTION('',(0.5,0.866025403784));
#9895 = ( GEOMETRIC_REPRESENTATION_CONTEXT(2) 
PARAMETRIC_REPRESENTATION_CONTEXT() REPRESENTATION_CONTEXT('2D SPACE',''
  ) );
#9896 = ORIENTED_EDGE('',*,*,#9845,.T.);
#9897 = ORIENTED_EDGE('',*,*,#9898,.F.);
#9898 = EDGE_CURVE('',#9899,#9822,#9901,.T.);
#9899 = VERTEX_POINT('',#9900);
#9900 = CARTESIAN_POINT('',(6.581793068762,9.8,19.257510160843));
#9901 = SURFACE_CURVE('',#9902,(#9906,#9913),.PCURVE_S1.);
#9902 = LINE('',#9903,#9904);
#9903 = CARTESIAN_POINT('',(11.777945491468,0.8,19.257510160843));
#9904 = VECTOR('',#9905,1.);
#9905 = DIRECTION('',(0.5,-0.866025403784,-2.372130499909E-32));
#9906 = PCURVE('',#9859,#9907);
#9907 = DEFINITIONAL_REPRESENTATION('',(#9908),#9912);
#9908 = LINE('',#9909,#9910);
#9909 = CARTESIAN_POINT('',(10.392304845413,1.5));
#9910 = VECTOR('',#9911,1.);
#9911 = DIRECTION('',(1.,5.473822126269E-48));
#9912 = ( GEOMETRIC_REPRESENTATION_CONTEXT(2) 
PARAMETRIC_REPRESENTATION_CONTEXT() REPRESENTATION_CONTEXT('2D SPACE',''
  ) );
#9913 = PCURVE('',#9593,#9914);
#9914 = DEFINITIONAL_REPRESENTATION('',(#9915),#9919);
#9915 = LINE('',#9916,#9917);
#9916 = CARTESIAN_POINT('',(11.777945491468,0.7));
#9917 = VECTOR('',#9918,1.);
#9918 = DIRECTION('',(0.5,0.866025403784));
#9919 = ( GEOMETRIC_REPRESENTATION_CONTEXT(2) 
PARAMETRIC_REPRESENTATION_CONTEXT() REPRESENTATION_CONTEXT('2D SPACE',''
  ) );
#9920 = ORIENTED_EDGE('',*,*,#9921,.F.);
#9921 = EDGE_CURVE('',#9875,#9899,#9922,.T.);
#9922 = SURFACE_CURVE('',#9923,(#9927,#9934),.PCURVE_S1.);
#9923 = LINE('',#9924,#9925);
#9924 = CARTESIAN_POINT('',(6.581793068762,9.8,20.757510160843));
#9925 = VECTOR('',#9926,1.);
#9926 = DIRECTION('',(0.,0.,-1.));
#9927 = PCURVE('',#9859,#9928);
#9928 = DEFINITIONAL_REPRESENTATION('',(#9929),#9933);
#9929 = LINE('',#9930,#9931);
#9930 = CARTESIAN_POINT('',(0.,0.));
#9931 = VECTOR('',#9932,1.);
#9932 = DIRECTION('',(2.372130499909E-32,1.));
#9933 = ( GEOMETRIC_REPRESENTATION_CONTEXT(2) 
PARAMETRIC_REPRESENTATION_CONTEXT() REPRESENTATION_CONTEXT('2D SPACE',''
  ) );
#9934 = PCURVE('',#9565,#9935);
#9935 = DEFINITIONAL_REPRESENTATION('',(#9936),#9940);
#9936 = LINE('',#9937,#9938);
#9937 = CARTESIAN_POINT('',(2.094395102393,0.));
#9938 = VECTOR('',#9939,1.);
#9939 = DIRECTION('',(0.,1.));
#9940 = ( GEOMETRIC_REPRESENTATION_CONTEXT(2) 
PARAMETRIC_REPRESENTATION_CONTEXT() REPRESENTATION_CONTEXT('2D SPACE',''
  ) );
#9941 = ADVANCED_FACE('',(#9942),#9565,.T.);
#9942 = FACE_BOUND('',#9943,.T.);
#9943 = EDGE_LOOP('',(#9944,#9970,#9971,#9993));
#9944 = ORIENTED_EDGE('',*,*,#9945,.F.);
#9945 = EDGE_CURVE('',#9875,#9520,#9946,.T.);
#9946 = SURFACE_CURVE('',#9947,(#9952,#9959),.PCURVE_S1.);
#9947 = CIRCLE('',#9948,7.6);
#9948 = AXIS2_PLACEMENT_3D('',#9949,#9950,#9951);
#9949 = CARTESIAN_POINT('',(3.214620155178E-14,6.,20.757510160843));
#9950 = DIRECTION('',(-2.359223927328E-16,2.775557561563E-17,1.));
#9951 = DIRECTION('',(-0.866025403784,0.5,-2.181925732361E-16));
#9952 = PCURVE('',#9565,#9953);
#9953 = DEFINITIONAL_REPRESENTATION('',(#9954),#9958);
#9954 = LINE('',#9955,#9956);
#9955 = CARTESIAN_POINT('',(6.28318530718,0.));
#9956 = VECTOR('',#9957,1.);
#9957 = DIRECTION('',(-1.,0.));
#9958 = ( GEOMETRIC_REPRESENTATION_CONTEXT(2) 
PARAMETRIC_REPRESENTATION_CONTEXT() REPRESENTATION_CONTEXT('2D SPACE',''
  ) );
#9959 = PCURVE('',#1663,#9960);
#9960 = DEFINITIONAL_REPRESENTATION('',(#9961),#9969);
#9961 = ( BOUNDED_CURVE() B_SPLINE_CURVE(2,(#9962,#9963,#9964,#9965,
#9966,#9967,#9968),.UNSPECIFIED.,.T.,.F.) B_SPLINE_CURVE_WITH_KNOTS((1,2
    ,2,2,2,1),(-2.094395102393,0.,2.094395102393,4.188790204786,
6.28318530718,8.377580409573),.UNSPECIFIED.) CURVE() 
GEOMETRIC_REPRESENTATION_ITEM() RATIONAL_B_SPLINE_CURVE((1.,0.5,1.,0.5,
1.,0.5,1.)) REPRESENTATION_ITEM('') );
#9962 = CARTESIAN_POINT('',(6.581793068762,9.8));
#9963 = CARTESIAN_POINT('',(13.163586137523,-1.6));
#9964 = CARTESIAN_POINT('',(4.785126191402E-15,-1.6));
#9965 = CARTESIAN_POINT('',(-13.16358613752,-1.6));
#9966 = CARTESIAN_POINT('',(-6.581793068762,9.8));
#9967 = CARTESIAN_POINT('',(-3.4794381866E-14,21.2));
#9968 = CARTESIAN_POINT('',(6.581793068762,9.8));
#9969 = ( GEOMETRIC_REPRESENTATION_CONTEXT(2) 
PARAMETRIC_REPRESENTATION_CONTEXT() REPRESENTATION_CONTEXT('2D SPACE',''
  ) );
#9970 = ORIENTED_EDGE('',*,*,#9921,.T.);
#9971 = ORIENTED_EDGE('',*,*,#9972,.F.);
#9972 = EDGE_CURVE('',#9550,#9899,#9973,.T.);
#9973 = SURFACE_CURVE('',#9974,(#9979,#9986),.PCURVE_S1.);
#9974 = CIRCLE('',#9975,7.6);
#9975 = AXIS2_PLACEMENT_3D('',#9976,#9977,#9978);
#9976 = CARTESIAN_POINT('',(3.214620155178E-14,6.,19.257510160843));
#9977 = DIRECTION('',(-2.134917449918E-32,1.232595164408E-32,-1.));
#9978 = DIRECTION('',(-0.866025403784,0.5,2.465190328816E-32));
#9979 = PCURVE('',#9565,#9980);
#9980 = DEFINITIONAL_REPRESENTATION('',(#9981),#9985);
#9981 = LINE('',#9982,#9983);
#9982 = CARTESIAN_POINT('',(0.,1.5));
#9983 = VECTOR('',#9984,1.);
#9984 = DIRECTION('',(1.,0.));
#9985 = ( GEOMETRIC_REPRESENTATION_CONTEXT(2) 
PARAMETRIC_REPRESENTATION_CONTEXT() REPRESENTATION_CONTEXT('2D SPACE',''
  ) );
#9986 = PCURVE('',#9593,#9987);
#9987 = DEFINITIONAL_REPRESENTATION('',(#9988),#9992);
#9988 = CIRCLE('',#9989,7.6);
#9989 = AXIS2_PLACEMENT_2D('',#9990,#9991);
#9990 = CARTESIAN_POINT('',(1.882352525627E-14,-4.5));
#9991 = DIRECTION('',(-0.866025403784,-0.5));
#9992 = ( GEOMETRIC_REPRESENTATION_CONTEXT(2) 
PARAMETRIC_REPRESENTATION_CONTEXT() REPRESENTATION_CONTEXT('2D SPACE',''
  ) );
#9993 = ORIENTED_EDGE('',*,*,#9549,.F.);
#9994 = ADVANCED_FACE('',(#9995,#10003),#9593,.T.);
#9995 = FACE_BOUND('',#9996,.T.);
#9996 = EDGE_LOOP('',(#9997,#9998,#9999,#10000,#10001,#10002));
#9997 = ORIENTED_EDGE('',*,*,#9972,.T.);
#9998 = ORIENTED_EDGE('',*,*,#9898,.T.);
#9999 = ORIENTED_EDGE('',*,*,#9821,.T.);
#10000 = ORIENTED_EDGE('',*,*,#9740,.T.);
#10001 = ORIENTED_EDGE('',*,*,#9663,.T.);
#10002 = ORIENTED_EDGE('',*,*,#9577,.T.);
#10003 = FACE_BOUND('',#10004,.T.);
#10004 = EDGE_LOOP('',(#10005,#10040,#10068,#10101,#10129,#10162));
#10005 = ORIENTED_EDGE('',*,*,#10006,.T.);
#10006 = EDGE_CURVE('',#10007,#10009,#10011,.T.);
#10007 = VERTEX_POINT('',#10008);
#10008 = CARTESIAN_POINT('',(5.715767664977,9.3,19.257510160843));
#10009 = VERTEX_POINT('',#10010);
#10010 = CARTESIAN_POINT('',(-5.715767664977,9.3,19.257510160843));
#10011 = SURFACE_CURVE('',#10012,(#10017,#10028),.PCURVE_S1.);
#10012 = CIRCLE('',#10013,6.6);
#10013 = AXIS2_PLACEMENT_3D('',#10014,#10015,#10016);
#10014 = CARTESIAN_POINT('',(3.214620155178E-14,6.,19.257510160843));
#10015 = DIRECTION('',(2.751215032122E-32,-1.651364394488E-33,1.));
#10016 = DIRECTION('',(-0.866025403784,0.5,2.465190328816E-32));
#10017 = PCURVE('',#9593,#10018);
#10018 = DEFINITIONAL_REPRESENTATION('',(#10019),#10027);
#10019 = ( BOUNDED_CURVE() B_SPLINE_CURVE(2,(#10020,#10021,#10022,#10023
    ,#10024,#10025,#10026),.UNSPECIFIED.,.T.,.F.) 
B_SPLINE_CURVE_WITH_KNOTS((1,2,2,2,2,1),(-2.094395102393,0.,
    2.094395102393,4.188790204786,6.28318530718,8.377580409573),
.UNSPECIFIED.) CURVE() GEOMETRIC_REPRESENTATION_ITEM() 
RATIONAL_B_SPLINE_CURVE((1.,0.5,1.,0.5,1.,0.5,1.)) REPRESENTATION_ITEM(
  '') );
#10020 = CARTESIAN_POINT('',(-5.715767664977,-7.8));
#10021 = CARTESIAN_POINT('',(-11.43153532995,2.1));
#10022 = CARTESIAN_POINT('',(9.870173363651E-15,2.1));
#10023 = CARTESIAN_POINT('',(11.431535329955,2.1));
#10024 = CARTESIAN_POINT('',(5.715767664977,-7.8));
#10025 = CARTESIAN_POINT('',(4.442207978706E-14,-17.7));
#10026 = CARTESIAN_POINT('',(-5.715767664977,-7.8));
#10027 = ( GEOMETRIC_REPRESENTATION_CONTEXT(2) 
PARAMETRIC_REPRESENTATION_CONTEXT() REPRESENTATION_CONTEXT('2D SPACE',''
  ) );
#10028 = PCURVE('',#10029,#10034);
#10029 = CYLINDRICAL_SURFACE('',#10030,6.6);
#10030 = AXIS2_PLACEMENT_3D('',#10031,#10032,#10033);
#10031 = CARTESIAN_POINT('',(2.724904008745E-14,6.,23.5));
#10032 = DIRECTION('',(0.,0.,-1.));
#10033 = DIRECTION('',(-0.866025403784,0.5,0.));
#10034 = DEFINITIONAL_REPRESENTATION('',(#10035),#10039);
#10035 = LINE('',#10036,#10037);
#10036 = CARTESIAN_POINT('',(6.28318530718,4.242489839157));
#10037 = VECTOR('',#10038,1.);
#10038 = DIRECTION('',(-1.,0.));
#10039 = ( GEOMETRIC_REPRESENTATION_CONTEXT(2) 
PARAMETRIC_REPRESENTATION_CONTEXT() REPRESENTATION_CONTEXT('2D SPACE',''
  ) );
#10040 = ORIENTED_EDGE('',*,*,#10041,.T.);
#10041 = EDGE_CURVE('',#10009,#10042,#10044,.T.);
#10042 = VERTEX_POINT('',#10043);
#10043 = CARTESIAN_POINT('',(-10.91192008768,0.3,19.257510160843));
#10044 = SURFACE_CURVE('',#10045,(#10049,#10056),.PCURVE_S1.);
#10045 = LINE('',#10046,#10047);
#10046 = CARTESIAN_POINT('',(-5.715767664977,9.3,19.257510160843));
#10047 = VECTOR('',#10048,1.);
#10048 = DIRECTION('',(-0.5,-0.866025403784,-1.56560612994E-32));
#10049 = PCURVE('',#9593,#10050);
#10050 = DEFINITIONAL_REPRESENTATION('',(#10051),#10055);
#10051 = LINE('',#10052,#10053);
#10052 = CARTESIAN_POINT('',(-5.715767664977,-7.8));
#10053 = VECTOR('',#10054,1.);
#10054 = DIRECTION('',(-0.5,0.866025403784));
#10055 = ( GEOMETRIC_REPRESENTATION_CONTEXT(2) 
PARAMETRIC_REPRESENTATION_CONTEXT() REPRESENTATION_CONTEXT('2D SPACE',''
  ) );
#10056 = PCURVE('',#10057,#10062);
#10057 = PLANE('',#10058);
#10058 = AXIS2_PLACEMENT_3D('',#10059,#10060,#10061);
#10059 = CARTESIAN_POINT('',(-5.715767664977,9.3,23.5));
#10060 = DIRECTION('',(0.866025403784,-0.5,0.));
#10061 = DIRECTION('',(-0.5,-0.866025403784,0.));
#10062 = DEFINITIONAL_REPRESENTATION('',(#10063),#10067);
#10063 = LINE('',#10064,#10065);
#10064 = CARTESIAN_POINT('',(-0.,4.242489839157));
#10065 = VECTOR('',#10066,1.);
#10066 = DIRECTION('',(1.,1.56560612994E-32));
#10067 = ( GEOMETRIC_REPRESENTATION_CONTEXT(2) 
PARAMETRIC_REPRESENTATION_CONTEXT() REPRESENTATION_CONTEXT('2D SPACE',''
  ) );
#10068 = ORIENTED_EDGE('',*,*,#10069,.T.);
#10069 = EDGE_CURVE('',#10042,#10070,#10072,.T.);
#10070 = VERTEX_POINT('',#10071);
#10071 = CARTESIAN_POINT('',(-5.196152422707,-9.6,19.257510160843));
#10072 = SURFACE_CURVE('',#10073,(#10078,#10089),.PCURVE_S1.);
#10073 = CIRCLE('',#10074,6.6);
#10074 = AXIS2_PLACEMENT_3D('',#10075,#10076,#10077);
#10075 = CARTESIAN_POINT('',(-5.196152422707,-3.,19.257510160843));
#10076 = DIRECTION('',(0.,0.,1.));
#10077 = DIRECTION('',(3.364312195834E-16,-1.,0.));
#10078 = PCURVE('',#9593,#10079);
#10079 = DEFINITIONAL_REPRESENTATION('',(#10080),#10088);
#10080 = ( BOUNDED_CURVE() B_SPLINE_CURVE(2,(#10081,#10082,#10083,#10084
    ,#10085,#10086,#10087),.UNSPECIFIED.,.T.,.F.) 
B_SPLINE_CURVE_WITH_KNOTS((1,2,2,2,2,1),(-2.094395102393,0.,
    2.094395102393,4.188790204786,6.28318530718,8.377580409573),
.UNSPECIFIED.) CURVE() GEOMETRIC_REPRESENTATION_ITEM() 
RATIONAL_B_SPLINE_CURVE((1.,0.5,1.,0.5,1.,0.5,1.)) REPRESENTATION_ITEM(
  '') );
#10081 = CARTESIAN_POINT('',(-5.196152422707,11.1));
#10082 = CARTESIAN_POINT('',(6.235382907248,11.1));
#10083 = CARTESIAN_POINT('',(0.519615242271,1.2));
#10084 = CARTESIAN_POINT('',(-5.196152422707,-8.7));
#10085 = CARTESIAN_POINT('',(-10.91192008768,1.2));
#10086 = CARTESIAN_POINT('',(-16.62768775266,11.1));
#10087 = CARTESIAN_POINT('',(-5.196152422707,11.1));
#10088 = ( GEOMETRIC_REPRESENTATION_CONTEXT(2) 
PARAMETRIC_REPRESENTATION_CONTEXT() REPRESENTATION_CONTEXT('2D SPACE',''
  ) );
#10089 = PCURVE('',#10090,#10095);
#10090 = CYLINDRICAL_SURFACE('',#10091,6.6);
#10091 = AXIS2_PLACEMENT_3D('',#10092,#10093,#10094);
#10092 = CARTESIAN_POINT('',(-5.196152422707,-3.,23.5));
#10093 = DIRECTION('',(0.,0.,-1.));
#10094 = DIRECTION('',(1.682156097917E-16,-1.,0.));
#10095 = DEFINITIONAL_REPRESENTATION('',(#10096),#10100);
#10096 = LINE('',#10097,#10098);
#10097 = CARTESIAN_POINT('',(6.28318530718,4.242489839157));
#10098 = VECTOR('',#10099,1.);
#10099 = DIRECTION('',(-1.,0.));
#10100 = ( GEOMETRIC_REPRESENTATION_CONTEXT(2) 
PARAMETRIC_REPRESENTATION_CONTEXT() REPRESENTATION_CONTEXT('2D SPACE',''
  ) );
#10101 = ORIENTED_EDGE('',*,*,#10102,.T.);
#10102 = EDGE_CURVE('',#10070,#10103,#10105,.T.);
#10103 = VERTEX_POINT('',#10104);
#10104 = CARTESIAN_POINT('',(5.196152422707,-9.6,19.257510160843));
#10105 = SURFACE_CURVE('',#10106,(#10110,#10117),.PCURVE_S1.);
#10106 = LINE('',#10107,#10108);
#10107 = CARTESIAN_POINT('',(-5.196152422707,-9.6,19.257510160843));
#10108 = VECTOR('',#10109,1.);
#10109 = DIRECTION('',(1.,2.136625207093E-16,1.355854680849E-32));
#10110 = PCURVE('',#9593,#10111);
#10111 = DEFINITIONAL_REPRESENTATION('',(#10112),#10116);
#10112 = LINE('',#10113,#10114);
#10113 = CARTESIAN_POINT('',(-5.196152422707,11.1));
#10114 = VECTOR('',#10115,1.);
#10115 = DIRECTION('',(1.,-2.136625207093E-16));
#10116 = ( GEOMETRIC_REPRESENTATION_CONTEXT(2) 
PARAMETRIC_REPRESENTATION_CONTEXT() REPRESENTATION_CONTEXT('2D SPACE',''
  ) );
#10117 = PCURVE('',#10118,#10123);
#10118 = PLANE('',#10119);
#10119 = AXIS2_PLACEMENT_3D('',#10120,#10121,#10122);
#10120 = CARTESIAN_POINT('',(-5.196152422707,-9.6,23.5));
#10121 = DIRECTION('',(-1.068312603546E-16,1.,0.));
#10122 = DIRECTION('',(1.,1.068312603546E-16,0.));
#10123 = DEFINITIONAL_REPRESENTATION('',(#10124),#10128);
#10124 = LINE('',#10125,#10126);
#10125 = CARTESIAN_POINT('',(0.,4.242489839157));
#10126 = VECTOR('',#10127,1.);
#10127 = DIRECTION('',(1.,-1.355854680849E-32));
#10128 = ( GEOMETRIC_REPRESENTATION_CONTEXT(2) 
PARAMETRIC_REPRESENTATION_CONTEXT() REPRESENTATION_CONTEXT('2D SPACE',''
  ) );
#10129 = ORIENTED_EDGE('',*,*,#10130,.T.);
#10130 = EDGE_CURVE('',#10103,#10131,#10133,.T.);
#10131 = VERTEX_POINT('',#10132);
#10132 = CARTESIAN_POINT('',(10.911920087684,0.3,19.257510160843));
#10133 = SURFACE_CURVE('',#10134,(#10139,#10150),.PCURVE_S1.);
#10134 = CIRCLE('',#10135,6.6);
#10135 = AXIS2_PLACEMENT_3D('',#10136,#10137,#10138);
#10136 = CARTESIAN_POINT('',(5.196152422707,-3.,19.257510160843));
#10137 = DIRECTION('',(-1.232595164408E-32,2.134917449918E-32,1.));
#10138 = DIRECTION('',(0.866025403784,0.5,3.412630069858E-47));
#10139 = PCURVE('',#9593,#10140);
#10140 = DEFINITIONAL_REPRESENTATION('',(#10141),#10149);
#10141 = ( BOUNDED_CURVE() B_SPLINE_CURVE(2,(#10142,#10143,#10144,#10145
    ,#10146,#10147,#10148),.UNSPECIFIED.,.T.,.F.) 
B_SPLINE_CURVE_WITH_KNOTS((1,2,2,2,2,1),(-2.094395102393,0.,
    2.094395102393,4.188790204786,6.28318530718,8.377580409573),
.UNSPECIFIED.) CURVE() GEOMETRIC_REPRESENTATION_ITEM() 
RATIONAL_B_SPLINE_CURVE((1.,0.5,1.,0.5,1.,0.5,1.)) REPRESENTATION_ITEM(
  '') );
#10142 = CARTESIAN_POINT('',(10.911920087684,1.2));
#10143 = CARTESIAN_POINT('',(5.196152422707,-8.7));
#10144 = CARTESIAN_POINT('',(-0.519615242271,1.2));
#10145 = CARTESIAN_POINT('',(-6.235382907248,11.1));
#10146 = CARTESIAN_POINT('',(5.196152422707,11.1));
#10147 = CARTESIAN_POINT('',(16.627687752661,11.1));
#10148 = CARTESIAN_POINT('',(10.911920087684,1.2));
#10149 = ( GEOMETRIC_REPRESENTATION_CONTEXT(2) 
PARAMETRIC_REPRESENTATION_CONTEXT() REPRESENTATION_CONTEXT('2D SPACE',''
  ) );
#10150 = PCURVE('',#10151,#10156);
#10151 = CYLINDRICAL_SURFACE('',#10152,6.6);
#10152 = AXIS2_PLACEMENT_3D('',#10153,#10154,#10155);
#10153 = CARTESIAN_POINT('',(5.196152422707,-3.,23.5));
#10154 = DIRECTION('',(0.,0.,-1.));
#10155 = DIRECTION('',(0.866025403784,0.5,0.));
#10156 = DEFINITIONAL_REPRESENTATION('',(#10157),#10161);
#10157 = LINE('',#10158,#10159);
#10158 = CARTESIAN_POINT('',(6.28318530718,4.242489839157));
#10159 = VECTOR('',#10160,1.);
#10160 = DIRECTION('',(-1.,0.));
#10161 = ( GEOMETRIC_REPRESENTATION_CONTEXT(2) 
PARAMETRIC_REPRESENTATION_CONTEXT() REPRESENTATION_CONTEXT('2D SPACE',''
  ) );
#10162 = ORIENTED_EDGE('',*,*,#10163,.T.);
#10163 = EDGE_CURVE('',#10131,#10007,#10164,.T.);
#10164 = SURFACE_CURVE('',#10165,(#10169,#10176),.PCURVE_S1.);
#10165 = LINE('',#10166,#10167);
#10166 = CARTESIAN_POINT('',(10.911920087684,0.3,19.257510160843));
#10167 = VECTOR('',#10168,1.);
#10168 = DIRECTION('',(-0.5,0.866025403784,2.372130499909E-32));
#10169 = PCURVE('',#9593,#10170);
#10170 = DEFINITIONAL_REPRESENTATION('',(#10171),#10175);
#10171 = LINE('',#10172,#10173);
#10172 = CARTESIAN_POINT('',(10.911920087684,1.2));
#10173 = VECTOR('',#10174,1.);
#10174 = DIRECTION('',(-0.5,-0.866025403784));
#10175 = ( GEOMETRIC_REPRESENTATION_CONTEXT(2) 
PARAMETRIC_REPRESENTATION_CONTEXT() REPRESENTATION_CONTEXT('2D SPACE',''
  ) );
#10176 = PCURVE('',#10177,#10182);
#10177 = PLANE('',#10178);
#10178 = AXIS2_PLACEMENT_3D('',#10179,#10180,#10181);
#10179 = CARTESIAN_POINT('',(10.911920087684,0.3,23.5));
#10180 = DIRECTION('',(-0.866025403784,-0.5,0.));
#10181 = DIRECTION('',(-0.5,0.866025403784,0.));
#10182 = DEFINITIONAL_REPRESENTATION('',(#10183),#10187);
#10183 = LINE('',#10184,#10185);
#10184 = CARTESIAN_POINT('',(0.,4.242489839157));
#10185 = VECTOR('',#10186,1.);
#10186 = DIRECTION('',(1.,-2.372130499909E-32));
#10187 = ( GEOMETRIC_REPRESENTATION_CONTEXT(2) 
PARAMETRIC_REPRESENTATION_CONTEXT() REPRESENTATION_CONTEXT('2D SPACE',''
  ) );
#10188 = ADVANCED_FACE('',(#10189),#2478,.T.);
#10189 = FACE_BOUND('',#10190,.T.);
#10190 = EDGE_LOOP('',(#10191,#10192,#10193,#10194,#10195,#10196,#10197,
    #10198,#10199,#10200));
#10191 = ORIENTED_EDGE('',*,*,#2729,.F.);
#10192 = ORIENTED_EDGE('',*,*,#7574,.F.);
#10193 = ORIENTED_EDGE('',*,*,#3331,.F.);
#10194 = ORIENTED_EDGE('',*,*,#3302,.F.);
#10195 = ORIENTED_EDGE('',*,*,#3155,.F.);
#10196 = ORIENTED_EDGE('',*,*,#2913,.F.);
#10197 = ORIENTED_EDGE('',*,*,#3108,.F.);
#10198 = ORIENTED_EDGE('',*,*,#2454,.F.);
#10199 = ORIENTED_EDGE('',*,*,#2860,.F.);
#10200 = ORIENTED_EDGE('',*,*,#2831,.F.);
#10201 = ADVANCED_FACE('',(#10202),#1607,.T.);
#10202 = FACE_BOUND('',#10203,.T.);
#10203 = EDGE_LOOP('',(#10204,#10205,#10228,#10250));
#10204 = ORIENTED_EDGE('',*,*,#1592,.F.);
#10205 = ORIENTED_EDGE('',*,*,#10206,.T.);
#10206 = EDGE_CURVE('',#1493,#10207,#10209,.T.);
#10207 = VERTEX_POINT('',#10208);
#10208 = CARTESIAN_POINT('',(-13.07698359714,1.55,20.757510160843));
#10209 = SURFACE_CURVE('',#10210,(#10214,#10221),.PCURVE_S1.);
#10210 = LINE('',#10211,#10212);
#10211 = CARTESIAN_POINT('',(-13.07698359714,1.55,23.5));
#10212 = VECTOR('',#10213,1.);
#10213 = DIRECTION('',(0.,0.,-1.));
#10214 = PCURVE('',#1607,#10215);
#10215 = DEFINITIONAL_REPRESENTATION('',(#10216),#10220);
#10216 = LINE('',#10217,#10218);
#10217 = CARTESIAN_POINT('',(2.094395102393,0.));
#10218 = VECTOR('',#10219,1.);
#10219 = DIRECTION('',(0.,1.));
#10220 = ( GEOMETRIC_REPRESENTATION_CONTEXT(2) 
PARAMETRIC_REPRESENTATION_CONTEXT() REPRESENTATION_CONTEXT('2D SPACE',''
  ) );
#10221 = PCURVE('',#1508,#10222);
#10222 = DEFINITIONAL_REPRESENTATION('',(#10223),#10227);
#10223 = LINE('',#10224,#10225);
#10224 = CARTESIAN_POINT('',(10.392304845413,0.));
#10225 = VECTOR('',#10226,1.);
#10226 = DIRECTION('',(-0.,1.));
#10227 = ( GEOMETRIC_REPRESENTATION_CONTEXT(2) 
PARAMETRIC_REPRESENTATION_CONTEXT() REPRESENTATION_CONTEXT('2D SPACE',''
  ) );
#10228 = ORIENTED_EDGE('',*,*,#10229,.F.);
#10229 = EDGE_CURVE('',#1751,#10207,#10230,.T.);
#10230 = SURFACE_CURVE('',#10231,(#10236,#10243),.PCURVE_S1.);
#10231 = CIRCLE('',#10232,9.1);
#10232 = AXIS2_PLACEMENT_3D('',#10233,#10234,#10235);
#10233 = CARTESIAN_POINT('',(-5.196152422707,-3.,20.757510160843));
#10234 = DIRECTION('',(2.359223927328E-16,-2.775557561563E-17,-1.));
#10235 = DIRECTION('',(1.682156097917E-16,-1.,2.775557561563E-17));
#10236 = PCURVE('',#1607,#10237);
#10237 = DEFINITIONAL_REPRESENTATION('',(#10238),#10242);
#10238 = LINE('',#10239,#10240);
#10239 = CARTESIAN_POINT('',(0.,2.742489839157));
#10240 = VECTOR('',#10241,1.);
#10241 = DIRECTION('',(1.,1.696295830114E-15));
#10242 = ( GEOMETRIC_REPRESENTATION_CONTEXT(2) 
PARAMETRIC_REPRESENTATION_CONTEXT() REPRESENTATION_CONTEXT('2D SPACE',''
  ) );
#10243 = PCURVE('',#1663,#10244);
#10244 = DEFINITIONAL_REPRESENTATION('',(#10245),#10249);
#10245 = CIRCLE('',#10246,9.1);
#10246 = AXIS2_PLACEMENT_2D('',#10247,#10248);
#10247 = CARTESIAN_POINT('',(5.196152422707,-3.));
#10248 = DIRECTION('',(-1.682156097917E-16,-1.));
#10249 = ( GEOMETRIC_REPRESENTATION_CONTEXT(2) 
PARAMETRIC_REPRESENTATION_CONTEXT() REPRESENTATION_CONTEXT('2D SPACE',''
  ) );
#10250 = ORIENTED_EDGE('',*,*,#1750,.F.);
#10251 = ADVANCED_FACE('',(#10252),#1976,.F.);
#10252 = FACE_BOUND('',#10253,.F.);
#10253 = EDGE_LOOP('',(#10254,#10255,#10256,#10257));
#10254 = ORIENTED_EDGE('',*,*,#9492,.T.);
#10255 = ORIENTED_EDGE('',*,*,#8279,.T.);
#10256 = ORIENTED_EDGE('',*,*,#6584,.F.);
#10257 = ORIENTED_EDGE('',*,*,#1961,.T.);
#10258 = ADVANCED_FACE('',(#10259),#1425,.T.);
#10259 = FACE_BOUND('',#10260,.T.);
#10260 = EDGE_LOOP('',(#10261,#10262,#10263,#10287));
#10261 = ORIENTED_EDGE('',*,*,#1408,.F.);
#10262 = ORIENTED_EDGE('',*,*,#1675,.T.);
#10263 = ORIENTED_EDGE('',*,*,#10264,.F.);
#10264 = EDGE_CURVE('',#10265,#1648,#10267,.T.);
#10265 = VERTEX_POINT('',#10266);
#10266 = CARTESIAN_POINT('',(-7.880831174438,10.55,20.757510160843));
#10267 = SURFACE_CURVE('',#10268,(#10273,#10280),.PCURVE_S1.);
#10268 = CIRCLE('',#10269,9.1);
#10269 = AXIS2_PLACEMENT_3D('',#10270,#10271,#10272);
#10270 = CARTESIAN_POINT('',(2.724904008745E-14,6.,20.757510160843));
#10271 = DIRECTION('',(2.359223927328E-16,-2.775557561563E-17,-1.));
#10272 = DIRECTION('',(-0.866025403784,0.5,-2.181925732361E-16));
#10273 = PCURVE('',#1425,#10274);
#10274 = DEFINITIONAL_REPRESENTATION('',(#10275),#10279);
#10275 = LINE('',#10276,#10277);
#10276 = CARTESIAN_POINT('',(0.,2.742489839157));
#10277 = VECTOR('',#10278,1.);
#10278 = DIRECTION('',(1.,-1.696295830114E-15));
#10279 = ( GEOMETRIC_REPRESENTATION_CONTEXT(2) 
PARAMETRIC_REPRESENTATION_CONTEXT() REPRESENTATION_CONTEXT('2D SPACE',''
  ) );
#10280 = PCURVE('',#1663,#10281);
#10281 = DEFINITIONAL_REPRESENTATION('',(#10282),#10286);
#10282 = CIRCLE('',#10283,9.1);
#10283 = AXIS2_PLACEMENT_2D('',#10284,#10285);
#10284 = CARTESIAN_POINT('',(-6.508719749972E-16,6.));
#10285 = DIRECTION('',(0.866025403784,0.5));
#10286 = ( GEOMETRIC_REPRESENTATION_CONTEXT(2) 
PARAMETRIC_REPRESENTATION_CONTEXT() REPRESENTATION_CONTEXT('2D SPACE',''
  ) );
#10287 = ORIENTED_EDGE('',*,*,#10288,.F.);
#10288 = EDGE_CURVE('',#1409,#10265,#10289,.T.);
#10289 = SURFACE_CURVE('',#10290,(#10294,#10301),.PCURVE_S1.);
#10290 = LINE('',#10291,#10292);
#10291 = CARTESIAN_POINT('',(-7.880831174438,10.55,23.5));
#10292 = VECTOR('',#10293,1.);
#10293 = DIRECTION('',(0.,0.,-1.));
#10294 = PCURVE('',#1425,#10295);
#10295 = DEFINITIONAL_REPRESENTATION('',(#10296),#10300);
#10296 = LINE('',#10297,#10298);
#10297 = CARTESIAN_POINT('',(0.,0.));
#10298 = VECTOR('',#10299,1.);
#10299 = DIRECTION('',(0.,1.));
#10300 = ( GEOMETRIC_REPRESENTATION_CONTEXT(2) 
PARAMETRIC_REPRESENTATION_CONTEXT() REPRESENTATION_CONTEXT('2D SPACE',''
  ) );
#10301 = PCURVE('',#1508,#10302);
#10302 = DEFINITIONAL_REPRESENTATION('',(#10303),#10307);
#10303 = LINE('',#10304,#10305);
#10304 = CARTESIAN_POINT('',(0.,0.));
#10305 = VECTOR('',#10306,1.);
#10306 = DIRECTION('',(-0.,1.));
#10307 = ( GEOMETRIC_REPRESENTATION_CONTEXT(2) 
PARAMETRIC_REPRESENTATION_CONTEXT() REPRESENTATION_CONTEXT('2D SPACE',''
  ) );
#10308 = ADVANCED_FACE('',(#10309),#1508,.F.);
#10309 = FACE_BOUND('',#10310,.T.);
#10310 = EDGE_LOOP('',(#10311,#10312,#10313,#10334));
#10311 = ORIENTED_EDGE('',*,*,#1492,.F.);
#10312 = ORIENTED_EDGE('',*,*,#10288,.T.);
#10313 = ORIENTED_EDGE('',*,*,#10314,.F.);
#10314 = EDGE_CURVE('',#10207,#10265,#10315,.T.);
#10315 = SURFACE_CURVE('',#10316,(#10320,#10327),.PCURVE_S1.);
#10316 = LINE('',#10317,#10318);
#10317 = CARTESIAN_POINT('',(-9.179869280115,8.3,20.757510160843));
#10318 = VECTOR('',#10319,1.);
#10319 = DIRECTION('',(0.5,0.866025403784,9.392416278663E-17));
#10320 = PCURVE('',#1508,#10321);
#10321 = DEFINITIONAL_REPRESENTATION('',(#10322),#10326);
#10322 = LINE('',#10323,#10324);
#10323 = CARTESIAN_POINT('',(2.598076211353,2.742489839157));
#10324 = VECTOR('',#10325,1.);
#10325 = DIRECTION('',(-1.,-9.392416278663E-17));
#10326 = ( GEOMETRIC_REPRESENTATION_CONTEXT(2) 
PARAMETRIC_REPRESENTATION_CONTEXT() REPRESENTATION_CONTEXT('2D SPACE',''
  ) );
#10327 = PCURVE('',#1663,#10328);
#10328 = DEFINITIONAL_REPRESENTATION('',(#10329),#10333);
#10329 = LINE('',#10330,#10331);
#10330 = CARTESIAN_POINT('',(9.179869280115,8.3));
#10331 = VECTOR('',#10332,1.);
#10332 = DIRECTION('',(-0.5,0.866025403784));
#10333 = ( GEOMETRIC_REPRESENTATION_CONTEXT(2) 
PARAMETRIC_REPRESENTATION_CONTEXT() REPRESENTATION_CONTEXT('2D SPACE',''
  ) );
#10334 = ORIENTED_EDGE('',*,*,#10206,.F.);
#10335 = ADVANCED_FACE('',(#10336,#10344),#1663,.T.);
#10336 = FACE_BOUND('',#10337,.T.);
#10337 = EDGE_LOOP('',(#10338,#10339,#10340,#10341,#10342,#10343));
#10338 = ORIENTED_EDGE('',*,*,#10264,.T.);
#10339 = ORIENTED_EDGE('',*,*,#1647,.T.);
#10340 = ORIENTED_EDGE('',*,*,#1723,.T.);
#10341 = ORIENTED_EDGE('',*,*,#1773,.T.);
#10342 = ORIENTED_EDGE('',*,*,#10229,.T.);
#10343 = ORIENTED_EDGE('',*,*,#10314,.T.);
#10344 = FACE_BOUND('',#10345,.T.);
#10345 = EDGE_LOOP('',(#10346,#10347,#10348,#10349,#10350,#10351));
#10346 = ORIENTED_EDGE('',*,*,#9519,.T.);
#10347 = ORIENTED_EDGE('',*,*,#9634,.T.);
#10348 = ORIENTED_EDGE('',*,*,#9716,.T.);
#10349 = ORIENTED_EDGE('',*,*,#9792,.T.);
#10350 = ORIENTED_EDGE('',*,*,#9874,.T.);
#10351 = ORIENTED_EDGE('',*,*,#9945,.T.);
#10352 = ADVANCED_FACE('',(#10353),#10367,.T.);
#10353 = FACE_BOUND('',#10354,.T.);
#10354 = EDGE_LOOP('',(#10355,#10390,#10413,#10441));
#10355 = ORIENTED_EDGE('',*,*,#10356,.T.);
#10356 = EDGE_CURVE('',#10357,#10359,#10361,.T.);
#10357 = VERTEX_POINT('',#10358);
#10358 = CARTESIAN_POINT('',(5.888972745734,9.4,23.5));
#10359 = VERTEX_POINT('',#10360);
#10360 = CARTESIAN_POINT('',(5.715767664977,9.3,23.3));
#10361 = SURFACE_CURVE('',#10362,(#10366,#10378),.PCURVE_S1.);
#10362 = LINE('',#10363,#10364);
#10363 = CARTESIAN_POINT('',(5.888972745734,9.4,23.5));
#10364 = VECTOR('',#10365,1.);
#10365 = DIRECTION('',(-0.612372435696,-0.353553390593,-0.707106781187)
  );
#10366 = PCURVE('',#10367,#10372);
#10367 = PLANE('',#10368);
#10368 = AXIS2_PLACEMENT_3D('',#10369,#10370,#10371);
#10369 = CARTESIAN_POINT('',(9.699484522386,2.6,23.4));
#10370 = DIRECTION('',(-0.612372435696,-0.353553390593,0.707106781187));
#10371 = DIRECTION('',(0.755928946018,3.292724216573E-16,0.654653670708)
  );
#10372 = DEFINITIONAL_REPRESENTATION('',(#10373),#10377);
#10373 = LINE('',#10374,#10375);
#10374 = CARTESIAN_POINT('',(-2.815010784044,7.269505780018));
#10375 = VECTOR('',#10376,1.);
#10376 = DIRECTION('',(-0.925820099773,-0.377964473009));
#10377 = ( GEOMETRIC_REPRESENTATION_CONTEXT(2) 
PARAMETRIC_REPRESENTATION_CONTEXT() REPRESENTATION_CONTEXT('2D SPACE',''
  ) );
#10378 = PCURVE('',#10379,#10384);
#10379 = CONICAL_SURFACE('',#10380,6.7,0.785398163397);
#10380 = AXIS2_PLACEMENT_3D('',#10381,#10382,#10383);
#10381 = CARTESIAN_POINT('',(2.724904008745E-14,6.,23.4));
#10382 = DIRECTION('',(0.,0.,1.));
#10383 = DIRECTION('',(-0.866025403784,0.5,0.));
#10384 = DEFINITIONAL_REPRESENTATION('',(#10385),#10389);
#10385 = LINE('',#10386,#10387);
#10386 = CARTESIAN_POINT('',(4.188790204786,0.1));
#10387 = VECTOR('',#10388,1.);
#10388 = DIRECTION('',(0.,-1.));
#10389 = ( GEOMETRIC_REPRESENTATION_CONTEXT(2) 
PARAMETRIC_REPRESENTATION_CONTEXT() REPRESENTATION_CONTEXT('2D SPACE',''
  ) );
#10390 = ORIENTED_EDGE('',*,*,#10391,.T.);
#10391 = EDGE_CURVE('',#10359,#10392,#10394,.T.);
#10392 = VERTEX_POINT('',#10393);
#10393 = CARTESIAN_POINT('',(10.911920087684,0.3,23.3));
#10394 = SURFACE_CURVE('',#10395,(#10399,#10406),.PCURVE_S1.);
#10395 = LINE('',#10396,#10397);
#10396 = CARTESIAN_POINT('',(9.612881982007,2.55,23.3));
#10397 = VECTOR('',#10398,1.);
#10398 = DIRECTION('',(0.5,-0.866025403784,0.));
#10399 = PCURVE('',#10367,#10400);
#10400 = DEFINITIONAL_REPRESENTATION('',(#10401),#10405);
#10401 = LINE('',#10402,#10403);
#10402 = CARTESIAN_POINT('',(-0.130930734142,-5.345224838249E-02));
#10403 = VECTOR('',#10404,1.);
#10404 = DIRECTION('',(0.377964473009,-0.925820099773));
#10405 = ( GEOMETRIC_REPRESENTATION_CONTEXT(2) 
PARAMETRIC_REPRESENTATION_CONTEXT() REPRESENTATION_CONTEXT('2D SPACE',''
  ) );
#10406 = PCURVE('',#10177,#10407);
#10407 = DEFINITIONAL_REPRESENTATION('',(#10408),#10412);
#10408 = LINE('',#10409,#10410);
#10409 = CARTESIAN_POINT('',(2.598076211353,0.2));
#10410 = VECTOR('',#10411,1.);
#10411 = DIRECTION('',(-1.,-0.));
#10412 = ( GEOMETRIC_REPRESENTATION_CONTEXT(2) 
PARAMETRIC_REPRESENTATION_CONTEXT() REPRESENTATION_CONTEXT('2D SPACE',''
  ) );
#10413 = ORIENTED_EDGE('',*,*,#10414,.T.);
#10414 = EDGE_CURVE('',#10392,#10415,#10417,.T.);
#10415 = VERTEX_POINT('',#10416);
#10416 = CARTESIAN_POINT('',(11.085125168441,0.4,23.5));
#10417 = SURFACE_CURVE('',#10418,(#10422,#10429),.PCURVE_S1.);
#10418 = LINE('',#10419,#10420);
#10419 = CARTESIAN_POINT('',(10.911920087684,0.3,23.3));
#10420 = VECTOR('',#10421,1.);
#10421 = DIRECTION('',(0.612372435696,0.353553390593,0.707106781187));
#10422 = PCURVE('',#10367,#10423);
#10423 = DEFINITIONAL_REPRESENTATION('',(#10424),#10428);
#10424 = LINE('',#10425,#10426);
#10425 = CARTESIAN_POINT('',(0.85104977192,-2.458803425594));
#10426 = VECTOR('',#10427,1.);
#10427 = DIRECTION('',(0.925820099773,0.377964473009));
#10428 = ( GEOMETRIC_REPRESENTATION_CONTEXT(2) 
PARAMETRIC_REPRESENTATION_CONTEXT() REPRESENTATION_CONTEXT('2D SPACE',''
  ) );
#10429 = PCURVE('',#10430,#10435);
#10430 = CONICAL_SURFACE('',#10431,6.7,0.785398163397);
#10431 = AXIS2_PLACEMENT_3D('',#10432,#10433,#10434);
#10432 = CARTESIAN_POINT('',(5.196152422707,-3.,23.4));
#10433 = DIRECTION('',(0.,0.,1.));
#10434 = DIRECTION('',(0.866025403784,0.5,-0.));
#10435 = DEFINITIONAL_REPRESENTATION('',(#10436),#10440);
#10436 = LINE('',#10437,#10438);
#10437 = CARTESIAN_POINT('',(6.28318530718,-0.1));
#10438 = VECTOR('',#10439,1.);
#10439 = DIRECTION('',(0.,1.));
#10440 = ( GEOMETRIC_REPRESENTATION_CONTEXT(2) 
PARAMETRIC_REPRESENTATION_CONTEXT() REPRESENTATION_CONTEXT('2D SPACE',''
  ) );
#10441 = ORIENTED_EDGE('',*,*,#10442,.T.);
#10442 = EDGE_CURVE('',#10415,#10357,#10443,.T.);
#10443 = SURFACE_CURVE('',#10444,(#10448,#10455),.PCURVE_S1.);
#10444 = LINE('',#10445,#10446);
#10445 = CARTESIAN_POINT('',(9.786087062764,2.65,23.5));
#10446 = VECTOR('',#10447,1.);
#10447 = DIRECTION('',(-0.5,0.866025403784,0.));
#10448 = PCURVE('',#10367,#10449);
#10449 = DEFINITIONAL_REPRESENTATION('',(#10450),#10454);
#10450 = LINE('',#10451,#10452);
#10451 = CARTESIAN_POINT('',(0.130930734142,5.345224838249E-02));
#10452 = VECTOR('',#10453,1.);
#10453 = DIRECTION('',(-0.377964473009,0.925820099773));
#10454 = ( GEOMETRIC_REPRESENTATION_CONTEXT(2) 
PARAMETRIC_REPRESENTATION_CONTEXT() REPRESENTATION_CONTEXT('2D SPACE',''
  ) );
#10455 = PCURVE('',#8020,#10456);
#10456 = DEFINITIONAL_REPRESENTATION('',(#10457),#10461);
#10457 = LINE('',#10458,#10459);
#10458 = CARTESIAN_POINT('',(9.786087062764,-2.65));
#10459 = VECTOR('',#10460,1.);
#10460 = DIRECTION('',(-0.5,-0.866025403784));
#10461 = ( GEOMETRIC_REPRESENTATION_CONTEXT(2) 
PARAMETRIC_REPRESENTATION_CONTEXT() REPRESENTATION_CONTEXT('2D SPACE',''
  ) );
#10462 = ADVANCED_FACE('',(#10463),#10379,.F.);
#10463 = FACE_BOUND('',#10464,.F.);
#10464 = EDGE_LOOP('',(#10465,#10493,#10494,#10518));
#10465 = ORIENTED_EDGE('',*,*,#10466,.F.);
#10466 = EDGE_CURVE('',#10357,#10467,#10469,.T.);
#10467 = VERTEX_POINT('',#10468);
#10468 = CARTESIAN_POINT('',(-5.888972745734,9.4,23.5));
#10469 = SURFACE_CURVE('',#10470,(#10475,#10482),.PCURVE_S1.);
#10470 = CIRCLE('',#10471,6.8);
#10471 = AXIS2_PLACEMENT_3D('',#10472,#10473,#10474);
#10472 = CARTESIAN_POINT('',(2.724904008745E-14,6.,23.5));
#10473 = DIRECTION('',(0.,0.,1.));
#10474 = DIRECTION('',(-0.866025403784,0.5,0.));
#10475 = PCURVE('',#10379,#10476);
#10476 = DEFINITIONAL_REPRESENTATION('',(#10477),#10481);
#10477 = LINE('',#10478,#10479);
#10478 = CARTESIAN_POINT('',(0.,1.E-01));
#10479 = VECTOR('',#10480,1.);
#10480 = DIRECTION('',(1.,2.155283792231E-16));
#10481 = ( GEOMETRIC_REPRESENTATION_CONTEXT(2) 
PARAMETRIC_REPRESENTATION_CONTEXT() REPRESENTATION_CONTEXT('2D SPACE',''
  ) );
#10482 = PCURVE('',#8020,#10483);
#10483 = DEFINITIONAL_REPRESENTATION('',(#10484),#10492);
#10484 = ( BOUNDED_CURVE() B_SPLINE_CURVE(2,(#10485,#10486,#10487,#10488
    ,#10489,#10490,#10491),.UNSPECIFIED.,.T.,.F.) 
B_SPLINE_CURVE_WITH_KNOTS((1,2,2,2,2,1),(-2.094395102393,0.,
    2.094395102393,4.188790204786,6.28318530718,8.377580409573),
.UNSPECIFIED.) CURVE() GEOMETRIC_REPRESENTATION_ITEM() 
RATIONAL_B_SPLINE_CURVE((1.,0.5,1.,0.5,1.,0.5,1.)) REPRESENTATION_ITEM(
  '') );
#10485 = CARTESIAN_POINT('',(-5.888972745734,-9.4));
#10486 = CARTESIAN_POINT('',(-11.77794549146,0.8));
#10487 = CARTESIAN_POINT('',(-8.63114844416E-15,0.8));
#10488 = CARTESIAN_POINT('',(11.777945491468,0.8));
#10489 = CARTESIAN_POINT('',(5.888972745734,-9.4));
#10490 = CARTESIAN_POINT('',(2.688420346835E-14,-19.6));
#10491 = CARTESIAN_POINT('',(-5.888972745734,-9.4));
#10492 = ( GEOMETRIC_REPRESENTATION_CONTEXT(2) 
PARAMETRIC_REPRESENTATION_CONTEXT() REPRESENTATION_CONTEXT('2D SPACE',''
  ) );
#10493 = ORIENTED_EDGE('',*,*,#10356,.T.);
#10494 = ORIENTED_EDGE('',*,*,#10495,.F.);
#10495 = EDGE_CURVE('',#10496,#10359,#10498,.T.);
#10496 = VERTEX_POINT('',#10497);
#10497 = CARTESIAN_POINT('',(-5.715767664977,9.3,23.3));
#10498 = SURFACE_CURVE('',#10499,(#10504,#10511),.PCURVE_S1.);
#10499 = CIRCLE('',#10500,6.6);
#10500 = AXIS2_PLACEMENT_3D('',#10501,#10502,#10503);
#10501 = CARTESIAN_POINT('',(2.724904008745E-14,6.,23.3));
#10502 = DIRECTION('',(0.,0.,-1.));
#10503 = DIRECTION('',(-0.866025403784,0.5,0.));
#10504 = PCURVE('',#10379,#10505);
#10505 = DEFINITIONAL_REPRESENTATION('',(#10506),#10510);
#10506 = LINE('',#10507,#10508);
#10507 = CARTESIAN_POINT('',(6.28318530718,-1.E-01));
#10508 = VECTOR('',#10509,1.);
#10509 = DIRECTION('',(-1.,0.));
#10510 = ( GEOMETRIC_REPRESENTATION_CONTEXT(2) 
PARAMETRIC_REPRESENTATION_CONTEXT() REPRESENTATION_CONTEXT('2D SPACE',''
  ) );
#10511 = PCURVE('',#10029,#10512);
#10512 = DEFINITIONAL_REPRESENTATION('',(#10513),#10517);
#10513 = LINE('',#10514,#10515);
#10514 = CARTESIAN_POINT('',(0.,0.2));
#10515 = VECTOR('',#10516,1.);
#10516 = DIRECTION('',(1.,0.));
#10517 = ( GEOMETRIC_REPRESENTATION_CONTEXT(2) 
PARAMETRIC_REPRESENTATION_CONTEXT() REPRESENTATION_CONTEXT('2D SPACE',''
  ) );
#10518 = ORIENTED_EDGE('',*,*,#10519,.F.);
#10519 = EDGE_CURVE('',#10467,#10496,#10520,.T.);
#10520 = SURFACE_CURVE('',#10521,(#10525,#10532),.PCURVE_S1.);
#10521 = LINE('',#10522,#10523);
#10522 = CARTESIAN_POINT('',(-5.888972745734,9.4,23.5));
#10523 = VECTOR('',#10524,1.);
#10524 = DIRECTION('',(0.612372435696,-0.353553390593,-0.707106781187));
#10525 = PCURVE('',#10379,#10526);
#10526 = DEFINITIONAL_REPRESENTATION('',(#10527),#10531);
#10527 = LINE('',#10528,#10529);
#10528 = CARTESIAN_POINT('',(6.28318530718,0.1));
#10529 = VECTOR('',#10530,1.);
#10530 = DIRECTION('',(0.,-1.));
#10531 = ( GEOMETRIC_REPRESENTATION_CONTEXT(2) 
PARAMETRIC_REPRESENTATION_CONTEXT() REPRESENTATION_CONTEXT('2D SPACE',''
  ) );
#10532 = PCURVE('',#10533,#10538);
#10533 = PLANE('',#10534);
#10534 = AXIS2_PLACEMENT_3D('',#10535,#10536,#10537);
#10535 = CARTESIAN_POINT('',(-7.101408311032,7.1,23.4));
#10536 = DIRECTION('',(0.612372435696,-0.353553390593,0.707106781187));
#10537 = DIRECTION('',(0.755928946018,-1.86097772874E-16,-0.654653670708
    ));
#10538 = DEFINITIONAL_REPRESENTATION('',(#10539),#10543);
#10539 = LINE('',#10540,#10541);
#10540 = CARTESIAN_POINT('',(0.85104977192,2.458803425594));
#10541 = VECTOR('',#10542,1.);
#10542 = DIRECTION('',(0.925820099773,-0.377964473009));
#10543 = ( GEOMETRIC_REPRESENTATION_CONTEXT(2) 
PARAMETRIC_REPRESENTATION_CONTEXT() REPRESENTATION_CONTEXT('2D SPACE',''
  ) );
#10544 = ADVANCED_FACE('',(#10545),#10533,.T.);
#10545 = FACE_BOUND('',#10546,.T.);
#10546 = EDGE_LOOP('',(#10547,#10577,#10598,#10599));
#10547 = ORIENTED_EDGE('',*,*,#10548,.T.);
#10548 = EDGE_CURVE('',#10549,#10551,#10553,.T.);
#10549 = VERTEX_POINT('',#10550);
#10550 = CARTESIAN_POINT('',(-11.08512516844,0.4,23.5));
#10551 = VERTEX_POINT('',#10552);
#10552 = CARTESIAN_POINT('',(-10.91192008768,0.3,23.3));
#10553 = SURFACE_CURVE('',#10554,(#10558,#10565),.PCURVE_S1.);
#10554 = LINE('',#10555,#10556);
#10555 = CARTESIAN_POINT('',(-11.08512516844,0.4,23.5));
#10556 = VECTOR('',#10557,1.);
#10557 = DIRECTION('',(0.612372435696,-0.353553390593,-0.707106781187));
#10558 = PCURVE('',#10533,#10559);
#10559 = DEFINITIONAL_REPRESENTATION('',(#10560),#10564);
#10560 = LINE('',#10561,#10562);
#10561 = CARTESIAN_POINT('',(-3.076872252328,-7.162601283253));
#10562 = VECTOR('',#10563,1.);
#10563 = DIRECTION('',(0.925820099773,-0.377964473009));
#10564 = ( GEOMETRIC_REPRESENTATION_CONTEXT(2) 
PARAMETRIC_REPRESENTATION_CONTEXT() REPRESENTATION_CONTEXT('2D SPACE',''
  ) );
#10565 = PCURVE('',#10566,#10571);
#10566 = CONICAL_SURFACE('',#10567,6.7,0.785398163397);
#10567 = AXIS2_PLACEMENT_3D('',#10568,#10569,#10570);
#10568 = CARTESIAN_POINT('',(-5.196152422707,-3.,23.4));
#10569 = DIRECTION('',(0.,0.,1.));
#10570 = DIRECTION('',(1.682156097917E-16,-1.,0.));
#10571 = DEFINITIONAL_REPRESENTATION('',(#10572),#10576);
#10572 = LINE('',#10573,#10574);
#10573 = CARTESIAN_POINT('',(4.188790204786,0.1));
#10574 = VECTOR('',#10575,1.);
#10575 = DIRECTION('',(0.,-1.));
#10576 = ( GEOMETRIC_REPRESENTATION_CONTEXT(2) 
PARAMETRIC_REPRESENTATION_CONTEXT() REPRESENTATION_CONTEXT('2D SPACE',''
  ) );
#10577 = ORIENTED_EDGE('',*,*,#10578,.T.);
#10578 = EDGE_CURVE('',#10551,#10496,#10579,.T.);
#10579 = SURFACE_CURVE('',#10580,(#10584,#10591),.PCURVE_S1.);
#10580 = LINE('',#10581,#10582);
#10581 = CARTESIAN_POINT('',(-7.014805770654,7.05,23.3));
#10582 = VECTOR('',#10583,1.);
#10583 = DIRECTION('',(0.5,0.866025403784,0.));
#10584 = PCURVE('',#10533,#10585);
#10585 = DEFINITIONAL_REPRESENTATION('',(#10586),#10590);
#10586 = LINE('',#10587,#10588);
#10587 = CARTESIAN_POINT('',(0.130930734142,-5.345224838249E-02));
#10588 = VECTOR('',#10589,1.);
#10589 = DIRECTION('',(0.377964473009,0.925820099773));
#10590 = ( GEOMETRIC_REPRESENTATION_CONTEXT(2) 
PARAMETRIC_REPRESENTATION_CONTEXT() REPRESENTATION_CONTEXT('2D SPACE',''
  ) );
#10591 = PCURVE('',#10057,#10592);
#10592 = DEFINITIONAL_REPRESENTATION('',(#10593),#10597);
#10593 = LINE('',#10594,#10595);
#10594 = CARTESIAN_POINT('',(2.598076211353,0.2));
#10595 = VECTOR('',#10596,1.);
#10596 = DIRECTION('',(-1.,0.));
#10597 = ( GEOMETRIC_REPRESENTATION_CONTEXT(2) 
PARAMETRIC_REPRESENTATION_CONTEXT() REPRESENTATION_CONTEXT('2D SPACE',''
  ) );
#10598 = ORIENTED_EDGE('',*,*,#10519,.F.);
#10599 = ORIENTED_EDGE('',*,*,#10600,.T.);
#10600 = EDGE_CURVE('',#10467,#10549,#10601,.T.);
#10601 = SURFACE_CURVE('',#10602,(#10606,#10613),.PCURVE_S1.);
#10602 = LINE('',#10603,#10604);
#10603 = CARTESIAN_POINT('',(-7.188010851411,7.15,23.5));
#10604 = VECTOR('',#10605,1.);
#10605 = DIRECTION('',(-0.5,-0.866025403784,0.));
#10606 = PCURVE('',#10533,#10607);
#10607 = DEFINITIONAL_REPRESENTATION('',(#10608),#10612);
#10608 = LINE('',#10609,#10610);
#10609 = CARTESIAN_POINT('',(-0.130930734142,5.345224838248E-02));
#10610 = VECTOR('',#10611,1.);
#10611 = DIRECTION('',(-0.377964473009,-0.925820099773));
#10612 = ( GEOMETRIC_REPRESENTATION_CONTEXT(2) 
PARAMETRIC_REPRESENTATION_CONTEXT() REPRESENTATION_CONTEXT('2D SPACE',''
  ) );
#10613 = PCURVE('',#8020,#10614);
#10614 = DEFINITIONAL_REPRESENTATION('',(#10615),#10619);
#10615 = LINE('',#10616,#10617);
#10616 = CARTESIAN_POINT('',(-7.188010851411,-7.15));
#10617 = VECTOR('',#10618,1.);
#10618 = DIRECTION('',(-0.5,0.866025403784));
#10619 = ( GEOMETRIC_REPRESENTATION_CONTEXT(2) 
PARAMETRIC_REPRESENTATION_CONTEXT() REPRESENTATION_CONTEXT('2D SPACE',''
  ) );
#10620 = ADVANCED_FACE('',(#10621),#10566,.F.);
#10621 = FACE_BOUND('',#10622,.F.);
#10622 = EDGE_LOOP('',(#10623,#10651,#10652,#10676));
#10623 = ORIENTED_EDGE('',*,*,#10624,.F.);
#10624 = EDGE_CURVE('',#10549,#10625,#10627,.T.);
#10625 = VERTEX_POINT('',#10626);
#10626 = CARTESIAN_POINT('',(-5.196152422707,-9.8,23.5));
#10627 = SURFACE_CURVE('',#10628,(#10633,#10640),.PCURVE_S1.);
#10628 = CIRCLE('',#10629,6.8);
#10629 = AXIS2_PLACEMENT_3D('',#10630,#10631,#10632);
#10630 = CARTESIAN_POINT('',(-5.196152422707,-3.,23.5));
#10631 = DIRECTION('',(0.,0.,1.));
#10632 = DIRECTION('',(1.682156097917E-16,-1.,0.));
#10633 = PCURVE('',#10566,#10634);
#10634 = DEFINITIONAL_REPRESENTATION('',(#10635),#10639);
#10635 = LINE('',#10636,#10637);
#10636 = CARTESIAN_POINT('',(0.,0.1));
#10637 = VECTOR('',#10638,1.);
#10638 = DIRECTION('',(1.,0.));
#10639 = ( GEOMETRIC_REPRESENTATION_CONTEXT(2) 
PARAMETRIC_REPRESENTATION_CONTEXT() REPRESENTATION_CONTEXT('2D SPACE',''
  ) );
#10640 = PCURVE('',#8020,#10641);
#10641 = DEFINITIONAL_REPRESENTATION('',(#10642),#10650);
#10642 = ( BOUNDED_CURVE() B_SPLINE_CURVE(2,(#10643,#10644,#10645,#10646
    ,#10647,#10648,#10649),.UNSPECIFIED.,.T.,.F.) 
B_SPLINE_CURVE_WITH_KNOTS((1,2,2,2,2,1),(-2.094395102393,0.,
    2.094395102393,4.188790204786,6.28318530718,8.377580409573),
.UNSPECIFIED.) CURVE() GEOMETRIC_REPRESENTATION_ITEM() 
RATIONAL_B_SPLINE_CURVE((1.,0.5,1.,0.5,1.,0.5,1.)) REPRESENTATION_ITEM(
  '') );
#10643 = CARTESIAN_POINT('',(-5.196152422707,9.8));
#10644 = CARTESIAN_POINT('',(6.581793068762,9.8));
#10645 = CARTESIAN_POINT('',(0.692820323028,-0.4));
#10646 = CARTESIAN_POINT('',(-5.196152422707,-10.6));
#10647 = CARTESIAN_POINT('',(-11.08512516844,-0.4));
#10648 = CARTESIAN_POINT('',(-16.97409791417,9.8));
#10649 = CARTESIAN_POINT('',(-5.196152422707,9.8));
#10650 = ( GEOMETRIC_REPRESENTATION_CONTEXT(2) 
PARAMETRIC_REPRESENTATION_CONTEXT() REPRESENTATION_CONTEXT('2D SPACE',''
  ) );
#10651 = ORIENTED_EDGE('',*,*,#10548,.T.);
#10652 = ORIENTED_EDGE('',*,*,#10653,.F.);
#10653 = EDGE_CURVE('',#10654,#10551,#10656,.T.);
#10654 = VERTEX_POINT('',#10655);
#10655 = CARTESIAN_POINT('',(-5.196152422707,-9.6,23.3));
#10656 = SURFACE_CURVE('',#10657,(#10662,#10669),.PCURVE_S1.);
#10657 = CIRCLE('',#10658,6.6);
#10658 = AXIS2_PLACEMENT_3D('',#10659,#10660,#10661);
#10659 = CARTESIAN_POINT('',(-5.196152422707,-3.,23.3));
#10660 = DIRECTION('',(0.,0.,-1.));
#10661 = DIRECTION('',(1.682156097917E-16,-1.,0.));
#10662 = PCURVE('',#10566,#10663);
#10663 = DEFINITIONAL_REPRESENTATION('',(#10664),#10668);
#10664 = LINE('',#10665,#10666);
#10665 = CARTESIAN_POINT('',(6.28318530718,-0.1));
#10666 = VECTOR('',#10667,1.);
#10667 = DIRECTION('',(-1.,-4.310567584462E-16));
#10668 = ( GEOMETRIC_REPRESENTATION_CONTEXT(2) 
PARAMETRIC_REPRESENTATION_CONTEXT() REPRESENTATION_CONTEXT('2D SPACE',''
  ) );
#10669 = PCURVE('',#10090,#10670);
#10670 = DEFINITIONAL_REPRESENTATION('',(#10671),#10675);
#10671 = LINE('',#10672,#10673);
#10672 = CARTESIAN_POINT('',(0.,0.2));
#10673 = VECTOR('',#10674,1.);
#10674 = DIRECTION('',(1.,0.));
#10675 = ( GEOMETRIC_REPRESENTATION_CONTEXT(2) 
PARAMETRIC_REPRESENTATION_CONTEXT() REPRESENTATION_CONTEXT('2D SPACE',''
  ) );
#10676 = ORIENTED_EDGE('',*,*,#10677,.F.);
#10677 = EDGE_CURVE('',#10625,#10654,#10678,.T.);
#10678 = SURFACE_CURVE('',#10679,(#10683,#10690),.PCURVE_S1.);
#10679 = LINE('',#10680,#10681);
#10680 = CARTESIAN_POINT('',(-5.196152422707,-9.8,23.5));
#10681 = VECTOR('',#10682,1.);
#10682 = DIRECTION('',(0.,0.707106781187,-0.707106781187));
#10683 = PCURVE('',#10566,#10684);
#10684 = DEFINITIONAL_REPRESENTATION('',(#10685),#10689);
#10685 = LINE('',#10686,#10687);
#10686 = CARTESIAN_POINT('',(6.28318530718,1.E-01));
#10687 = VECTOR('',#10688,1.);
#10688 = DIRECTION('',(0.,-1.));
#10689 = ( GEOMETRIC_REPRESENTATION_CONTEXT(2) 
PARAMETRIC_REPRESENTATION_CONTEXT() REPRESENTATION_CONTEXT('2D SPACE',''
  ) );
#10690 = PCURVE('',#10691,#10696);
#10691 = PLANE('',#10692);
#10692 = AXIS2_PLACEMENT_3D('',#10693,#10694,#10695);
#10693 = CARTESIAN_POINT('',(-2.598076211353,-9.7,23.4));
#10694 = DIRECTION('',(-7.554110863947E-17,0.707106781187,0.707106781187
    ));
#10695 = DIRECTION('',(1.,1.62818422704E-31,1.068312603546E-16));
#10696 = DEFINITIONAL_REPRESENTATION('',(#10697),#10701);
#10697 = LINE('',#10698,#10699);
#10698 = CARTESIAN_POINT('',(-2.598076211353,-0.141421356237));
#10699 = VECTOR('',#10700,1.);
#10700 = DIRECTION('',(-7.554110863947E-17,1.));
#10701 = ( GEOMETRIC_REPRESENTATION_CONTEXT(2) 
PARAMETRIC_REPRESENTATION_CONTEXT() REPRESENTATION_CONTEXT('2D SPACE',''
  ) );
#10702 = ADVANCED_FACE('',(#10703),#10691,.T.);
#10703 = FACE_BOUND('',#10704,.T.);
#10704 = EDGE_LOOP('',(#10705,#10730,#10751,#10752));
#10705 = ORIENTED_EDGE('',*,*,#10706,.T.);
#10706 = EDGE_CURVE('',#10707,#10709,#10711,.T.);
#10707 = VERTEX_POINT('',#10708);
#10708 = CARTESIAN_POINT('',(5.196152422707,-9.8,23.5));
#10709 = VERTEX_POINT('',#10710);
#10710 = CARTESIAN_POINT('',(5.196152422707,-9.6,23.3));
#10711 = SURFACE_CURVE('',#10712,(#10716,#10723),.PCURVE_S1.);
#10712 = LINE('',#10713,#10714);
#10713 = CARTESIAN_POINT('',(5.196152422707,-9.8,23.5));
#10714 = VECTOR('',#10715,1.);
#10715 = DIRECTION('',(0.,0.707106781187,-0.707106781187));
#10716 = PCURVE('',#10691,#10717);
#10717 = DEFINITIONAL_REPRESENTATION('',(#10718),#10722);
#10718 = LINE('',#10719,#10720);
#10719 = CARTESIAN_POINT('',(7.79422863406,-0.141421356237));
#10720 = VECTOR('',#10721,1.);
#10721 = DIRECTION('',(-7.554110863947E-17,1.));
#10722 = ( GEOMETRIC_REPRESENTATION_CONTEXT(2) 
PARAMETRIC_REPRESENTATION_CONTEXT() REPRESENTATION_CONTEXT('2D SPACE',''
  ) );
#10723 = PCURVE('',#10430,#10724);
#10724 = DEFINITIONAL_REPRESENTATION('',(#10725),#10729);
#10725 = LINE('',#10726,#10727);
#10726 = CARTESIAN_POINT('',(4.188790204786,0.1));
#10727 = VECTOR('',#10728,1.);
#10728 = DIRECTION('',(0.,-1.));
#10729 = ( GEOMETRIC_REPRESENTATION_CONTEXT(2) 
PARAMETRIC_REPRESENTATION_CONTEXT() REPRESENTATION_CONTEXT('2D SPACE',''
  ) );
#10730 = ORIENTED_EDGE('',*,*,#10731,.T.);
#10731 = EDGE_CURVE('',#10709,#10654,#10732,.T.);
#10732 = SURFACE_CURVE('',#10733,(#10737,#10744),.PCURVE_S1.);
#10733 = LINE('',#10734,#10735);
#10734 = CARTESIAN_POINT('',(-2.598076211353,-9.6,23.3));
#10735 = VECTOR('',#10736,1.);
#10736 = DIRECTION('',(-1.,-1.068312603546E-16,0.));
#10737 = PCURVE('',#10691,#10738);
#10738 = DEFINITIONAL_REPRESENTATION('',(#10739),#10743);
#10739 = LINE('',#10740,#10741);
#10740 = CARTESIAN_POINT('',(-1.068312603546E-17,0.141421356237));
#10741 = VECTOR('',#10742,1.);
#10742 = DIRECTION('',(-1.,-1.510822172789E-16));
#10743 = ( GEOMETRIC_REPRESENTATION_CONTEXT(2) 
PARAMETRIC_REPRESENTATION_CONTEXT() REPRESENTATION_CONTEXT('2D SPACE',''
  ) );
#10744 = PCURVE('',#10118,#10745);
#10745 = DEFINITIONAL_REPRESENTATION('',(#10746),#10750);
#10746 = LINE('',#10747,#10748);
#10747 = CARTESIAN_POINT('',(2.598076211353,0.2));
#10748 = VECTOR('',#10749,1.);
#10749 = DIRECTION('',(-1.,-0.));
#10750 = ( GEOMETRIC_REPRESENTATION_CONTEXT(2) 
PARAMETRIC_REPRESENTATION_CONTEXT() REPRESENTATION_CONTEXT('2D SPACE',''
  ) );
#10751 = ORIENTED_EDGE('',*,*,#10677,.F.);
#10752 = ORIENTED_EDGE('',*,*,#10753,.T.);
#10753 = EDGE_CURVE('',#10625,#10707,#10754,.T.);
#10754 = SURFACE_CURVE('',#10755,(#10759,#10766),.PCURVE_S1.);
#10755 = LINE('',#10756,#10757);
#10756 = CARTESIAN_POINT('',(-2.598076211353,-9.8,23.5));
#10757 = VECTOR('',#10758,1.);
#10758 = DIRECTION('',(1.,1.068312603546E-16,0.));
#10759 = PCURVE('',#10691,#10760);
#10760 = DEFINITIONAL_REPRESENTATION('',(#10761),#10765);
#10761 = LINE('',#10762,#10763);
#10762 = CARTESIAN_POINT('',(1.068312603546E-17,-0.141421356237));
#10763 = VECTOR('',#10764,1.);
#10764 = DIRECTION('',(1.,1.510822172789E-16));
#10765 = ( GEOMETRIC_REPRESENTATION_CONTEXT(2) 
PARAMETRIC_REPRESENTATION_CONTEXT() REPRESENTATION_CONTEXT('2D SPACE',''
  ) );
#10766 = PCURVE('',#8020,#10767);
#10767 = DEFINITIONAL_REPRESENTATION('',(#10768),#10772);
#10768 = LINE('',#10769,#10770);
#10769 = CARTESIAN_POINT('',(-2.598076211353,9.8));
#10770 = VECTOR('',#10771,1.);
#10771 = DIRECTION('',(1.,-1.068312603546E-16));
#10772 = ( GEOMETRIC_REPRESENTATION_CONTEXT(2) 
PARAMETRIC_REPRESENTATION_CONTEXT() REPRESENTATION_CONTEXT('2D SPACE',''
  ) );
#10773 = ADVANCED_FACE('',(#10774),#10430,.F.);
#10774 = FACE_BOUND('',#10775,.F.);
#10775 = EDGE_LOOP('',(#10776,#10802,#10803,#10825));
#10776 = ORIENTED_EDGE('',*,*,#10777,.F.);
#10777 = EDGE_CURVE('',#10707,#10415,#10778,.T.);
#10778 = SURFACE_CURVE('',#10779,(#10784,#10791),.PCURVE_S1.);
#10779 = CIRCLE('',#10780,6.8);
#10780 = AXIS2_PLACEMENT_3D('',#10781,#10782,#10783);
#10781 = CARTESIAN_POINT('',(5.196152422707,-3.,23.5));
#10782 = DIRECTION('',(0.,0.,1.));
#10783 = DIRECTION('',(0.866025403784,0.5,-0.));
#10784 = PCURVE('',#10430,#10785);
#10785 = DEFINITIONAL_REPRESENTATION('',(#10786),#10790);
#10786 = LINE('',#10787,#10788);
#10787 = CARTESIAN_POINT('',(0.,0.1));
#10788 = VECTOR('',#10789,1.);
#10789 = DIRECTION('',(1.,-2.155283792231E-16));
#10790 = ( GEOMETRIC_REPRESENTATION_CONTEXT(2) 
PARAMETRIC_REPRESENTATION_CONTEXT() REPRESENTATION_CONTEXT('2D SPACE',''
  ) );
#10791 = PCURVE('',#8020,#10792);
#10792 = DEFINITIONAL_REPRESENTATION('',(#10793),#10801);
#10793 = ( BOUNDED_CURVE() B_SPLINE_CURVE(2,(#10794,#10795,#10796,#10797
    ,#10798,#10799,#10800),.UNSPECIFIED.,.T.,.F.) 
B_SPLINE_CURVE_WITH_KNOTS((1,2,2,2,2,1),(-2.094395102393,0.,
    2.094395102393,4.188790204786,6.28318530718,8.377580409573),
.UNSPECIFIED.) CURVE() GEOMETRIC_REPRESENTATION_ITEM() 
RATIONAL_B_SPLINE_CURVE((1.,0.5,1.,0.5,1.,0.5,1.)) REPRESENTATION_ITEM(
  '') );
#10794 = CARTESIAN_POINT('',(11.085125168441,-0.4));
#10795 = CARTESIAN_POINT('',(5.196152422707,-10.6));
#10796 = CARTESIAN_POINT('',(-0.692820323028,-0.4));
#10797 = CARTESIAN_POINT('',(-6.581793068762,9.8));
#10798 = CARTESIAN_POINT('',(5.196152422707,9.8));
#10799 = CARTESIAN_POINT('',(16.974097914175,9.8));
#10800 = CARTESIAN_POINT('',(11.085125168441,-0.4));
#10801 = ( GEOMETRIC_REPRESENTATION_CONTEXT(2) 
PARAMETRIC_REPRESENTATION_CONTEXT() REPRESENTATION_CONTEXT('2D SPACE',''
  ) );
#10802 = ORIENTED_EDGE('',*,*,#10706,.T.);
#10803 = ORIENTED_EDGE('',*,*,#10804,.F.);
#10804 = EDGE_CURVE('',#10392,#10709,#10805,.T.);
#10805 = SURFACE_CURVE('',#10806,(#10811,#10818),.PCURVE_S1.);
#10806 = CIRCLE('',#10807,6.6);
#10807 = AXIS2_PLACEMENT_3D('',#10808,#10809,#10810);
#10808 = CARTESIAN_POINT('',(5.196152422707,-3.,23.3));
#10809 = DIRECTION('',(0.,0.,-1.));
#10810 = DIRECTION('',(0.866025403784,0.5,0.));
#10811 = PCURVE('',#10430,#10812);
#10812 = DEFINITIONAL_REPRESENTATION('',(#10813),#10817);
#10813 = LINE('',#10814,#10815);
#10814 = CARTESIAN_POINT('',(6.28318530718,-1.E-01));
#10815 = VECTOR('',#10816,1.);
#10816 = DIRECTION('',(-1.,-2.061575801264E-16));
#10817 = ( GEOMETRIC_REPRESENTATION_CONTEXT(2) 
PARAMETRIC_REPRESENTATION_CONTEXT() REPRESENTATION_CONTEXT('2D SPACE',''
  ) );
#10818 = PCURVE('',#10151,#10819);
#10819 = DEFINITIONAL_REPRESENTATION('',(#10820),#10824);
#10820 = LINE('',#10821,#10822);
#10821 = CARTESIAN_POINT('',(0.,0.2));
#10822 = VECTOR('',#10823,1.);
#10823 = DIRECTION('',(1.,0.));
#10824 = ( GEOMETRIC_REPRESENTATION_CONTEXT(2) 
PARAMETRIC_REPRESENTATION_CONTEXT() REPRESENTATION_CONTEXT('2D SPACE',''
  ) );
#10825 = ORIENTED_EDGE('',*,*,#10414,.T.);
#10826 = ADVANCED_FACE('',(#10827),#10118,.T.);
#10827 = FACE_BOUND('',#10828,.T.);
#10828 = EDGE_LOOP('',(#10829,#10830,#10851,#10852));
#10829 = ORIENTED_EDGE('',*,*,#10731,.F.);
#10830 = ORIENTED_EDGE('',*,*,#10831,.T.);
#10831 = EDGE_CURVE('',#10709,#10103,#10832,.T.);
#10832 = SURFACE_CURVE('',#10833,(#10837,#10844),.PCURVE_S1.);
#10833 = LINE('',#10834,#10835);
#10834 = CARTESIAN_POINT('',(5.196152422707,-9.6,23.5));
#10835 = VECTOR('',#10836,1.);
#10836 = DIRECTION('',(0.,0.,-1.));
#10837 = PCURVE('',#10118,#10838);
#10838 = DEFINITIONAL_REPRESENTATION('',(#10839),#10843);
#10839 = LINE('',#10840,#10841);
#10840 = CARTESIAN_POINT('',(10.392304845413,0.));
#10841 = VECTOR('',#10842,1.);
#10842 = DIRECTION('',(0.,1.));
#10843 = ( GEOMETRIC_REPRESENTATION_CONTEXT(2) 
PARAMETRIC_REPRESENTATION_CONTEXT() REPRESENTATION_CONTEXT('2D SPACE',''
  ) );
#10844 = PCURVE('',#10151,#10845);
#10845 = DEFINITIONAL_REPRESENTATION('',(#10846),#10850);
#10846 = LINE('',#10847,#10848);
#10847 = CARTESIAN_POINT('',(2.094395102393,0.));
#10848 = VECTOR('',#10849,1.);
#10849 = DIRECTION('',(0.,1.));
#10850 = ( GEOMETRIC_REPRESENTATION_CONTEXT(2) 
PARAMETRIC_REPRESENTATION_CONTEXT() REPRESENTATION_CONTEXT('2D SPACE',''
  ) );
#10851 = ORIENTED_EDGE('',*,*,#10102,.F.);
#10852 = ORIENTED_EDGE('',*,*,#10853,.F.);
#10853 = EDGE_CURVE('',#10654,#10070,#10854,.T.);
#10854 = SURFACE_CURVE('',#10855,(#10859,#10866),.PCURVE_S1.);
#10855 = LINE('',#10856,#10857);
#10856 = CARTESIAN_POINT('',(-5.196152422707,-9.6,23.5));
#10857 = VECTOR('',#10858,1.);
#10858 = DIRECTION('',(0.,0.,-1.));
#10859 = PCURVE('',#10118,#10860);
#10860 = DEFINITIONAL_REPRESENTATION('',(#10861),#10865);
#10861 = LINE('',#10862,#10863);
#10862 = CARTESIAN_POINT('',(0.,0.));
#10863 = VECTOR('',#10864,1.);
#10864 = DIRECTION('',(0.,1.));
#10865 = ( GEOMETRIC_REPRESENTATION_CONTEXT(2) 
PARAMETRIC_REPRESENTATION_CONTEXT() REPRESENTATION_CONTEXT('2D SPACE',''
  ) );
#10866 = PCURVE('',#10090,#10867);
#10867 = DEFINITIONAL_REPRESENTATION('',(#10868),#10872);
#10868 = LINE('',#10869,#10870);
#10869 = CARTESIAN_POINT('',(0.,0.));
#10870 = VECTOR('',#10871,1.);
#10871 = DIRECTION('',(0.,1.));
#10872 = ( GEOMETRIC_REPRESENTATION_CONTEXT(2) 
PARAMETRIC_REPRESENTATION_CONTEXT() REPRESENTATION_CONTEXT('2D SPACE',''
  ) );
#10873 = ADVANCED_FACE('',(#10874),#10151,.F.);
#10874 = FACE_BOUND('',#10875,.F.);
#10875 = EDGE_LOOP('',(#10876,#10877,#10878,#10899));
#10876 = ORIENTED_EDGE('',*,*,#10831,.T.);
#10877 = ORIENTED_EDGE('',*,*,#10130,.T.);
#10878 = ORIENTED_EDGE('',*,*,#10879,.F.);
#10879 = EDGE_CURVE('',#10392,#10131,#10880,.T.);
#10880 = SURFACE_CURVE('',#10881,(#10885,#10892),.PCURVE_S1.);
#10881 = LINE('',#10882,#10883);
#10882 = CARTESIAN_POINT('',(10.911920087684,0.3,20.757510160843));
#10883 = VECTOR('',#10884,1.);
#10884 = DIRECTION('',(0.,0.,-1.));
#10885 = PCURVE('',#10151,#10886);
#10886 = DEFINITIONAL_REPRESENTATION('',(#10887),#10891);
#10887 = LINE('',#10888,#10889);
#10888 = CARTESIAN_POINT('',(0.,2.742489839157));
#10889 = VECTOR('',#10890,1.);
#10890 = DIRECTION('',(0.,1.));
#10891 = ( GEOMETRIC_REPRESENTATION_CONTEXT(2) 
PARAMETRIC_REPRESENTATION_CONTEXT() REPRESENTATION_CONTEXT('2D SPACE',''
  ) );
#10892 = PCURVE('',#10177,#10893);
#10893 = DEFINITIONAL_REPRESENTATION('',(#10894),#10898);
#10894 = LINE('',#10895,#10896);
#10895 = CARTESIAN_POINT('',(0.,2.742489839157));
#10896 = VECTOR('',#10897,1.);
#10897 = DIRECTION('',(0.,1.));
#10898 = ( GEOMETRIC_REPRESENTATION_CONTEXT(2) 
PARAMETRIC_REPRESENTATION_CONTEXT() REPRESENTATION_CONTEXT('2D SPACE',''
  ) );
#10899 = ORIENTED_EDGE('',*,*,#10804,.T.);
#10900 = ADVANCED_FACE('',(#10901),#10177,.T.);
#10901 = FACE_BOUND('',#10902,.T.);
#10902 = EDGE_LOOP('',(#10903,#10904,#10925,#10926));
#10903 = ORIENTED_EDGE('',*,*,#10391,.F.);
#10904 = ORIENTED_EDGE('',*,*,#10905,.T.);
#10905 = EDGE_CURVE('',#10359,#10007,#10906,.T.);
#10906 = SURFACE_CURVE('',#10907,(#10911,#10918),.PCURVE_S1.);
#10907 = LINE('',#10908,#10909);
#10908 = CARTESIAN_POINT('',(5.715767664977,9.3,23.5));
#10909 = VECTOR('',#10910,1.);
#10910 = DIRECTION('',(0.,0.,-1.));
#10911 = PCURVE('',#10177,#10912);
#10912 = DEFINITIONAL_REPRESENTATION('',(#10913),#10917);
#10913 = LINE('',#10914,#10915);
#10914 = CARTESIAN_POINT('',(10.392304845413,0.));
#10915 = VECTOR('',#10916,1.);
#10916 = DIRECTION('',(0.,1.));
#10917 = ( GEOMETRIC_REPRESENTATION_CONTEXT(2) 
PARAMETRIC_REPRESENTATION_CONTEXT() REPRESENTATION_CONTEXT('2D SPACE',''
  ) );
#10918 = PCURVE('',#10029,#10919);
#10919 = DEFINITIONAL_REPRESENTATION('',(#10920),#10924);
#10920 = LINE('',#10921,#10922);
#10921 = CARTESIAN_POINT('',(2.094395102393,0.));
#10922 = VECTOR('',#10923,1.);
#10923 = DIRECTION('',(0.,1.));
#10924 = ( GEOMETRIC_REPRESENTATION_CONTEXT(2) 
PARAMETRIC_REPRESENTATION_CONTEXT() REPRESENTATION_CONTEXT('2D SPACE',''
  ) );
#10925 = ORIENTED_EDGE('',*,*,#10163,.F.);
#10926 = ORIENTED_EDGE('',*,*,#10879,.F.);
#10927 = ADVANCED_FACE('',(#10928,#11329),#8020,.F.);
#10928 = FACE_BOUND('',#10929,.T.);
#10929 = EDGE_LOOP('',(#10930,#10931,#10932,#10933,#10957,#10990,#11019,
    #11048,#11077,#11110,#11132,#11133,#11134,#11135,#11159,#11192,
    #11221,#11245,#11274,#11307));
#10930 = ORIENTED_EDGE('',*,*,#8968,.F.);
#10931 = ORIENTED_EDGE('',*,*,#8004,.F.);
#10932 = ORIENTED_EDGE('',*,*,#8143,.F.);
#10933 = ORIENTED_EDGE('',*,*,#10934,.F.);
#10934 = EDGE_CURVE('',#10935,#8116,#10937,.T.);
#10935 = VERTEX_POINT('',#10936);
#10936 = CARTESIAN_POINT('',(-21.93018148942,-16.10167992362,23.5));
#10937 = SURFACE_CURVE('',#10938,(#10943,#10950),.PCURVE_S1.);
#10938 = CIRCLE('',#10939,1.4);
#10939 = AXIS2_PLACEMENT_3D('',#10940,#10941,#10942);
#10940 = CARTESIAN_POINT('',(-22.55138932509,-14.8470481749,23.5));
#10941 = DIRECTION('',(0.,0.,-1.));
#10942 = DIRECTION('',(0.443719882626,-0.8961655348,0.));
#10943 = PCURVE('',#8020,#10944);
#10944 = DEFINITIONAL_REPRESENTATION('',(#10945),#10949);
#10945 = CIRCLE('',#10946,1.4);
#10946 = AXIS2_PLACEMENT_2D('',#10947,#10948);
#10947 = CARTESIAN_POINT('',(-22.55138932509,14.847048174902));
#10948 = DIRECTION('',(0.443719882626,0.8961655348));
#10949 = ( GEOMETRIC_REPRESENTATION_CONTEXT(2) 
PARAMETRIC_REPRESENTATION_CONTEXT() REPRESENTATION_CONTEXT('2D SPACE',''
  ) );
#10950 = PCURVE('',#8131,#10951);
#10951 = DEFINITIONAL_REPRESENTATION('',(#10952),#10956);
#10952 = LINE('',#10953,#10954);
#10953 = CARTESIAN_POINT('',(0.,-1.E-01));
#10954 = VECTOR('',#10955,1.);
#10955 = DIRECTION('',(1.,-7.724121125304E-16));
#10956 = ( GEOMETRIC_REPRESENTATION_CONTEXT(2) 
PARAMETRIC_REPRESENTATION_CONTEXT() REPRESENTATION_CONTEXT('2D SPACE',''
  ) );
#10957 = ORIENTED_EDGE('',*,*,#10958,.F.);
#10958 = EDGE_CURVE('',#10959,#10935,#10961,.T.);
#10959 = VERTEX_POINT('',#10960);
#10960 = CARTESIAN_POINT('',(-16.10167992362,-21.93018148942,23.5));
#10961 = SURFACE_CURVE('',#10962,(#10967,#10978),.PCURVE_S1.);
#10962 = CIRCLE('',#10963,4.35);
#10963 = AXIS2_PLACEMENT_3D('',#10964,#10965,#10966);
#10964 = CARTESIAN_POINT('',(-20.,-20.,23.5));
#10965 = DIRECTION('',(0.,0.,1.));
#10966 = DIRECTION('',(-0.443719882626,0.8961655348,0.));
#10967 = PCURVE('',#8020,#10968);
#10968 = DEFINITIONAL_REPRESENTATION('',(#10969),#10977);
#10969 = ( BOUNDED_CURVE() B_SPLINE_CURVE(2,(#10970,#10971,#10972,#10973
    ,#10974,#10975,#10976),.UNSPECIFIED.,.T.,.F.) 
B_SPLINE_CURVE_WITH_KNOTS((1,2,2,2,2,1),(-2.094395102393,0.,
    2.094395102393,4.188790204786,6.28318530718,8.377580409573),
.UNSPECIFIED.) CURVE() GEOMETRIC_REPRESENTATION_ITEM() 
RATIONAL_B_SPLINE_CURVE((1.,0.5,1.,0.5,1.,0.5,1.)) REPRESENTATION_ITEM(
  '') );
#10970 = CARTESIAN_POINT('',(-21.93018148942,16.101679923622));
#10971 = CARTESIAN_POINT('',(-28.68226992587,19.444852331129));
#10972 = CARTESIAN_POINT('',(-22.41095347351,23.620746241943));
#10973 = CARTESIAN_POINT('',(-16.13963702115,27.796640152757));
#10974 = CARTESIAN_POINT('',(-15.65886503706,20.277573834435));
#10975 = CARTESIAN_POINT('',(-15.17809305296,12.758507516114));
#10976 = CARTESIAN_POINT('',(-21.93018148942,16.101679923622));
#10977 = ( GEOMETRIC_REPRESENTATION_CONTEXT(2) 
PARAMETRIC_REPRESENTATION_CONTEXT() REPRESENTATION_CONTEXT('2D SPACE',''
  ) );
#10978 = PCURVE('',#10979,#10984);
#10979 = CONICAL_SURFACE('',#10980,4.25,0.785398163397);
#10980 = AXIS2_PLACEMENT_3D('',#10981,#10982,#10983);
#10981 = CARTESIAN_POINT('',(-20.,-20.,23.4));
#10982 = DIRECTION('',(0.,0.,1.));
#10983 = DIRECTION('',(-0.443719882626,0.8961655348,0.));
#10984 = DEFINITIONAL_REPRESENTATION('',(#10985),#10989);
#10985 = LINE('',#10986,#10987);
#10986 = CARTESIAN_POINT('',(-8.881784197001E-16,1.E-01));
#10987 = VECTOR('',#10988,1.);
#10988 = DIRECTION('',(1.,7.171784620969E-16));
#10989 = ( GEOMETRIC_REPRESENTATION_CONTEXT(2) 
PARAMETRIC_REPRESENTATION_CONTEXT() REPRESENTATION_CONTEXT('2D SPACE',''
  ) );
#10990 = ORIENTED_EDGE('',*,*,#10991,.F.);
#10991 = EDGE_CURVE('',#10992,#10959,#10994,.T.);
#10992 = VERTEX_POINT('',#10993);
#10993 = CARTESIAN_POINT('',(-15.6168951173,-23.72072062343,23.5));
#10994 = SURFACE_CURVE('',#10995,(#11000,#11007),.PCURVE_S1.);
#10995 = CIRCLE('',#10996,1.4);
#10996 = AXIS2_PLACEMENT_3D('',#10997,#10998,#10999);
#10997 = CARTESIAN_POINT('',(-14.8470481749,-22.55138932509,23.5));
#10998 = DIRECTION('',(0.,0.,-1.));
#10999 = DIRECTION('',(-0.549890673145,-0.83523664167,-0.));
#11000 = PCURVE('',#8020,#11001);
#11001 = DEFINITIONAL_REPRESENTATION('',(#11002),#11006);
#11002 = CIRCLE('',#11003,1.4);
#11003 = AXIS2_PLACEMENT_2D('',#11004,#11005);
#11004 = CARTESIAN_POINT('',(-14.8470481749,22.551389325098));
#11005 = DIRECTION('',(-0.549890673145,0.83523664167));
#11006 = ( GEOMETRIC_REPRESENTATION_CONTEXT(2) 
PARAMETRIC_REPRESENTATION_CONTEXT() REPRESENTATION_CONTEXT('2D SPACE',''
  ) );
#11007 = PCURVE('',#11008,#11013);
#11008 = CONICAL_SURFACE('',#11009,1.5,0.785398163397);
#11009 = AXIS2_PLACEMENT_3D('',#11010,#11011,#11012);
#11010 = CARTESIAN_POINT('',(-14.8470481749,-22.55138932509,23.4));
#11011 = DIRECTION('',(0.,0.,-1.));
#11012 = DIRECTION('',(-0.549890673145,-0.83523664167,-0.));
#11013 = DEFINITIONAL_REPRESENTATION('',(#11014),#11018);
#11014 = LINE('',#11015,#11016);
#11015 = CARTESIAN_POINT('',(0.,-0.1));
#11016 = VECTOR('',#11017,1.);
#11017 = DIRECTION('',(1.,4.607370495795E-16));
#11018 = ( GEOMETRIC_REPRESENTATION_CONTEXT(2) 
PARAMETRIC_REPRESENTATION_CONTEXT() REPRESENTATION_CONTEXT('2D SPACE',''
  ) );
#11019 = ORIENTED_EDGE('',*,*,#11020,.F.);
#11020 = EDGE_CURVE('',#11021,#10992,#11023,.T.);
#11021 = VERTEX_POINT('',#11022);
#11022 = CARTESIAN_POINT('',(15.616895117305,-23.72072062343,23.5));
#11023 = SURFACE_CURVE('',#11024,(#11029,#11036),.PCURVE_S1.);
#11024 = CIRCLE('',#11025,28.4);
#11025 = AXIS2_PLACEMENT_3D('',#11026,#11027,#11028);
#11026 = CARTESIAN_POINT('',(-5.666681978065E-15,5.705855277383E-16,23.5
    ));
#11027 = DIRECTION('',(0.,0.,-1.));
#11028 = DIRECTION('',(0.549890673145,-0.83523664167,0.));
#11029 = PCURVE('',#8020,#11030);
#11030 = DEFINITIONAL_REPRESENTATION('',(#11031),#11035);
#11031 = CIRCLE('',#11032,28.4);
#11032 = AXIS2_PLACEMENT_2D('',#11033,#11034);
#11033 = CARTESIAN_POINT('',(-3.231203456907E-14,8.311198669263E-15));
#11034 = DIRECTION('',(0.549890673145,0.83523664167));
#11035 = ( GEOMETRIC_REPRESENTATION_CONTEXT(2) 
PARAMETRIC_REPRESENTATION_CONTEXT() REPRESENTATION_CONTEXT('2D SPACE',''
  ) );
#11036 = PCURVE('',#11037,#11042);
#11037 = CONICAL_SURFACE('',#11038,28.5,0.785398163397);
#11038 = AXIS2_PLACEMENT_3D('',#11039,#11040,#11041);
#11039 = CARTESIAN_POINT('',(-5.666681978065E-15,5.705855277383E-16,23.4
    ));
#11040 = DIRECTION('',(0.,0.,-1.));
#11041 = DIRECTION('',(0.549890673145,-0.83523664167,0.));
#11042 = DEFINITIONAL_REPRESENTATION('',(#11043),#11047);
#11043 = LINE('',#11044,#11045);
#11044 = CARTESIAN_POINT('',(0.,-0.1));
#11045 = VECTOR('',#11046,1.);
#11046 = DIRECTION('',(1.,-1.516878112117E-15));
#11047 = ( GEOMETRIC_REPRESENTATION_CONTEXT(2) 
PARAMETRIC_REPRESENTATION_CONTEXT() REPRESENTATION_CONTEXT('2D SPACE',''
  ) );
#11048 = ORIENTED_EDGE('',*,*,#11049,.F.);
#11049 = EDGE_CURVE('',#11050,#11021,#11052,.T.);
#11050 = VERTEX_POINT('',#11051);
#11051 = CARTESIAN_POINT('',(16.101679923622,-21.93018148942,23.5));
#11052 = SURFACE_CURVE('',#11053,(#11058,#11065),.PCURVE_S1.);
#11053 = CIRCLE('',#11054,1.4);
#11054 = AXIS2_PLACEMENT_3D('',#11055,#11056,#11057);
#11055 = CARTESIAN_POINT('',(14.847048174902,-22.55138932509,23.5));
#11056 = DIRECTION('',(0.,0.,-1.));
#11057 = DIRECTION('',(0.8961655348,0.443719882626,0.));
#11058 = PCURVE('',#8020,#11059);
#11059 = DEFINITIONAL_REPRESENTATION('',(#11060),#11064);
#11060 = CIRCLE('',#11061,1.4);
#11061 = AXIS2_PLACEMENT_2D('',#11062,#11063);
#11062 = CARTESIAN_POINT('',(14.847048174902,22.551389325098));
#11063 = DIRECTION('',(0.8961655348,-0.443719882626));
#11064 = ( GEOMETRIC_REPRESENTATION_CONTEXT(2) 
PARAMETRIC_REPRESENTATION_CONTEXT() REPRESENTATION_CONTEXT('2D SPACE',''
  ) );
#11065 = PCURVE('',#11066,#11071);
#11066 = CONICAL_SURFACE('',#11067,1.5,0.785398163397);
#11067 = AXIS2_PLACEMENT_3D('',#11068,#11069,#11070);
#11068 = CARTESIAN_POINT('',(14.847048174902,-22.55138932509,23.4));
#11069 = DIRECTION('',(0.,0.,-1.));
#11070 = DIRECTION('',(0.8961655348,0.443719882626,0.));
#11071 = DEFINITIONAL_REPRESENTATION('',(#11072),#11076);
#11072 = LINE('',#11073,#11074);
#11073 = CARTESIAN_POINT('',(0.,-1.E-01));
#11074 = VECTOR('',#11075,1.);
#11075 = DIRECTION('',(1.,-1.23314916211E-15));
#11076 = ( GEOMETRIC_REPRESENTATION_CONTEXT(2) 
PARAMETRIC_REPRESENTATION_CONTEXT() REPRESENTATION_CONTEXT('2D SPACE',''
  ) );
#11077 = ORIENTED_EDGE('',*,*,#11078,.F.);
#11078 = EDGE_CURVE('',#11079,#11050,#11081,.T.);
#11079 = VERTEX_POINT('',#11080);
#11080 = CARTESIAN_POINT('',(21.930181489422,-16.10167992362,23.5));
#11081 = SURFACE_CURVE('',#11082,(#11087,#11098),.PCURVE_S1.);
#11082 = CIRCLE('',#11083,4.35);
#11083 = AXIS2_PLACEMENT_3D('',#11084,#11085,#11086);
#11084 = CARTESIAN_POINT('',(20.,-20.,23.5));
#11085 = DIRECTION('',(0.,0.,1.));
#11086 = DIRECTION('',(-0.8961655348,-0.443719882626,0.));
#11087 = PCURVE('',#8020,#11088);
#11088 = DEFINITIONAL_REPRESENTATION('',(#11089),#11097);
#11089 = ( BOUNDED_CURVE() B_SPLINE_CURVE(2,(#11090,#11091,#11092,#11093
    ,#11094,#11095,#11096),.UNSPECIFIED.,.T.,.F.) 
B_SPLINE_CURVE_WITH_KNOTS((1,2,2,2,2,1),(-2.094395102393,0.,
    2.094395102393,4.188790204786,6.28318530718,8.377580409573),
.UNSPECIFIED.) CURVE() GEOMETRIC_REPRESENTATION_ITEM() 
RATIONAL_B_SPLINE_CURVE((1.,0.5,1.,0.5,1.,0.5,1.)) REPRESENTATION_ITEM(
  '') );
#11090 = CARTESIAN_POINT('',(16.101679923622,21.930181489422));
#11091 = CARTESIAN_POINT('',(19.444852331129,28.682269925875));
#11092 = CARTESIAN_POINT('',(23.620746241943,22.410953473516));
#11093 = CARTESIAN_POINT('',(27.796640152756,16.139637021157));
#11094 = CARTESIAN_POINT('',(20.277573834435,15.658865037063));
#11095 = CARTESIAN_POINT('',(12.758507516114,15.178093052969));
#11096 = CARTESIAN_POINT('',(16.101679923622,21.930181489422));
#11097 = ( GEOMETRIC_REPRESENTATION_CONTEXT(2) 
PARAMETRIC_REPRESENTATION_CONTEXT() REPRESENTATION_CONTEXT('2D SPACE',''
  ) );
#11098 = PCURVE('',#11099,#11104);
#11099 = CONICAL_SURFACE('',#11100,4.25,0.785398163397);
#11100 = AXIS2_PLACEMENT_3D('',#11101,#11102,#11103);
#11101 = CARTESIAN_POINT('',(20.,-20.,23.4));
#11102 = DIRECTION('',(0.,0.,1.));
#11103 = DIRECTION('',(-0.8961655348,-0.443719882626,0.));
#11104 = DEFINITIONAL_REPRESENTATION('',(#11105),#11109);
#11105 = LINE('',#11106,#11107);
#11106 = CARTESIAN_POINT('',(0.,0.1));
#11107 = VECTOR('',#11108,1.);
#11108 = DIRECTION('',(1.,-1.812648860245E-16));
#11109 = ( GEOMETRIC_REPRESENTATION_CONTEXT(2) 
PARAMETRIC_REPRESENTATION_CONTEXT() REPRESENTATION_CONTEXT('2D SPACE',''
  ) );
#11110 = ORIENTED_EDGE('',*,*,#11111,.F.);
#11111 = EDGE_CURVE('',#9155,#11079,#11112,.T.);
#11112 = SURFACE_CURVE('',#11113,(#11118,#11125),.PCURVE_S1.);
#11113 = CIRCLE('',#11114,1.4);
#11114 = AXIS2_PLACEMENT_3D('',#11115,#11116,#11117);
#11115 = CARTESIAN_POINT('',(22.551389325098,-14.8470481749,23.5));
#11116 = DIRECTION('',(0.,0.,-1.));
#11117 = DIRECTION('',(0.83523664167,-0.549890673145,0.));
#11118 = PCURVE('',#8020,#11119);
#11119 = DEFINITIONAL_REPRESENTATION('',(#11120),#11124);
#11120 = CIRCLE('',#11121,1.4);
#11121 = AXIS2_PLACEMENT_2D('',#11122,#11123);
#11122 = CARTESIAN_POINT('',(22.551389325098,14.847048174902));
#11123 = DIRECTION('',(0.83523664167,0.549890673145));
#11124 = ( GEOMETRIC_REPRESENTATION_CONTEXT(2) 
PARAMETRIC_REPRESENTATION_CONTEXT() REPRESENTATION_CONTEXT('2D SPACE',''
  ) );
#11125 = PCURVE('',#9194,#11126);
#11126 = DEFINITIONAL_REPRESENTATION('',(#11127),#11131);
#11127 = LINE('',#11128,#11129);
#11128 = CARTESIAN_POINT('',(0.,-0.1));
#11129 = VECTOR('',#11130,1.);
#11130 = DIRECTION('',(1.,6.911055743693E-16));
#11131 = ( GEOMETRIC_REPRESENTATION_CONTEXT(2) 
PARAMETRIC_REPRESENTATION_CONTEXT() REPRESENTATION_CONTEXT('2D SPACE',''
  ) );
#11132 = ORIENTED_EDGE('',*,*,#9154,.F.);
#11133 = ORIENTED_EDGE('',*,*,#9311,.F.);
#11134 = ORIENTED_EDGE('',*,*,#9465,.F.);
#11135 = ORIENTED_EDGE('',*,*,#11136,.F.);
#11136 = EDGE_CURVE('',#11137,#9438,#11139,.T.);
#11137 = VERTEX_POINT('',#11138);
#11138 = CARTESIAN_POINT('',(21.930181489422,16.101679923622,23.5));
#11139 = SURFACE_CURVE('',#11140,(#11145,#11152),.PCURVE_S1.);
#11140 = CIRCLE('',#11141,1.4);
#11141 = AXIS2_PLACEMENT_3D('',#11142,#11143,#11144);
#11142 = CARTESIAN_POINT('',(22.551389325098,14.847048174902,23.5));
#11143 = DIRECTION('',(0.,0.,-1.));
#11144 = DIRECTION('',(-0.443719882626,0.8961655348,0.));
#11145 = PCURVE('',#8020,#11146);
#11146 = DEFINITIONAL_REPRESENTATION('',(#11147),#11151);
#11147 = CIRCLE('',#11148,1.4);
#11148 = AXIS2_PLACEMENT_2D('',#11149,#11150);
#11149 = CARTESIAN_POINT('',(22.551389325098,-14.8470481749));
#11150 = DIRECTION('',(-0.443719882626,-0.8961655348));
#11151 = ( GEOMETRIC_REPRESENTATION_CONTEXT(2) 
PARAMETRIC_REPRESENTATION_CONTEXT() REPRESENTATION_CONTEXT('2D SPACE',''
  ) );
#11152 = PCURVE('',#9453,#11153);
#11153 = DEFINITIONAL_REPRESENTATION('',(#11154),#11158);
#11154 = LINE('',#11155,#11156);
#11155 = CARTESIAN_POINT('',(0.,-1.E-01));
#11156 = VECTOR('',#11157,1.);
#11157 = DIRECTION('',(1.,-7.724121125304E-16));
#11158 = ( GEOMETRIC_REPRESENTATION_CONTEXT(2) 
PARAMETRIC_REPRESENTATION_CONTEXT() REPRESENTATION_CONTEXT('2D SPACE',''
  ) );
#11159 = ORIENTED_EDGE('',*,*,#11160,.F.);
#11160 = EDGE_CURVE('',#11161,#11137,#11163,.T.);
#11161 = VERTEX_POINT('',#11162);
#11162 = CARTESIAN_POINT('',(16.101679923622,21.930181489422,23.5));
#11163 = SURFACE_CURVE('',#11164,(#11169,#11180),.PCURVE_S1.);
#11164 = CIRCLE('',#11165,4.35);
#11165 = AXIS2_PLACEMENT_3D('',#11166,#11167,#11168);
#11166 = CARTESIAN_POINT('',(20.,20.,23.5));
#11167 = DIRECTION('',(0.,0.,1.));
#11168 = DIRECTION('',(0.443719882626,-0.8961655348,0.));
#11169 = PCURVE('',#8020,#11170);
#11170 = DEFINITIONAL_REPRESENTATION('',(#11171),#11179);
#11171 = ( BOUNDED_CURVE() B_SPLINE_CURVE(2,(#11172,#11173,#11174,#11175
    ,#11176,#11177,#11178),.UNSPECIFIED.,.T.,.F.) 
B_SPLINE_CURVE_WITH_KNOTS((1,2,2,2,2,1),(-2.094395102393,0.,
    2.094395102393,4.188790204786,6.28318530718,8.377580409573),
.UNSPECIFIED.) CURVE() GEOMETRIC_REPRESENTATION_ITEM() 
RATIONAL_B_SPLINE_CURVE((1.,0.5,1.,0.5,1.,0.5,1.)) REPRESENTATION_ITEM(
  '') );
#11172 = CARTESIAN_POINT('',(21.930181489422,-16.10167992362));
#11173 = CARTESIAN_POINT('',(28.682269925875,-19.44485233112));
#11174 = CARTESIAN_POINT('',(22.410953473516,-23.62074624194));
#11175 = CARTESIAN_POINT('',(16.139637021157,-27.79664015275));
#11176 = CARTESIAN_POINT('',(15.658865037063,-20.27757383443));
#11177 = CARTESIAN_POINT('',(15.178093052969,-12.75850751611));
#11178 = CARTESIAN_POINT('',(21.930181489422,-16.10167992362));
#11179 = ( GEOMETRIC_REPRESENTATION_CONTEXT(2) 
PARAMETRIC_REPRESENTATION_CONTEXT() REPRESENTATION_CONTEXT('2D SPACE',''
  ) );
#11180 = PCURVE('',#11181,#11186);
#11181 = CONICAL_SURFACE('',#11182,4.25,0.785398163397);
#11182 = AXIS2_PLACEMENT_3D('',#11183,#11184,#11185);
#11183 = CARTESIAN_POINT('',(20.,20.,23.4));
#11184 = DIRECTION('',(0.,0.,1.));
#11185 = DIRECTION('',(0.443719882626,-0.8961655348,0.));
#11186 = DEFINITIONAL_REPRESENTATION('',(#11187),#11191);
#11187 = LINE('',#11188,#11189);
#11188 = CARTESIAN_POINT('',(-8.881784197001E-16,1.E-01));
#11189 = VECTOR('',#11190,1.);
#11190 = DIRECTION('',(1.,7.171784620969E-16));
#11191 = ( GEOMETRIC_REPRESENTATION_CONTEXT(2) 
PARAMETRIC_REPRESENTATION_CONTEXT() REPRESENTATION_CONTEXT('2D SPACE',''
  ) );
#11192 = ORIENTED_EDGE('',*,*,#11193,.F.);
#11193 = EDGE_CURVE('',#11194,#11161,#11196,.T.);
#11194 = VERTEX_POINT('',#11195);
#11195 = CARTESIAN_POINT('',(15.616895117305,23.720720623436,23.5));
#11196 = SURFACE_CURVE('',#11197,(#11202,#11209),.PCURVE_S1.);
#11197 = CIRCLE('',#11198,1.4);
#11198 = AXIS2_PLACEMENT_3D('',#11199,#11200,#11201);
#11199 = CARTESIAN_POINT('',(14.847048174902,22.551389325098,23.5));
#11200 = DIRECTION('',(0.,0.,-1.));
#11201 = DIRECTION('',(0.549890673145,0.83523664167,0.));
#11202 = PCURVE('',#8020,#11203);
#11203 = DEFINITIONAL_REPRESENTATION('',(#11204),#11208);
#11204 = CIRCLE('',#11205,1.4);
#11205 = AXIS2_PLACEMENT_2D('',#11206,#11207);
#11206 = CARTESIAN_POINT('',(14.847048174902,-22.55138932509));
#11207 = DIRECTION('',(0.549890673145,-0.83523664167));
#11208 = ( GEOMETRIC_REPRESENTATION_CONTEXT(2) 
PARAMETRIC_REPRESENTATION_CONTEXT() REPRESENTATION_CONTEXT('2D SPACE',''
  ) );
#11209 = PCURVE('',#11210,#11215);
#11210 = CONICAL_SURFACE('',#11211,1.5,0.785398163397);
#11211 = AXIS2_PLACEMENT_3D('',#11212,#11213,#11214);
#11212 = CARTESIAN_POINT('',(14.847048174902,22.551389325098,23.4));
#11213 = DIRECTION('',(0.,0.,-1.));
#11214 = DIRECTION('',(0.549890673145,0.83523664167,0.));
#11215 = DEFINITIONAL_REPRESENTATION('',(#11216),#11220);
#11216 = LINE('',#11217,#11218);
#11217 = CARTESIAN_POINT('',(0.,-0.1));
#11218 = VECTOR('',#11219,1.);
#11219 = DIRECTION('',(1.,6.097990362082E-16));
#11220 = ( GEOMETRIC_REPRESENTATION_CONTEXT(2) 
PARAMETRIC_REPRESENTATION_CONTEXT() REPRESENTATION_CONTEXT('2D SPACE',''
  ) );
#11221 = ORIENTED_EDGE('',*,*,#11222,.F.);
#11222 = EDGE_CURVE('',#11223,#11194,#11225,.T.);
#11223 = VERTEX_POINT('',#11224);
#11224 = CARTESIAN_POINT('',(-15.6168951173,23.720720623436,23.5));
#11225 = SURFACE_CURVE('',#11226,(#11231,#11238),.PCURVE_S1.);
#11226 = CIRCLE('',#11227,28.4);
#11227 = AXIS2_PLACEMENT_3D('',#11228,#11229,#11230);
#11228 = CARTESIAN_POINT('',(-5.666681978065E-15,5.705855277383E-16,23.5
    ));
#11229 = DIRECTION('',(0.,0.,-1.));
#11230 = DIRECTION('',(-0.549890673145,0.83523664167,0.));
#11231 = PCURVE('',#8020,#11232);
#11232 = DEFINITIONAL_REPRESENTATION('',(#11233),#11237);
#11233 = CIRCLE('',#11234,28.4);
#11234 = AXIS2_PLACEMENT_2D('',#11235,#11236);
#11235 = CARTESIAN_POINT('',(-3.231203456907E-14,8.311198669263E-15));
#11236 = DIRECTION('',(-0.549890673145,-0.83523664167));
#11237 = ( GEOMETRIC_REPRESENTATION_CONTEXT(2) 
PARAMETRIC_REPRESENTATION_CONTEXT() REPRESENTATION_CONTEXT('2D SPACE',''
  ) );
#11238 = PCURVE('',#566,#11239);
#11239 = DEFINITIONAL_REPRESENTATION('',(#11240),#11244);
#11240 = LINE('',#11241,#11242);
#11241 = CARTESIAN_POINT('',(0.,-1.E-01));
#11242 = VECTOR('',#11243,1.);
#11243 = DIRECTION('',(1.,1.533732313362E-15));
#11244 = ( GEOMETRIC_REPRESENTATION_CONTEXT(2) 
PARAMETRIC_REPRESENTATION_CONTEXT() REPRESENTATION_CONTEXT('2D SPACE',''
  ) );
#11245 = ORIENTED_EDGE('',*,*,#11246,.F.);
#11246 = EDGE_CURVE('',#11247,#11223,#11249,.T.);
#11247 = VERTEX_POINT('',#11248);
#11248 = CARTESIAN_POINT('',(-16.10167992362,21.930181489422,23.5));
#11249 = SURFACE_CURVE('',#11250,(#11255,#11262),.PCURVE_S1.);
#11250 = CIRCLE('',#11251,1.4);
#11251 = AXIS2_PLACEMENT_3D('',#11252,#11253,#11254);
#11252 = CARTESIAN_POINT('',(-14.8470481749,22.551389325098,23.5));
#11253 = DIRECTION('',(0.,0.,-1.));
#11254 = DIRECTION('',(-0.8961655348,-0.443719882626,-0.));
#11255 = PCURVE('',#8020,#11256);
#11256 = DEFINITIONAL_REPRESENTATION('',(#11257),#11261);
#11257 = CIRCLE('',#11258,1.4);
#11258 = AXIS2_PLACEMENT_2D('',#11259,#11260);
#11259 = CARTESIAN_POINT('',(-14.8470481749,-22.55138932509));
#11260 = DIRECTION('',(-0.8961655348,0.443719882626));
#11261 = ( GEOMETRIC_REPRESENTATION_CONTEXT(2) 
PARAMETRIC_REPRESENTATION_CONTEXT() REPRESENTATION_CONTEXT('2D SPACE',''
  ) );
#11262 = PCURVE('',#11263,#11268);
#11263 = CONICAL_SURFACE('',#11264,1.5,0.785398163397);
#11264 = AXIS2_PLACEMENT_3D('',#11265,#11266,#11267);
#11265 = CARTESIAN_POINT('',(-14.8470481749,22.551389325098,23.4));
#11266 = DIRECTION('',(0.,0.,-1.));
#11267 = DIRECTION('',(-0.8961655348,-0.443719882626,-0.));
#11268 = DEFINITIONAL_REPRESENTATION('',(#11269),#11273);
#11269 = LINE('',#11270,#11271);
#11270 = CARTESIAN_POINT('',(0.,-1.E-01));
#11271 = VECTOR('',#11272,1.);
#11272 = DIRECTION('',(1.,6.097990362082E-16));
#11273 = ( GEOMETRIC_REPRESENTATION_CONTEXT(2) 
PARAMETRIC_REPRESENTATION_CONTEXT() REPRESENTATION_CONTEXT('2D SPACE',''
  ) );
#11274 = ORIENTED_EDGE('',*,*,#11275,.F.);
#11275 = EDGE_CURVE('',#11276,#11247,#11278,.T.);
#11276 = VERTEX_POINT('',#11277);
#11277 = CARTESIAN_POINT('',(-21.93018148942,16.101679923622,23.5));
#11278 = SURFACE_CURVE('',#11279,(#11284,#11295),.PCURVE_S1.);
#11279 = CIRCLE('',#11280,4.35);
#11280 = AXIS2_PLACEMENT_3D('',#11281,#11282,#11283);
#11281 = CARTESIAN_POINT('',(-20.,20.,23.5));
#11282 = DIRECTION('',(0.,0.,1.));
#11283 = DIRECTION('',(0.8961655348,0.443719882626,-0.));
#11284 = PCURVE('',#8020,#11285);
#11285 = DEFINITIONAL_REPRESENTATION('',(#11286),#11294);
#11286 = ( BOUNDED_CURVE() B_SPLINE_CURVE(2,(#11287,#11288,#11289,#11290
    ,#11291,#11292,#11293),.UNSPECIFIED.,.T.,.F.) 
B_SPLINE_CURVE_WITH_KNOTS((1,2,2,2,2,1),(-2.094395102393,0.,
    2.094395102393,4.188790204786,6.28318530718,8.377580409573),
.UNSPECIFIED.) CURVE() GEOMETRIC_REPRESENTATION_ITEM() 
RATIONAL_B_SPLINE_CURVE((1.,0.5,1.,0.5,1.,0.5,1.)) REPRESENTATION_ITEM(
  '') );
#11287 = CARTESIAN_POINT('',(-16.10167992362,-21.93018148942));
#11288 = CARTESIAN_POINT('',(-19.44485233112,-28.68226992587));
#11289 = CARTESIAN_POINT('',(-23.62074624194,-22.41095347351));
#11290 = CARTESIAN_POINT('',(-27.79664015275,-16.13963702115));
#11291 = CARTESIAN_POINT('',(-20.27757383443,-15.65886503706));
#11292 = CARTESIAN_POINT('',(-12.75850751611,-15.17809305296));
#11293 = CARTESIAN_POINT('',(-16.10167992362,-21.93018148942));
#11294 = ( GEOMETRIC_REPRESENTATION_CONTEXT(2) 
PARAMETRIC_REPRESENTATION_CONTEXT() REPRESENTATION_CONTEXT('2D SPACE',''
  ) );
#11295 = PCURVE('',#11296,#11301);
#11296 = CONICAL_SURFACE('',#11297,4.25,0.785398163397);
#11297 = AXIS2_PLACEMENT_3D('',#11298,#11299,#11300);
#11298 = CARTESIAN_POINT('',(-20.,20.,23.4));
#11299 = DIRECTION('',(0.,0.,1.));
#11300 = DIRECTION('',(0.8961655348,0.443719882626,-0.));
#11301 = DEFINITIONAL_REPRESENTATION('',(#11302),#11306);
#11302 = LINE('',#11303,#11304);
#11303 = CARTESIAN_POINT('',(0.,0.1));
#11304 = VECTOR('',#11305,1.);
#11305 = DIRECTION('',(1.,-1.812648860245E-16));
#11306 = ( GEOMETRIC_REPRESENTATION_CONTEXT(2) 
PARAMETRIC_REPRESENTATION_CONTEXT() REPRESENTATION_CONTEXT('2D SPACE',''
  ) );
#11307 = ORIENTED_EDGE('',*,*,#11308,.F.);
#11308 = EDGE_CURVE('',#8969,#11276,#11309,.T.);
#11309 = SURFACE_CURVE('',#11310,(#11315,#11322),.PCURVE_S1.);
#11310 = CIRCLE('',#11311,1.4);
#11311 = AXIS2_PLACEMENT_3D('',#11312,#11313,#11314);
#11312 = CARTESIAN_POINT('',(-22.55138932509,14.847048174902,23.5));
#11313 = DIRECTION('',(0.,0.,-1.));
#11314 = DIRECTION('',(-0.83523664167,0.549890673145,0.));
#11315 = PCURVE('',#8020,#11316);
#11316 = DEFINITIONAL_REPRESENTATION('',(#11317),#11321);
#11317 = CIRCLE('',#11318,1.4);
#11318 = AXIS2_PLACEMENT_2D('',#11319,#11320);
#11319 = CARTESIAN_POINT('',(-22.55138932509,-14.8470481749));
#11320 = DIRECTION('',(-0.83523664167,-0.549890673145));
#11321 = ( GEOMETRIC_REPRESENTATION_CONTEXT(2) 
PARAMETRIC_REPRESENTATION_CONTEXT() REPRESENTATION_CONTEXT('2D SPACE',''
  ) );
#11322 = PCURVE('',#9006,#11323);
#11323 = DEFINITIONAL_REPRESENTATION('',(#11324),#11328);
#11324 = LINE('',#11325,#11326);
#11325 = CARTESIAN_POINT('',(0.,-1.E-01));
#11326 = VECTOR('',#11327,1.);
#11327 = DIRECTION('',(1.,-6.097990362082E-16));
#11328 = ( GEOMETRIC_REPRESENTATION_CONTEXT(2) 
PARAMETRIC_REPRESENTATION_CONTEXT() REPRESENTATION_CONTEXT('2D SPACE',''
  ) );
#11329 = FACE_BOUND('',#11330,.T.);
#11330 = EDGE_LOOP('',(#11331,#11332,#11333,#11334,#11335,#11336));
#11331 = ORIENTED_EDGE('',*,*,#10442,.F.);
#11332 = ORIENTED_EDGE('',*,*,#10777,.F.);
#11333 = ORIENTED_EDGE('',*,*,#10753,.F.);
#11334 = ORIENTED_EDGE('',*,*,#10624,.F.);
#11335 = ORIENTED_EDGE('',*,*,#10600,.F.);
#11336 = ORIENTED_EDGE('',*,*,#10466,.F.);
#11337 = ADVANCED_FACE('',(#11338),#9006,.T.);
#11338 = FACE_BOUND('',#11339,.T.);
#11339 = EDGE_LOOP('',(#11340,#11363,#11385,#11386));
#11340 = ORIENTED_EDGE('',*,*,#11341,.T.);
#11341 = EDGE_CURVE('',#11276,#11342,#11344,.T.);
#11342 = VERTEX_POINT('',#11343);
#11343 = CARTESIAN_POINT('',(-21.84143751289,16.280913030582,23.3));
#11344 = SURFACE_CURVE('',#11345,(#11349,#11356),.PCURVE_S1.);
#11345 = LINE('',#11346,#11347);
#11346 = CARTESIAN_POINT('',(-21.93018148942,16.101679923622,23.5));
#11347 = VECTOR('',#11348,1.);
#11348 = DIRECTION('',(0.313757337952,0.633684726722,-0.707106781187));
#11349 = PCURVE('',#9006,#11350);
#11350 = DEFINITIONAL_REPRESENTATION('',(#11351),#11355);
#11351 = LINE('',#11352,#11353);
#11352 = CARTESIAN_POINT('',(1.448308304161,-0.1));
#11353 = VECTOR('',#11354,1.);
#11354 = DIRECTION('',(-3.219646771413E-14,1.));
#11355 = ( GEOMETRIC_REPRESENTATION_CONTEXT(2) 
PARAMETRIC_REPRESENTATION_CONTEXT() REPRESENTATION_CONTEXT('2D SPACE',''
  ) );
#11356 = PCURVE('',#11296,#11357);
#11357 = DEFINITIONAL_REPRESENTATION('',(#11358),#11362);
#11358 = LINE('',#11359,#11360);
#11359 = CARTESIAN_POINT('',(3.792898347737,0.1));
#11360 = VECTOR('',#11361,1.);
#11361 = DIRECTION('',(0.,-1.));
#11362 = ( GEOMETRIC_REPRESENTATION_CONTEXT(2) 
PARAMETRIC_REPRESENTATION_CONTEXT() REPRESENTATION_CONTEXT('2D SPACE',''
  ) );
#11363 = ORIENTED_EDGE('',*,*,#11364,.T.);
#11364 = EDGE_CURVE('',#11342,#8918,#11365,.T.);
#11365 = SURFACE_CURVE('',#11366,(#11371,#11378),.PCURVE_S1.);
#11366 = CIRCLE('',#11367,1.6);
#11367 = AXIS2_PLACEMENT_3D('',#11368,#11369,#11370);
#11368 = CARTESIAN_POINT('',(-22.55138932509,14.847048174902,23.3));
#11369 = DIRECTION('',(0.,0.,1.));
#11370 = DIRECTION('',(-0.83523664167,0.549890673145,0.));
#11371 = PCURVE('',#9006,#11372);
#11372 = DEFINITIONAL_REPRESENTATION('',(#11373),#11377);
#11373 = LINE('',#11374,#11375);
#11374 = CARTESIAN_POINT('',(6.28318530718,1.E-01));
#11375 = VECTOR('',#11376,1.);
#11376 = DIRECTION('',(-1.,9.21474099159E-16));
#11377 = ( GEOMETRIC_REPRESENTATION_CONTEXT(2) 
PARAMETRIC_REPRESENTATION_CONTEXT() REPRESENTATION_CONTEXT('2D SPACE',''
  ) );
#11378 = PCURVE('',#8845,#11379);
#11379 = DEFINITIONAL_REPRESENTATION('',(#11380),#11384);
#11380 = LINE('',#11381,#11382);
#11381 = CARTESIAN_POINT('',(6.28318530718,0.2));
#11382 = VECTOR('',#11383,1.);
#11383 = DIRECTION('',(-1.,0.));
#11384 = ( GEOMETRIC_REPRESENTATION_CONTEXT(2) 
PARAMETRIC_REPRESENTATION_CONTEXT() REPRESENTATION_CONTEXT('2D SPACE',''
  ) );
#11385 = ORIENTED_EDGE('',*,*,#8992,.F.);
#11386 = ORIENTED_EDGE('',*,*,#11308,.T.);
#11387 = ADVANCED_FACE('',(#11388),#11296,.F.);
#11388 = FACE_BOUND('',#11389,.F.);
#11389 = EDGE_LOOP('',(#11390,#11414,#11435,#11436));
#11390 = ORIENTED_EDGE('',*,*,#11391,.F.);
#11391 = EDGE_CURVE('',#11392,#11342,#11394,.T.);
#11392 = VERTEX_POINT('',#11393);
#11393 = CARTESIAN_POINT('',(-16.28091303058,21.841437512897,23.3));
#11394 = SURFACE_CURVE('',#11395,(#11400,#11407),.PCURVE_S1.);
#11395 = CIRCLE('',#11396,4.15);
#11396 = AXIS2_PLACEMENT_3D('',#11397,#11398,#11399);
#11397 = CARTESIAN_POINT('',(-20.,20.,23.3));
#11398 = DIRECTION('',(0.,0.,-1.));
#11399 = DIRECTION('',(0.8961655348,0.443719882626,0.));
#11400 = PCURVE('',#11296,#11401);
#11401 = DEFINITIONAL_REPRESENTATION('',(#11402),#11406);
#11402 = LINE('',#11403,#11404);
#11403 = CARTESIAN_POINT('',(6.28318530718,-1.E-01));
#11404 = VECTOR('',#11405,1.);
#11405 = DIRECTION('',(-1.,-5.359135760724E-16));
#11406 = ( GEOMETRIC_REPRESENTATION_CONTEXT(2) 
PARAMETRIC_REPRESENTATION_CONTEXT() REPRESENTATION_CONTEXT('2D SPACE',''
  ) );
#11407 = PCURVE('',#8878,#11408);
#11408 = DEFINITIONAL_REPRESENTATION('',(#11409),#11413);
#11409 = LINE('',#11410,#11411);
#11410 = CARTESIAN_POINT('',(0.,0.2));
#11411 = VECTOR('',#11412,1.);
#11412 = DIRECTION('',(1.,0.));
#11413 = ( GEOMETRIC_REPRESENTATION_CONTEXT(2) 
PARAMETRIC_REPRESENTATION_CONTEXT() REPRESENTATION_CONTEXT('2D SPACE',''
  ) );
#11414 = ORIENTED_EDGE('',*,*,#11415,.F.);
#11415 = EDGE_CURVE('',#11247,#11392,#11416,.T.);
#11416 = SURFACE_CURVE('',#11417,(#11421,#11428),.PCURVE_S1.);
#11417 = LINE('',#11418,#11419);
#11418 = CARTESIAN_POINT('',(-16.10167992362,21.930181489422,23.5));
#11419 = VECTOR('',#11420,1.);
#11420 = DIRECTION('',(-0.633684726722,-0.313757337952,-0.707106781187)
  );
#11421 = PCURVE('',#11296,#11422);
#11422 = DEFINITIONAL_REPRESENTATION('',(#11423),#11427);
#11423 = LINE('',#11424,#11425);
#11424 = CARTESIAN_POINT('',(6.28318530718,9.999999999997E-02));
#11425 = VECTOR('',#11426,1.);
#11426 = DIRECTION('',(0.,-1.));
#11427 = ( GEOMETRIC_REPRESENTATION_CONTEXT(2) 
PARAMETRIC_REPRESENTATION_CONTEXT() REPRESENTATION_CONTEXT('2D SPACE',''
  ) );
#11428 = PCURVE('',#11263,#11429);
#11429 = DEFINITIONAL_REPRESENTATION('',(#11430),#11434);
#11430 = LINE('',#11431,#11432);
#11431 = CARTESIAN_POINT('',(0.,-9.999999999996E-02));
#11432 = VECTOR('',#11433,1.);
#11433 = DIRECTION('',(0.,1.));
#11434 = ( GEOMETRIC_REPRESENTATION_CONTEXT(2) 
PARAMETRIC_REPRESENTATION_CONTEXT() REPRESENTATION_CONTEXT('2D SPACE',''
  ) );
#11435 = ORIENTED_EDGE('',*,*,#11275,.F.);
#11436 = ORIENTED_EDGE('',*,*,#11341,.T.);
#11437 = ADVANCED_FACE('',(#11438),#11263,.T.);
#11438 = FACE_BOUND('',#11439,.T.);
#11439 = EDGE_LOOP('',(#11440,#11461,#11483,#11484));
#11440 = ORIENTED_EDGE('',*,*,#11441,.T.);
#11441 = EDGE_CURVE('',#11223,#522,#11442,.T.);
#11442 = SURFACE_CURVE('',#11443,(#11447,#11454),.PCURVE_S1.);
#11443 = LINE('',#11444,#11445);
#11444 = CARTESIAN_POINT('',(-15.6168951173,23.720720623436,23.5));
#11445 = VECTOR('',#11446,1.);
#11446 = DIRECTION('',(-0.388831423892,0.590601493221,-0.707106781187));
#11447 = PCURVE('',#11263,#11448);
#11448 = DEFINITIONAL_REPRESENTATION('',(#11449),#11453);
#11449 = LINE('',#11450,#11451);
#11450 = CARTESIAN_POINT('',(1.448308304161,-9.999999999998E-02));
#11451 = VECTOR('',#11452,1.);
#11452 = DIRECTION('',(1.7763568394E-14,1.));
#11453 = ( GEOMETRIC_REPRESENTATION_CONTEXT(2) 
PARAMETRIC_REPRESENTATION_CONTEXT() REPRESENTATION_CONTEXT('2D SPACE',''
  ) );
#11454 = PCURVE('',#566,#11455);
#11455 = DEFINITIONAL_REPRESENTATION('',(#11456),#11460);
#11456 = LINE('',#11457,#11458);
#11457 = CARTESIAN_POINT('',(0.,-9.999999999998E-02));
#11458 = VECTOR('',#11459,1.);
#11459 = DIRECTION('',(0.,1.));
#11460 = ( GEOMETRIC_REPRESENTATION_CONTEXT(2) 
PARAMETRIC_REPRESENTATION_CONTEXT() REPRESENTATION_CONTEXT('2D SPACE',''
  ) );
#11461 = ORIENTED_EDGE('',*,*,#11462,.T.);
#11462 = EDGE_CURVE('',#522,#11392,#11463,.T.);
#11463 = SURFACE_CURVE('',#11464,(#11469,#11476),.PCURVE_S1.);
#11464 = CIRCLE('',#11465,1.6);
#11465 = AXIS2_PLACEMENT_3D('',#11466,#11467,#11468);
#11466 = CARTESIAN_POINT('',(-14.8470481749,22.551389325098,23.3));
#11467 = DIRECTION('',(0.,0.,1.));
#11468 = DIRECTION('',(-0.8961655348,-0.443719882626,0.));
#11469 = PCURVE('',#11263,#11470);
#11470 = DEFINITIONAL_REPRESENTATION('',(#11471),#11475);
#11471 = LINE('',#11472,#11473);
#11472 = CARTESIAN_POINT('',(6.28318530718,0.1));
#11473 = VECTOR('',#11474,1.);
#11474 = DIRECTION('',(-1.,-6.911055743693E-16));
#11475 = ( GEOMETRIC_REPRESENTATION_CONTEXT(2) 
PARAMETRIC_REPRESENTATION_CONTEXT() REPRESENTATION_CONTEXT('2D SPACE',''
  ) );
#11476 = PCURVE('',#537,#11477);
#11477 = DEFINITIONAL_REPRESENTATION('',(#11478),#11482);
#11478 = LINE('',#11479,#11480);
#11479 = CARTESIAN_POINT('',(6.28318530718,0.2));
#11480 = VECTOR('',#11481,1.);
#11481 = DIRECTION('',(-1.,0.));
#11482 = ( GEOMETRIC_REPRESENTATION_CONTEXT(2) 
PARAMETRIC_REPRESENTATION_CONTEXT() REPRESENTATION_CONTEXT('2D SPACE',''
  ) );
#11483 = ORIENTED_EDGE('',*,*,#11415,.F.);
#11484 = ORIENTED_EDGE('',*,*,#11246,.T.);
#11485 = ADVANCED_FACE('',(#11486),#566,.T.);
#11486 = FACE_BOUND('',#11487,.T.);
#11487 = EDGE_LOOP('',(#11488,#11509,#11510,#11511));
#11488 = ORIENTED_EDGE('',*,*,#11489,.T.);
#11489 = EDGE_CURVE('',#11194,#550,#11490,.T.);
#11490 = SURFACE_CURVE('',#11491,(#11495,#11502),.PCURVE_S1.);
#11491 = LINE('',#11492,#11493);
#11492 = CARTESIAN_POINT('',(15.616895117305,23.720720623436,23.5));
#11493 = VECTOR('',#11494,1.);
#11494 = DIRECTION('',(0.388831423892,0.590601493221,-0.707106781187));
#11495 = PCURVE('',#566,#11496);
#11496 = DEFINITIONAL_REPRESENTATION('',(#11497),#11501);
#11497 = LINE('',#11498,#11499);
#11498 = CARTESIAN_POINT('',(1.164466677915,-0.1));
#11499 = VECTOR('',#11500,1.);
#11500 = DIRECTION('',(0.,1.));
#11501 = ( GEOMETRIC_REPRESENTATION_CONTEXT(2) 
PARAMETRIC_REPRESENTATION_CONTEXT() REPRESENTATION_CONTEXT('2D SPACE',''
  ) );
#11502 = PCURVE('',#11210,#11503);
#11503 = DEFINITIONAL_REPRESENTATION('',(#11504),#11508);
#11504 = LINE('',#11505,#11506);
#11505 = CARTESIAN_POINT('',(0.,-0.1));
#11506 = VECTOR('',#11507,1.);
#11507 = DIRECTION('',(0.,1.));
#11508 = ( GEOMETRIC_REPRESENTATION_CONTEXT(2) 
PARAMETRIC_REPRESENTATION_CONTEXT() REPRESENTATION_CONTEXT('2D SPACE',''
  ) );
#11509 = ORIENTED_EDGE('',*,*,#549,.T.);
#11510 = ORIENTED_EDGE('',*,*,#11441,.F.);
#11511 = ORIENTED_EDGE('',*,*,#11222,.T.);
#11512 = ADVANCED_FACE('',(#11513),#11210,.T.);
#11513 = FACE_BOUND('',#11514,.T.);
#11514 = EDGE_LOOP('',(#11515,#11538,#11560,#11561));
#11515 = ORIENTED_EDGE('',*,*,#11516,.T.);
#11516 = EDGE_CURVE('',#11161,#11517,#11519,.T.);
#11517 = VERTEX_POINT('',#11518);
#11518 = CARTESIAN_POINT('',(16.280913030582,21.841437512897,23.3));
#11519 = SURFACE_CURVE('',#11520,(#11524,#11531),.PCURVE_S1.);
#11520 = LINE('',#11521,#11522);
#11521 = CARTESIAN_POINT('',(16.101679923622,21.930181489422,23.5));
#11522 = VECTOR('',#11523,1.);
#11523 = DIRECTION('',(0.633684726722,-0.313757337952,-0.707106781187));
#11524 = PCURVE('',#11210,#11525);
#11525 = DEFINITIONAL_REPRESENTATION('',(#11526),#11530);
#11526 = LINE('',#11527,#11528);
#11527 = CARTESIAN_POINT('',(1.448308304161,-0.1));
#11528 = VECTOR('',#11529,1.);
#11529 = DIRECTION('',(-9.992007221625E-15,1.));
#11530 = ( GEOMETRIC_REPRESENTATION_CONTEXT(2) 
PARAMETRIC_REPRESENTATION_CONTEXT() REPRESENTATION_CONTEXT('2D SPACE',''
  ) );
#11531 = PCURVE('',#11181,#11532);
#11532 = DEFINITIONAL_REPRESENTATION('',(#11533),#11537);
#11533 = LINE('',#11534,#11535);
#11534 = CARTESIAN_POINT('',(3.792898347737,0.1));
#11535 = VECTOR('',#11536,1.);
#11536 = DIRECTION('',(6.66133814775E-15,-1.));
#11537 = ( GEOMETRIC_REPRESENTATION_CONTEXT(2) 
PARAMETRIC_REPRESENTATION_CONTEXT() REPRESENTATION_CONTEXT('2D SPACE',''
  ) );
#11538 = ORIENTED_EDGE('',*,*,#11539,.T.);
#11539 = EDGE_CURVE('',#11517,#550,#11540,.T.);
#11540 = SURFACE_CURVE('',#11541,(#11546,#11553),.PCURVE_S1.);
#11541 = CIRCLE('',#11542,1.6);
#11542 = AXIS2_PLACEMENT_3D('',#11543,#11544,#11545);
#11543 = CARTESIAN_POINT('',(14.847048174902,22.551389325098,23.3));
#11544 = DIRECTION('',(0.,0.,1.));
#11545 = DIRECTION('',(0.549890673145,0.83523664167,-0.));
#11546 = PCURVE('',#11210,#11547);
#11547 = DEFINITIONAL_REPRESENTATION('',(#11548),#11552);
#11548 = LINE('',#11549,#11550);
#11549 = CARTESIAN_POINT('',(6.28318530718,0.1));
#11550 = VECTOR('',#11551,1.);
#11551 = DIRECTION('',(-1.,-1.842948198318E-15));
#11552 = ( GEOMETRIC_REPRESENTATION_CONTEXT(2) 
PARAMETRIC_REPRESENTATION_CONTEXT() REPRESENTATION_CONTEXT('2D SPACE',''
  ) );
#11553 = PCURVE('',#594,#11554);
#11554 = DEFINITIONAL_REPRESENTATION('',(#11555),#11559);
#11555 = LINE('',#11556,#11557);
#11556 = CARTESIAN_POINT('',(6.28318530718,0.2));
#11557 = VECTOR('',#11558,1.);
#11558 = DIRECTION('',(-1.,0.));
#11559 = ( GEOMETRIC_REPRESENTATION_CONTEXT(2) 
PARAMETRIC_REPRESENTATION_CONTEXT() REPRESENTATION_CONTEXT('2D SPACE',''
  ) );
#11560 = ORIENTED_EDGE('',*,*,#11489,.F.);
#11561 = ORIENTED_EDGE('',*,*,#11193,.T.);
#11562 = ADVANCED_FACE('',(#11563),#11181,.F.);
#11563 = FACE_BOUND('',#11564,.F.);
#11564 = EDGE_LOOP('',(#11565,#11589,#11610,#11611));
#11565 = ORIENTED_EDGE('',*,*,#11566,.F.);
#11566 = EDGE_CURVE('',#11567,#11517,#11569,.T.);
#11567 = VERTEX_POINT('',#11568);
#11568 = CARTESIAN_POINT('',(21.841437512897,16.280913030582,23.3));
#11569 = SURFACE_CURVE('',#11570,(#11575,#11582),.PCURVE_S1.);
#11570 = CIRCLE('',#11571,4.15);
#11571 = AXIS2_PLACEMENT_3D('',#11572,#11573,#11574);
#11572 = CARTESIAN_POINT('',(20.,20.,23.3));
#11573 = DIRECTION('',(0.,0.,-1.));
#11574 = DIRECTION('',(0.443719882626,-0.8961655348,0.));
#11575 = PCURVE('',#11181,#11576);
#11576 = DEFINITIONAL_REPRESENTATION('',(#11577),#11581);
#11577 = LINE('',#11578,#11579);
#11578 = CARTESIAN_POINT('',(6.28318530718,-1.E-01));
#11579 = VECTOR('',#11580,1.);
#11580 = DIRECTION('',(-1.,3.546486900479E-16));
#11581 = ( GEOMETRIC_REPRESENTATION_CONTEXT(2) 
PARAMETRIC_REPRESENTATION_CONTEXT() REPRESENTATION_CONTEXT('2D SPACE',''
  ) );
#11582 = PCURVE('',#8375,#11583);
#11583 = DEFINITIONAL_REPRESENTATION('',(#11584),#11588);
#11584 = LINE('',#11585,#11586);
#11585 = CARTESIAN_POINT('',(0.,0.2));
#11586 = VECTOR('',#11587,1.);
#11587 = DIRECTION('',(1.,0.));
#11588 = ( GEOMETRIC_REPRESENTATION_CONTEXT(2) 
PARAMETRIC_REPRESENTATION_CONTEXT() REPRESENTATION_CONTEXT('2D SPACE',''
  ) );
#11589 = ORIENTED_EDGE('',*,*,#11590,.F.);
#11590 = EDGE_CURVE('',#11137,#11567,#11591,.T.);
#11591 = SURFACE_CURVE('',#11592,(#11596,#11603),.PCURVE_S1.);
#11592 = LINE('',#11593,#11594);
#11593 = CARTESIAN_POINT('',(21.930181489422,16.101679923622,23.5));
#11594 = VECTOR('',#11595,1.);
#11595 = DIRECTION('',(-0.313757337952,0.633684726722,-0.707106781187));
#11596 = PCURVE('',#11181,#11597);
#11597 = DEFINITIONAL_REPRESENTATION('',(#11598),#11602);
#11598 = LINE('',#11599,#11600);
#11599 = CARTESIAN_POINT('',(6.28318530718,9.999999999997E-02));
#11600 = VECTOR('',#11601,1.);
#11601 = DIRECTION('',(0.,-1.));
#11602 = ( GEOMETRIC_REPRESENTATION_CONTEXT(2) 
PARAMETRIC_REPRESENTATION_CONTEXT() REPRESENTATION_CONTEXT('2D SPACE',''
  ) );
#11603 = PCURVE('',#9453,#11604);
#11604 = DEFINITIONAL_REPRESENTATION('',(#11605),#11609);
#11605 = LINE('',#11606,#11607);
#11606 = CARTESIAN_POINT('',(0.,-9.999999999996E-02));
#11607 = VECTOR('',#11608,1.);
#11608 = DIRECTION('',(0.,1.));
#11609 = ( GEOMETRIC_REPRESENTATION_CONTEXT(2) 
PARAMETRIC_REPRESENTATION_CONTEXT() REPRESENTATION_CONTEXT('2D SPACE',''
  ) );
#11610 = ORIENTED_EDGE('',*,*,#11160,.F.);
#11611 = ORIENTED_EDGE('',*,*,#11516,.T.);
#11612 = ADVANCED_FACE('',(#11613),#9453,.T.);
#11613 = FACE_BOUND('',#11614,.T.);
#11614 = EDGE_LOOP('',(#11615,#11616,#11638,#11639));
#11615 = ORIENTED_EDGE('',*,*,#9437,.T.);
#11616 = ORIENTED_EDGE('',*,*,#11617,.T.);
#11617 = EDGE_CURVE('',#9414,#11567,#11618,.T.);
#11618 = SURFACE_CURVE('',#11619,(#11624,#11631),.PCURVE_S1.);
#11619 = CIRCLE('',#11620,1.6);
#11620 = AXIS2_PLACEMENT_3D('',#11621,#11622,#11623);
#11621 = CARTESIAN_POINT('',(22.551389325098,14.847048174902,23.3));
#11622 = DIRECTION('',(0.,0.,1.));
#11623 = DIRECTION('',(-0.443719882626,0.8961655348,0.));
#11624 = PCURVE('',#9453,#11625);
#11625 = DEFINITIONAL_REPRESENTATION('',(#11626),#11630);
#11626 = LINE('',#11627,#11628);
#11627 = CARTESIAN_POINT('',(6.28318530718,9.999999999999E-02));
#11628 = VECTOR('',#11629,1.);
#11629 = DIRECTION('',(-1.,1.449966597206E-15));
#11630 = ( GEOMETRIC_REPRESENTATION_CONTEXT(2) 
PARAMETRIC_REPRESENTATION_CONTEXT() REPRESENTATION_CONTEXT('2D SPACE',''
  ) );
#11631 = PCURVE('',#8404,#11632);
#11632 = DEFINITIONAL_REPRESENTATION('',(#11633),#11637);
#11633 = LINE('',#11634,#11635);
#11634 = CARTESIAN_POINT('',(6.28318530718,0.2));
#11635 = VECTOR('',#11636,1.);
#11636 = DIRECTION('',(-1.,0.));
#11637 = ( GEOMETRIC_REPRESENTATION_CONTEXT(2) 
PARAMETRIC_REPRESENTATION_CONTEXT() REPRESENTATION_CONTEXT('2D SPACE',''
  ) );
#11638 = ORIENTED_EDGE('',*,*,#11590,.F.);
#11639 = ORIENTED_EDGE('',*,*,#11136,.T.);
#11640 = ADVANCED_FACE('',(#11641),#9194,.T.);
#11641 = FACE_BOUND('',#11642,.T.);
#11642 = EDGE_LOOP('',(#11643,#11666,#11688,#11689));
#11643 = ORIENTED_EDGE('',*,*,#11644,.T.);
#11644 = EDGE_CURVE('',#11079,#11645,#11647,.T.);
#11645 = VERTEX_POINT('',#11646);
#11646 = CARTESIAN_POINT('',(21.841437512897,-16.28091303058,23.3));
#11647 = SURFACE_CURVE('',#11648,(#11652,#11659),.PCURVE_S1.);
#11648 = LINE('',#11649,#11650);
#11649 = CARTESIAN_POINT('',(21.930181489422,-16.10167992362,23.5));
#11650 = VECTOR('',#11651,1.);
#11651 = DIRECTION('',(-0.313757337952,-0.633684726722,-0.707106781187)
  );
#11652 = PCURVE('',#9194,#11653);
#11653 = DEFINITIONAL_REPRESENTATION('',(#11654),#11658);
#11654 = LINE('',#11655,#11656);
#11655 = CARTESIAN_POINT('',(1.448308304161,-0.1));
#11656 = VECTOR('',#11657,1.);
#11657 = DIRECTION('',(-2.6645352591E-14,1.));
#11658 = ( GEOMETRIC_REPRESENTATION_CONTEXT(2) 
PARAMETRIC_REPRESENTATION_CONTEXT() REPRESENTATION_CONTEXT('2D SPACE',''
  ) );
#11659 = PCURVE('',#11099,#11660);
#11660 = DEFINITIONAL_REPRESENTATION('',(#11661),#11665);
#11661 = LINE('',#11662,#11663);
#11662 = CARTESIAN_POINT('',(3.792898347737,0.1));
#11663 = VECTOR('',#11664,1.);
#11664 = DIRECTION('',(0.,-1.));
#11665 = ( GEOMETRIC_REPRESENTATION_CONTEXT(2) 
PARAMETRIC_REPRESENTATION_CONTEXT() REPRESENTATION_CONTEXT('2D SPACE',''
  ) );
#11666 = ORIENTED_EDGE('',*,*,#11667,.T.);
#11667 = EDGE_CURVE('',#11645,#9179,#11668,.T.);
#11668 = SURFACE_CURVE('',#11669,(#11674,#11681),.PCURVE_S1.);
#11669 = CIRCLE('',#11670,1.6);
#11670 = AXIS2_PLACEMENT_3D('',#11671,#11672,#11673);
#11671 = CARTESIAN_POINT('',(22.551389325098,-14.8470481749,23.3));
#11672 = DIRECTION('',(0.,0.,1.));
#11673 = DIRECTION('',(0.83523664167,-0.549890673145,0.));
#11674 = PCURVE('',#9194,#11675);
#11675 = DEFINITIONAL_REPRESENTATION('',(#11676),#11680);
#11676 = LINE('',#11677,#11678);
#11677 = CARTESIAN_POINT('',(6.28318530718,0.1));
#11678 = VECTOR('',#11679,1.);
#11679 = DIRECTION('',(-1.,-1.23314916211E-15));
#11680 = ( GEOMETRIC_REPRESENTATION_CONTEXT(2) 
PARAMETRIC_REPRESENTATION_CONTEXT() REPRESENTATION_CONTEXT('2D SPACE',''
  ) );
#11681 = PCURVE('',#8585,#11682);
#11682 = DEFINITIONAL_REPRESENTATION('',(#11683),#11687);
#11683 = LINE('',#11684,#11685);
#11684 = CARTESIAN_POINT('',(6.28318530718,0.2));
#11685 = VECTOR('',#11686,1.);
#11686 = DIRECTION('',(-1.,0.));
#11687 = ( GEOMETRIC_REPRESENTATION_CONTEXT(2) 
PARAMETRIC_REPRESENTATION_CONTEXT() REPRESENTATION_CONTEXT('2D SPACE',''
  ) );
#11688 = ORIENTED_EDGE('',*,*,#9178,.F.);
#11689 = ORIENTED_EDGE('',*,*,#11111,.T.);
#11690 = ADVANCED_FACE('',(#11691),#11099,.F.);
#11691 = FACE_BOUND('',#11692,.F.);
#11692 = EDGE_LOOP('',(#11693,#11717,#11738,#11739));
#11693 = ORIENTED_EDGE('',*,*,#11694,.F.);
#11694 = EDGE_CURVE('',#11695,#11645,#11697,.T.);
#11695 = VERTEX_POINT('',#11696);
#11696 = CARTESIAN_POINT('',(16.280913030582,-21.84143751289,23.3));
#11697 = SURFACE_CURVE('',#11698,(#11703,#11710),.PCURVE_S1.);
#11698 = CIRCLE('',#11699,4.15);
#11699 = AXIS2_PLACEMENT_3D('',#11700,#11701,#11702);
#11700 = CARTESIAN_POINT('',(20.,-20.,23.3));
#11701 = DIRECTION('',(0.,0.,-1.));
#11702 = DIRECTION('',(-0.8961655348,-0.443719882626,-0.));
#11703 = PCURVE('',#11099,#11704);
#11704 = DEFINITIONAL_REPRESENTATION('',(#11705),#11709);
#11705 = LINE('',#11706,#11707);
#11706 = CARTESIAN_POINT('',(6.28318530718,-1.E-01));
#11707 = VECTOR('',#11708,1.);
#11708 = DIRECTION('',(-1.,-1.733838040234E-16));
#11709 = ( GEOMETRIC_REPRESENTATION_CONTEXT(2) 
PARAMETRIC_REPRESENTATION_CONTEXT() REPRESENTATION_CONTEXT('2D SPACE',''
  ) );
#11710 = PCURVE('',#8618,#11711);
#11711 = DEFINITIONAL_REPRESENTATION('',(#11712),#11716);
#11712 = LINE('',#11713,#11714);
#11713 = CARTESIAN_POINT('',(0.,0.2));
#11714 = VECTOR('',#11715,1.);
#11715 = DIRECTION('',(1.,0.));
#11716 = ( GEOMETRIC_REPRESENTATION_CONTEXT(2) 
PARAMETRIC_REPRESENTATION_CONTEXT() REPRESENTATION_CONTEXT('2D SPACE',''
  ) );
#11717 = ORIENTED_EDGE('',*,*,#11718,.F.);
#11718 = EDGE_CURVE('',#11050,#11695,#11719,.T.);
#11719 = SURFACE_CURVE('',#11720,(#11724,#11731),.PCURVE_S1.);
#11720 = LINE('',#11721,#11722);
#11721 = CARTESIAN_POINT('',(16.101679923622,-21.93018148942,23.5));
#11722 = VECTOR('',#11723,1.);
#11723 = DIRECTION('',(0.633684726722,0.313757337952,-0.707106781187));
#11724 = PCURVE('',#11099,#11725);
#11725 = DEFINITIONAL_REPRESENTATION('',(#11726),#11730);
#11726 = LINE('',#11727,#11728);
#11727 = CARTESIAN_POINT('',(6.28318530718,9.999999999997E-02));
#11728 = VECTOR('',#11729,1.);
#11729 = DIRECTION('',(0.,-1.));
#11730 = ( GEOMETRIC_REPRESENTATION_CONTEXT(2) 
PARAMETRIC_REPRESENTATION_CONTEXT() REPRESENTATION_CONTEXT('2D SPACE',''
  ) );
#11731 = PCURVE('',#11066,#11732);
#11732 = DEFINITIONAL_REPRESENTATION('',(#11733),#11737);
#11733 = LINE('',#11734,#11735);
#11734 = CARTESIAN_POINT('',(0.,-9.999999999996E-02));
#11735 = VECTOR('',#11736,1.);
#11736 = DIRECTION('',(0.,1.));
#11737 = ( GEOMETRIC_REPRESENTATION_CONTEXT(2) 
PARAMETRIC_REPRESENTATION_CONTEXT() REPRESENTATION_CONTEXT('2D SPACE',''
  ) );
#11738 = ORIENTED_EDGE('',*,*,#11078,.F.);
#11739 = ORIENTED_EDGE('',*,*,#11644,.T.);
#11740 = ADVANCED_FACE('',(#11741),#11066,.T.);
#11741 = FACE_BOUND('',#11742,.T.);
#11742 = EDGE_LOOP('',(#11743,#11766,#11788,#11789));
#11743 = ORIENTED_EDGE('',*,*,#11744,.T.);
#11744 = EDGE_CURVE('',#11021,#11745,#11747,.T.);
#11745 = VERTEX_POINT('',#11746);
#11746 = CARTESIAN_POINT('',(15.726873251934,-23.88776795177,23.3));
#11747 = SURFACE_CURVE('',#11748,(#11752,#11759),.PCURVE_S1.);
#11748 = LINE('',#11749,#11750);
#11749 = CARTESIAN_POINT('',(15.616895117305,-23.72072062343,23.5));
#11750 = VECTOR('',#11751,1.);
#11751 = DIRECTION('',(0.388831423892,-0.590601493221,-0.707106781187));
#11752 = PCURVE('',#11066,#11753);
#11753 = DEFINITIONAL_REPRESENTATION('',(#11754),#11758);
#11754 = LINE('',#11755,#11756);
#11755 = CARTESIAN_POINT('',(1.448308304161,-9.999999999998E-02));
#11756 = VECTOR('',#11757,1.);
#11757 = DIRECTION('',(2.331468351713E-14,1.));
#11758 = ( GEOMETRIC_REPRESENTATION_CONTEXT(2) 
PARAMETRIC_REPRESENTATION_CONTEXT() REPRESENTATION_CONTEXT('2D SPACE',''
  ) );
#11759 = PCURVE('',#11037,#11760);
#11760 = DEFINITIONAL_REPRESENTATION('',(#11761),#11765);
#11761 = LINE('',#11762,#11763);
#11762 = CARTESIAN_POINT('',(0.,-9.999999999998E-02));
#11763 = VECTOR('',#11764,1.);
#11764 = DIRECTION('',(0.,1.));
#11765 = ( GEOMETRIC_REPRESENTATION_CONTEXT(2) 
PARAMETRIC_REPRESENTATION_CONTEXT() REPRESENTATION_CONTEXT('2D SPACE',''
  ) );
#11766 = ORIENTED_EDGE('',*,*,#11767,.T.);
#11767 = EDGE_CURVE('',#11745,#11695,#11768,.T.);
#11768 = SURFACE_CURVE('',#11769,(#11774,#11781),.PCURVE_S1.);
#11769 = CIRCLE('',#11770,1.6);
#11770 = AXIS2_PLACEMENT_3D('',#11771,#11772,#11773);
#11771 = CARTESIAN_POINT('',(14.847048174902,-22.55138932509,23.3));
#11772 = DIRECTION('',(0.,0.,1.));
#11773 = DIRECTION('',(0.8961655348,0.443719882626,-0.));
#11774 = PCURVE('',#11066,#11775);
#11775 = DEFINITIONAL_REPRESENTATION('',(#11776),#11780);
#11776 = LINE('',#11777,#11778);
#11777 = CARTESIAN_POINT('',(6.28318530718,1.E-01));
#11778 = VECTOR('',#11779,1.);
#11779 = DIRECTION('',(-1.,7.724121125304E-16));
#11780 = ( GEOMETRIC_REPRESENTATION_CONTEXT(2) 
PARAMETRIC_REPRESENTATION_CONTEXT() REPRESENTATION_CONTEXT('2D SPACE',''
  ) );
#11781 = PCURVE('',#8647,#11782);
#11782 = DEFINITIONAL_REPRESENTATION('',(#11783),#11787);
#11783 = LINE('',#11784,#11785);
#11784 = CARTESIAN_POINT('',(6.28318530718,0.2));
#11785 = VECTOR('',#11786,1.);
#11786 = DIRECTION('',(-1.,0.));
#11787 = ( GEOMETRIC_REPRESENTATION_CONTEXT(2) 
PARAMETRIC_REPRESENTATION_CONTEXT() REPRESENTATION_CONTEXT('2D SPACE',''
  ) );
#11788 = ORIENTED_EDGE('',*,*,#11718,.F.);
#11789 = ORIENTED_EDGE('',*,*,#11049,.T.);
#11790 = ADVANCED_FACE('',(#11791),#11037,.T.);
#11791 = FACE_BOUND('',#11792,.T.);
#11792 = EDGE_LOOP('',(#11793,#11816,#11838,#11839));
#11793 = ORIENTED_EDGE('',*,*,#11794,.T.);
#11794 = EDGE_CURVE('',#10992,#11795,#11797,.T.);
#11795 = VERTEX_POINT('',#11796);
#11796 = CARTESIAN_POINT('',(-15.72687325193,-23.88776795177,23.3));
#11797 = SURFACE_CURVE('',#11798,(#11802,#11809),.PCURVE_S1.);
#11798 = LINE('',#11799,#11800);
#11799 = CARTESIAN_POINT('',(-15.6168951173,-23.72072062343,23.5));
#11800 = VECTOR('',#11801,1.);
#11801 = DIRECTION('',(-0.388831423892,-0.590601493221,-0.707106781187)
  );
#11802 = PCURVE('',#11037,#11803);
#11803 = DEFINITIONAL_REPRESENTATION('',(#11804),#11808);
#11804 = LINE('',#11805,#11806);
#11805 = CARTESIAN_POINT('',(1.164466677915,-0.1));
#11806 = VECTOR('',#11807,1.);
#11807 = DIRECTION('',(0.,1.));
#11808 = ( GEOMETRIC_REPRESENTATION_CONTEXT(2) 
PARAMETRIC_REPRESENTATION_CONTEXT() REPRESENTATION_CONTEXT('2D SPACE',''
  ) );
#11809 = PCURVE('',#11008,#11810);
#11810 = DEFINITIONAL_REPRESENTATION('',(#11811),#11815);
#11811 = LINE('',#11812,#11813);
#11812 = CARTESIAN_POINT('',(0.,-0.1));
#11813 = VECTOR('',#11814,1.);
#11814 = DIRECTION('',(0.,1.));
#11815 = ( GEOMETRIC_REPRESENTATION_CONTEXT(2) 
PARAMETRIC_REPRESENTATION_CONTEXT() REPRESENTATION_CONTEXT('2D SPACE',''
  ) );
#11816 = ORIENTED_EDGE('',*,*,#11817,.T.);
#11817 = EDGE_CURVE('',#11795,#11745,#11818,.T.);
#11818 = SURFACE_CURVE('',#11819,(#11824,#11831),.PCURVE_S1.);
#11819 = CIRCLE('',#11820,28.6);
#11820 = AXIS2_PLACEMENT_3D('',#11821,#11822,#11823);
#11821 = CARTESIAN_POINT('',(-5.666681978065E-15,5.705855277383E-16,23.3
    ));
#11822 = DIRECTION('',(0.,0.,1.));
#11823 = DIRECTION('',(0.549890673145,-0.83523664167,0.));
#11824 = PCURVE('',#11037,#11825);
#11825 = DEFINITIONAL_REPRESENTATION('',(#11826),#11830);
#11826 = LINE('',#11827,#11828);
#11827 = CARTESIAN_POINT('',(6.28318530718,0.1));
#11828 = VECTOR('',#11829,1.);
#11829 = DIRECTION('',(-1.,-3.050610425479E-15));
#11830 = ( GEOMETRIC_REPRESENTATION_CONTEXT(2) 
PARAMETRIC_REPRESENTATION_CONTEXT() REPRESENTATION_CONTEXT('2D SPACE',''
  ) );
#11831 = PCURVE('',#8676,#11832);
#11832 = DEFINITIONAL_REPRESENTATION('',(#11833),#11837);
#11833 = LINE('',#11834,#11835);
#11834 = CARTESIAN_POINT('',(6.28318530718,0.2));
#11835 = VECTOR('',#11836,1.);
#11836 = DIRECTION('',(-1.,0.));
#11837 = ( GEOMETRIC_REPRESENTATION_CONTEXT(2) 
PARAMETRIC_REPRESENTATION_CONTEXT() REPRESENTATION_CONTEXT('2D SPACE',''
  ) );
#11838 = ORIENTED_EDGE('',*,*,#11744,.F.);
#11839 = ORIENTED_EDGE('',*,*,#11020,.T.);
#11840 = ADVANCED_FACE('',(#11841),#11008,.T.);
#11841 = FACE_BOUND('',#11842,.T.);
#11842 = EDGE_LOOP('',(#11843,#11866,#11888,#11889));
#11843 = ORIENTED_EDGE('',*,*,#11844,.T.);
#11844 = EDGE_CURVE('',#10959,#11845,#11847,.T.);
#11845 = VERTEX_POINT('',#11846);
#11846 = CARTESIAN_POINT('',(-16.28091303058,-21.84143751289,23.3));
#11847 = SURFACE_CURVE('',#11848,(#11852,#11859),.PCURVE_S1.);
#11848 = LINE('',#11849,#11850);
#11849 = CARTESIAN_POINT('',(-16.10167992362,-21.93018148942,23.5));
#11850 = VECTOR('',#11851,1.);
#11851 = DIRECTION('',(-0.633684726722,0.313757337952,-0.707106781187));
#11852 = PCURVE('',#11008,#11853);
#11853 = DEFINITIONAL_REPRESENTATION('',(#11854),#11858);
#11854 = LINE('',#11855,#11856);
#11855 = CARTESIAN_POINT('',(1.448308304161,-0.1));
#11856 = VECTOR('',#11857,1.);
#11857 = DIRECTION('',(-2.442490654175E-14,1.));
#11858 = ( GEOMETRIC_REPRESENTATION_CONTEXT(2) 
PARAMETRIC_REPRESENTATION_CONTEXT() REPRESENTATION_CONTEXT('2D SPACE',''
  ) );
#11859 = PCURVE('',#10979,#11860);
#11860 = DEFINITIONAL_REPRESENTATION('',(#11861),#11865);
#11861 = LINE('',#11862,#11863);
#11862 = CARTESIAN_POINT('',(3.792898347737,0.1));
#11863 = VECTOR('',#11864,1.);
#11864 = DIRECTION('',(0.,-1.));
#11865 = ( GEOMETRIC_REPRESENTATION_CONTEXT(2) 
PARAMETRIC_REPRESENTATION_CONTEXT() REPRESENTATION_CONTEXT('2D SPACE',''
  ) );
#11866 = ORIENTED_EDGE('',*,*,#11867,.T.);
#11867 = EDGE_CURVE('',#11845,#11795,#11868,.T.);
#11868 = SURFACE_CURVE('',#11869,(#11874,#11881),.PCURVE_S1.);
#11869 = CIRCLE('',#11870,1.6);
#11870 = AXIS2_PLACEMENT_3D('',#11871,#11872,#11873);
#11871 = CARTESIAN_POINT('',(-14.8470481749,-22.55138932509,23.3));
#11872 = DIRECTION('',(0.,0.,1.));
#11873 = DIRECTION('',(-0.549890673145,-0.83523664167,0.));
#11874 = PCURVE('',#11008,#11875);
#11875 = DEFINITIONAL_REPRESENTATION('',(#11876),#11880);
#11876 = LINE('',#11877,#11878);
#11877 = CARTESIAN_POINT('',(6.28318530718,0.1));
#11878 = VECTOR('',#11879,1.);
#11879 = DIRECTION('',(-1.,-1.070536085788E-15));
#11880 = ( GEOMETRIC_REPRESENTATION_CONTEXT(2) 
PARAMETRIC_REPRESENTATION_CONTEXT() REPRESENTATION_CONTEXT('2D SPACE',''
  ) );
#11881 = PCURVE('',#8705,#11882);
#11882 = DEFINITIONAL_REPRESENTATION('',(#11883),#11887);
#11883 = LINE('',#11884,#11885);
#11884 = CARTESIAN_POINT('',(6.28318530718,0.2));
#11885 = VECTOR('',#11886,1.);
#11886 = DIRECTION('',(-1.,0.));
#11887 = ( GEOMETRIC_REPRESENTATION_CONTEXT(2) 
PARAMETRIC_REPRESENTATION_CONTEXT() REPRESENTATION_CONTEXT('2D SPACE',''
  ) );
#11888 = ORIENTED_EDGE('',*,*,#11794,.F.);
#11889 = ORIENTED_EDGE('',*,*,#10991,.T.);
#11890 = ADVANCED_FACE('',(#11891),#10979,.F.);
#11891 = FACE_BOUND('',#11892,.F.);
#11892 = EDGE_LOOP('',(#11893,#11917,#11938,#11939));
#11893 = ORIENTED_EDGE('',*,*,#11894,.F.);
#11894 = EDGE_CURVE('',#11895,#11845,#11897,.T.);
#11895 = VERTEX_POINT('',#11896);
#11896 = CARTESIAN_POINT('',(-21.84143751289,-16.28091303058,23.3));
#11897 = SURFACE_CURVE('',#11898,(#11903,#11910),.PCURVE_S1.);
#11898 = CIRCLE('',#11899,4.15);
#11899 = AXIS2_PLACEMENT_3D('',#11900,#11901,#11902);
#11900 = CARTESIAN_POINT('',(-20.,-20.,23.3));
#11901 = DIRECTION('',(0.,0.,-1.));
#11902 = DIRECTION('',(-0.443719882626,0.8961655348,0.));
#11903 = PCURVE('',#10979,#11904);
#11904 = DEFINITIONAL_REPRESENTATION('',(#11905),#11909);
#11905 = LINE('',#11906,#11907);
#11906 = CARTESIAN_POINT('',(6.28318530718,-1.E-01));
#11907 = VECTOR('',#11908,1.);
#11908 = DIRECTION('',(-1.,3.546486900479E-16));
#11909 = ( GEOMETRIC_REPRESENTATION_CONTEXT(2) 
PARAMETRIC_REPRESENTATION_CONTEXT() REPRESENTATION_CONTEXT('2D SPACE',''
  ) );
#11910 = PCURVE('',#8738,#11911);
#11911 = DEFINITIONAL_REPRESENTATION('',(#11912),#11916);
#11912 = LINE('',#11913,#11914);
#11913 = CARTESIAN_POINT('',(0.,0.2));
#11914 = VECTOR('',#11915,1.);
#11915 = DIRECTION('',(1.,0.));
#11916 = ( GEOMETRIC_REPRESENTATION_CONTEXT(2) 
PARAMETRIC_REPRESENTATION_CONTEXT() REPRESENTATION_CONTEXT('2D SPACE',''
  ) );
#11917 = ORIENTED_EDGE('',*,*,#11918,.F.);
#11918 = EDGE_CURVE('',#10935,#11895,#11919,.T.);
#11919 = SURFACE_CURVE('',#11920,(#11924,#11931),.PCURVE_S1.);
#11920 = LINE('',#11921,#11922);
#11921 = CARTESIAN_POINT('',(-21.93018148942,-16.10167992362,23.5));
#11922 = VECTOR('',#11923,1.);
#11923 = DIRECTION('',(0.313757337952,-0.633684726722,-0.707106781187));
#11924 = PCURVE('',#10979,#11925);
#11925 = DEFINITIONAL_REPRESENTATION('',(#11926),#11930);
#11926 = LINE('',#11927,#11928);
#11927 = CARTESIAN_POINT('',(6.28318530718,9.999999999997E-02));
#11928 = VECTOR('',#11929,1.);
#11929 = DIRECTION('',(0.,-1.));
#11930 = ( GEOMETRIC_REPRESENTATION_CONTEXT(2) 
PARAMETRIC_REPRESENTATION_CONTEXT() REPRESENTATION_CONTEXT('2D SPACE',''
  ) );
#11931 = PCURVE('',#8131,#11932);
#11932 = DEFINITIONAL_REPRESENTATION('',(#11933),#11937);
#11933 = LINE('',#11934,#11935);
#11934 = CARTESIAN_POINT('',(0.,-9.999999999996E-02));
#11935 = VECTOR('',#11936,1.);
#11936 = DIRECTION('',(0.,1.));
#11937 = ( GEOMETRIC_REPRESENTATION_CONTEXT(2) 
PARAMETRIC_REPRESENTATION_CONTEXT() REPRESENTATION_CONTEXT('2D SPACE',''
  ) );
#11938 = ORIENTED_EDGE('',*,*,#10958,.F.);
#11939 = ORIENTED_EDGE('',*,*,#11844,.T.);
#11940 = ADVANCED_FACE('',(#11941),#8131,.T.);
#11941 = FACE_BOUND('',#11942,.T.);
#11942 = EDGE_LOOP('',(#11943,#11944,#11966,#11967));
#11943 = ORIENTED_EDGE('',*,*,#8115,.T.);
#11944 = ORIENTED_EDGE('',*,*,#11945,.T.);
#11945 = EDGE_CURVE('',#8092,#11895,#11946,.T.);
#11946 = SURFACE_CURVE('',#11947,(#11952,#11959),.PCURVE_S1.);
#11947 = CIRCLE('',#11948,1.6);
#11948 = AXIS2_PLACEMENT_3D('',#11949,#11950,#11951);
#11949 = CARTESIAN_POINT('',(-22.55138932509,-14.8470481749,23.3));
#11950 = DIRECTION('',(0.,0.,1.));
#11951 = DIRECTION('',(0.443719882626,-0.8961655348,0.));
#11952 = PCURVE('',#8131,#11953);
#11953 = DEFINITIONAL_REPRESENTATION('',(#11954),#11958);
#11954 = LINE('',#11955,#11956);
#11955 = CARTESIAN_POINT('',(6.28318530718,1.E-01));
#11956 = VECTOR('',#11957,1.);
#11957 = DIRECTION('',(-1.,6.911055743693E-16));
#11958 = ( GEOMETRIC_REPRESENTATION_CONTEXT(2) 
PARAMETRIC_REPRESENTATION_CONTEXT() REPRESENTATION_CONTEXT('2D SPACE',''
  ) );
#11959 = PCURVE('',#8767,#11960);
#11960 = DEFINITIONAL_REPRESENTATION('',(#11961),#11965);
#11961 = LINE('',#11962,#11963);
#11962 = CARTESIAN_POINT('',(6.28318530718,0.2));
#11963 = VECTOR('',#11964,1.);
#11964 = DIRECTION('',(-1.,0.));
#11965 = ( GEOMETRIC_REPRESENTATION_CONTEXT(2) 
PARAMETRIC_REPRESENTATION_CONTEXT() REPRESENTATION_CONTEXT('2D SPACE',''
  ) );
#11966 = ORIENTED_EDGE('',*,*,#11918,.F.);
#11967 = ORIENTED_EDGE('',*,*,#10934,.T.);
#11968 = ADVANCED_FACE('',(#11969),#8585,.T.);
#11969 = FACE_BOUND('',#11970,.T.);
#11970 = EDGE_LOOP('',(#11971,#11972,#11993,#11994));
#11971 = ORIENTED_EDGE('',*,*,#11667,.F.);
#11972 = ORIENTED_EDGE('',*,*,#11973,.T.);
#11973 = EDGE_CURVE('',#11645,#8569,#11974,.T.);
#11974 = SURFACE_CURVE('',#11975,(#11979,#11986),.PCURVE_S1.);
#11975 = LINE('',#11976,#11977);
#11976 = CARTESIAN_POINT('',(21.841437512897,-16.28091303058,23.5));
#11977 = VECTOR('',#11978,1.);
#11978 = DIRECTION('',(0.,0.,-1.));
#11979 = PCURVE('',#8585,#11980);
#11980 = DEFINITIONAL_REPRESENTATION('',(#11981),#11985);
#11981 = LINE('',#11982,#11983);
#11982 = CARTESIAN_POINT('',(1.448308304161,0.));
#11983 = VECTOR('',#11984,1.);
#11984 = DIRECTION('',(0.,1.));
#11985 = ( GEOMETRIC_REPRESENTATION_CONTEXT(2) 
PARAMETRIC_REPRESENTATION_CONTEXT() REPRESENTATION_CONTEXT('2D SPACE',''
  ) );
#11986 = PCURVE('',#8618,#11987);
#11987 = DEFINITIONAL_REPRESENTATION('',(#11988),#11992);
#11988 = LINE('',#11989,#11990);
#11989 = CARTESIAN_POINT('',(2.490286959442,0.));
#11990 = VECTOR('',#11991,1.);
#11991 = DIRECTION('',(0.,1.));
#11992 = ( GEOMETRIC_REPRESENTATION_CONTEXT(2) 
PARAMETRIC_REPRESENTATION_CONTEXT() REPRESENTATION_CONTEXT('2D SPACE',''
  ) );
#11993 = ORIENTED_EDGE('',*,*,#8568,.F.);
#11994 = ORIENTED_EDGE('',*,*,#11995,.F.);
#11995 = EDGE_CURVE('',#9179,#8540,#11996,.T.);
#11996 = SURFACE_CURVE('',#11997,(#12001,#12008),.PCURVE_S1.);
#11997 = LINE('',#11998,#11999);
#11998 = CARTESIAN_POINT('',(23.88776795177,-15.72687325193,23.5));
#11999 = VECTOR('',#12000,1.);
#12000 = DIRECTION('',(0.,0.,-1.));
#12001 = PCURVE('',#8585,#12002);
#12002 = DEFINITIONAL_REPRESENTATION('',(#12003),#12007);
#12003 = LINE('',#12004,#12005);
#12004 = CARTESIAN_POINT('',(0.,0.));
#12005 = VECTOR('',#12006,1.);
#12006 = DIRECTION('',(0.,1.));
#12007 = ( GEOMETRIC_REPRESENTATION_CONTEXT(2) 
PARAMETRIC_REPRESENTATION_CONTEXT() REPRESENTATION_CONTEXT('2D SPACE',''
  ) );
#12008 = PCURVE('',#8556,#12009);
#12009 = DEFINITIONAL_REPRESENTATION('',(#12010),#12014);
#12010 = LINE('',#12011,#12012);
#12011 = CARTESIAN_POINT('',(0.582233338958,0.));
#12012 = VECTOR('',#12013,1.);
#12013 = DIRECTION('',(0.,1.));
#12014 = ( GEOMETRIC_REPRESENTATION_CONTEXT(2) 
PARAMETRIC_REPRESENTATION_CONTEXT() REPRESENTATION_CONTEXT('2D SPACE',''
  ) );
#12015 = ADVANCED_FACE('',(#12016),#8618,.F.);
#12016 = FACE_BOUND('',#12017,.F.);
#12017 = EDGE_LOOP('',(#12018,#12019,#12020,#12041));
#12018 = ORIENTED_EDGE('',*,*,#11973,.T.);
#12019 = ORIENTED_EDGE('',*,*,#8597,.T.);
#12020 = ORIENTED_EDGE('',*,*,#12021,.F.);
#12021 = EDGE_CURVE('',#11695,#8598,#12022,.T.);
#12022 = SURFACE_CURVE('',#12023,(#12027,#12034),.PCURVE_S1.);
#12023 = LINE('',#12024,#12025);
#12024 = CARTESIAN_POINT('',(16.280913030582,-21.84143751289,23.5));
#12025 = VECTOR('',#12026,1.);
#12026 = DIRECTION('',(0.,0.,-1.));
#12027 = PCURVE('',#8618,#12028);
#12028 = DEFINITIONAL_REPRESENTATION('',(#12029),#12033);
#12029 = LINE('',#12030,#12031);
#12030 = CARTESIAN_POINT('',(0.,0.));
#12031 = VECTOR('',#12032,1.);
#12032 = DIRECTION('',(0.,1.));
#12033 = ( GEOMETRIC_REPRESENTATION_CONTEXT(2) 
PARAMETRIC_REPRESENTATION_CONTEXT() REPRESENTATION_CONTEXT('2D SPACE',''
  ) );
#12034 = PCURVE('',#8647,#12035);
#12035 = DEFINITIONAL_REPRESENTATION('',(#12036),#12040);
#12036 = LINE('',#12037,#12038);
#12037 = CARTESIAN_POINT('',(0.,0.));
#12038 = VECTOR('',#12039,1.);
#12039 = DIRECTION('',(0.,1.));
#12040 = ( GEOMETRIC_REPRESENTATION_CONTEXT(2) 
PARAMETRIC_REPRESENTATION_CONTEXT() REPRESENTATION_CONTEXT('2D SPACE',''
  ) );
#12041 = ORIENTED_EDGE('',*,*,#11694,.T.);
#12042 = ADVANCED_FACE('',(#12043),#8647,.T.);
#12043 = FACE_BOUND('',#12044,.T.);
#12044 = EDGE_LOOP('',(#12045,#12046,#12067,#12068));
#12045 = ORIENTED_EDGE('',*,*,#11767,.F.);
#12046 = ORIENTED_EDGE('',*,*,#12047,.T.);
#12047 = EDGE_CURVE('',#11745,#8631,#12048,.T.);
#12048 = SURFACE_CURVE('',#12049,(#12053,#12060),.PCURVE_S1.);
#12049 = LINE('',#12050,#12051);
#12050 = CARTESIAN_POINT('',(15.726873251934,-23.88776795177,23.5));
#12051 = VECTOR('',#12052,1.);
#12052 = DIRECTION('',(0.,0.,-1.));
#12053 = PCURVE('',#8647,#12054);
#12054 = DEFINITIONAL_REPRESENTATION('',(#12055),#12059);
#12055 = LINE('',#12056,#12057);
#12056 = CARTESIAN_POINT('',(1.448308304161,0.));
#12057 = VECTOR('',#12058,1.);
#12058 = DIRECTION('',(0.,1.));
#12059 = ( GEOMETRIC_REPRESENTATION_CONTEXT(2) 
PARAMETRIC_REPRESENTATION_CONTEXT() REPRESENTATION_CONTEXT('2D SPACE',''
  ) );
#12060 = PCURVE('',#8676,#12061);
#12061 = DEFINITIONAL_REPRESENTATION('',(#12062),#12066);
#12062 = LINE('',#12063,#12064);
#12063 = CARTESIAN_POINT('',(0.,0.));
#12064 = VECTOR('',#12065,1.);
#12065 = DIRECTION('',(0.,1.));
#12066 = ( GEOMETRIC_REPRESENTATION_CONTEXT(2) 
PARAMETRIC_REPRESENTATION_CONTEXT() REPRESENTATION_CONTEXT('2D SPACE',''
  ) );
#12067 = ORIENTED_EDGE('',*,*,#8630,.F.);
#12068 = ORIENTED_EDGE('',*,*,#12021,.F.);
#12069 = ADVANCED_FACE('',(#12070),#8676,.T.);
#12070 = FACE_BOUND('',#12071,.T.);
#12071 = EDGE_LOOP('',(#12072,#12073,#12094,#12095));
#12072 = ORIENTED_EDGE('',*,*,#11817,.F.);
#12073 = ORIENTED_EDGE('',*,*,#12074,.T.);
#12074 = EDGE_CURVE('',#11795,#8660,#12075,.T.);
#12075 = SURFACE_CURVE('',#12076,(#12080,#12087),.PCURVE_S1.);
#12076 = LINE('',#12077,#12078);
#12077 = CARTESIAN_POINT('',(-15.72687325193,-23.88776795177,23.5));
#12078 = VECTOR('',#12079,1.);
#12079 = DIRECTION('',(0.,0.,-1.));
#12080 = PCURVE('',#8676,#12081);
#12081 = DEFINITIONAL_REPRESENTATION('',(#12082),#12086);
#12082 = LINE('',#12083,#12084);
#12083 = CARTESIAN_POINT('',(1.164466677915,0.));
#12084 = VECTOR('',#12085,1.);
#12085 = DIRECTION('',(0.,1.));
#12086 = ( GEOMETRIC_REPRESENTATION_CONTEXT(2) 
PARAMETRIC_REPRESENTATION_CONTEXT() REPRESENTATION_CONTEXT('2D SPACE',''
  ) );
#12087 = PCURVE('',#8705,#12088);
#12088 = DEFINITIONAL_REPRESENTATION('',(#12089),#12093);
#12089 = LINE('',#12090,#12091);
#12090 = CARTESIAN_POINT('',(0.,0.));
#12091 = VECTOR('',#12092,1.);
#12092 = DIRECTION('',(0.,1.));
#12093 = ( GEOMETRIC_REPRESENTATION_CONTEXT(2) 
PARAMETRIC_REPRESENTATION_CONTEXT() REPRESENTATION_CONTEXT('2D SPACE',''
  ) );
#12094 = ORIENTED_EDGE('',*,*,#8659,.F.);
#12095 = ORIENTED_EDGE('',*,*,#12047,.F.);
#12096 = ADVANCED_FACE('',(#12097),#8705,.T.);
#12097 = FACE_BOUND('',#12098,.T.);
#12098 = EDGE_LOOP('',(#12099,#12100,#12121,#12122));
#12099 = ORIENTED_EDGE('',*,*,#11867,.F.);
#12100 = ORIENTED_EDGE('',*,*,#12101,.T.);
#12101 = EDGE_CURVE('',#11845,#8689,#12102,.T.);
#12102 = SURFACE_CURVE('',#12103,(#12107,#12114),.PCURVE_S1.);
#12103 = LINE('',#12104,#12105);
#12104 = CARTESIAN_POINT('',(-16.28091303058,-21.84143751289,23.5));
#12105 = VECTOR('',#12106,1.);
#12106 = DIRECTION('',(0.,0.,-1.));
#12107 = PCURVE('',#8705,#12108);
#12108 = DEFINITIONAL_REPRESENTATION('',(#12109),#12113);
#12109 = LINE('',#12110,#12111);
#12110 = CARTESIAN_POINT('',(1.448308304161,0.));
#12111 = VECTOR('',#12112,1.);
#12112 = DIRECTION('',(0.,1.));
#12113 = ( GEOMETRIC_REPRESENTATION_CONTEXT(2) 
PARAMETRIC_REPRESENTATION_CONTEXT() REPRESENTATION_CONTEXT('2D SPACE',''
  ) );
#12114 = PCURVE('',#8738,#12115);
#12115 = DEFINITIONAL_REPRESENTATION('',(#12116),#12120);
#12116 = LINE('',#12117,#12118);
#12117 = CARTESIAN_POINT('',(2.490286959442,0.));
#12118 = VECTOR('',#12119,1.);
#12119 = DIRECTION('',(0.,1.));
#12120 = ( GEOMETRIC_REPRESENTATION_CONTEXT(2) 
PARAMETRIC_REPRESENTATION_CONTEXT() REPRESENTATION_CONTEXT('2D SPACE',''
  ) );
#12121 = ORIENTED_EDGE('',*,*,#8688,.F.);
#12122 = ORIENTED_EDGE('',*,*,#12074,.F.);
#12123 = ADVANCED_FACE('',(#12124),#8738,.F.);
#12124 = FACE_BOUND('',#12125,.F.);
#12125 = EDGE_LOOP('',(#12126,#12127,#12128,#12149));
#12126 = ORIENTED_EDGE('',*,*,#12101,.T.);
#12127 = ORIENTED_EDGE('',*,*,#8717,.T.);
#12128 = ORIENTED_EDGE('',*,*,#12129,.F.);
#12129 = EDGE_CURVE('',#11895,#8718,#12130,.T.);
#12130 = SURFACE_CURVE('',#12131,(#12135,#12142),.PCURVE_S1.);
#12131 = LINE('',#12132,#12133);
#12132 = CARTESIAN_POINT('',(-21.84143751289,-16.28091303058,23.5));
#12133 = VECTOR('',#12134,1.);
#12134 = DIRECTION('',(0.,0.,-1.));
#12135 = PCURVE('',#8738,#12136);
#12136 = DEFINITIONAL_REPRESENTATION('',(#12137),#12141);
#12137 = LINE('',#12138,#12139);
#12138 = CARTESIAN_POINT('',(0.,0.));
#12139 = VECTOR('',#12140,1.);
#12140 = DIRECTION('',(0.,1.));
#12141 = ( GEOMETRIC_REPRESENTATION_CONTEXT(2) 
PARAMETRIC_REPRESENTATION_CONTEXT() REPRESENTATION_CONTEXT('2D SPACE',''
  ) );
#12142 = PCURVE('',#8767,#12143);
#12143 = DEFINITIONAL_REPRESENTATION('',(#12144),#12148);
#12144 = LINE('',#12145,#12146);
#12145 = CARTESIAN_POINT('',(0.,0.));
#12146 = VECTOR('',#12147,1.);
#12147 = DIRECTION('',(0.,1.));
#12148 = ( GEOMETRIC_REPRESENTATION_CONTEXT(2) 
PARAMETRIC_REPRESENTATION_CONTEXT() REPRESENTATION_CONTEXT('2D SPACE',''
  ) );
#12149 = ORIENTED_EDGE('',*,*,#11894,.T.);
#12150 = ADVANCED_FACE('',(#12151),#8767,.T.);
#12151 = FACE_BOUND('',#12152,.T.);
#12152 = EDGE_LOOP('',(#12153,#12154,#12175,#12176));
#12153 = ORIENTED_EDGE('',*,*,#11945,.F.);
#12154 = ORIENTED_EDGE('',*,*,#12155,.T.);
#12155 = EDGE_CURVE('',#8092,#8751,#12156,.T.);
#12156 = SURFACE_CURVE('',#12157,(#12161,#12168),.PCURVE_S1.);
#12157 = LINE('',#12158,#12159);
#12158 = CARTESIAN_POINT('',(-23.88776795177,-15.72687325193,23.5));
#12159 = VECTOR('',#12160,1.);
#12160 = DIRECTION('',(0.,0.,-1.));
#12161 = PCURVE('',#8767,#12162);
#12162 = DEFINITIONAL_REPRESENTATION('',(#12163),#12167);
#12163 = LINE('',#12164,#12165);
#12164 = CARTESIAN_POINT('',(1.448308304161,0.));
#12165 = VECTOR('',#12166,1.);
#12166 = DIRECTION('',(0.,1.));
#12167 = ( GEOMETRIC_REPRESENTATION_CONTEXT(2) 
PARAMETRIC_REPRESENTATION_CONTEXT() REPRESENTATION_CONTEXT('2D SPACE',''
  ) );
#12168 = PCURVE('',#7803,#12169);
#12169 = DEFINITIONAL_REPRESENTATION('',(#12170),#12174);
#12170 = LINE('',#12171,#12172);
#12171 = CARTESIAN_POINT('',(0.,0.));
#12172 = VECTOR('',#12173,1.);
#12173 = DIRECTION('',(0.,1.));
#12174 = ( GEOMETRIC_REPRESENTATION_CONTEXT(2) 
PARAMETRIC_REPRESENTATION_CONTEXT() REPRESENTATION_CONTEXT('2D SPACE',''
  ) );
#12175 = ORIENTED_EDGE('',*,*,#8750,.F.);
#12176 = ORIENTED_EDGE('',*,*,#12129,.F.);
#12177 = ADVANCED_FACE('',(#12178),#7803,.T.);
#12178 = FACE_BOUND('',#12179,.T.);
#12179 = EDGE_LOOP('',(#12180,#12181,#12182,#12183));
#12180 = ORIENTED_EDGE('',*,*,#7787,.F.);
#12181 = ORIENTED_EDGE('',*,*,#8779,.F.);
#12182 = ORIENTED_EDGE('',*,*,#12155,.F.);
#12183 = ORIENTED_EDGE('',*,*,#8091,.F.);
#12184 = ADVANCED_FACE('',(#12185),#10057,.T.);
#12185 = FACE_BOUND('',#12186,.T.);
#12186 = EDGE_LOOP('',(#12187,#12188,#12209,#12210));
#12187 = ORIENTED_EDGE('',*,*,#10578,.F.);
#12188 = ORIENTED_EDGE('',*,*,#12189,.T.);
#12189 = EDGE_CURVE('',#10551,#10042,#12190,.T.);
#12190 = SURFACE_CURVE('',#12191,(#12195,#12202),.PCURVE_S1.);
#12191 = LINE('',#12192,#12193);
#12192 = CARTESIAN_POINT('',(-10.91192008768,0.3,23.5));
#12193 = VECTOR('',#12194,1.);
#12194 = DIRECTION('',(0.,0.,-1.));
#12195 = PCURVE('',#10057,#12196);
#12196 = DEFINITIONAL_REPRESENTATION('',(#12197),#12201);
#12197 = LINE('',#12198,#12199);
#12198 = CARTESIAN_POINT('',(10.392304845413,0.));
#12199 = VECTOR('',#12200,1.);
#12200 = DIRECTION('',(-0.,1.));
#12201 = ( GEOMETRIC_REPRESENTATION_CONTEXT(2) 
PARAMETRIC_REPRESENTATION_CONTEXT() REPRESENTATION_CONTEXT('2D SPACE',''
  ) );
#12202 = PCURVE('',#10090,#12203);
#12203 = DEFINITIONAL_REPRESENTATION('',(#12204),#12208);
#12204 = LINE('',#12205,#12206);
#12205 = CARTESIAN_POINT('',(2.094395102393,0.));
#12206 = VECTOR('',#12207,1.);
#12207 = DIRECTION('',(0.,1.));
#12208 = ( GEOMETRIC_REPRESENTATION_CONTEXT(2) 
PARAMETRIC_REPRESENTATION_CONTEXT() REPRESENTATION_CONTEXT('2D SPACE',''
  ) );
#12209 = ORIENTED_EDGE('',*,*,#10041,.F.);
#12210 = ORIENTED_EDGE('',*,*,#12211,.F.);
#12211 = EDGE_CURVE('',#10496,#10009,#12212,.T.);
#12212 = SURFACE_CURVE('',#12213,(#12217,#12224),.PCURVE_S1.);
#12213 = LINE('',#12214,#12215);
#12214 = CARTESIAN_POINT('',(-5.715767664977,9.3,23.5));
#12215 = VECTOR('',#12216,1.);
#12216 = DIRECTION('',(0.,0.,-1.));
#12217 = PCURVE('',#10057,#12218);
#12218 = DEFINITIONAL_REPRESENTATION('',(#12219),#12223);
#12219 = LINE('',#12220,#12221);
#12220 = CARTESIAN_POINT('',(0.,0.));
#12221 = VECTOR('',#12222,1.);
#12222 = DIRECTION('',(-0.,1.));
#12223 = ( GEOMETRIC_REPRESENTATION_CONTEXT(2) 
PARAMETRIC_REPRESENTATION_CONTEXT() REPRESENTATION_CONTEXT('2D SPACE',''
  ) );
#12224 = PCURVE('',#10029,#12225);
#12225 = DEFINITIONAL_REPRESENTATION('',(#12226),#12230);
#12226 = LINE('',#12227,#12228);
#12227 = CARTESIAN_POINT('',(0.,0.));
#12228 = VECTOR('',#12229,1.);
#12229 = DIRECTION('',(0.,1.));
#12230 = ( GEOMETRIC_REPRESENTATION_CONTEXT(2) 
PARAMETRIC_REPRESENTATION_CONTEXT() REPRESENTATION_CONTEXT('2D SPACE',''
  ) );
#12231 = ADVANCED_FACE('',(#12232),#10029,.F.);
#12232 = FACE_BOUND('',#12233,.F.);
#12233 = EDGE_LOOP('',(#12234,#12235,#12236,#12237));
#12234 = ORIENTED_EDGE('',*,*,#10905,.T.);
#12235 = ORIENTED_EDGE('',*,*,#10006,.T.);
#12236 = ORIENTED_EDGE('',*,*,#12211,.F.);
#12237 = ORIENTED_EDGE('',*,*,#10495,.T.);
#12238 = ADVANCED_FACE('',(#12239),#8556,.T.);
#12239 = FACE_BOUND('',#12240,.T.);
#12240 = EDGE_LOOP('',(#12241,#12242,#12243,#12244));
#12241 = ORIENTED_EDGE('',*,*,#9105,.F.);
#12242 = ORIENTED_EDGE('',*,*,#9206,.F.);
#12243 = ORIENTED_EDGE('',*,*,#11995,.T.);
#12244 = ORIENTED_EDGE('',*,*,#8539,.F.);
#12245 = ADVANCED_FACE('',(#12246),#8433,.T.);
#12246 = FACE_BOUND('',#12247,.T.);
#12247 = EDGE_LOOP('',(#12248,#12249,#12250,#12271));
#12248 = ORIENTED_EDGE('',*,*,#9364,.F.);
#12249 = ORIENTED_EDGE('',*,*,#8416,.F.);
#12250 = ORIENTED_EDGE('',*,*,#12251,.F.);
#12251 = EDGE_CURVE('',#9414,#8388,#12252,.T.);
#12252 = SURFACE_CURVE('',#12253,(#12257,#12264),.PCURVE_S1.);
#12253 = LINE('',#12254,#12255);
#12254 = CARTESIAN_POINT('',(23.88776795177,15.726873251934,23.5));
#12255 = VECTOR('',#12256,1.);
#12256 = DIRECTION('',(0.,0.,-1.));
#12257 = PCURVE('',#8433,#12258);
#12258 = DEFINITIONAL_REPRESENTATION('',(#12259),#12263);
#12259 = LINE('',#12260,#12261);
#12260 = CARTESIAN_POINT('',(0.,0.));
#12261 = VECTOR('',#12262,1.);
#12262 = DIRECTION('',(0.,1.));
#12263 = ( GEOMETRIC_REPRESENTATION_CONTEXT(2) 
PARAMETRIC_REPRESENTATION_CONTEXT() REPRESENTATION_CONTEXT('2D SPACE',''
  ) );
#12264 = PCURVE('',#8404,#12265);
#12265 = DEFINITIONAL_REPRESENTATION('',(#12266),#12270);
#12266 = LINE('',#12267,#12268);
#12267 = CARTESIAN_POINT('',(1.448308304161,0.));
#12268 = VECTOR('',#12269,1.);
#12269 = DIRECTION('',(0.,1.));
#12270 = ( GEOMETRIC_REPRESENTATION_CONTEXT(2) 
PARAMETRIC_REPRESENTATION_CONTEXT() REPRESENTATION_CONTEXT('2D SPACE',''
  ) );
#12271 = ORIENTED_EDGE('',*,*,#9413,.F.);
#12272 = ADVANCED_FACE('',(#12273),#8404,.T.);
#12273 = FACE_BOUND('',#12274,.T.);
#12274 = EDGE_LOOP('',(#12275,#12276,#12277,#12278));
#12275 = ORIENTED_EDGE('',*,*,#11617,.F.);
#12276 = ORIENTED_EDGE('',*,*,#12251,.T.);
#12277 = ORIENTED_EDGE('',*,*,#8387,.F.);
#12278 = ORIENTED_EDGE('',*,*,#12279,.F.);
#12279 = EDGE_CURVE('',#11567,#8355,#12280,.T.);
#12280 = SURFACE_CURVE('',#12281,(#12285,#12292),.PCURVE_S1.);
#12281 = LINE('',#12282,#12283);
#12282 = CARTESIAN_POINT('',(21.841437512897,16.280913030582,23.5));
#12283 = VECTOR('',#12284,1.);
#12284 = DIRECTION('',(0.,0.,-1.));
#12285 = PCURVE('',#8404,#12286);
#12286 = DEFINITIONAL_REPRESENTATION('',(#12287),#12291);
#12287 = LINE('',#12288,#12289);
#12288 = CARTESIAN_POINT('',(0.,0.));
#12289 = VECTOR('',#12290,1.);
#12290 = DIRECTION('',(0.,1.));
#12291 = ( GEOMETRIC_REPRESENTATION_CONTEXT(2) 
PARAMETRIC_REPRESENTATION_CONTEXT() REPRESENTATION_CONTEXT('2D SPACE',''
  ) );
#12292 = PCURVE('',#8375,#12293);
#12293 = DEFINITIONAL_REPRESENTATION('',(#12294),#12298);
#12294 = LINE('',#12295,#12296);
#12295 = CARTESIAN_POINT('',(0.,0.));
#12296 = VECTOR('',#12297,1.);
#12297 = DIRECTION('',(0.,1.));
#12298 = ( GEOMETRIC_REPRESENTATION_CONTEXT(2) 
PARAMETRIC_REPRESENTATION_CONTEXT() REPRESENTATION_CONTEXT('2D SPACE',''
  ) );
#12299 = ADVANCED_FACE('',(#12300),#8375,.F.);
#12300 = FACE_BOUND('',#12301,.F.);
#12301 = EDGE_LOOP('',(#12302,#12323,#12324,#12325));
#12302 = ORIENTED_EDGE('',*,*,#12303,.T.);
#12303 = EDGE_CURVE('',#11517,#8331,#12304,.T.);
#12304 = SURFACE_CURVE('',#12305,(#12309,#12316),.PCURVE_S1.);
#12305 = LINE('',#12306,#12307);
#12306 = CARTESIAN_POINT('',(16.280913030582,21.841437512897,23.5));
#12307 = VECTOR('',#12308,1.);
#12308 = DIRECTION('',(0.,0.,-1.));
#12309 = PCURVE('',#8375,#12310);
#12310 = DEFINITIONAL_REPRESENTATION('',(#12311),#12315);
#12311 = LINE('',#12312,#12313);
#12312 = CARTESIAN_POINT('',(2.490286959442,0.));
#12313 = VECTOR('',#12314,1.);
#12314 = DIRECTION('',(0.,1.));
#12315 = ( GEOMETRIC_REPRESENTATION_CONTEXT(2) 
PARAMETRIC_REPRESENTATION_CONTEXT() REPRESENTATION_CONTEXT('2D SPACE',''
  ) );
#12316 = PCURVE('',#594,#12317);
#12317 = DEFINITIONAL_REPRESENTATION('',(#12318),#12322);
#12318 = LINE('',#12319,#12320);
#12319 = CARTESIAN_POINT('',(1.448308304161,0.));
#12320 = VECTOR('',#12321,1.);
#12321 = DIRECTION('',(0.,1.));
#12322 = ( GEOMETRIC_REPRESENTATION_CONTEXT(2) 
PARAMETRIC_REPRESENTATION_CONTEXT() REPRESENTATION_CONTEXT('2D SPACE',''
  ) );
#12323 = ORIENTED_EDGE('',*,*,#8354,.T.);
#12324 = ORIENTED_EDGE('',*,*,#12279,.F.);
#12325 = ORIENTED_EDGE('',*,*,#11566,.T.);
#12326 = ADVANCED_FACE('',(#12327),#594,.T.);
#12327 = FACE_BOUND('',#12328,.T.);
#12328 = EDGE_LOOP('',(#12329,#12330,#12331,#12332));
#12329 = ORIENTED_EDGE('',*,*,#11539,.F.);
#12330 = ORIENTED_EDGE('',*,*,#12303,.T.);
#12331 = ORIENTED_EDGE('',*,*,#8330,.F.);
#12332 = ORIENTED_EDGE('',*,*,#578,.F.);
#12333 = ADVANCED_FACE('',(#12334),#537,.T.);
#12334 = FACE_BOUND('',#12335,.T.);
#12335 = EDGE_LOOP('',(#12336,#12337,#12338,#12339));
#12336 = ORIENTED_EDGE('',*,*,#11462,.F.);
#12337 = ORIENTED_EDGE('',*,*,#521,.T.);
#12338 = ORIENTED_EDGE('',*,*,#8890,.F.);
#12339 = ORIENTED_EDGE('',*,*,#12340,.F.);
#12340 = EDGE_CURVE('',#11392,#8858,#12341,.T.);
#12341 = SURFACE_CURVE('',#12342,(#12346,#12353),.PCURVE_S1.);
#12342 = LINE('',#12343,#12344);
#12343 = CARTESIAN_POINT('',(-16.28091303058,21.841437512897,23.5));
#12344 = VECTOR('',#12345,1.);
#12345 = DIRECTION('',(0.,0.,-1.));
#12346 = PCURVE('',#537,#12347);
#12347 = DEFINITIONAL_REPRESENTATION('',(#12348),#12352);
#12348 = LINE('',#12349,#12350);
#12349 = CARTESIAN_POINT('',(0.,0.));
#12350 = VECTOR('',#12351,1.);
#12351 = DIRECTION('',(0.,1.));
#12352 = ( GEOMETRIC_REPRESENTATION_CONTEXT(2) 
PARAMETRIC_REPRESENTATION_CONTEXT() REPRESENTATION_CONTEXT('2D SPACE',''
  ) );
#12353 = PCURVE('',#8878,#12354);
#12354 = DEFINITIONAL_REPRESENTATION('',(#12355),#12359);
#12355 = LINE('',#12356,#12357);
#12356 = CARTESIAN_POINT('',(0.,0.));
#12357 = VECTOR('',#12358,1.);
#12358 = DIRECTION('',(0.,1.));
#12359 = ( GEOMETRIC_REPRESENTATION_CONTEXT(2) 
PARAMETRIC_REPRESENTATION_CONTEXT() REPRESENTATION_CONTEXT('2D SPACE',''
  ) );
#12360 = ADVANCED_FACE('',(#12361),#10090,.F.);
#12361 = FACE_BOUND('',#12362,.F.);
#12362 = EDGE_LOOP('',(#12363,#12364,#12365,#12366));
#12363 = ORIENTED_EDGE('',*,*,#12189,.T.);
#12364 = ORIENTED_EDGE('',*,*,#10069,.T.);
#12365 = ORIENTED_EDGE('',*,*,#10853,.F.);
#12366 = ORIENTED_EDGE('',*,*,#10653,.T.);
#12367 = ADVANCED_FACE('',(#12368),#8878,.F.);
#12368 = FACE_BOUND('',#12369,.F.);
#12369 = EDGE_LOOP('',(#12370,#12391,#12392,#12393));
#12370 = ORIENTED_EDGE('',*,*,#12371,.T.);
#12371 = EDGE_CURVE('',#11342,#8829,#12372,.T.);
#12372 = SURFACE_CURVE('',#12373,(#12377,#12384),.PCURVE_S1.);
#12373 = LINE('',#12374,#12375);
#12374 = CARTESIAN_POINT('',(-21.84143751289,16.280913030582,23.5));
#12375 = VECTOR('',#12376,1.);
#12376 = DIRECTION('',(0.,0.,-1.));
#12377 = PCURVE('',#8878,#12378);
#12378 = DEFINITIONAL_REPRESENTATION('',(#12379),#12383);
#12379 = LINE('',#12380,#12381);
#12380 = CARTESIAN_POINT('',(2.490286959442,0.));
#12381 = VECTOR('',#12382,1.);
#12382 = DIRECTION('',(0.,1.));
#12383 = ( GEOMETRIC_REPRESENTATION_CONTEXT(2) 
PARAMETRIC_REPRESENTATION_CONTEXT() REPRESENTATION_CONTEXT('2D SPACE',''
  ) );
#12384 = PCURVE('',#8845,#12385);
#12385 = DEFINITIONAL_REPRESENTATION('',(#12386),#12390);
#12386 = LINE('',#12387,#12388);
#12387 = CARTESIAN_POINT('',(1.448308304161,0.));
#12388 = VECTOR('',#12389,1.);
#12389 = DIRECTION('',(0.,1.));
#12390 = ( GEOMETRIC_REPRESENTATION_CONTEXT(2) 
PARAMETRIC_REPRESENTATION_CONTEXT() REPRESENTATION_CONTEXT('2D SPACE',''
  ) );
#12391 = ORIENTED_EDGE('',*,*,#8857,.T.);
#12392 = ORIENTED_EDGE('',*,*,#12340,.F.);
#12393 = ORIENTED_EDGE('',*,*,#11391,.T.);
#12394 = ADVANCED_FACE('',(#12395),#8845,.T.);
#12395 = FACE_BOUND('',#12396,.T.);
#12396 = EDGE_LOOP('',(#12397,#12398,#12399,#12400));
#12397 = ORIENTED_EDGE('',*,*,#11364,.F.);
#12398 = ORIENTED_EDGE('',*,*,#12371,.T.);
#12399 = ORIENTED_EDGE('',*,*,#8828,.F.);
#12400 = ORIENTED_EDGE('',*,*,#8941,.F.);
#12401 = ( GEOMETRIC_REPRESENTATION_CONTEXT(3) 
GLOBAL_UNCERTAINTY_ASSIGNED_CONTEXT((#12405)) 
GLOBAL_UNIT_ASSIGNED_CONTEXT((#12402,#12403,#12404)) 
REPRESENTATION_CONTEXT('Context #1',
  '3D Context with UNIT and UNCERTAINTY') );
#12402 = ( LENGTH_UNIT() NAMED_UNIT(*) SI_UNIT(.MILLI.,.METRE.) );
#12403 = ( NAMED_UNIT(*) PLANE_ANGLE_UNIT() SI_UNIT($,.RADIAN.) );
#12404 = ( NAMED_UNIT(*) SI_UNIT($,.STERADIAN.) SOLID_ANGLE_UNIT() );
#12405 = UNCERTAINTY_MEASURE_WITH_UNIT(LENGTH_MEASURE(1.E-03),#12402,
  'distance_accuracy_value','confusion accuracy');
#12406 = PRODUCT_RELATED_PRODUCT_CATEGORY('part',$,(#7));
#12407 = MECHANICAL_DESIGN_GEOMETRIC_PRESENTATION_REPRESENTATION('',(
    #12408),#12401);
#12408 = STYLED_ITEM('color',(#12409),#15);
#12409 = PRESENTATION_STYLE_ASSIGNMENT((#12410,#12416));
#12410 = SURFACE_STYLE_USAGE(.BOTH.,#12411);
#12411 = SURFACE_SIDE_STYLE('',(#12412));
#12412 = SURFACE_STYLE_FILL_AREA(#12413);
#12413 = FILL_AREA_STYLE('',(#12414));
#12414 = FILL_AREA_STYLE_COLOUR('',#12415);
#12415 = COLOUR_RGB('',0.964705886078,0.964705886078,0.952941189437);
#12416 = CURVE_STYLE('',#12417,POSITIVE_LENGTH_MEASURE(0.1),#12418);
#12417 = DRAUGHTING_PRE_DEFINED_CURVE_FONT('continuous');
#12418 = COLOUR_RGB('',9.803921802644E-02,9.803921802644E-02,
  9.803921802644E-02);
ENDSEC;
END-ISO-10303-21;
