ISO-10303-21;
HEADER;
FILE_DESCRIPTION(('FreeCAD Model'),'2;1');
FILE_NAME('Open CASCADE Shape Model','2026-07-06T10:43:33',(''),(''),
  'Open CASCADE STEP processor 7.8','FreeCAD','Unknown');
FILE_SCHEMA(('AUTOMOTIVE_DESIGN { 1 0 10303 214 1 1 1 1 }'));
ENDSEC;
DATA;
#1 = APPLICATION_PROTOCOL_DEFINITION('international standard',
  'automotive_design',2000,#2);
#2 = APPLICATION_CONTEXT(
  'core data for automotive mechanical design processes');
#3 = SHAPE_DEFINITION_REPRESENTATION(#4,#10);
#4 = PRODUCT_DEFINITION_SHAPE('','',#5);
#5 = PRODUCT_DEFINITION('design','',#6,#9);
#6 = PRODUCT_DEFINITION_FORMATION('','',#7);
#7 = PRODUCT('Knob v11','Knob v11','',(#8));
#8 = PRODUCT_CONTEXT('',#2,'mechanical');
#9 = PRODUCT_DEFINITION_CONTEXT('part definition',#2,'design');
#10 = ADVANCED_BREP_SHAPE_REPRESENTATION('',(#11,#15),#3638);
#11 = AXIS2_PLACEMENT_3D('',#12,#13,#14);
#12 = CARTESIAN_POINT('',(0.,0.,0.));
#13 = DIRECTION('',(0.,0.,1.));
#14 = DIRECTION('',(1.,0.,-0.));
#15 = MANIFOLD_SOLID_BREP('',#16);
#16 = CLOSED_SHELL('',(#17,#78,#161,#188,#249,#327,#354,#415,#493,#520,
    #637,#724,#811,#898,#981,#1068,#1155,#1242,#1325,#1412,#1494,#1552,
    #1651,#1706,#1783,#1838,#1915,#1970,#2025,#2181,#2332,#2379,#2433,
    #2527,#2671,#2724,#2818,#2912,#2940,#2972,#3000,#3027,#3080,#3127,
    #3134,#3143,#3150,#3157,#3355,#3383,#3462,#3518,#3606,#3610));
#17 = ADVANCED_FACE('',(#18),#32,.F.);
#18 = FACE_BOUND('',#19,.F.);
#19 = EDGE_LOOP('',(#20,#50,#51));
#20 = ORIENTED_EDGE('',*,*,#21,.T.);
#21 = EDGE_CURVE('',#22,#24,#26,.T.);
#22 = VERTEX_POINT('',#23);
#23 = CARTESIAN_POINT('',(2.175,-16.5,26.));
#24 = VERTEX_POINT('',#25);
#25 = CARTESIAN_POINT('',(-2.636779683485E-13,-16.5,27.306871846385));
#26 = SEAM_CURVE('',#27,(#31,#43),.PCURVE_S1.);
#27 = LINE('',#28,#29);
#28 = CARTESIAN_POINT('',(1.0875,-16.5,26.653435923193));
#29 = VECTOR('',#30,1.);
#30 = DIRECTION('',(-0.857167300702,-1.049727191139E-16,0.51503807491));
#31 = PCURVE('',#32,#37);
#32 = CONICAL_SURFACE('',#33,1.0875,1.029744258677);
#33 = AXIS2_PLACEMENT_3D('',#34,#35,#36);
#34 = CARTESIAN_POINT('',(-2.636779683485E-13,-16.5,26.653435923193));
#35 = DIRECTION('',(0.,0.,-1.));
#36 = DIRECTION('',(-1.,0.,0.));
#37 = DEFINITIONAL_REPRESENTATION('',(#38),#42);
#38 = LINE('',#39,#40);
#39 = CARTESIAN_POINT('',(3.14159265359,1.486698536242E-15));
#40 = VECTOR('',#41,1.);
#41 = DIRECTION('',(0.,-1.));
#42 = ( GEOMETRIC_REPRESENTATION_CONTEXT(2) 
PARAMETRIC_REPRESENTATION_CONTEXT() REPRESENTATION_CONTEXT('2D SPACE',''
  ) );
#43 = PCURVE('',#32,#44);
#44 = DEFINITIONAL_REPRESENTATION('',(#45),#49);
#45 = LINE('',#46,#47);
#46 = CARTESIAN_POINT('',(9.424777960769,1.486698536242E-15));
#47 = VECTOR('',#48,1.);
#48 = DIRECTION('',(0.,-1.));
#49 = ( GEOMETRIC_REPRESENTATION_CONTEXT(2) 
PARAMETRIC_REPRESENTATION_CONTEXT() REPRESENTATION_CONTEXT('2D SPACE',''
  ) );
#50 = ORIENTED_EDGE('',*,*,#21,.F.);
#51 = ORIENTED_EDGE('',*,*,#52,.T.);
#52 = EDGE_CURVE('',#22,#22,#53,.T.);
#53 = SURFACE_CURVE('',#54,(#59,#66),.PCURVE_S1.);
#54 = CIRCLE('',#55,2.175);
#55 = AXIS2_PLACEMENT_3D('',#56,#57,#58);
#56 = CARTESIAN_POINT('',(-2.636779683485E-13,-16.5,26.));
#57 = DIRECTION('',(0.,0.,1.));
#58 = DIRECTION('',(-1.,0.,0.));
#59 = PCURVE('',#32,#60);
#60 = DEFINITIONAL_REPRESENTATION('',(#61),#65);
#61 = LINE('',#62,#63);
#62 = CARTESIAN_POINT('',(12.566370614359,0.653435923192));
#63 = VECTOR('',#64,1.);
#64 = DIRECTION('',(-1.,0.));
#65 = ( GEOMETRIC_REPRESENTATION_CONTEXT(2) 
PARAMETRIC_REPRESENTATION_CONTEXT() REPRESENTATION_CONTEXT('2D SPACE',''
  ) );
#66 = PCURVE('',#67,#72);
#67 = CYLINDRICAL_SURFACE('',#68,2.175);
#68 = AXIS2_PLACEMENT_3D('',#69,#70,#71);
#69 = CARTESIAN_POINT('',(-2.636779683485E-13,-16.5,22.));
#70 = DIRECTION('',(0.,0.,1.));
#71 = DIRECTION('',(-1.,0.,0.));
#72 = DEFINITIONAL_REPRESENTATION('',(#73),#77);
#73 = LINE('',#74,#75);
#74 = CARTESIAN_POINT('',(0.,4.));
#75 = VECTOR('',#76,1.);
#76 = DIRECTION('',(1.,0.));
#77 = ( GEOMETRIC_REPRESENTATION_CONTEXT(2) 
PARAMETRIC_REPRESENTATION_CONTEXT() REPRESENTATION_CONTEXT('2D SPACE',''
  ) );
#78 = ADVANCED_FACE('',(#79),#93,.F.);
#79 = FACE_BOUND('',#80,.F.);
#80 = EDGE_LOOP('',(#81,#111,#133,#134));
#81 = ORIENTED_EDGE('',*,*,#82,.T.);
#82 = EDGE_CURVE('',#83,#85,#87,.T.);
#83 = VERTEX_POINT('',#84);
#84 = CARTESIAN_POINT('',(2.5,-16.5,18.));
#85 = VERTEX_POINT('',#86);
#86 = CARTESIAN_POINT('',(2.175,-16.5,18.325));
#87 = SEAM_CURVE('',#88,(#92,#104),.PCURVE_S1.);
#88 = LINE('',#89,#90);
#89 = CARTESIAN_POINT('',(2.3375,-16.5,18.1625));
#90 = VECTOR('',#91,1.);
#91 = DIRECTION('',(-0.707106781187,-8.659560562355E-17,0.707106781187)
  );
#92 = PCURVE('',#93,#98);
#93 = CONICAL_SURFACE('',#94,2.3375,0.785398163397);
#94 = AXIS2_PLACEMENT_3D('',#95,#96,#97);
#95 = CARTESIAN_POINT('',(-2.636779683485E-13,-16.5,18.1625));
#96 = DIRECTION('',(0.,0.,-1.));
#97 = DIRECTION('',(-1.,0.,0.));
#98 = DEFINITIONAL_REPRESENTATION('',(#99),#103);
#99 = LINE('',#100,#101);
#100 = CARTESIAN_POINT('',(-3.14159265359,2.217755597891E-15));
#101 = VECTOR('',#102,1.);
#102 = DIRECTION('',(0.,-1.));
#103 = ( GEOMETRIC_REPRESENTATION_CONTEXT(2) 
PARAMETRIC_REPRESENTATION_CONTEXT() REPRESENTATION_CONTEXT('2D SPACE',''
  ) );
#104 = PCURVE('',#93,#105);
#105 = DEFINITIONAL_REPRESENTATION('',(#106),#110);
#106 = LINE('',#107,#108);
#107 = CARTESIAN_POINT('',(3.14159265359,2.217755597891E-15));
#108 = VECTOR('',#109,1.);
#109 = DIRECTION('',(0.,-1.));
#110 = ( GEOMETRIC_REPRESENTATION_CONTEXT(2) 
PARAMETRIC_REPRESENTATION_CONTEXT() REPRESENTATION_CONTEXT('2D SPACE',''
  ) );
#111 = ORIENTED_EDGE('',*,*,#112,.F.);
#112 = EDGE_CURVE('',#85,#85,#113,.T.);
#113 = SURFACE_CURVE('',#114,(#119,#126),.PCURVE_S1.);
#114 = CIRCLE('',#115,2.175);
#115 = AXIS2_PLACEMENT_3D('',#116,#117,#118);
#116 = CARTESIAN_POINT('',(-2.636779683485E-13,-16.5,18.325));
#117 = DIRECTION('',(0.,0.,1.));
#118 = DIRECTION('',(-1.,0.,0.));
#119 = PCURVE('',#93,#120);
#120 = DEFINITIONAL_REPRESENTATION('',(#121),#125);
#121 = LINE('',#122,#123);
#122 = CARTESIAN_POINT('',(6.28318530718,-0.1625));
#123 = VECTOR('',#124,1.);
#124 = DIRECTION('',(-1.,0.));
#125 = ( GEOMETRIC_REPRESENTATION_CONTEXT(2) 
PARAMETRIC_REPRESENTATION_CONTEXT() REPRESENTATION_CONTEXT('2D SPACE',''
  ) );
#126 = PCURVE('',#67,#127);
#127 = DEFINITIONAL_REPRESENTATION('',(#128),#132);
#128 = LINE('',#129,#130);
#129 = CARTESIAN_POINT('',(0.,-3.675));
#130 = VECTOR('',#131,1.);
#131 = DIRECTION('',(1.,0.));
#132 = ( GEOMETRIC_REPRESENTATION_CONTEXT(2) 
PARAMETRIC_REPRESENTATION_CONTEXT() REPRESENTATION_CONTEXT('2D SPACE',''
  ) );
#133 = ORIENTED_EDGE('',*,*,#82,.F.);
#134 = ORIENTED_EDGE('',*,*,#135,.T.);
#135 = EDGE_CURVE('',#83,#83,#136,.T.);
#136 = SURFACE_CURVE('',#137,(#142,#149),.PCURVE_S1.);
#137 = CIRCLE('',#138,2.5);
#138 = AXIS2_PLACEMENT_3D('',#139,#140,#141);
#139 = CARTESIAN_POINT('',(-2.636779683485E-13,-16.5,18.));
#140 = DIRECTION('',(0.,0.,1.));
#141 = DIRECTION('',(-1.,0.,0.));
#142 = PCURVE('',#93,#143);
#143 = DEFINITIONAL_REPRESENTATION('',(#144),#148);
#144 = LINE('',#145,#146);
#145 = CARTESIAN_POINT('',(6.28318530718,0.1625));
#146 = VECTOR('',#147,1.);
#147 = DIRECTION('',(-1.,0.));
#148 = ( GEOMETRIC_REPRESENTATION_CONTEXT(2) 
PARAMETRIC_REPRESENTATION_CONTEXT() REPRESENTATION_CONTEXT('2D SPACE',''
  ) );
#149 = PCURVE('',#150,#155);
#150 = PLANE('',#151);
#151 = AXIS2_PLACEMENT_3D('',#152,#153,#154);
#152 = CARTESIAN_POINT('',(0.,0.,18.));
#153 = DIRECTION('',(0.,0.,1.));
#154 = DIRECTION('',(1.,0.,-0.));
#155 = DEFINITIONAL_REPRESENTATION('',(#156),#160);
#156 = CIRCLE('',#157,2.5);
#157 = AXIS2_PLACEMENT_2D('',#158,#159);
#158 = CARTESIAN_POINT('',(-2.636779683485E-13,-16.5));
#159 = DIRECTION('',(-1.,0.));
#160 = ( GEOMETRIC_REPRESENTATION_CONTEXT(2) 
PARAMETRIC_REPRESENTATION_CONTEXT() REPRESENTATION_CONTEXT('2D SPACE',''
  ) );
#161 = ADVANCED_FACE('',(#162),#67,.F.);
#162 = FACE_BOUND('',#163,.F.);
#163 = EDGE_LOOP('',(#164,#185,#186,#187));
#164 = ORIENTED_EDGE('',*,*,#165,.T.);
#165 = EDGE_CURVE('',#85,#22,#166,.T.);
#166 = SEAM_CURVE('',#167,(#171,#178),.PCURVE_S1.);
#167 = LINE('',#168,#169);
#168 = CARTESIAN_POINT('',(2.175,-16.5,22.));
#169 = VECTOR('',#170,1.);
#170 = DIRECTION('',(0.,0.,1.));
#171 = PCURVE('',#67,#172);
#172 = DEFINITIONAL_REPRESENTATION('',(#173),#177);
#173 = LINE('',#174,#175);
#174 = CARTESIAN_POINT('',(9.424777960769,0.));
#175 = VECTOR('',#176,1.);
#176 = DIRECTION('',(0.,1.));
#177 = ( GEOMETRIC_REPRESENTATION_CONTEXT(2) 
PARAMETRIC_REPRESENTATION_CONTEXT() REPRESENTATION_CONTEXT('2D SPACE',''
  ) );
#178 = PCURVE('',#67,#179);
#179 = DEFINITIONAL_REPRESENTATION('',(#180),#184);
#180 = LINE('',#181,#182);
#181 = CARTESIAN_POINT('',(3.14159265359,0.));
#182 = VECTOR('',#183,1.);
#183 = DIRECTION('',(0.,1.));
#184 = ( GEOMETRIC_REPRESENTATION_CONTEXT(2) 
PARAMETRIC_REPRESENTATION_CONTEXT() REPRESENTATION_CONTEXT('2D SPACE',''
  ) );
#185 = ORIENTED_EDGE('',*,*,#52,.F.);
#186 = ORIENTED_EDGE('',*,*,#165,.F.);
#187 = ORIENTED_EDGE('',*,*,#112,.T.);
#188 = ADVANCED_FACE('',(#189),#203,.F.);
#189 = FACE_BOUND('',#190,.F.);
#190 = EDGE_LOOP('',(#191,#221,#222));
#191 = ORIENTED_EDGE('',*,*,#192,.T.);
#192 = EDGE_CURVE('',#193,#195,#197,.T.);
#193 = VERTEX_POINT('',#194);
#194 = CARTESIAN_POINT('',(-12.11441916244,8.25,26.));
#195 = VERTEX_POINT('',#196);
#196 = CARTESIAN_POINT('',(-14.28941916244,8.25,27.306871846385));
#197 = SEAM_CURVE('',#198,(#202,#214),.PCURVE_S1.);
#198 = LINE('',#199,#200);
#199 = CARTESIAN_POINT('',(-13.20191916244,8.25,26.653435923193));
#200 = VECTOR('',#201,1.);
#201 = DIRECTION('',(-0.857167300702,-1.049727191139E-16,0.51503807491)
  );
#202 = PCURVE('',#203,#208);
#203 = CONICAL_SURFACE('',#204,1.0875,1.029744258677);
#204 = AXIS2_PLACEMENT_3D('',#205,#206,#207);
#205 = CARTESIAN_POINT('',(-14.28941916244,8.25,26.653435923193));
#206 = DIRECTION('',(0.,0.,-1.));
#207 = DIRECTION('',(-1.,0.,0.));
#208 = DEFINITIONAL_REPRESENTATION('',(#209),#213);
#209 = LINE('',#210,#211);
#210 = CARTESIAN_POINT('',(3.14159265359,0.));
#211 = VECTOR('',#212,1.);
#212 = DIRECTION('',(0.,-1.));
#213 = ( GEOMETRIC_REPRESENTATION_CONTEXT(2) 
PARAMETRIC_REPRESENTATION_CONTEXT() REPRESENTATION_CONTEXT('2D SPACE',''
  ) );
#214 = PCURVE('',#203,#215);
#215 = DEFINITIONAL_REPRESENTATION('',(#216),#220);
#216 = LINE('',#217,#218);
#217 = CARTESIAN_POINT('',(9.424777960769,0.));
#218 = VECTOR('',#219,1.);
#219 = DIRECTION('',(0.,-1.));
#220 = ( GEOMETRIC_REPRESENTATION_CONTEXT(2) 
PARAMETRIC_REPRESENTATION_CONTEXT() REPRESENTATION_CONTEXT('2D SPACE',''
  ) );
#221 = ORIENTED_EDGE('',*,*,#192,.F.);
#222 = ORIENTED_EDGE('',*,*,#223,.T.);
#223 = EDGE_CURVE('',#193,#193,#224,.T.);
#224 = SURFACE_CURVE('',#225,(#230,#237),.PCURVE_S1.);
#225 = CIRCLE('',#226,2.175);
#226 = AXIS2_PLACEMENT_3D('',#227,#228,#229);
#227 = CARTESIAN_POINT('',(-14.28941916244,8.25,26.));
#228 = DIRECTION('',(0.,0.,1.));
#229 = DIRECTION('',(-1.,0.,0.));
#230 = PCURVE('',#203,#231);
#231 = DEFINITIONAL_REPRESENTATION('',(#232),#236);
#232 = LINE('',#233,#234);
#233 = CARTESIAN_POINT('',(12.566370614359,0.653435923192));
#234 = VECTOR('',#235,1.);
#235 = DIRECTION('',(-1.,0.));
#236 = ( GEOMETRIC_REPRESENTATION_CONTEXT(2) 
PARAMETRIC_REPRESENTATION_CONTEXT() REPRESENTATION_CONTEXT('2D SPACE',''
  ) );
#237 = PCURVE('',#238,#243);
#238 = CYLINDRICAL_SURFACE('',#239,2.175);
#239 = AXIS2_PLACEMENT_3D('',#240,#241,#242);
#240 = CARTESIAN_POINT('',(-14.28941916244,8.25,22.));
#241 = DIRECTION('',(0.,0.,1.));
#242 = DIRECTION('',(-1.,0.,0.));
#243 = DEFINITIONAL_REPRESENTATION('',(#244),#248);
#244 = LINE('',#245,#246);
#245 = CARTESIAN_POINT('',(0.,4.));
#246 = VECTOR('',#247,1.);
#247 = DIRECTION('',(1.,0.));
#248 = ( GEOMETRIC_REPRESENTATION_CONTEXT(2) 
PARAMETRIC_REPRESENTATION_CONTEXT() REPRESENTATION_CONTEXT('2D SPACE',''
  ) );
#249 = ADVANCED_FACE('',(#250),#264,.F.);
#250 = FACE_BOUND('',#251,.F.);
#251 = EDGE_LOOP('',(#252,#282,#304,#305));
#252 = ORIENTED_EDGE('',*,*,#253,.T.);
#253 = EDGE_CURVE('',#254,#256,#258,.T.);
#254 = VERTEX_POINT('',#255);
#255 = CARTESIAN_POINT('',(-11.78941916244,8.25,18.));
#256 = VERTEX_POINT('',#257);
#257 = CARTESIAN_POINT('',(-12.11441916244,8.25,18.325));
#258 = SEAM_CURVE('',#259,(#263,#275),.PCURVE_S1.);
#259 = LINE('',#260,#261);
#260 = CARTESIAN_POINT('',(-11.95191916244,8.25,18.1625));
#261 = VECTOR('',#262,1.);
#262 = DIRECTION('',(-0.707106781187,-8.659560562355E-17,0.707106781187)
  );
#263 = PCURVE('',#264,#269);
#264 = CONICAL_SURFACE('',#265,2.3375,0.785398163397);
#265 = AXIS2_PLACEMENT_3D('',#266,#267,#268);
#266 = CARTESIAN_POINT('',(-14.28941916244,8.25,18.1625));
#267 = DIRECTION('',(0.,0.,-1.));
#268 = DIRECTION('',(-1.,0.,0.));
#269 = DEFINITIONAL_REPRESENTATION('',(#270),#274);
#270 = LINE('',#271,#272);
#271 = CARTESIAN_POINT('',(-3.14159265359,2.355138688026E-16));
#272 = VECTOR('',#273,1.);
#273 = DIRECTION('',(0.,-1.));
#274 = ( GEOMETRIC_REPRESENTATION_CONTEXT(2) 
PARAMETRIC_REPRESENTATION_CONTEXT() REPRESENTATION_CONTEXT('2D SPACE',''
  ) );
#275 = PCURVE('',#264,#276);
#276 = DEFINITIONAL_REPRESENTATION('',(#277),#281);
#277 = LINE('',#278,#279);
#278 = CARTESIAN_POINT('',(3.14159265359,2.355138688026E-16));
#279 = VECTOR('',#280,1.);
#280 = DIRECTION('',(0.,-1.));
#281 = ( GEOMETRIC_REPRESENTATION_CONTEXT(2) 
PARAMETRIC_REPRESENTATION_CONTEXT() REPRESENTATION_CONTEXT('2D SPACE',''
  ) );
#282 = ORIENTED_EDGE('',*,*,#283,.F.);
#283 = EDGE_CURVE('',#256,#256,#284,.T.);
#284 = SURFACE_CURVE('',#285,(#290,#297),.PCURVE_S1.);
#285 = CIRCLE('',#286,2.175);
#286 = AXIS2_PLACEMENT_3D('',#287,#288,#289);
#287 = CARTESIAN_POINT('',(-14.28941916244,8.25,18.325));
#288 = DIRECTION('',(0.,0.,1.));
#289 = DIRECTION('',(-1.,0.,0.));
#290 = PCURVE('',#264,#291);
#291 = DEFINITIONAL_REPRESENTATION('',(#292),#296);
#292 = LINE('',#293,#294);
#293 = CARTESIAN_POINT('',(6.28318530718,-0.1625));
#294 = VECTOR('',#295,1.);
#295 = DIRECTION('',(-1.,0.));
#296 = ( GEOMETRIC_REPRESENTATION_CONTEXT(2) 
PARAMETRIC_REPRESENTATION_CONTEXT() REPRESENTATION_CONTEXT('2D SPACE',''
  ) );
#297 = PCURVE('',#238,#298);
#298 = DEFINITIONAL_REPRESENTATION('',(#299),#303);
#299 = LINE('',#300,#301);
#300 = CARTESIAN_POINT('',(0.,-3.675));
#301 = VECTOR('',#302,1.);
#302 = DIRECTION('',(1.,0.));
#303 = ( GEOMETRIC_REPRESENTATION_CONTEXT(2) 
PARAMETRIC_REPRESENTATION_CONTEXT() REPRESENTATION_CONTEXT('2D SPACE',''
  ) );
#304 = ORIENTED_EDGE('',*,*,#253,.F.);
#305 = ORIENTED_EDGE('',*,*,#306,.T.);
#306 = EDGE_CURVE('',#254,#254,#307,.T.);
#307 = SURFACE_CURVE('',#308,(#313,#320),.PCURVE_S1.);
#308 = CIRCLE('',#309,2.5);
#309 = AXIS2_PLACEMENT_3D('',#310,#311,#312);
#310 = CARTESIAN_POINT('',(-14.28941916244,8.25,18.));
#311 = DIRECTION('',(0.,0.,1.));
#312 = DIRECTION('',(-1.,0.,0.));
#313 = PCURVE('',#264,#314);
#314 = DEFINITIONAL_REPRESENTATION('',(#315),#319);
#315 = LINE('',#316,#317);
#316 = CARTESIAN_POINT('',(6.28318530718,0.1625));
#317 = VECTOR('',#318,1.);
#318 = DIRECTION('',(-1.,0.));
#319 = ( GEOMETRIC_REPRESENTATION_CONTEXT(2) 
PARAMETRIC_REPRESENTATION_CONTEXT() REPRESENTATION_CONTEXT('2D SPACE',''
  ) );
#320 = PCURVE('',#150,#321);
#321 = DEFINITIONAL_REPRESENTATION('',(#322),#326);
#322 = CIRCLE('',#323,2.5);
#323 = AXIS2_PLACEMENT_2D('',#324,#325);
#324 = CARTESIAN_POINT('',(-14.28941916244,8.25));
#325 = DIRECTION('',(-1.,0.));
#326 = ( GEOMETRIC_REPRESENTATION_CONTEXT(2) 
PARAMETRIC_REPRESENTATION_CONTEXT() REPRESENTATION_CONTEXT('2D SPACE',''
  ) );
#327 = ADVANCED_FACE('',(#328),#238,.F.);
#328 = FACE_BOUND('',#329,.F.);
#329 = EDGE_LOOP('',(#330,#351,#352,#353));
#330 = ORIENTED_EDGE('',*,*,#331,.T.);
#331 = EDGE_CURVE('',#256,#193,#332,.T.);
#332 = SEAM_CURVE('',#333,(#337,#344),.PCURVE_S1.);
#333 = LINE('',#334,#335);
#334 = CARTESIAN_POINT('',(-12.11441916244,8.25,22.));
#335 = VECTOR('',#336,1.);
#336 = DIRECTION('',(0.,0.,1.));
#337 = PCURVE('',#238,#338);
#338 = DEFINITIONAL_REPRESENTATION('',(#339),#343);
#339 = LINE('',#340,#341);
#340 = CARTESIAN_POINT('',(9.424777960769,0.));
#341 = VECTOR('',#342,1.);
#342 = DIRECTION('',(0.,1.));
#343 = ( GEOMETRIC_REPRESENTATION_CONTEXT(2) 
PARAMETRIC_REPRESENTATION_CONTEXT() REPRESENTATION_CONTEXT('2D SPACE',''
  ) );
#344 = PCURVE('',#238,#345);
#345 = DEFINITIONAL_REPRESENTATION('',(#346),#350);
#346 = LINE('',#347,#348);
#347 = CARTESIAN_POINT('',(3.14159265359,0.));
#348 = VECTOR('',#349,1.);
#349 = DIRECTION('',(0.,1.));
#350 = ( GEOMETRIC_REPRESENTATION_CONTEXT(2) 
PARAMETRIC_REPRESENTATION_CONTEXT() REPRESENTATION_CONTEXT('2D SPACE',''
  ) );
#351 = ORIENTED_EDGE('',*,*,#223,.F.);
#352 = ORIENTED_EDGE('',*,*,#331,.F.);
#353 = ORIENTED_EDGE('',*,*,#283,.T.);
#354 = ADVANCED_FACE('',(#355),#369,.F.);
#355 = FACE_BOUND('',#356,.F.);
#356 = EDGE_LOOP('',(#357,#387,#388));
#357 = ORIENTED_EDGE('',*,*,#358,.T.);
#358 = EDGE_CURVE('',#359,#361,#363,.T.);
#359 = VERTEX_POINT('',#360);
#360 = CARTESIAN_POINT('',(16.464419162443,8.25,26.));
#361 = VERTEX_POINT('',#362);
#362 = CARTESIAN_POINT('',(14.289419162443,8.25,27.306871846385));
#363 = SEAM_CURVE('',#364,(#368,#380),.PCURVE_S1.);
#364 = LINE('',#365,#366);
#365 = CARTESIAN_POINT('',(15.376919162443,8.25,26.653435923193));
#366 = VECTOR('',#367,1.);
#367 = DIRECTION('',(-0.857167300702,-1.049727191139E-16,0.51503807491)
  );
#368 = PCURVE('',#369,#374);
#369 = CONICAL_SURFACE('',#370,1.0875,1.029744258677);
#370 = AXIS2_PLACEMENT_3D('',#371,#372,#373);
#371 = CARTESIAN_POINT('',(14.289419162443,8.25,26.653435923193));
#372 = DIRECTION('',(0.,0.,-1.));
#373 = DIRECTION('',(-1.,0.,0.));
#374 = DEFINITIONAL_REPRESENTATION('',(#375),#379);
#375 = LINE('',#376,#377);
#376 = CARTESIAN_POINT('',(3.14159265359,8.005299810533E-16));
#377 = VECTOR('',#378,1.);
#378 = DIRECTION('',(0.,-1.));
#379 = ( GEOMETRIC_REPRESENTATION_CONTEXT(2) 
PARAMETRIC_REPRESENTATION_CONTEXT() REPRESENTATION_CONTEXT('2D SPACE',''
  ) );
#380 = PCURVE('',#369,#381);
#381 = DEFINITIONAL_REPRESENTATION('',(#382),#386);
#382 = LINE('',#383,#384);
#383 = CARTESIAN_POINT('',(9.424777960769,8.005299810533E-16));
#384 = VECTOR('',#385,1.);
#385 = DIRECTION('',(0.,-1.));
#386 = ( GEOMETRIC_REPRESENTATION_CONTEXT(2) 
PARAMETRIC_REPRESENTATION_CONTEXT() REPRESENTATION_CONTEXT('2D SPACE',''
  ) );
#387 = ORIENTED_EDGE('',*,*,#358,.F.);
#388 = ORIENTED_EDGE('',*,*,#389,.T.);
#389 = EDGE_CURVE('',#359,#359,#390,.T.);
#390 = SURFACE_CURVE('',#391,(#396,#403),.PCURVE_S1.);
#391 = CIRCLE('',#392,2.175);
#392 = AXIS2_PLACEMENT_3D('',#393,#394,#395);
#393 = CARTESIAN_POINT('',(14.289419162443,8.25,26.));
#394 = DIRECTION('',(0.,0.,1.));
#395 = DIRECTION('',(-1.,0.,0.));
#396 = PCURVE('',#369,#397);
#397 = DEFINITIONAL_REPRESENTATION('',(#398),#402);
#398 = LINE('',#399,#400);
#399 = CARTESIAN_POINT('',(12.566370614359,0.653435923192));
#400 = VECTOR('',#401,1.);
#401 = DIRECTION('',(-1.,0.));
#402 = ( GEOMETRIC_REPRESENTATION_CONTEXT(2) 
PARAMETRIC_REPRESENTATION_CONTEXT() REPRESENTATION_CONTEXT('2D SPACE',''
  ) );
#403 = PCURVE('',#404,#409);
#404 = CYLINDRICAL_SURFACE('',#405,2.175);
#405 = AXIS2_PLACEMENT_3D('',#406,#407,#408);
#406 = CARTESIAN_POINT('',(14.289419162443,8.25,22.));
#407 = DIRECTION('',(0.,0.,1.));
#408 = DIRECTION('',(-1.,0.,0.));
#409 = DEFINITIONAL_REPRESENTATION('',(#410),#414);
#410 = LINE('',#411,#412);
#411 = CARTESIAN_POINT('',(0.,4.));
#412 = VECTOR('',#413,1.);
#413 = DIRECTION('',(1.,0.));
#414 = ( GEOMETRIC_REPRESENTATION_CONTEXT(2) 
PARAMETRIC_REPRESENTATION_CONTEXT() REPRESENTATION_CONTEXT('2D SPACE',''
  ) );
#415 = ADVANCED_FACE('',(#416),#430,.F.);
#416 = FACE_BOUND('',#417,.F.);
#417 = EDGE_LOOP('',(#418,#448,#470,#471));
#418 = ORIENTED_EDGE('',*,*,#419,.T.);
#419 = EDGE_CURVE('',#420,#422,#424,.T.);
#420 = VERTEX_POINT('',#421);
#421 = CARTESIAN_POINT('',(16.789419162443,8.25,18.));
#422 = VERTEX_POINT('',#423);
#423 = CARTESIAN_POINT('',(16.464419162443,8.25,18.325));
#424 = SEAM_CURVE('',#425,(#429,#441),.PCURVE_S1.);
#425 = LINE('',#426,#427);
#426 = CARTESIAN_POINT('',(16.626919162443,8.25,18.1625));
#427 = VECTOR('',#428,1.);
#428 = DIRECTION('',(-0.707106781187,-8.659560562355E-17,0.707106781187)
  );
#429 = PCURVE('',#430,#435);
#430 = CONICAL_SURFACE('',#431,2.3375,0.785398163397);
#431 = AXIS2_PLACEMENT_3D('',#432,#433,#434);
#432 = CARTESIAN_POINT('',(14.289419162443,8.25,18.1625));
#433 = DIRECTION('',(0.,0.,-1.));
#434 = DIRECTION('',(-1.,0.,0.));
#435 = DEFINITIONAL_REPRESENTATION('',(#436),#440);
#436 = LINE('',#437,#438);
#437 = CARTESIAN_POINT('',(-3.14159265359,2.15887713069E-16));
#438 = VECTOR('',#439,1.);
#439 = DIRECTION('',(0.,-1.));
#440 = ( GEOMETRIC_REPRESENTATION_CONTEXT(2) 
PARAMETRIC_REPRESENTATION_CONTEXT() REPRESENTATION_CONTEXT('2D SPACE',''
  ) );
#441 = PCURVE('',#430,#442);
#442 = DEFINITIONAL_REPRESENTATION('',(#443),#447);
#443 = LINE('',#444,#445);
#444 = CARTESIAN_POINT('',(3.14159265359,2.15887713069E-16));
#445 = VECTOR('',#446,1.);
#446 = DIRECTION('',(0.,-1.));
#447 = ( GEOMETRIC_REPRESENTATION_CONTEXT(2) 
PARAMETRIC_REPRESENTATION_CONTEXT() REPRESENTATION_CONTEXT('2D SPACE',''
  ) );
#448 = ORIENTED_EDGE('',*,*,#449,.F.);
#449 = EDGE_CURVE('',#422,#422,#450,.T.);
#450 = SURFACE_CURVE('',#451,(#456,#463),.PCURVE_S1.);
#451 = CIRCLE('',#452,2.175);
#452 = AXIS2_PLACEMENT_3D('',#453,#454,#455);
#453 = CARTESIAN_POINT('',(14.289419162443,8.25,18.325));
#454 = DIRECTION('',(0.,0.,1.));
#455 = DIRECTION('',(-1.,0.,0.));
#456 = PCURVE('',#430,#457);
#457 = DEFINITIONAL_REPRESENTATION('',(#458),#462);
#458 = LINE('',#459,#460);
#459 = CARTESIAN_POINT('',(6.28318530718,-0.1625));
#460 = VECTOR('',#461,1.);
#461 = DIRECTION('',(-1.,0.));
#462 = ( GEOMETRIC_REPRESENTATION_CONTEXT(2) 
PARAMETRIC_REPRESENTATION_CONTEXT() REPRESENTATION_CONTEXT('2D SPACE',''
  ) );
#463 = PCURVE('',#404,#464);
#464 = DEFINITIONAL_REPRESENTATION('',(#465),#469);
#465 = LINE('',#466,#467);
#466 = CARTESIAN_POINT('',(0.,-3.675));
#467 = VECTOR('',#468,1.);
#468 = DIRECTION('',(1.,0.));
#469 = ( GEOMETRIC_REPRESENTATION_CONTEXT(2) 
PARAMETRIC_REPRESENTATION_CONTEXT() REPRESENTATION_CONTEXT('2D SPACE',''
  ) );
#470 = ORIENTED_EDGE('',*,*,#419,.F.);
#471 = ORIENTED_EDGE('',*,*,#472,.T.);
#472 = EDGE_CURVE('',#420,#420,#473,.T.);
#473 = SURFACE_CURVE('',#474,(#479,#486),.PCURVE_S1.);
#474 = CIRCLE('',#475,2.5);
#475 = AXIS2_PLACEMENT_3D('',#476,#477,#478);
#476 = CARTESIAN_POINT('',(14.289419162443,8.25,18.));
#477 = DIRECTION('',(0.,0.,1.));
#478 = DIRECTION('',(-1.,0.,0.));
#479 = PCURVE('',#430,#480);
#480 = DEFINITIONAL_REPRESENTATION('',(#481),#485);
#481 = LINE('',#482,#483);
#482 = CARTESIAN_POINT('',(6.28318530718,0.1625));
#483 = VECTOR('',#484,1.);
#484 = DIRECTION('',(-1.,0.));
#485 = ( GEOMETRIC_REPRESENTATION_CONTEXT(2) 
PARAMETRIC_REPRESENTATION_CONTEXT() REPRESENTATION_CONTEXT('2D SPACE',''
  ) );
#486 = PCURVE('',#150,#487);
#487 = DEFINITIONAL_REPRESENTATION('',(#488),#492);
#488 = CIRCLE('',#489,2.5);
#489 = AXIS2_PLACEMENT_2D('',#490,#491);
#490 = CARTESIAN_POINT('',(14.289419162443,8.25));
#491 = DIRECTION('',(-1.,0.));
#492 = ( GEOMETRIC_REPRESENTATION_CONTEXT(2) 
PARAMETRIC_REPRESENTATION_CONTEXT() REPRESENTATION_CONTEXT('2D SPACE',''
  ) );
#493 = ADVANCED_FACE('',(#494),#404,.F.);
#494 = FACE_BOUND('',#495,.F.);
#495 = EDGE_LOOP('',(#496,#517,#518,#519));
#496 = ORIENTED_EDGE('',*,*,#497,.T.);
#497 = EDGE_CURVE('',#422,#359,#498,.T.);
#498 = SEAM_CURVE('',#499,(#503,#510),.PCURVE_S1.);
#499 = LINE('',#500,#501);
#500 = CARTESIAN_POINT('',(16.464419162443,8.25,22.));
#501 = VECTOR('',#502,1.);
#502 = DIRECTION('',(0.,0.,1.));
#503 = PCURVE('',#404,#504);
#504 = DEFINITIONAL_REPRESENTATION('',(#505),#509);
#505 = LINE('',#506,#507);
#506 = CARTESIAN_POINT('',(9.424777960769,0.));
#507 = VECTOR('',#508,1.);
#508 = DIRECTION('',(0.,1.));
#509 = ( GEOMETRIC_REPRESENTATION_CONTEXT(2) 
PARAMETRIC_REPRESENTATION_CONTEXT() REPRESENTATION_CONTEXT('2D SPACE',''
  ) );
#510 = PCURVE('',#404,#511);
#511 = DEFINITIONAL_REPRESENTATION('',(#512),#516);
#512 = LINE('',#513,#514);
#513 = CARTESIAN_POINT('',(3.14159265359,0.));
#514 = VECTOR('',#515,1.);
#515 = DIRECTION('',(0.,1.));
#516 = ( GEOMETRIC_REPRESENTATION_CONTEXT(2) 
PARAMETRIC_REPRESENTATION_CONTEXT() REPRESENTATION_CONTEXT('2D SPACE',''
  ) );
#517 = ORIENTED_EDGE('',*,*,#389,.F.);
#518 = ORIENTED_EDGE('',*,*,#497,.F.);
#519 = ORIENTED_EDGE('',*,*,#449,.T.);
#520 = ADVANCED_FACE('',(#521),#535,.T.);
#521 = FACE_BOUND('',#522,.T.);
#522 = EDGE_LOOP('',(#523,#558,#582,#610));
#523 = ORIENTED_EDGE('',*,*,#524,.T.);
#524 = EDGE_CURVE('',#525,#527,#529,.T.);
#525 = VERTEX_POINT('',#526);
#526 = CARTESIAN_POINT('',(3.953819740679,-15.89393939393,18.4));
#527 = VERTEX_POINT('',#528);
#528 = CARTESIAN_POINT('',(3.558437766611,-15.95454545454,18.));
#529 = SURFACE_CURVE('',#530,(#534,#546),.PCURVE_S1.);
#530 = LINE('',#531,#532);
#531 = CARTESIAN_POINT('',(3.953819740679,-15.89393939393,18.4));
#532 = VECTOR('',#533,1.);
#533 = DIRECTION('',(-0.698943187556,-0.107137391089,-0.707106781187));
#534 = PCURVE('',#535,#540);
#535 = CONICAL_SURFACE('',#536,3.8,0.785398163397);
#536 = AXIS2_PLACEMENT_3D('',#537,#538,#539);
#537 = CARTESIAN_POINT('',(-2.638756578228E-13,-16.5,18.2));
#538 = DIRECTION('',(0.,0.,1.));
#539 = DIRECTION('',(1.,0.,-0.));
#540 = DEFINITIONAL_REPRESENTATION('',(#541),#545);
#541 = LINE('',#542,#543);
#542 = CARTESIAN_POINT('',(0.152100941687,0.2));
#543 = VECTOR('',#544,1.);
#544 = DIRECTION('',(-2.706168622524E-15,-1.));
#545 = ( GEOMETRIC_REPRESENTATION_CONTEXT(2) 
PARAMETRIC_REPRESENTATION_CONTEXT() REPRESENTATION_CONTEXT('2D SPACE',''
  ) );
#546 = PCURVE('',#547,#552);
#547 = CONICAL_SURFACE('',#548,1.2,0.785398163397);
#548 = AXIS2_PLACEMENT_3D('',#549,#550,#551);
#549 = CARTESIAN_POINT('',(4.942274675848,-15.74242424242,18.2));
#550 = DIRECTION('',(0.,0.,-1.));
#551 = DIRECTION('',(-0.528851483173,-0.848714385848,-0.));
#552 = DEFINITIONAL_REPRESENTATION('',(#553),#557);
#553 = LINE('',#554,#555);
#554 = CARTESIAN_POINT('',(7.14463394142,-0.2));
#555 = VECTOR('',#556,1.);
#556 = DIRECTION('',(4.884981308351E-14,1.));
#557 = ( GEOMETRIC_REPRESENTATION_CONTEXT(2) 
PARAMETRIC_REPRESENTATION_CONTEXT() REPRESENTATION_CONTEXT('2D SPACE',''
  ) );
#558 = ORIENTED_EDGE('',*,*,#559,.T.);
#559 = EDGE_CURVE('',#527,#560,#562,.T.);
#560 = VERTEX_POINT('',#561);
#561 = CARTESIAN_POINT('',(-3.558437766611,-15.95454545454,18.));
#562 = SURFACE_CURVE('',#563,(#568,#575),.PCURVE_S1.);
#563 = CIRCLE('',#564,3.6);
#564 = AXIS2_PLACEMENT_3D('',#565,#566,#567);
#565 = CARTESIAN_POINT('',(-2.638756578228E-13,-16.5,18.));
#566 = DIRECTION('',(0.,0.,1.));
#567 = DIRECTION('',(1.,0.,-0.));
#568 = PCURVE('',#535,#569);
#569 = DEFINITIONAL_REPRESENTATION('',(#570),#574);
#570 = LINE('',#571,#572);
#571 = CARTESIAN_POINT('',(-5.551115123126E-17,-0.2));
#572 = VECTOR('',#573,1.);
#573 = DIRECTION('',(1.,-8.300367763042E-17));
#574 = ( GEOMETRIC_REPRESENTATION_CONTEXT(2) 
PARAMETRIC_REPRESENTATION_CONTEXT() REPRESENTATION_CONTEXT('2D SPACE',''
  ) );
#575 = PCURVE('',#150,#576);
#576 = DEFINITIONAL_REPRESENTATION('',(#577),#581);
#577 = CIRCLE('',#578,3.6);
#578 = AXIS2_PLACEMENT_2D('',#579,#580);
#579 = CARTESIAN_POINT('',(-2.638756578228E-13,-16.5));
#580 = DIRECTION('',(1.,0.));
#581 = ( GEOMETRIC_REPRESENTATION_CONTEXT(2) 
PARAMETRIC_REPRESENTATION_CONTEXT() REPRESENTATION_CONTEXT('2D SPACE',''
  ) );
#582 = ORIENTED_EDGE('',*,*,#583,.T.);
#583 = EDGE_CURVE('',#560,#584,#586,.T.);
#584 = VERTEX_POINT('',#585);
#585 = CARTESIAN_POINT('',(-3.953819740679,-15.89393939393,18.4));
#586 = SURFACE_CURVE('',#587,(#591,#598),.PCURVE_S1.);
#587 = LINE('',#588,#589);
#588 = CARTESIAN_POINT('',(-3.558437766611,-15.95454545454,18.));
#589 = VECTOR('',#590,1.);
#590 = DIRECTION('',(-0.698943187556,0.107137391089,0.707106781187));
#591 = PCURVE('',#535,#592);
#592 = DEFINITIONAL_REPRESENTATION('',(#593),#597);
#593 = LINE('',#594,#595);
#594 = CARTESIAN_POINT('',(2.989491711903,-0.2));
#595 = VECTOR('',#596,1.);
#596 = DIRECTION('',(0.,1.));
#597 = ( GEOMETRIC_REPRESENTATION_CONTEXT(2) 
PARAMETRIC_REPRESENTATION_CONTEXT() REPRESENTATION_CONTEXT('2D SPACE',''
  ) );
#598 = PCURVE('',#599,#604);
#599 = CONICAL_SURFACE('',#600,1.2,0.785398163397);
#600 = AXIS2_PLACEMENT_3D('',#601,#602,#603);
#601 = CARTESIAN_POINT('',(-4.942274675849,-15.74242424242,18.2));
#602 = DIRECTION('',(0.,0.,-1.));
#603 = DIRECTION('',(0.528851483173,-0.848714385848,0.));
#604 = DEFINITIONAL_REPRESENTATION('',(#605),#609);
#605 = LINE('',#606,#607);
#606 = CARTESIAN_POINT('',(5.421736672939,0.2));
#607 = VECTOR('',#608,1.);
#608 = DIRECTION('',(-2.886579864025E-14,-1.));
#609 = ( GEOMETRIC_REPRESENTATION_CONTEXT(2) 
PARAMETRIC_REPRESENTATION_CONTEXT() REPRESENTATION_CONTEXT('2D SPACE',''
  ) );
#610 = ORIENTED_EDGE('',*,*,#611,.T.);
#611 = EDGE_CURVE('',#584,#525,#612,.T.);
#612 = SURFACE_CURVE('',#613,(#618,#625),.PCURVE_S1.);
#613 = CIRCLE('',#614,4.);
#614 = AXIS2_PLACEMENT_3D('',#615,#616,#617);
#615 = CARTESIAN_POINT('',(-2.638756578228E-13,-16.5,18.4));
#616 = DIRECTION('',(0.,0.,-1.));
#617 = DIRECTION('',(1.,0.,0.));
#618 = PCURVE('',#535,#619);
#619 = DEFINITIONAL_REPRESENTATION('',(#620),#624);
#620 = LINE('',#621,#622);
#621 = CARTESIAN_POINT('',(6.28318530718,0.2));
#622 = VECTOR('',#623,1.);
#623 = DIRECTION('',(-1.,0.));
#624 = ( GEOMETRIC_REPRESENTATION_CONTEXT(2) 
PARAMETRIC_REPRESENTATION_CONTEXT() REPRESENTATION_CONTEXT('2D SPACE',''
  ) );
#625 = PCURVE('',#626,#631);
#626 = CYLINDRICAL_SURFACE('',#627,4.);
#627 = AXIS2_PLACEMENT_3D('',#628,#629,#630);
#628 = CARTESIAN_POINT('',(-2.638756578228E-13,-16.5,28.));
#629 = DIRECTION('',(0.,0.,-1.));
#630 = DIRECTION('',(1.,0.,0.));
#631 = DEFINITIONAL_REPRESENTATION('',(#632),#636);
#632 = LINE('',#633,#634);
#633 = CARTESIAN_POINT('',(-4.440892098501E-16,9.6));
#634 = VECTOR('',#635,1.);
#635 = DIRECTION('',(1.,0.));
#636 = ( GEOMETRIC_REPRESENTATION_CONTEXT(2) 
PARAMETRIC_REPRESENTATION_CONTEXT() REPRESENTATION_CONTEXT('2D SPACE',''
  ) );
#637 = ADVANCED_FACE('',(#638),#547,.F.);
#638 = FACE_BOUND('',#639,.F.);
#639 = EDGE_LOOP('',(#640,#668,#696,#723));
#640 = ORIENTED_EDGE('',*,*,#641,.F.);
#641 = EDGE_CURVE('',#642,#527,#644,.T.);
#642 = VERTEX_POINT('',#643);
#643 = CARTESIAN_POINT('',(5.361619193799,-17.07814508723,18.));
#644 = SURFACE_CURVE('',#645,(#650,#657),.PCURVE_S1.);
#645 = CIRCLE('',#646,1.4);
#646 = AXIS2_PLACEMENT_3D('',#647,#648,#649);
#647 = CARTESIAN_POINT('',(4.942274675848,-15.74242424242,18.));
#648 = DIRECTION('',(0.,0.,-1.));
#649 = DIRECTION('',(-0.528851483173,-0.848714385848,-0.));
#650 = PCURVE('',#547,#651);
#651 = DEFINITIONAL_REPRESENTATION('',(#652),#656);
#652 = LINE('',#653,#654);
#653 = CARTESIAN_POINT('',(0.,0.2));
#654 = VECTOR('',#655,1.);
#655 = DIRECTION('',(1.,-1.822618779897E-16));
#656 = ( GEOMETRIC_REPRESENTATION_CONTEXT(2) 
PARAMETRIC_REPRESENTATION_CONTEXT() REPRESENTATION_CONTEXT('2D SPACE',''
  ) );
#657 = PCURVE('',#150,#658);
#658 = DEFINITIONAL_REPRESENTATION('',(#659),#667);
#659 = ( BOUNDED_CURVE() B_SPLINE_CURVE(2,(#660,#661,#662,#663,#664,#665
,#666),.UNSPECIFIED.,.T.,.F.) B_SPLINE_CURVE_WITH_KNOTS((1,2,2,2,2,1),(
    -2.094395102393,0.,2.094395102393,4.188790204786,6.28318530718,
8.377580409573),.UNSPECIFIED.) CURVE() GEOMETRIC_REPRESENTATION_ITEM() 
RATIONAL_B_SPLINE_CURVE((1.,0.5,1.,0.5,1.,0.5,1.)) REPRESENTATION_ITEM(
  '') );
#660 = CARTESIAN_POINT('',(4.201882599406,-16.93062438261));
#661 = CARTESIAN_POINT('',(2.143859587041,-15.64822768869));
#662 = CARTESIAN_POINT('',(4.283459207887,-14.50712582537));
#663 = CARTESIAN_POINT('',(6.423058828732,-13.36602396204));
#664 = CARTESIAN_POINT('',(6.341482220252,-15.78952251929));
#665 = CARTESIAN_POINT('',(6.259905611772,-18.21302107653));
#666 = CARTESIAN_POINT('',(4.201882599406,-16.93062438261));
#667 = ( GEOMETRIC_REPRESENTATION_CONTEXT(2) 
PARAMETRIC_REPRESENTATION_CONTEXT() REPRESENTATION_CONTEXT('2D SPACE',''
  ) );
#668 = ORIENTED_EDGE('',*,*,#669,.F.);
#669 = EDGE_CURVE('',#670,#642,#672,.T.);
#670 = VERTEX_POINT('',#671);
#671 = CARTESIAN_POINT('',(5.241806474385,-16.69651056014,18.4));
#672 = SURFACE_CURVE('',#673,(#677,#684),.PCURVE_S1.);
#673 = LINE('',#674,#675);
#674 = CARTESIAN_POINT('',(5.241806474385,-16.69651056014,18.4));
#675 = VECTOR('',#676,1.);
#676 = DIRECTION('',(0.211800965926,-0.674640905099,-0.707106781187));
#677 = PCURVE('',#547,#678);
#678 = DEFINITIONAL_REPRESENTATION('',(#679),#683);
#679 = LINE('',#680,#681);
#680 = CARTESIAN_POINT('',(5.421736672939,-0.2));
#681 = VECTOR('',#682,1.);
#682 = DIRECTION('',(2.22044604925E-15,1.));
#683 = ( GEOMETRIC_REPRESENTATION_CONTEXT(2) 
PARAMETRIC_REPRESENTATION_CONTEXT() REPRESENTATION_CONTEXT('2D SPACE',''
  ) );
#684 = PCURVE('',#685,#690);
#685 = CONICAL_SURFACE('',#686,17.7,0.785398163397);
#686 = AXIS2_PLACEMENT_3D('',#687,#688,#689);
#687 = CARTESIAN_POINT('',(0.,0.,18.2));
#688 = DIRECTION('',(0.,0.,-1.));
#689 = DIRECTION('',(1.,0.,0.));
#690 = DEFINITIONAL_REPRESENTATION('',(#691),#695);
#691 = LINE('',#692,#693);
#692 = CARTESIAN_POINT('',(1.266594443421,-0.2));
#693 = VECTOR('',#694,1.);
#694 = DIRECTION('',(0.,1.));
#695 = ( GEOMETRIC_REPRESENTATION_CONTEXT(2) 
PARAMETRIC_REPRESENTATION_CONTEXT() REPRESENTATION_CONTEXT('2D SPACE',''
  ) );
#696 = ORIENTED_EDGE('',*,*,#697,.F.);
#697 = EDGE_CURVE('',#525,#670,#698,.T.);
#698 = SURFACE_CURVE('',#699,(#704,#711),.PCURVE_S1.);
#699 = CIRCLE('',#700,1.);
#700 = AXIS2_PLACEMENT_3D('',#701,#702,#703);
#701 = CARTESIAN_POINT('',(4.942274675848,-15.74242424242,18.4));
#702 = DIRECTION('',(0.,0.,1.));
#703 = DIRECTION('',(-0.528851483173,-0.848714385848,0.));
#704 = PCURVE('',#547,#705);
#705 = DEFINITIONAL_REPRESENTATION('',(#706),#710);
#706 = LINE('',#707,#708);
#707 = CARTESIAN_POINT('',(12.566370614359,-0.2));
#708 = VECTOR('',#709,1.);
#709 = DIRECTION('',(-1.,7.746129814562E-16));
#710 = ( GEOMETRIC_REPRESENTATION_CONTEXT(2) 
PARAMETRIC_REPRESENTATION_CONTEXT() REPRESENTATION_CONTEXT('2D SPACE',''
  ) );
#711 = PCURVE('',#712,#717);
#712 = CYLINDRICAL_SURFACE('',#713,1.);
#713 = AXIS2_PLACEMENT_3D('',#714,#715,#716);
#714 = CARTESIAN_POINT('',(4.942274675848,-15.74242424242,28.));
#715 = DIRECTION('',(0.,0.,1.));
#716 = DIRECTION('',(-0.528851483173,-0.848714385848,0.));
#717 = DEFINITIONAL_REPRESENTATION('',(#718),#722);
#718 = LINE('',#719,#720);
#719 = CARTESIAN_POINT('',(-6.28318530718,-9.6));
#720 = VECTOR('',#721,1.);
#721 = DIRECTION('',(1.,0.));
#722 = ( GEOMETRIC_REPRESENTATION_CONTEXT(2) 
PARAMETRIC_REPRESENTATION_CONTEXT() REPRESENTATION_CONTEXT('2D SPACE',''
  ) );
#723 = ORIENTED_EDGE('',*,*,#524,.T.);
#724 = ADVANCED_FACE('',(#725),#685,.F.);
#725 = FACE_BOUND('',#726,.F.);
#726 = EDGE_LOOP('',(#727,#756,#757,#785));
#727 = ORIENTED_EDGE('',*,*,#728,.F.);
#728 = EDGE_CURVE('',#670,#729,#731,.T.);
#729 = VERTEX_POINT('',#730);
#730 = CARTESIAN_POINT('',(17.080505536835,3.808717711534,18.4));
#731 = SURFACE_CURVE('',#732,(#737,#744),.PCURVE_S1.);
#732 = CIRCLE('',#733,17.5);
#733 = AXIS2_PLACEMENT_3D('',#734,#735,#736);
#734 = CARTESIAN_POINT('',(0.,0.,18.4));
#735 = DIRECTION('',(0.,0.,1.));
#736 = DIRECTION('',(1.,0.,-0.));
#737 = PCURVE('',#685,#738);
#738 = DEFINITIONAL_REPRESENTATION('',(#739),#743);
#739 = LINE('',#740,#741);
#740 = CARTESIAN_POINT('',(6.28318530718,-0.2));
#741 = VECTOR('',#742,1.);
#742 = DIRECTION('',(-1.,1.188670467753E-15));
#743 = ( GEOMETRIC_REPRESENTATION_CONTEXT(2) 
PARAMETRIC_REPRESENTATION_CONTEXT() REPRESENTATION_CONTEXT('2D SPACE',''
  ) );
#744 = PCURVE('',#745,#750);
#745 = CYLINDRICAL_SURFACE('',#746,17.5);
#746 = AXIS2_PLACEMENT_3D('',#747,#748,#749);
#747 = CARTESIAN_POINT('',(0.,0.,28.));
#748 = DIRECTION('',(0.,0.,-1.));
#749 = DIRECTION('',(1.,0.,0.));
#750 = DEFINITIONAL_REPRESENTATION('',(#751),#755);
#751 = LINE('',#752,#753);
#752 = CARTESIAN_POINT('',(6.28318530718,9.6));
#753 = VECTOR('',#754,1.);
#754 = DIRECTION('',(-1.,0.));
#755 = ( GEOMETRIC_REPRESENTATION_CONTEXT(2) 
PARAMETRIC_REPRESENTATION_CONTEXT() REPRESENTATION_CONTEXT('2D SPACE',''
  ) );
#756 = ORIENTED_EDGE('',*,*,#669,.T.);
#757 = ORIENTED_EDGE('',*,*,#758,.F.);
#758 = EDGE_CURVE('',#759,#642,#761,.T.);
#759 = VERTEX_POINT('',#760);
#760 = CARTESIAN_POINT('',(17.470917091963,3.895774116369,18.));
#761 = SURFACE_CURVE('',#762,(#767,#774),.PCURVE_S1.);
#762 = CIRCLE('',#763,17.9);
#763 = AXIS2_PLACEMENT_3D('',#764,#765,#766);
#764 = CARTESIAN_POINT('',(0.,0.,18.));
#765 = DIRECTION('',(0.,0.,-1.));
#766 = DIRECTION('',(1.,0.,0.));
#767 = PCURVE('',#685,#768);
#768 = DEFINITIONAL_REPRESENTATION('',(#769),#773);
#769 = LINE('',#770,#771);
#770 = CARTESIAN_POINT('',(-6.28318530718,0.2));
#771 = VECTOR('',#772,1.);
#772 = DIRECTION('',(1.,1.188670467753E-15));
#773 = ( GEOMETRIC_REPRESENTATION_CONTEXT(2) 
PARAMETRIC_REPRESENTATION_CONTEXT() REPRESENTATION_CONTEXT('2D SPACE',''
  ) );
#774 = PCURVE('',#150,#775);
#775 = DEFINITIONAL_REPRESENTATION('',(#776),#784);
#776 = ( BOUNDED_CURVE() B_SPLINE_CURVE(2,(#777,#778,#779,#780,#781,#782
,#783),.UNSPECIFIED.,.T.,.F.) B_SPLINE_CURVE_WITH_KNOTS((1,2,2,2,2,1),(
    -2.094395102393,0.,2.094395102393,4.188790204786,6.28318530718,
8.377580409573),.UNSPECIFIED.) CURVE() GEOMETRIC_REPRESENTATION_ITEM() 
RATIONAL_B_SPLINE_CURVE((1.,0.5,1.,0.5,1.,0.5,1.)) REPRESENTATION_ITEM(
  '') );
#777 = CARTESIAN_POINT('',(17.9,0.));
#778 = CARTESIAN_POINT('',(17.9,-31.00370945548));
#779 = CARTESIAN_POINT('',(-8.95,-15.50185472774));
#780 = CARTESIAN_POINT('',(-35.8,-4.384235540948E-15));
#781 = CARTESIAN_POINT('',(-8.95,15.501854727741));
#782 = CARTESIAN_POINT('',(17.9,31.003709455483));
#783 = CARTESIAN_POINT('',(17.9,0.));
#784 = ( GEOMETRIC_REPRESENTATION_CONTEXT(2) 
PARAMETRIC_REPRESENTATION_CONTEXT() REPRESENTATION_CONTEXT('2D SPACE',''
  ) );
#785 = ORIENTED_EDGE('',*,*,#786,.F.);
#786 = EDGE_CURVE('',#729,#759,#787,.T.);
#787 = SURFACE_CURVE('',#788,(#792,#799),.PCURVE_S1.);
#788 = LINE('',#789,#790);
#789 = CARTESIAN_POINT('',(17.080505536835,3.808717711534,18.4));
#790 = VECTOR('',#791,1.);
#791 = DIRECTION('',(0.690156645211,0.153895435511,-0.707106781187));
#792 = PCURVE('',#685,#793);
#793 = DEFINITIONAL_REPRESENTATION('',(#794),#798);
#794 = LINE('',#795,#796);
#795 = CARTESIAN_POINT('',(-0.219396892225,-0.2));
#796 = VECTOR('',#797,1.);
#797 = DIRECTION('',(0.,1.));
#798 = ( GEOMETRIC_REPRESENTATION_CONTEXT(2) 
PARAMETRIC_REPRESENTATION_CONTEXT() REPRESENTATION_CONTEXT('2D SPACE',''
  ) );
#799 = PCURVE('',#800,#805);
#800 = CONICAL_SURFACE('',#801,1.2,0.785398163397);
#801 = AXIS2_PLACEMENT_3D('',#802,#803,#804);
#802 = CARTESIAN_POINT('',(16.104476649016,3.591076699447,18.2));
#803 = DIRECTION('',(0.,0.,-1.));
#804 = DIRECTION('',(0.470582477116,0.882356012181,0.));
#805 = DEFINITIONAL_REPRESENTATION('',(#806),#810);
#806 = LINE('',#807,#808);
#807 = CARTESIAN_POINT('',(7.14463394142,-0.2));
#808 = VECTOR('',#809,1.);
#809 = DIRECTION('',(4.4408920985E-15,1.));
#810 = ( GEOMETRIC_REPRESENTATION_CONTEXT(2) 
PARAMETRIC_REPRESENTATION_CONTEXT() REPRESENTATION_CONTEXT('2D SPACE',''
  ) );
#811 = ADVANCED_FACE('',(#812),#800,.F.);
#812 = FACE_BOUND('',#813,.F.);
#813 = EDGE_LOOP('',(#814,#842,#870,#897));
#814 = ORIENTED_EDGE('',*,*,#815,.F.);
#815 = EDGE_CURVE('',#816,#759,#818,.T.);
#816 = VERTEX_POINT('',#817);
#817 = CARTESIAN_POINT('',(15.596260552775,4.895575223601,18.));
#818 = SURFACE_CURVE('',#819,(#824,#831),.PCURVE_S1.);
#819 = CIRCLE('',#820,1.4);
#820 = AXIS2_PLACEMENT_3D('',#821,#822,#823);
#821 = CARTESIAN_POINT('',(16.104476649016,3.591076699447,18.));
#822 = DIRECTION('',(0.,0.,-1.));
#823 = DIRECTION('',(0.470582477116,0.882356012181,0.));
#824 = PCURVE('',#800,#825);
#825 = DEFINITIONAL_REPRESENTATION('',(#826),#830);
#826 = LINE('',#827,#828);
#827 = CARTESIAN_POINT('',(8.881784197001E-16,0.2));
#828 = VECTOR('',#829,1.);
#829 = DIRECTION('',(1.,6.834820424613E-17));
#830 = ( GEOMETRIC_REPRESENTATION_CONTEXT(2) 
PARAMETRIC_REPRESENTATION_CONTEXT() REPRESENTATION_CONTEXT('2D SPACE',''
  ) );
#831 = PCURVE('',#150,#832);
#832 = DEFINITIONAL_REPRESENTATION('',(#833),#841);
#833 = ( BOUNDED_CURVE() B_SPLINE_CURVE(2,(#834,#835,#836,#837,#838,#839
,#840),.UNSPECIFIED.,.T.,.F.) B_SPLINE_CURVE_WITH_KNOTS((1,2,2,2,2,1),(
    -2.094395102393,0.,2.094395102393,4.188790204786,6.28318530718,
8.377580409573),.UNSPECIFIED.) CURVE() GEOMETRIC_REPRESENTATION_ITEM() 
RATIONAL_B_SPLINE_CURVE((1.,0.5,1.,0.5,1.,0.5,1.)) REPRESENTATION_ITEM(
  '') );
#834 = CARTESIAN_POINT('',(16.763292116977,4.8263751165));
#835 = CARTESIAN_POINT('',(18.902891737823,3.685273253178));
#836 = CARTESIAN_POINT('',(16.844868725458,2.402876559259));
#837 = CARTESIAN_POINT('',(14.786845713092,1.12047986534));
#838 = CARTESIAN_POINT('',(14.705269104612,3.543978422581));
#839 = CARTESIAN_POINT('',(14.623692496132,5.967476979822));
#840 = CARTESIAN_POINT('',(16.763292116977,4.8263751165));
#841 = ( GEOMETRIC_REPRESENTATION_CONTEXT(2) 
PARAMETRIC_REPRESENTATION_CONTEXT() REPRESENTATION_CONTEXT('2D SPACE',''
  ) );
#842 = ORIENTED_EDGE('',*,*,#843,.F.);
#843 = EDGE_CURVE('',#844,#816,#846,.T.);
#844 = VERTEX_POINT('',#845);
#845 = CARTESIAN_POINT('',(15.741465151701,4.522861359557,18.4));
#846 = SURFACE_CURVE('',#847,(#851,#858),.PCURVE_S1.);
#847 = LINE('',#848,#849);
#848 = CARTESIAN_POINT('',(15.741465151701,4.522861359557,18.4));
#849 = VECTOR('',#850,1.);
#850 = DIRECTION('',(-0.2566878914,0.65887125177,-0.707106781187));
#851 = PCURVE('',#800,#852);
#852 = DEFINITIONAL_REPRESENTATION('',(#853),#857);
#853 = LINE('',#854,#855);
#854 = CARTESIAN_POINT('',(5.421736672939,-0.2));
#855 = VECTOR('',#856,1.);
#856 = DIRECTION('',(2.6645352591E-14,1.));
#857 = ( GEOMETRIC_REPRESENTATION_CONTEXT(2) 
PARAMETRIC_REPRESENTATION_CONTEXT() REPRESENTATION_CONTEXT('2D SPACE',''
  ) );
#858 = PCURVE('',#859,#864);
#859 = CONICAL_SURFACE('',#860,3.8,0.785398163397);
#860 = AXIS2_PLACEMENT_3D('',#861,#862,#863);
#861 = CARTESIAN_POINT('',(14.289419162443,8.25,18.2));
#862 = DIRECTION('',(0.,0.,1.));
#863 = DIRECTION('',(-0.5,0.866025403784,0.));
#864 = DEFINITIONAL_REPRESENTATION('',(#865),#869);
#865 = LINE('',#866,#867);
#866 = CARTESIAN_POINT('',(2.989491711903,0.2));
#867 = VECTOR('',#868,1.);
#868 = DIRECTION('',(-3.330669073875E-15,-1.));
#869 = ( GEOMETRIC_REPRESENTATION_CONTEXT(2) 
PARAMETRIC_REPRESENTATION_CONTEXT() REPRESENTATION_CONTEXT('2D SPACE',''
  ) );
#870 = ORIENTED_EDGE('',*,*,#871,.F.);
#871 = EDGE_CURVE('',#729,#844,#872,.T.);
#872 = SURFACE_CURVE('',#873,(#878,#885),.PCURVE_S1.);
#873 = CIRCLE('',#874,1.);
#874 = AXIS2_PLACEMENT_3D('',#875,#876,#877);
#875 = CARTESIAN_POINT('',(16.104476649016,3.591076699447,18.4));
#876 = DIRECTION('',(0.,0.,1.));
#877 = DIRECTION('',(0.470582477116,0.882356012181,-0.));
#878 = PCURVE('',#800,#879);
#879 = DEFINITIONAL_REPRESENTATION('',(#880),#884);
#880 = LINE('',#881,#882);
#881 = CARTESIAN_POINT('',(12.566370614359,-0.2));
#882 = VECTOR('',#883,1.);
#883 = DIRECTION('',(-1.,-9.340921246971E-16));
#884 = ( GEOMETRIC_REPRESENTATION_CONTEXT(2) 
PARAMETRIC_REPRESENTATION_CONTEXT() REPRESENTATION_CONTEXT('2D SPACE',''
  ) );
#885 = PCURVE('',#886,#891);
#886 = CYLINDRICAL_SURFACE('',#887,1.);
#887 = AXIS2_PLACEMENT_3D('',#888,#889,#890);
#888 = CARTESIAN_POINT('',(16.104476649016,3.591076699447,28.));
#889 = DIRECTION('',(0.,0.,-1.));
#890 = DIRECTION('',(0.470582477116,0.882356012181,0.));
#891 = DEFINITIONAL_REPRESENTATION('',(#892),#896);
#892 = LINE('',#893,#894);
#893 = CARTESIAN_POINT('',(12.566370614359,9.6));
#894 = VECTOR('',#895,1.);
#895 = DIRECTION('',(-1.,0.));
#896 = ( GEOMETRIC_REPRESENTATION_CONTEXT(2) 
PARAMETRIC_REPRESENTATION_CONTEXT() REPRESENTATION_CONTEXT('2D SPACE',''
  ) );
#897 = ORIENTED_EDGE('',*,*,#786,.T.);
#898 = ADVANCED_FACE('',(#899),#859,.T.);
#899 = FACE_BOUND('',#900,.T.);
#900 = EDGE_LOOP('',(#901,#931,#953,#954));
#901 = ORIENTED_EDGE('',*,*,#902,.T.);
#902 = EDGE_CURVE('',#903,#905,#907,.T.);
#903 = VERTEX_POINT('',#904);
#904 = CARTESIAN_POINT('',(11.787645411023,11.371078034382,18.4));
#905 = VERTEX_POINT('',#906);
#906 = CARTESIAN_POINT('',(12.037822786165,11.058970230944,18.));
#907 = SURFACE_CURVE('',#908,(#912,#919),.PCURVE_S1.);
#908 = LINE('',#909,#910);
#909 = CARTESIAN_POINT('',(11.787645411023,11.371078034382,18.4));
#910 = VECTOR('',#911,1.);
#911 = DIRECTION('',(0.442255296156,-0.551733860681,-0.707106781187));
#912 = PCURVE('',#859,#913);
#913 = DEFINITIONAL_REPRESENTATION('',(#914),#918);
#914 = LINE('',#915,#916);
#915 = CARTESIAN_POINT('',(0.152100941687,0.2));
#916 = VECTOR('',#917,1.);
#917 = DIRECTION('',(3.955169525227E-15,-1.));
#918 = ( GEOMETRIC_REPRESENTATION_CONTEXT(2) 
PARAMETRIC_REPRESENTATION_CONTEXT() REPRESENTATION_CONTEXT('2D SPACE',''
  ) );
#919 = PCURVE('',#920,#925);
#920 = CONICAL_SURFACE('',#921,1.2,0.785398163397);
#921 = AXIS2_PLACEMENT_3D('',#922,#923,#924);
#922 = CARTESIAN_POINT('',(11.162201973167,12.151347542977,18.2));
#923 = DIRECTION('',(0.,0.,-1.));
#924 = DIRECTION('',(0.999433960288,-3.364162633265E-02,0.));
#925 = DEFINITIONAL_REPRESENTATION('',(#926),#930);
#926 = LINE('',#927,#928);
#927 = CARTESIAN_POINT('',(0.861448634241,-0.2));
#928 = VECTOR('',#929,1.);
#929 = DIRECTION('',(0.,1.));
#930 = ( GEOMETRIC_REPRESENTATION_CONTEXT(2) 
PARAMETRIC_REPRESENTATION_CONTEXT() REPRESENTATION_CONTEXT('2D SPACE',''
  ) );
#931 = ORIENTED_EDGE('',*,*,#932,.T.);
#932 = EDGE_CURVE('',#905,#816,#933,.T.);
#933 = SURFACE_CURVE('',#934,(#939,#946),.PCURVE_S1.);
#934 = CIRCLE('',#935,3.6);
#935 = AXIS2_PLACEMENT_3D('',#936,#937,#938);
#936 = CARTESIAN_POINT('',(14.289419162443,8.25,18.));
#937 = DIRECTION('',(0.,0.,1.));
#938 = DIRECTION('',(-0.5,0.866025403784,0.));
#939 = PCURVE('',#859,#940);
#940 = DEFINITIONAL_REPRESENTATION('',(#941),#945);
#941 = LINE('',#942,#943);
#942 = CARTESIAN_POINT('',(5.273559366969E-16,-0.2));
#943 = VECTOR('',#944,1.);
#944 = DIRECTION('',(1.,3.873504956086E-16));
#945 = ( GEOMETRIC_REPRESENTATION_CONTEXT(2) 
PARAMETRIC_REPRESENTATION_CONTEXT() REPRESENTATION_CONTEXT('2D SPACE',''
  ) );
#946 = PCURVE('',#150,#947);
#947 = DEFINITIONAL_REPRESENTATION('',(#948),#952);
#948 = CIRCLE('',#949,3.6);
#949 = AXIS2_PLACEMENT_2D('',#950,#951);
#950 = CARTESIAN_POINT('',(14.289419162443,8.25));
#951 = DIRECTION('',(-0.5,0.866025403784));
#952 = ( GEOMETRIC_REPRESENTATION_CONTEXT(2) 
PARAMETRIC_REPRESENTATION_CONTEXT() REPRESENTATION_CONTEXT('2D SPACE',''
  ) );
#953 = ORIENTED_EDGE('',*,*,#843,.F.);
#954 = ORIENTED_EDGE('',*,*,#955,.T.);
#955 = EDGE_CURVE('',#844,#903,#956,.T.);
#956 = SURFACE_CURVE('',#957,(#962,#969),.PCURVE_S1.);
#957 = CIRCLE('',#958,4.);
#958 = AXIS2_PLACEMENT_3D('',#959,#960,#961);
#959 = CARTESIAN_POINT('',(14.289419162443,8.25,18.4));
#960 = DIRECTION('',(0.,0.,-1.));
#961 = DIRECTION('',(-0.5,0.866025403784,0.));
#962 = PCURVE('',#859,#963);
#963 = DEFINITIONAL_REPRESENTATION('',(#964),#968);
#964 = LINE('',#965,#966);
#965 = CARTESIAN_POINT('',(6.28318530718,0.2));
#966 = VECTOR('',#967,1.);
#967 = DIRECTION('',(-1.,-1.660073552608E-16));
#968 = ( GEOMETRIC_REPRESENTATION_CONTEXT(2) 
PARAMETRIC_REPRESENTATION_CONTEXT() REPRESENTATION_CONTEXT('2D SPACE',''
  ) );
#969 = PCURVE('',#970,#975);
#970 = CYLINDRICAL_SURFACE('',#971,4.);
#971 = AXIS2_PLACEMENT_3D('',#972,#973,#974);
#972 = CARTESIAN_POINT('',(14.289419162443,8.25,28.));
#973 = DIRECTION('',(0.,0.,-1.));
#974 = DIRECTION('',(-0.5,0.866025403784,0.));
#975 = DEFINITIONAL_REPRESENTATION('',(#976),#980);
#976 = LINE('',#977,#978);
#977 = CARTESIAN_POINT('',(0.,9.6));
#978 = VECTOR('',#979,1.);
#979 = DIRECTION('',(1.,0.));
#980 = ( GEOMETRIC_REPRESENTATION_CONTEXT(2) 
PARAMETRIC_REPRESENTATION_CONTEXT() REPRESENTATION_CONTEXT('2D SPACE',''
  ) );
#981 = ADVANCED_FACE('',(#982),#920,.F.);
#982 = FACE_BOUND('',#983,.F.);
#983 = EDGE_LOOP('',(#984,#1012,#1040,#1067));
#984 = ORIENTED_EDGE('',*,*,#985,.F.);
#985 = EDGE_CURVE('',#986,#905,#988,.T.);
#986 = VERTEX_POINT('',#987);
#987 = CARTESIAN_POINT('',(12.109297898163,13.182370970866,18.));
#988 = SURFACE_CURVE('',#989,(#994,#1001),.PCURVE_S1.);
#989 = CIRCLE('',#990,1.4);
#990 = AXIS2_PLACEMENT_3D('',#991,#992,#993);
#991 = CARTESIAN_POINT('',(11.162201973167,12.151347542977,18.));
#992 = DIRECTION('',(0.,0.,-1.));
#993 = DIRECTION('',(0.999433960288,-3.364162633265E-02,0.));
#994 = PCURVE('',#920,#995);
#995 = DEFINITIONAL_REPRESENTATION('',(#996),#1000);
#996 = LINE('',#997,#998);
#997 = CARTESIAN_POINT('',(-6.28318530718,0.2));
#998 = VECTOR('',#999,1.);
#999 = DIRECTION('',(1.,3.873064907281E-16));
#1000 = ( GEOMETRIC_REPRESENTATION_CONTEXT(2) 
PARAMETRIC_REPRESENTATION_CONTEXT() REPRESENTATION_CONTEXT('2D SPACE',''
  ) );
#1001 = PCURVE('',#150,#1002);
#1002 = DEFINITIONAL_REPRESENTATION('',(#1003),#1011);
#1003 = ( BOUNDED_CURVE() B_SPLINE_CURVE(2,(#1004,#1005,#1006,#1007,
#1008,#1009,#1010),.UNSPECIFIED.,.T.,.F.) B_SPLINE_CURVE_WITH_KNOTS((1,2
    ,2,2,2,1),(-2.094395102393,0.,2.094395102393,4.188790204786,
6.28318530718,8.377580409573),.UNSPECIFIED.) CURVE() 
GEOMETRIC_REPRESENTATION_ITEM() RATIONAL_B_SPLINE_CURVE((1.,0.5,1.,0.5,
1.,0.5,1.)) REPRESENTATION_ITEM('') );
#1004 = CARTESIAN_POINT('',(12.561409517571,12.104249266112));
#1005 = CARTESIAN_POINT('',(12.479832909091,9.680750708871));
#1006 = CARTESIAN_POINT('',(10.421809896725,10.96314740279));
#1007 = CARTESIAN_POINT('',(8.36378688436,12.245544096709));
#1008 = CARTESIAN_POINT('',(10.503386505206,13.386645960031));
#1009 = CARTESIAN_POINT('',(12.642986126051,14.527747823353));
#1010 = CARTESIAN_POINT('',(12.561409517571,12.104249266112));
#1011 = ( GEOMETRIC_REPRESENTATION_CONTEXT(2) 
PARAMETRIC_REPRESENTATION_CONTEXT() REPRESENTATION_CONTEXT('2D SPACE',''
  ) );
#1012 = ORIENTED_EDGE('',*,*,#1013,.F.);
#1013 = EDGE_CURVE('',#1014,#986,#1016,.T.);
#1014 = VERTEX_POINT('',#1015);
#1015 = CARTESIAN_POINT('',(11.83869906245,12.887792848612,18.4));
#1016 = SURFACE_CURVE('',#1017,(#1021,#1028),.PCURVE_S1.);
#1017 = LINE('',#1018,#1019);
#1018 = CARTESIAN_POINT('',(11.83869906245,12.887792848612,18.4));
#1019 = VECTOR('',#1020,1.);
#1020 = DIRECTION('',(0.478355679285,0.520745469587,-0.707106781187));
#1021 = PCURVE('',#920,#1022);
#1022 = DEFINITIONAL_REPRESENTATION('',(#1023),#1027);
#1023 = LINE('',#1024,#1025);
#1024 = CARTESIAN_POINT('',(-0.861448634241,-0.2));
#1025 = VECTOR('',#1026,1.);
#1026 = DIRECTION('',(-5.773159728051E-14,1.));
#1027 = ( GEOMETRIC_REPRESENTATION_CONTEXT(2) 
PARAMETRIC_REPRESENTATION_CONTEXT() REPRESENTATION_CONTEXT('2D SPACE',''
  ) );
#1028 = PCURVE('',#1029,#1034);
#1029 = CONICAL_SURFACE('',#1030,17.7,0.785398163397);
#1030 = AXIS2_PLACEMENT_3D('',#1031,#1032,#1033);
#1031 = CARTESIAN_POINT('',(0.,0.,18.2));
#1032 = DIRECTION('',(0.,0.,-1.));
#1033 = DIRECTION('',(1.,0.,0.));
#1034 = DEFINITIONAL_REPRESENTATION('',(#1035),#1039);
#1035 = LINE('',#1036,#1037);
#1036 = CARTESIAN_POINT('',(5.455384648208,-0.2));
#1037 = VECTOR('',#1038,1.);
#1038 = DIRECTION('',(0.,1.));
#1039 = ( GEOMETRIC_REPRESENTATION_CONTEXT(2) 
PARAMETRIC_REPRESENTATION_CONTEXT() REPRESENTATION_CONTEXT('2D SPACE',''
  ) );
#1040 = ORIENTED_EDGE('',*,*,#1041,.F.);
#1041 = EDGE_CURVE('',#903,#1014,#1042,.T.);
#1042 = SURFACE_CURVE('',#1043,(#1048,#1055),.PCURVE_S1.);
#1043 = CIRCLE('',#1044,1.);
#1044 = AXIS2_PLACEMENT_3D('',#1045,#1046,#1047);
#1045 = CARTESIAN_POINT('',(11.162201973167,12.151347542977,18.4));
#1046 = DIRECTION('',(0.,0.,1.));
#1047 = DIRECTION('',(0.999433960288,-3.364162633265E-02,0.));
#1048 = PCURVE('',#920,#1049);
#1049 = DEFINITIONAL_REPRESENTATION('',(#1050),#1054);
#1050 = LINE('',#1051,#1052);
#1051 = CARTESIAN_POINT('',(6.28318530718,-0.2));
#1052 = VECTOR('',#1053,1.);
#1053 = DIRECTION('',(-1.,-6.834820424613E-17));
#1054 = ( GEOMETRIC_REPRESENTATION_CONTEXT(2) 
PARAMETRIC_REPRESENTATION_CONTEXT() REPRESENTATION_CONTEXT('2D SPACE',''
  ) );
#1055 = PCURVE('',#1056,#1061);
#1056 = CYLINDRICAL_SURFACE('',#1057,1.);
#1057 = AXIS2_PLACEMENT_3D('',#1058,#1059,#1060);
#1058 = CARTESIAN_POINT('',(11.162201973167,12.151347542977,28.));
#1059 = DIRECTION('',(0.,0.,1.));
#1060 = DIRECTION('',(0.999433960288,-3.364162633265E-02,0.));
#1061 = DEFINITIONAL_REPRESENTATION('',(#1062),#1066);
#1062 = LINE('',#1063,#1064);
#1063 = CARTESIAN_POINT('',(-1.7763568394E-15,-9.6));
#1064 = VECTOR('',#1065,1.);
#1065 = DIRECTION('',(1.,0.));
#1066 = ( GEOMETRIC_REPRESENTATION_CONTEXT(2) 
PARAMETRIC_REPRESENTATION_CONTEXT() REPRESENTATION_CONTEXT('2D SPACE',''
  ) );
#1067 = ORIENTED_EDGE('',*,*,#902,.T.);
#1068 = ADVANCED_FACE('',(#1069),#1029,.F.);
#1069 = FACE_BOUND('',#1070,.F.);
#1070 = EDGE_LOOP('',(#1071,#1100,#1101,#1129));
#1071 = ORIENTED_EDGE('',*,*,#1072,.F.);
#1072 = EDGE_CURVE('',#1014,#1073,#1075,.T.);
#1073 = VERTEX_POINT('',#1074);
#1074 = CARTESIAN_POINT('',(-11.83869906245,12.887792848613,18.4));
#1075 = SURFACE_CURVE('',#1076,(#1081,#1088),.PCURVE_S1.);
#1076 = CIRCLE('',#1077,17.5);
#1077 = AXIS2_PLACEMENT_3D('',#1078,#1079,#1080);
#1078 = CARTESIAN_POINT('',(0.,0.,18.4));
#1079 = DIRECTION('',(0.,0.,1.));
#1080 = DIRECTION('',(1.,0.,-0.));
#1081 = PCURVE('',#1029,#1082);
#1082 = DEFINITIONAL_REPRESENTATION('',(#1083),#1087);
#1083 = LINE('',#1084,#1085);
#1084 = CARTESIAN_POINT('',(6.28318530718,-0.2));
#1085 = VECTOR('',#1086,1.);
#1086 = DIRECTION('',(-1.,0.));
#1087 = ( GEOMETRIC_REPRESENTATION_CONTEXT(2) 
PARAMETRIC_REPRESENTATION_CONTEXT() REPRESENTATION_CONTEXT('2D SPACE',''
  ) );
#1088 = PCURVE('',#1089,#1094);
#1089 = CYLINDRICAL_SURFACE('',#1090,17.5);
#1090 = AXIS2_PLACEMENT_3D('',#1091,#1092,#1093);
#1091 = CARTESIAN_POINT('',(0.,0.,28.));
#1092 = DIRECTION('',(0.,0.,-1.));
#1093 = DIRECTION('',(1.,0.,0.));
#1094 = DEFINITIONAL_REPRESENTATION('',(#1095),#1099);
#1095 = LINE('',#1096,#1097);
#1096 = CARTESIAN_POINT('',(6.28318530718,9.6));
#1097 = VECTOR('',#1098,1.);
#1098 = DIRECTION('',(-1.,0.));
#1099 = ( GEOMETRIC_REPRESENTATION_CONTEXT(2) 
PARAMETRIC_REPRESENTATION_CONTEXT() REPRESENTATION_CONTEXT('2D SPACE',''
  ) );
#1100 = ORIENTED_EDGE('',*,*,#1013,.T.);
#1101 = ORIENTED_EDGE('',*,*,#1102,.F.);
#1102 = EDGE_CURVE('',#1103,#986,#1105,.T.);
#1103 = VERTEX_POINT('',#1104);
#1104 = CARTESIAN_POINT('',(-12.10929789816,13.182370970867,18.));
#1105 = SURFACE_CURVE('',#1106,(#1111,#1118),.PCURVE_S1.);
#1106 = CIRCLE('',#1107,17.9);
#1107 = AXIS2_PLACEMENT_3D('',#1108,#1109,#1110);
#1108 = CARTESIAN_POINT('',(0.,0.,18.));
#1109 = DIRECTION('',(0.,0.,-1.));
#1110 = DIRECTION('',(1.,0.,0.));
#1111 = PCURVE('',#1029,#1112);
#1112 = DEFINITIONAL_REPRESENTATION('',(#1113),#1117);
#1113 = LINE('',#1114,#1115);
#1114 = CARTESIAN_POINT('',(0.,0.2));
#1115 = VECTOR('',#1116,1.);
#1116 = DIRECTION('',(1.,0.));
#1117 = ( GEOMETRIC_REPRESENTATION_CONTEXT(2) 
PARAMETRIC_REPRESENTATION_CONTEXT() REPRESENTATION_CONTEXT('2D SPACE',''
  ) );
#1118 = PCURVE('',#150,#1119);
#1119 = DEFINITIONAL_REPRESENTATION('',(#1120),#1128);
#1120 = ( BOUNDED_CURVE() B_SPLINE_CURVE(2,(#1121,#1122,#1123,#1124,
#1125,#1126,#1127),.UNSPECIFIED.,.T.,.F.) B_SPLINE_CURVE_WITH_KNOTS((1,2
    ,2,2,2,1),(-2.094395102393,0.,2.094395102393,4.188790204786,
6.28318530718,8.377580409573),.UNSPECIFIED.) CURVE() 
GEOMETRIC_REPRESENTATION_ITEM() RATIONAL_B_SPLINE_CURVE((1.,0.5,1.,0.5,
1.,0.5,1.)) REPRESENTATION_ITEM('') );
#1121 = CARTESIAN_POINT('',(17.9,0.));
#1122 = CARTESIAN_POINT('',(17.9,-31.00370945548));
#1123 = CARTESIAN_POINT('',(-8.95,-15.50185472774));
#1124 = CARTESIAN_POINT('',(-35.8,-4.384235540948E-15));
#1125 = CARTESIAN_POINT('',(-8.95,15.501854727741));
#1126 = CARTESIAN_POINT('',(17.9,31.003709455483));
#1127 = CARTESIAN_POINT('',(17.9,0.));
#1128 = ( GEOMETRIC_REPRESENTATION_CONTEXT(2) 
PARAMETRIC_REPRESENTATION_CONTEXT() REPRESENTATION_CONTEXT('2D SPACE',''
  ) );
#1129 = ORIENTED_EDGE('',*,*,#1130,.F.);
#1130 = EDGE_CURVE('',#1073,#1103,#1131,.T.);
#1131 = SURFACE_CURVE('',#1132,(#1136,#1143),.PCURVE_S1.);
#1132 = LINE('',#1133,#1134);
#1133 = CARTESIAN_POINT('',(-11.83869906245,12.887792848613,18.4));
#1134 = VECTOR('',#1135,1.);
#1135 = DIRECTION('',(-0.478355679285,0.520745469588,-0.707106781187));
#1136 = PCURVE('',#1029,#1137);
#1137 = DEFINITIONAL_REPRESENTATION('',(#1138),#1142);
#1138 = LINE('',#1139,#1140);
#1139 = CARTESIAN_POINT('',(3.969393312562,-0.2));
#1140 = VECTOR('',#1141,1.);
#1141 = DIRECTION('',(0.,1.));
#1142 = ( GEOMETRIC_REPRESENTATION_CONTEXT(2) 
PARAMETRIC_REPRESENTATION_CONTEXT() REPRESENTATION_CONTEXT('2D SPACE',''
  ) );
#1143 = PCURVE('',#1144,#1149);
#1144 = CONICAL_SURFACE('',#1145,1.2,0.785398163397);
#1145 = AXIS2_PLACEMENT_3D('',#1146,#1147,#1148);
#1146 = CARTESIAN_POINT('',(-11.16220197316,12.151347542978,18.2));
#1147 = DIRECTION('',(0.,0.,-1.));
#1148 = DIRECTION('',(-0.999433960288,-3.364162633261E-02,-0.));
#1149 = DEFINITIONAL_REPRESENTATION('',(#1150),#1154);
#1150 = LINE('',#1151,#1152);
#1151 = CARTESIAN_POINT('',(0.861448634241,-0.2));
#1152 = VECTOR('',#1153,1.);
#1153 = DIRECTION('',(3.108624468951E-14,1.));
#1154 = ( GEOMETRIC_REPRESENTATION_CONTEXT(2) 
PARAMETRIC_REPRESENTATION_CONTEXT() REPRESENTATION_CONTEXT('2D SPACE',''
  ) );
#1155 = ADVANCED_FACE('',(#1156),#1144,.F.);
#1156 = FACE_BOUND('',#1157,.F.);
#1157 = EDGE_LOOP('',(#1158,#1186,#1214,#1241));
#1158 = ORIENTED_EDGE('',*,*,#1159,.F.);
#1159 = EDGE_CURVE('',#1160,#1103,#1162,.T.);
#1160 = VERTEX_POINT('',#1161);
#1161 = CARTESIAN_POINT('',(-12.03782278616,11.058970230944,18.));
#1162 = SURFACE_CURVE('',#1163,(#1168,#1175),.PCURVE_S1.);
#1163 = CIRCLE('',#1164,1.4);
#1164 = AXIS2_PLACEMENT_3D('',#1165,#1166,#1167);
#1165 = CARTESIAN_POINT('',(-11.16220197316,12.151347542978,18.));
#1166 = DIRECTION('',(0.,0.,-1.));
#1167 = DIRECTION('',(-0.999433960288,-3.364162633261E-02,-0.));
#1168 = PCURVE('',#1144,#1169);
#1169 = DEFINITIONAL_REPRESENTATION('',(#1170),#1174);
#1170 = LINE('',#1171,#1172);
#1171 = CARTESIAN_POINT('',(-6.28318530718,0.2));
#1172 = VECTOR('',#1173,1.);
#1173 = DIRECTION('',(1.,0.));
#1174 = ( GEOMETRIC_REPRESENTATION_CONTEXT(2) 
PARAMETRIC_REPRESENTATION_CONTEXT() REPRESENTATION_CONTEXT('2D SPACE',''
  ) );
#1175 = PCURVE('',#150,#1176);
#1176 = DEFINITIONAL_REPRESENTATION('',(#1177),#1185);
#1177 = ( BOUNDED_CURVE() B_SPLINE_CURVE(2,(#1178,#1179,#1180,#1181,
#1182,#1183,#1184),.UNSPECIFIED.,.T.,.F.) B_SPLINE_CURVE_WITH_KNOTS((1,2
    ,2,2,2,1),(-2.094395102393,0.,2.094395102393,4.188790204786,
6.28318530718,8.377580409573),.UNSPECIFIED.) CURVE() 
GEOMETRIC_REPRESENTATION_ITEM() RATIONAL_B_SPLINE_CURVE((1.,0.5,1.,0.5,
1.,0.5,1.)) REPRESENTATION_ITEM('') );
#1178 = CARTESIAN_POINT('',(-12.56140951757,12.104249266112));
#1179 = CARTESIAN_POINT('',(-12.64298612605,14.527747823353));
#1180 = CARTESIAN_POINT('',(-10.5033865052,13.386645960031));
#1181 = CARTESIAN_POINT('',(-8.363786884359,12.245544096709));
#1182 = CARTESIAN_POINT('',(-10.42180989672,10.96314740279));
#1183 = CARTESIAN_POINT('',(-12.47983290909,9.680750708871));
#1184 = CARTESIAN_POINT('',(-12.56140951757,12.104249266112));
#1185 = ( GEOMETRIC_REPRESENTATION_CONTEXT(2) 
PARAMETRIC_REPRESENTATION_CONTEXT() REPRESENTATION_CONTEXT('2D SPACE',''
  ) );
#1186 = ORIENTED_EDGE('',*,*,#1187,.F.);
#1187 = EDGE_CURVE('',#1188,#1160,#1190,.T.);
#1188 = VERTEX_POINT('',#1189);
#1189 = CARTESIAN_POINT('',(-11.78764541102,11.371078034382,18.4));
#1190 = SURFACE_CURVE('',#1191,(#1195,#1202),.PCURVE_S1.);
#1191 = LINE('',#1192,#1193);
#1192 = CARTESIAN_POINT('',(-11.78764541102,11.371078034382,18.4));
#1193 = VECTOR('',#1194,1.);
#1194 = DIRECTION('',(-0.442255296156,-0.551733860681,-0.707106781187));
#1195 = PCURVE('',#1144,#1196);
#1196 = DEFINITIONAL_REPRESENTATION('',(#1197),#1201);
#1197 = LINE('',#1198,#1199);
#1198 = CARTESIAN_POINT('',(-0.861448634241,-0.2));
#1199 = VECTOR('',#1200,1.);
#1200 = DIRECTION('',(-2.664535259101E-14,1.));
#1201 = ( GEOMETRIC_REPRESENTATION_CONTEXT(2) 
PARAMETRIC_REPRESENTATION_CONTEXT() REPRESENTATION_CONTEXT('2D SPACE',''
  ) );
#1202 = PCURVE('',#1203,#1208);
#1203 = CONICAL_SURFACE('',#1204,3.8,0.785398163397);
#1204 = AXIS2_PLACEMENT_3D('',#1205,#1206,#1207);
#1205 = CARTESIAN_POINT('',(-14.28941916244,8.25,18.2));
#1206 = DIRECTION('',(0.,0.,1.));
#1207 = DIRECTION('',(-0.5,-0.866025403784,0.));
#1208 = DEFINITIONAL_REPRESENTATION('',(#1209),#1213);
#1209 = LINE('',#1210,#1211);
#1210 = CARTESIAN_POINT('',(2.989491711903,0.2));
#1211 = VECTOR('',#1212,1.);
#1212 = DIRECTION('',(0.,-1.));
#1213 = ( GEOMETRIC_REPRESENTATION_CONTEXT(2) 
PARAMETRIC_REPRESENTATION_CONTEXT() REPRESENTATION_CONTEXT('2D SPACE',''
  ) );
#1214 = ORIENTED_EDGE('',*,*,#1215,.F.);
#1215 = EDGE_CURVE('',#1073,#1188,#1216,.T.);
#1216 = SURFACE_CURVE('',#1217,(#1222,#1229),.PCURVE_S1.);
#1217 = CIRCLE('',#1218,1.);
#1218 = AXIS2_PLACEMENT_3D('',#1219,#1220,#1221);
#1219 = CARTESIAN_POINT('',(-11.16220197316,12.151347542978,18.4));
#1220 = DIRECTION('',(0.,0.,1.));
#1221 = DIRECTION('',(-0.999433960288,-3.364162633261E-02,0.));
#1222 = PCURVE('',#1144,#1223);
#1223 = DEFINITIONAL_REPRESENTATION('',(#1224),#1228);
#1224 = LINE('',#1225,#1226);
#1225 = CARTESIAN_POINT('',(6.28318530718,-0.2));
#1226 = VECTOR('',#1227,1.);
#1227 = DIRECTION('',(-1.,1.822618779897E-16));
#1228 = ( GEOMETRIC_REPRESENTATION_CONTEXT(2) 
PARAMETRIC_REPRESENTATION_CONTEXT() REPRESENTATION_CONTEXT('2D SPACE',''
  ) );
#1229 = PCURVE('',#1230,#1235);
#1230 = CYLINDRICAL_SURFACE('',#1231,1.);
#1231 = AXIS2_PLACEMENT_3D('',#1232,#1233,#1234);
#1232 = CARTESIAN_POINT('',(-11.16220197316,12.151347542978,28.));
#1233 = DIRECTION('',(0.,0.,-1.));
#1234 = DIRECTION('',(-0.999433960288,-3.364162633261E-02,-0.));
#1235 = DEFINITIONAL_REPRESENTATION('',(#1236),#1240);
#1236 = LINE('',#1237,#1238);
#1237 = CARTESIAN_POINT('',(12.566370614359,9.6));
#1238 = VECTOR('',#1239,1.);
#1239 = DIRECTION('',(-1.,0.));
#1240 = ( GEOMETRIC_REPRESENTATION_CONTEXT(2) 
PARAMETRIC_REPRESENTATION_CONTEXT() REPRESENTATION_CONTEXT('2D SPACE',''
  ) );
#1241 = ORIENTED_EDGE('',*,*,#1130,.T.);
#1242 = ADVANCED_FACE('',(#1243),#1203,.T.);
#1243 = FACE_BOUND('',#1244,.T.);
#1244 = EDGE_LOOP('',(#1245,#1275,#1297,#1298));
#1245 = ORIENTED_EDGE('',*,*,#1246,.T.);
#1246 = EDGE_CURVE('',#1247,#1249,#1251,.T.);
#1247 = VERTEX_POINT('',#1248);
#1248 = CARTESIAN_POINT('',(-15.7414651517,4.522861359558,18.4));
#1249 = VERTEX_POINT('',#1250);
#1250 = CARTESIAN_POINT('',(-15.59626055277,4.895575223602,18.));
#1251 = SURFACE_CURVE('',#1252,(#1256,#1263),.PCURVE_S1.);
#1252 = LINE('',#1253,#1254);
#1253 = CARTESIAN_POINT('',(-15.7414651517,4.522861359558,18.4));
#1254 = VECTOR('',#1255,1.);
#1255 = DIRECTION('',(0.2566878914,0.65887125177,-0.707106781187));
#1256 = PCURVE('',#1203,#1257);
#1257 = DEFINITIONAL_REPRESENTATION('',(#1258),#1262);
#1258 = LINE('',#1259,#1260);
#1259 = CARTESIAN_POINT('',(0.152100941687,0.2));
#1260 = VECTOR('',#1261,1.);
#1261 = DIRECTION('',(-7.632783294298E-16,-1.));
#1262 = ( GEOMETRIC_REPRESENTATION_CONTEXT(2) 
PARAMETRIC_REPRESENTATION_CONTEXT() REPRESENTATION_CONTEXT('2D SPACE',''
  ) );
#1263 = PCURVE('',#1264,#1269);
#1264 = CONICAL_SURFACE('',#1265,1.2,0.785398163397);
#1265 = AXIS2_PLACEMENT_3D('',#1266,#1267,#1268);
#1266 = CARTESIAN_POINT('',(-16.10447664901,3.591076699447,18.2));
#1267 = DIRECTION('',(0.,0.,-1.));
#1268 = DIRECTION('',(-0.470582477115,0.882356012181,0.));
#1269 = DEFINITIONAL_REPRESENTATION('',(#1270),#1274);
#1270 = LINE('',#1271,#1272);
#1271 = CARTESIAN_POINT('',(0.861448634241,-0.2));
#1272 = VECTOR('',#1273,1.);
#1273 = DIRECTION('',(-2.22044604925E-15,1.));
#1274 = ( GEOMETRIC_REPRESENTATION_CONTEXT(2) 
PARAMETRIC_REPRESENTATION_CONTEXT() REPRESENTATION_CONTEXT('2D SPACE',''
  ) );
#1275 = ORIENTED_EDGE('',*,*,#1276,.T.);
#1276 = EDGE_CURVE('',#1249,#1160,#1277,.T.);
#1277 = SURFACE_CURVE('',#1278,(#1283,#1290),.PCURVE_S1.);
#1278 = CIRCLE('',#1279,3.6);
#1279 = AXIS2_PLACEMENT_3D('',#1280,#1281,#1282);
#1280 = CARTESIAN_POINT('',(-14.28941916244,8.25,18.));
#1281 = DIRECTION('',(0.,0.,1.));
#1282 = DIRECTION('',(-0.5,-0.866025403784,0.));
#1283 = PCURVE('',#1203,#1284);
#1284 = DEFINITIONAL_REPRESENTATION('',(#1285),#1289);
#1285 = LINE('',#1286,#1287);
#1286 = CARTESIAN_POINT('',(1.387778780781E-16,-0.2));
#1287 = VECTOR('',#1288,1.);
#1288 = DIRECTION('',(1.,-6.916973135869E-17));
#1289 = ( GEOMETRIC_REPRESENTATION_CONTEXT(2) 
PARAMETRIC_REPRESENTATION_CONTEXT() REPRESENTATION_CONTEXT('2D SPACE',''
  ) );
#1290 = PCURVE('',#150,#1291);
#1291 = DEFINITIONAL_REPRESENTATION('',(#1292),#1296);
#1292 = CIRCLE('',#1293,3.6);
#1293 = AXIS2_PLACEMENT_2D('',#1294,#1295);
#1294 = CARTESIAN_POINT('',(-14.28941916244,8.25));
#1295 = DIRECTION('',(-0.5,-0.866025403784));
#1296 = ( GEOMETRIC_REPRESENTATION_CONTEXT(2) 
PARAMETRIC_REPRESENTATION_CONTEXT() REPRESENTATION_CONTEXT('2D SPACE',''
  ) );
#1297 = ORIENTED_EDGE('',*,*,#1187,.F.);
#1298 = ORIENTED_EDGE('',*,*,#1299,.T.);
#1299 = EDGE_CURVE('',#1188,#1247,#1300,.T.);
#1300 = SURFACE_CURVE('',#1301,(#1306,#1313),.PCURVE_S1.);
#1301 = CIRCLE('',#1302,4.);
#1302 = AXIS2_PLACEMENT_3D('',#1303,#1304,#1305);
#1303 = CARTESIAN_POINT('',(-14.28941916244,8.25,18.4));
#1304 = DIRECTION('',(0.,0.,-1.));
#1305 = DIRECTION('',(-0.5,-0.866025403784,-0.));
#1306 = PCURVE('',#1203,#1307);
#1307 = DEFINITIONAL_REPRESENTATION('',(#1308),#1312);
#1308 = LINE('',#1309,#1310);
#1309 = CARTESIAN_POINT('',(6.28318530718,0.2));
#1310 = VECTOR('',#1311,1.);
#1311 = DIRECTION('',(-1.,2.351770866195E-16));
#1312 = ( GEOMETRIC_REPRESENTATION_CONTEXT(2) 
PARAMETRIC_REPRESENTATION_CONTEXT() REPRESENTATION_CONTEXT('2D SPACE',''
  ) );
#1313 = PCURVE('',#1314,#1319);
#1314 = CYLINDRICAL_SURFACE('',#1315,4.);
#1315 = AXIS2_PLACEMENT_3D('',#1316,#1317,#1318);
#1316 = CARTESIAN_POINT('',(-14.28941916244,8.25,28.));
#1317 = DIRECTION('',(0.,0.,-1.));
#1318 = DIRECTION('',(-0.5,-0.866025403784,-0.));
#1319 = DEFINITIONAL_REPRESENTATION('',(#1320),#1324);
#1320 = LINE('',#1321,#1322);
#1321 = CARTESIAN_POINT('',(0.,9.6));
#1322 = VECTOR('',#1323,1.);
#1323 = DIRECTION('',(1.,0.));
#1324 = ( GEOMETRIC_REPRESENTATION_CONTEXT(2) 
PARAMETRIC_REPRESENTATION_CONTEXT() REPRESENTATION_CONTEXT('2D SPACE',''
  ) );
#1325 = ADVANCED_FACE('',(#1326),#1264,.F.);
#1326 = FACE_BOUND('',#1327,.F.);
#1327 = EDGE_LOOP('',(#1328,#1356,#1384,#1411));
#1328 = ORIENTED_EDGE('',*,*,#1329,.F.);
#1329 = EDGE_CURVE('',#1330,#1249,#1332,.T.);
#1330 = VERTEX_POINT('',#1331);
#1331 = CARTESIAN_POINT('',(-17.47091709196,3.89577411637,18.));
#1332 = SURFACE_CURVE('',#1333,(#1338,#1345),.PCURVE_S1.);
#1333 = CIRCLE('',#1334,1.4);
#1334 = AXIS2_PLACEMENT_3D('',#1335,#1336,#1337);
#1335 = CARTESIAN_POINT('',(-16.10447664901,3.591076699447,18.));
#1336 = DIRECTION('',(0.,0.,-1.));
#1337 = DIRECTION('',(-0.470582477115,0.882356012181,0.));
#1338 = PCURVE('',#1264,#1339);
#1339 = DEFINITIONAL_REPRESENTATION('',(#1340),#1344);
#1340 = LINE('',#1341,#1342);
#1341 = CARTESIAN_POINT('',(-6.28318530718,0.2));
#1342 = VECTOR('',#1343,1.);
#1343 = DIRECTION('',(1.,2.506100822358E-16));
#1344 = ( GEOMETRIC_REPRESENTATION_CONTEXT(2) 
PARAMETRIC_REPRESENTATION_CONTEXT() REPRESENTATION_CONTEXT('2D SPACE',''
  ) );
#1345 = PCURVE('',#150,#1346);
#1346 = DEFINITIONAL_REPRESENTATION('',(#1347),#1355);
#1347 = ( BOUNDED_CURVE() B_SPLINE_CURVE(2,(#1348,#1349,#1350,#1351,
#1352,#1353,#1354),.UNSPECIFIED.,.T.,.F.) B_SPLINE_CURVE_WITH_KNOTS((1,2
    ,2,2,2,1),(-2.094395102393,0.,2.094395102393,4.188790204786,
6.28318530718,8.377580409573),.UNSPECIFIED.) CURVE() 
GEOMETRIC_REPRESENTATION_ITEM() RATIONAL_B_SPLINE_CURVE((1.,0.5,1.,0.5,
1.,0.5,1.)) REPRESENTATION_ITEM('') );
#1348 = CARTESIAN_POINT('',(-16.76329211697,4.8263751165));
#1349 = CARTESIAN_POINT('',(-14.62369249613,5.967476979822));
#1350 = CARTESIAN_POINT('',(-14.70526910461,3.543978422581));
#1351 = CARTESIAN_POINT('',(-14.78684571309,1.12047986534));
#1352 = CARTESIAN_POINT('',(-16.84486872545,2.402876559259));
#1353 = CARTESIAN_POINT('',(-18.90289173782,3.685273253178));
#1354 = CARTESIAN_POINT('',(-16.76329211697,4.8263751165));
#1355 = ( GEOMETRIC_REPRESENTATION_CONTEXT(2) 
PARAMETRIC_REPRESENTATION_CONTEXT() REPRESENTATION_CONTEXT('2D SPACE',''
  ) );
#1356 = ORIENTED_EDGE('',*,*,#1357,.F.);
#1357 = EDGE_CURVE('',#1358,#1330,#1360,.T.);
#1358 = VERTEX_POINT('',#1359);
#1359 = CARTESIAN_POINT('',(-17.08050553683,3.808717711535,18.4));
#1360 = SURFACE_CURVE('',#1361,(#1365,#1372),.PCURVE_S1.);
#1361 = LINE('',#1362,#1363);
#1362 = CARTESIAN_POINT('',(-17.08050553683,3.808717711535,18.4));
#1363 = VECTOR('',#1364,1.);
#1364 = DIRECTION('',(-0.690156645211,0.153895435512,-0.707106781187));
#1365 = PCURVE('',#1264,#1366);
#1366 = DEFINITIONAL_REPRESENTATION('',(#1367),#1371);
#1367 = LINE('',#1368,#1369);
#1368 = CARTESIAN_POINT('',(-0.861448634241,-0.2));
#1369 = VECTOR('',#1370,1.);
#1370 = DIRECTION('',(-8.881784197001E-15,1.));
#1371 = ( GEOMETRIC_REPRESENTATION_CONTEXT(2) 
PARAMETRIC_REPRESENTATION_CONTEXT() REPRESENTATION_CONTEXT('2D SPACE',''
  ) );
#1372 = PCURVE('',#1373,#1378);
#1373 = CONICAL_SURFACE('',#1374,17.7,0.785398163397);
#1374 = AXIS2_PLACEMENT_3D('',#1375,#1376,#1377);
#1375 = CARTESIAN_POINT('',(0.,0.,18.2));
#1376 = DIRECTION('',(0.,0.,-1.));
#1377 = DIRECTION('',(-1.,0.,0.));
#1378 = DEFINITIONAL_REPRESENTATION('',(#1379),#1383);
#1379 = LINE('',#1380,#1381);
#1380 = CARTESIAN_POINT('',(6.502582199404,-0.2));
#1381 = VECTOR('',#1382,1.);
#1382 = DIRECTION('',(6.938893903907E-17,1.));
#1383 = ( GEOMETRIC_REPRESENTATION_CONTEXT(2) 
PARAMETRIC_REPRESENTATION_CONTEXT() REPRESENTATION_CONTEXT('2D SPACE',''
  ) );
#1384 = ORIENTED_EDGE('',*,*,#1385,.F.);
#1385 = EDGE_CURVE('',#1247,#1358,#1386,.T.);
#1386 = SURFACE_CURVE('',#1387,(#1392,#1399),.PCURVE_S1.);
#1387 = CIRCLE('',#1388,1.);
#1388 = AXIS2_PLACEMENT_3D('',#1389,#1390,#1391);
#1389 = CARTESIAN_POINT('',(-16.10447664901,3.591076699447,18.4));
#1390 = DIRECTION('',(0.,0.,1.));
#1391 = DIRECTION('',(-0.470582477115,0.882356012181,0.));
#1392 = PCURVE('',#1264,#1393);
#1393 = DEFINITIONAL_REPRESENTATION('',(#1394),#1398);
#1394 = LINE('',#1395,#1396);
#1395 = CARTESIAN_POINT('',(6.28318530718,-0.2));
#1396 = VECTOR('',#1397,1.);
#1397 = DIRECTION('',(-1.,-1.139136737435E-16));
#1398 = ( GEOMETRIC_REPRESENTATION_CONTEXT(2) 
PARAMETRIC_REPRESENTATION_CONTEXT() REPRESENTATION_CONTEXT('2D SPACE',''
  ) );
#1399 = PCURVE('',#1400,#1405);
#1400 = CYLINDRICAL_SURFACE('',#1401,1.);
#1401 = AXIS2_PLACEMENT_3D('',#1402,#1403,#1404);
#1402 = CARTESIAN_POINT('',(-16.10447664901,3.591076699447,28.));
#1403 = DIRECTION('',(0.,0.,1.));
#1404 = DIRECTION('',(-0.470582477115,0.882356012181,0.));
#1405 = DEFINITIONAL_REPRESENTATION('',(#1406),#1410);
#1406 = LINE('',#1407,#1408);
#1407 = CARTESIAN_POINT('',(-8.881784197001E-16,-9.6));
#1408 = VECTOR('',#1409,1.);
#1409 = DIRECTION('',(1.,0.));
#1410 = ( GEOMETRIC_REPRESENTATION_CONTEXT(2) 
PARAMETRIC_REPRESENTATION_CONTEXT() REPRESENTATION_CONTEXT('2D SPACE',''
  ) );
#1411 = ORIENTED_EDGE('',*,*,#1246,.T.);
#1412 = ADVANCED_FACE('',(#1413),#1373,.F.);
#1413 = FACE_BOUND('',#1414,.F.);
#1414 = EDGE_LOOP('',(#1415,#1444,#1445,#1473));
#1415 = ORIENTED_EDGE('',*,*,#1416,.F.);
#1416 = EDGE_CURVE('',#1358,#1417,#1419,.T.);
#1417 = VERTEX_POINT('',#1418);
#1418 = CARTESIAN_POINT('',(-5.241806474385,-16.69651056014,18.4));
#1419 = SURFACE_CURVE('',#1420,(#1425,#1432),.PCURVE_S1.);
#1420 = CIRCLE('',#1421,17.5);
#1421 = AXIS2_PLACEMENT_3D('',#1422,#1423,#1424);
#1422 = CARTESIAN_POINT('',(0.,0.,18.4));
#1423 = DIRECTION('',(0.,0.,1.));
#1424 = DIRECTION('',(-1.,0.,0.));
#1425 = PCURVE('',#1373,#1426);
#1426 = DEFINITIONAL_REPRESENTATION('',(#1427),#1431);
#1427 = LINE('',#1428,#1429);
#1428 = CARTESIAN_POINT('',(12.566370614359,-0.2));
#1429 = VECTOR('',#1430,1.);
#1430 = DIRECTION('',(-1.,0.));
#1431 = ( GEOMETRIC_REPRESENTATION_CONTEXT(2) 
PARAMETRIC_REPRESENTATION_CONTEXT() REPRESENTATION_CONTEXT('2D SPACE',''
  ) );
#1432 = PCURVE('',#1433,#1438);
#1433 = CYLINDRICAL_SURFACE('',#1434,17.5);
#1434 = AXIS2_PLACEMENT_3D('',#1435,#1436,#1437);
#1435 = CARTESIAN_POINT('',(0.,0.,28.));
#1436 = DIRECTION('',(0.,0.,-1.));
#1437 = DIRECTION('',(-0.866025403784,-0.5,-0.));
#1438 = DEFINITIONAL_REPRESENTATION('',(#1439),#1443);
#1439 = LINE('',#1440,#1441);
#1440 = CARTESIAN_POINT('',(6.806784082778,9.6));
#1441 = VECTOR('',#1442,1.);
#1442 = DIRECTION('',(-1.,0.));
#1443 = ( GEOMETRIC_REPRESENTATION_CONTEXT(2) 
PARAMETRIC_REPRESENTATION_CONTEXT() REPRESENTATION_CONTEXT('2D SPACE',''
  ) );
#1444 = ORIENTED_EDGE('',*,*,#1357,.T.);
#1445 = ORIENTED_EDGE('',*,*,#1446,.F.);
#1446 = EDGE_CURVE('',#1447,#1330,#1449,.T.);
#1447 = VERTEX_POINT('',#1448);
#1448 = CARTESIAN_POINT('',(-5.3616191938,-17.07814508723,18.));
#1449 = SURFACE_CURVE('',#1450,(#1455,#1462),.PCURVE_S1.);
#1450 = CIRCLE('',#1451,17.9);
#1451 = AXIS2_PLACEMENT_3D('',#1452,#1453,#1454);
#1452 = CARTESIAN_POINT('',(0.,0.,18.));
#1453 = DIRECTION('',(0.,0.,-1.));
#1454 = DIRECTION('',(-1.,0.,0.));
#1455 = PCURVE('',#1373,#1456);
#1456 = DEFINITIONAL_REPRESENTATION('',(#1457),#1461);
#1457 = LINE('',#1458,#1459);
#1458 = CARTESIAN_POINT('',(0.,0.2));
#1459 = VECTOR('',#1460,1.);
#1460 = DIRECTION('',(1.,1.188670467753E-15));
#1461 = ( GEOMETRIC_REPRESENTATION_CONTEXT(2) 
PARAMETRIC_REPRESENTATION_CONTEXT() REPRESENTATION_CONTEXT('2D SPACE',''
  ) );
#1462 = PCURVE('',#150,#1463);
#1463 = DEFINITIONAL_REPRESENTATION('',(#1464),#1472);
#1464 = ( BOUNDED_CURVE() B_SPLINE_CURVE(2,(#1465,#1466,#1467,#1468,
#1469,#1470,#1471),.UNSPECIFIED.,.T.,.F.) B_SPLINE_CURVE_WITH_KNOTS((1,2
    ,2,2,2,1),(-2.094395102393,0.,2.094395102393,4.188790204786,
6.28318530718,8.377580409573),.UNSPECIFIED.) CURVE() 
GEOMETRIC_REPRESENTATION_ITEM() RATIONAL_B_SPLINE_CURVE((1.,0.5,1.,0.5,
1.,0.5,1.)) REPRESENTATION_ITEM('') );
#1465 = CARTESIAN_POINT('',(-17.9,0.));
#1466 = CARTESIAN_POINT('',(-17.9,31.003709455483));
#1467 = CARTESIAN_POINT('',(8.95,15.501854727741));
#1468 = CARTESIAN_POINT('',(35.8,4.384235540948E-15));
#1469 = CARTESIAN_POINT('',(8.95,-15.50185472774));
#1470 = CARTESIAN_POINT('',(-17.9,-31.00370945548));
#1471 = CARTESIAN_POINT('',(-17.9,0.));
#1472 = ( GEOMETRIC_REPRESENTATION_CONTEXT(2) 
PARAMETRIC_REPRESENTATION_CONTEXT() REPRESENTATION_CONTEXT('2D SPACE',''
  ) );
#1473 = ORIENTED_EDGE('',*,*,#1474,.F.);
#1474 = EDGE_CURVE('',#1417,#1447,#1475,.T.);
#1475 = SURFACE_CURVE('',#1476,(#1480,#1487),.PCURVE_S1.);
#1476 = LINE('',#1477,#1478);
#1477 = CARTESIAN_POINT('',(-5.241806474385,-16.69651056014,18.4));
#1478 = VECTOR('',#1479,1.);
#1479 = DIRECTION('',(-0.211800965926,-0.674640905099,-0.707106781187));
#1480 = PCURVE('',#1373,#1481);
#1481 = DEFINITIONAL_REPRESENTATION('',(#1482),#1486);
#1482 = LINE('',#1483,#1484);
#1483 = CARTESIAN_POINT('',(5.016590863758,-0.2));
#1484 = VECTOR('',#1485,1.);
#1485 = DIRECTION('',(0.,1.));
#1486 = ( GEOMETRIC_REPRESENTATION_CONTEXT(2) 
PARAMETRIC_REPRESENTATION_CONTEXT() REPRESENTATION_CONTEXT('2D SPACE',''
  ) );
#1487 = PCURVE('',#599,#1488);
#1488 = DEFINITIONAL_REPRESENTATION('',(#1489),#1493);
#1489 = LINE('',#1490,#1491);
#1490 = CARTESIAN_POINT('',(7.14463394142,-0.2));
#1491 = VECTOR('',#1492,1.);
#1492 = DIRECTION('',(-1.554312234475E-14,1.));
#1493 = ( GEOMETRIC_REPRESENTATION_CONTEXT(2) 
PARAMETRIC_REPRESENTATION_CONTEXT() REPRESENTATION_CONTEXT('2D SPACE',''
  ) );
#1494 = ADVANCED_FACE('',(#1495),#599,.F.);
#1495 = FACE_BOUND('',#1496,.F.);
#1496 = EDGE_LOOP('',(#1497,#1523,#1524,#1551));
#1497 = ORIENTED_EDGE('',*,*,#1498,.F.);
#1498 = EDGE_CURVE('',#560,#1447,#1499,.T.);
#1499 = SURFACE_CURVE('',#1500,(#1505,#1512),.PCURVE_S1.);
#1500 = CIRCLE('',#1501,1.4);
#1501 = AXIS2_PLACEMENT_3D('',#1502,#1503,#1504);
#1502 = CARTESIAN_POINT('',(-4.942274675849,-15.74242424242,18.));
#1503 = DIRECTION('',(0.,0.,-1.));
#1504 = DIRECTION('',(0.528851483173,-0.848714385848,0.));
#1505 = PCURVE('',#599,#1506);
#1506 = DEFINITIONAL_REPRESENTATION('',(#1507),#1511);
#1507 = LINE('',#1508,#1509);
#1508 = CARTESIAN_POINT('',(0.,0.2));
#1509 = VECTOR('',#1510,1.);
#1510 = DIRECTION('',(1.,3.873064907281E-16));
#1511 = ( GEOMETRIC_REPRESENTATION_CONTEXT(2) 
PARAMETRIC_REPRESENTATION_CONTEXT() REPRESENTATION_CONTEXT('2D SPACE',''
  ) );
#1512 = PCURVE('',#150,#1513);
#1513 = DEFINITIONAL_REPRESENTATION('',(#1514),#1522);
#1514 = ( BOUNDED_CURVE() B_SPLINE_CURVE(2,(#1515,#1516,#1517,#1518,
#1519,#1520,#1521),.UNSPECIFIED.,.T.,.F.) B_SPLINE_CURVE_WITH_KNOTS((1,2
    ,2,2,2,1),(-2.094395102393,0.,2.094395102393,4.188790204786,
6.28318530718,8.377580409573),.UNSPECIFIED.) CURVE() 
GEOMETRIC_REPRESENTATION_ITEM() RATIONAL_B_SPLINE_CURVE((1.,0.5,1.,0.5,
1.,0.5,1.)) REPRESENTATION_ITEM('') );
#1515 = CARTESIAN_POINT('',(-4.201882599407,-16.93062438261));
#1516 = CARTESIAN_POINT('',(-6.259905611772,-18.21302107653));
#1517 = CARTESIAN_POINT('',(-6.341482220252,-15.78952251929));
#1518 = CARTESIAN_POINT('',(-6.423058828733,-13.36602396204));
#1519 = CARTESIAN_POINT('',(-4.283459207887,-14.50712582537));
#1520 = CARTESIAN_POINT('',(-2.143859587041,-15.64822768869));
#1521 = CARTESIAN_POINT('',(-4.201882599407,-16.93062438261));
#1522 = ( GEOMETRIC_REPRESENTATION_CONTEXT(2) 
PARAMETRIC_REPRESENTATION_CONTEXT() REPRESENTATION_CONTEXT('2D SPACE',''
  ) );
#1523 = ORIENTED_EDGE('',*,*,#583,.T.);
#1524 = ORIENTED_EDGE('',*,*,#1525,.F.);
#1525 = EDGE_CURVE('',#1417,#584,#1526,.T.);
#1526 = SURFACE_CURVE('',#1527,(#1532,#1539),.PCURVE_S1.);
#1527 = CIRCLE('',#1528,1.);
#1528 = AXIS2_PLACEMENT_3D('',#1529,#1530,#1531);
#1529 = CARTESIAN_POINT('',(-4.942274675849,-15.74242424242,18.4));
#1530 = DIRECTION('',(0.,0.,1.));
#1531 = DIRECTION('',(0.528851483173,-0.848714385848,0.));
#1532 = PCURVE('',#599,#1533);
#1533 = DEFINITIONAL_REPRESENTATION('',(#1534),#1538);
#1534 = LINE('',#1535,#1536);
#1535 = CARTESIAN_POINT('',(12.566370614359,-0.2));
#1536 = VECTOR('',#1537,1.);
#1537 = DIRECTION('',(-1.,1.822618779897E-16));
#1538 = ( GEOMETRIC_REPRESENTATION_CONTEXT(2) 
PARAMETRIC_REPRESENTATION_CONTEXT() REPRESENTATION_CONTEXT('2D SPACE',''
  ) );
#1539 = PCURVE('',#1540,#1545);
#1540 = CYLINDRICAL_SURFACE('',#1541,1.);
#1541 = AXIS2_PLACEMENT_3D('',#1542,#1543,#1544);
#1542 = CARTESIAN_POINT('',(-4.942274675849,-15.74242424242,28.));
#1543 = DIRECTION('',(0.,0.,-1.));
#1544 = DIRECTION('',(0.528851483173,-0.848714385848,0.));
#1545 = DEFINITIONAL_REPRESENTATION('',(#1546),#1550);
#1546 = LINE('',#1547,#1548);
#1547 = CARTESIAN_POINT('',(12.566370614359,9.6));
#1548 = VECTOR('',#1549,1.);
#1549 = DIRECTION('',(-1.,0.));
#1550 = ( GEOMETRIC_REPRESENTATION_CONTEXT(2) 
PARAMETRIC_REPRESENTATION_CONTEXT() REPRESENTATION_CONTEXT('2D SPACE',''
  ) );
#1551 = ORIENTED_EDGE('',*,*,#1474,.T.);
#1552 = ADVANCED_FACE('',(#1553),#1056,.F.);
#1553 = FACE_BOUND('',#1554,.F.);
#1554 = EDGE_LOOP('',(#1555,#1578,#1629,#1650));
#1555 = ORIENTED_EDGE('',*,*,#1556,.F.);
#1556 = EDGE_CURVE('',#1557,#1014,#1559,.T.);
#1557 = VERTEX_POINT('',#1558);
#1558 = CARTESIAN_POINT('',(11.83869906245,12.887792848612,27.));
#1559 = SURFACE_CURVE('',#1560,(#1564,#1571),.PCURVE_S1.);
#1560 = LINE('',#1561,#1562);
#1561 = CARTESIAN_POINT('',(11.83869906245,12.887792848612,28.));
#1562 = VECTOR('',#1563,1.);
#1563 = DIRECTION('',(0.,0.,-1.));
#1564 = PCURVE('',#1056,#1565);
#1565 = DEFINITIONAL_REPRESENTATION('',(#1566),#1570);
#1566 = LINE('',#1567,#1568);
#1567 = CARTESIAN_POINT('',(7.14463394142,0.));
#1568 = VECTOR('',#1569,1.);
#1569 = DIRECTION('',(0.,-1.));
#1570 = ( GEOMETRIC_REPRESENTATION_CONTEXT(2) 
PARAMETRIC_REPRESENTATION_CONTEXT() REPRESENTATION_CONTEXT('2D SPACE',''
  ) );
#1571 = PCURVE('',#1089,#1572);
#1572 = DEFINITIONAL_REPRESENTATION('',(#1573),#1577);
#1573 = LINE('',#1574,#1575);
#1574 = CARTESIAN_POINT('',(5.455384648208,0.));
#1575 = VECTOR('',#1576,1.);
#1576 = DIRECTION('',(0.,1.));
#1577 = ( GEOMETRIC_REPRESENTATION_CONTEXT(2) 
PARAMETRIC_REPRESENTATION_CONTEXT() REPRESENTATION_CONTEXT('2D SPACE',''
  ) );
#1578 = ORIENTED_EDGE('',*,*,#1579,.T.);
#1579 = EDGE_CURVE('',#1557,#1580,#1582,.T.);
#1580 = VERTEX_POINT('',#1581);
#1581 = CARTESIAN_POINT('',(11.787645411023,11.371078034382,27.));
#1582 = SURFACE_CURVE('',#1583,(#1588,#1595),.PCURVE_S1.);
#1583 = CIRCLE('',#1584,1.);
#1584 = AXIS2_PLACEMENT_3D('',#1585,#1586,#1587);
#1585 = CARTESIAN_POINT('',(11.162201973167,12.151347542977,27.));
#1586 = DIRECTION('',(0.,0.,-1.));
#1587 = DIRECTION('',(0.625443437855,-0.780269508595,0.));
#1588 = PCURVE('',#1056,#1589);
#1589 = DEFINITIONAL_REPRESENTATION('',(#1590),#1594);
#1590 = LINE('',#1591,#1592);
#1591 = CARTESIAN_POINT('',(11.704921980118,-1.));
#1592 = VECTOR('',#1593,1.);
#1593 = DIRECTION('',(-1.,0.));
#1594 = ( GEOMETRIC_REPRESENTATION_CONTEXT(2) 
PARAMETRIC_REPRESENTATION_CONTEXT() REPRESENTATION_CONTEXT('2D SPACE',''
  ) );
#1595 = PCURVE('',#1596,#1601);
#1596 = SPHERICAL_SURFACE('',#1597,1.);
#1597 = AXIS2_PLACEMENT_3D('',#1598,#1599,#1600);
#1598 = CARTESIAN_POINT('',(11.162201973167,12.151347542977,27.));
#1599 = DIRECTION('',(0.608577748417,-2.048514060969E-02,-0.793229779538
    ));
#1600 = DIRECTION('',(0.792780779982,-2.668553983915E-02,0.608922422689)
  );
#1601 = DEFINITIONAL_REPRESENTATION('',(#1602),#1628);
#1602 = B_SPLINE_CURVE_WITH_KNOTS('',3,(#1603,#1604,#1605,#1606,#1607,
    #1608,#1609,#1610,#1611,#1612,#1613,#1614,#1615,#1616,#1617,#1618,
    #1619,#1620,#1621,#1622,#1623,#1624,#1625,#1626,#1627),
  .UNSPECIFIED.,.F.,.F.,(4,1,1,1,1,1,1,1,1,1,1,1,1,1,1,1,1,1,1,1,1,1,4),
  (4.560288038698,4.638601550902,4.716915063105,4.795228575309,
    4.873542087513,4.951855599717,5.03016911192,5.108482624124,
    5.186796136328,5.265109648531,5.343423160735,5.421736672939,
    5.500050185142,5.578363697346,5.65667720955,5.734990721754,
    5.813304233957,5.891617746161,5.969931258365,6.048244770568,
    6.126558282772,6.204871794976,6.28318530718),.QUASI_UNIFORM_KNOTS.);
#1603 = CARTESIAN_POINT('',(5.31018390702,0.407826351696));
#1604 = CARTESIAN_POINT('',(5.334751890969,0.420964080081));
#1605 = CARTESIAN_POINT('',(5.384740193694,0.446584851057));
#1606 = CARTESIAN_POINT('',(5.462438733331,0.482745297936));
#1607 = CARTESIAN_POINT('',(5.543036061055,0.51633348948));
#1608 = CARTESIAN_POINT('',(5.626632204246,0.547030007354));
#1609 = CARTESIAN_POINT('',(5.713248939404,0.574510477333));
#1610 = CARTESIAN_POINT('',(5.802804003431,0.598452148248));
#1611 = CARTESIAN_POINT('',(5.895096220168,0.618545570126));
#1612 = CARTESIAN_POINT('',(5.989794970028,0.634507915685));
#1613 = CARTESIAN_POINT('',(6.086440620097,0.64609780066));
#1614 = CARTESIAN_POINT('',(6.184458183396,0.653129854895));
#1615 = CARTESIAN_POINT('',(6.28318530718,0.655487192644));
#1616 = CARTESIAN_POINT('',(6.381912430963,0.653129854895));
#1617 = CARTESIAN_POINT('',(6.479929994262,0.64609780066));
#1618 = CARTESIAN_POINT('',(6.576575644332,0.634507915685));
#1619 = CARTESIAN_POINT('',(6.671274394191,0.618545570126));
#1620 = CARTESIAN_POINT('',(6.763566610928,0.598452148248));
#1621 = CARTESIAN_POINT('',(6.853121674956,0.574510477333));
#1622 = CARTESIAN_POINT('',(6.939738410113,0.547030007354));
#1623 = CARTESIAN_POINT('',(7.023334553304,0.51633348948));
#1624 = CARTESIAN_POINT('',(7.103931881029,0.482745297936));
#1625 = CARTESIAN_POINT('',(7.181630420665,0.446584851057));
#1626 = CARTESIAN_POINT('',(7.23161872339,0.420964080081));
#1627 = CARTESIAN_POINT('',(7.256186707339,0.407826351696));
#1628 = ( GEOMETRIC_REPRESENTATION_CONTEXT(2) 
PARAMETRIC_REPRESENTATION_CONTEXT() REPRESENTATION_CONTEXT('2D SPACE',''
  ) );
#1629 = ORIENTED_EDGE('',*,*,#1630,.F.);
#1630 = EDGE_CURVE('',#903,#1580,#1631,.T.);
#1631 = SURFACE_CURVE('',#1632,(#1636,#1643),.PCURVE_S1.);
#1632 = LINE('',#1633,#1634);
#1633 = CARTESIAN_POINT('',(11.787645411023,11.371078034382,28.));
#1634 = VECTOR('',#1635,1.);
#1635 = DIRECTION('',(0.,0.,1.));
#1636 = PCURVE('',#1056,#1637);
#1637 = DEFINITIONAL_REPRESENTATION('',(#1638),#1642);
#1638 = LINE('',#1639,#1640);
#1639 = CARTESIAN_POINT('',(5.421736672939,0.));
#1640 = VECTOR('',#1641,1.);
#1641 = DIRECTION('',(0.,1.));
#1642 = ( GEOMETRIC_REPRESENTATION_CONTEXT(2) 
PARAMETRIC_REPRESENTATION_CONTEXT() REPRESENTATION_CONTEXT('2D SPACE',''
  ) );
#1643 = PCURVE('',#970,#1644);
#1644 = DEFINITIONAL_REPRESENTATION('',(#1645),#1649);
#1645 = LINE('',#1646,#1647);
#1646 = CARTESIAN_POINT('',(6.131084365493,0.));
#1647 = VECTOR('',#1648,1.);
#1648 = DIRECTION('',(0.,-1.));
#1649 = ( GEOMETRIC_REPRESENTATION_CONTEXT(2) 
PARAMETRIC_REPRESENTATION_CONTEXT() REPRESENTATION_CONTEXT('2D SPACE',''
  ) );
#1650 = ORIENTED_EDGE('',*,*,#1041,.T.);
#1651 = ADVANCED_FACE('',(#1652),#970,.T.);
#1652 = FACE_BOUND('',#1653,.T.);
#1653 = EDGE_LOOP('',(#1654,#1655,#1678,#1705));
#1654 = ORIENTED_EDGE('',*,*,#955,.F.);
#1655 = ORIENTED_EDGE('',*,*,#1656,.F.);
#1656 = EDGE_CURVE('',#1657,#844,#1659,.T.);
#1657 = VERTEX_POINT('',#1658);
#1658 = CARTESIAN_POINT('',(15.741465151701,4.522861359557,27.));
#1659 = SURFACE_CURVE('',#1660,(#1664,#1671),.PCURVE_S1.);
#1660 = LINE('',#1661,#1662);
#1661 = CARTESIAN_POINT('',(15.741465151701,4.522861359557,28.));
#1662 = VECTOR('',#1663,1.);
#1663 = DIRECTION('',(0.,0.,-1.));
#1664 = PCURVE('',#970,#1665);
#1665 = DEFINITIONAL_REPRESENTATION('',(#1666),#1670);
#1666 = LINE('',#1667,#1668);
#1667 = CARTESIAN_POINT('',(3.293693595277,0.));
#1668 = VECTOR('',#1669,1.);
#1669 = DIRECTION('',(0.,1.));
#1670 = ( GEOMETRIC_REPRESENTATION_CONTEXT(2) 
PARAMETRIC_REPRESENTATION_CONTEXT() REPRESENTATION_CONTEXT('2D SPACE',''
  ) );
#1671 = PCURVE('',#886,#1672);
#1672 = DEFINITIONAL_REPRESENTATION('',(#1673),#1677);
#1673 = LINE('',#1674,#1675);
#1674 = CARTESIAN_POINT('',(5.421736672939,0.));
#1675 = VECTOR('',#1676,1.);
#1676 = DIRECTION('',(0.,1.));
#1677 = ( GEOMETRIC_REPRESENTATION_CONTEXT(2) 
PARAMETRIC_REPRESENTATION_CONTEXT() REPRESENTATION_CONTEXT('2D SPACE',''
  ) );
#1678 = ORIENTED_EDGE('',*,*,#1679,.F.);
#1679 = EDGE_CURVE('',#1580,#1657,#1680,.T.);
#1680 = SURFACE_CURVE('',#1681,(#1686,#1693),.PCURVE_S1.);
#1681 = CIRCLE('',#1682,4.);
#1682 = AXIS2_PLACEMENT_3D('',#1683,#1684,#1685);
#1683 = CARTESIAN_POINT('',(14.289419162443,8.25,27.));
#1684 = DIRECTION('',(1.552520009395E-16,2.443392752624E-33,1.));
#1685 = DIRECTION('',(-0.866025403784,-0.5,1.344521768019E-16));
#1686 = PCURVE('',#970,#1687);
#1687 = DEFINITIONAL_REPRESENTATION('',(#1688),#1692);
#1688 = LINE('',#1689,#1690);
#1689 = CARTESIAN_POINT('',(10.995574287564,1.));
#1690 = VECTOR('',#1691,1.);
#1691 = DIRECTION('',(-1.,0.));
#1692 = ( GEOMETRIC_REPRESENTATION_CONTEXT(2) 
PARAMETRIC_REPRESENTATION_CONTEXT() REPRESENTATION_CONTEXT('2D SPACE',''
  ) );
#1693 = PCURVE('',#1694,#1699);
#1694 = TOROIDAL_SURFACE('',#1695,5.,1.);
#1695 = AXIS2_PLACEMENT_3D('',#1696,#1697,#1698);
#1696 = CARTESIAN_POINT('',(14.289419162443,8.25,27.));
#1697 = DIRECTION('',(1.552520009395E-16,0.,1.));
#1698 = DIRECTION('',(-0.866025403784,-0.5,1.344521768019E-16));
#1699 = DEFINITIONAL_REPRESENTATION('',(#1700),#1704);
#1700 = LINE('',#1701,#1702);
#1701 = CARTESIAN_POINT('',(0.,3.14159265359));
#1702 = VECTOR('',#1703,1.);
#1703 = DIRECTION('',(1.,1.565132355091E-16));
#1704 = ( GEOMETRIC_REPRESENTATION_CONTEXT(2) 
PARAMETRIC_REPRESENTATION_CONTEXT() REPRESENTATION_CONTEXT('2D SPACE',''
  ) );
#1705 = ORIENTED_EDGE('',*,*,#1630,.F.);
#1706 = ADVANCED_FACE('',(#1707),#886,.F.);
#1707 = FACE_BOUND('',#1708,.F.);
#1708 = EDGE_LOOP('',(#1709,#1710,#1761,#1782));
#1709 = ORIENTED_EDGE('',*,*,#1656,.F.);
#1710 = ORIENTED_EDGE('',*,*,#1711,.T.);
#1711 = EDGE_CURVE('',#1657,#1712,#1714,.T.);
#1712 = VERTEX_POINT('',#1713);
#1713 = CARTESIAN_POINT('',(17.080505536835,3.808717711534,27.));
#1714 = SURFACE_CURVE('',#1715,(#1720,#1727),.PCURVE_S1.);
#1715 = CIRCLE('',#1716,1.);
#1716 = AXIS2_PLACEMENT_3D('',#1717,#1718,#1719);
#1717 = CARTESIAN_POINT('',(16.104476649016,3.591076699447,27.));
#1718 = DIRECTION('',(-9.778091205785E-16,4.385064833613E-15,-1.));
#1719 = DIRECTION('',(0.976028887819,0.217641012088,1.471615651223E-31)
  );
#1720 = PCURVE('',#886,#1721);
#1721 = DEFINITIONAL_REPRESENTATION('',(#1722),#1726);
#1722 = LINE('',#1723,#1724);
#1723 = CARTESIAN_POINT('',(0.861448634241,1.));
#1724 = VECTOR('',#1725,1.);
#1725 = DIRECTION('',(1.,2.062057758053E-15));
#1726 = ( GEOMETRIC_REPRESENTATION_CONTEXT(2) 
PARAMETRIC_REPRESENTATION_CONTEXT() REPRESENTATION_CONTEXT('2D SPACE',''
  ) );
#1727 = PCURVE('',#1728,#1733);
#1728 = SPHERICAL_SURFACE('',#1729,1.);
#1729 = AXIS2_PLACEMENT_3D('',#1730,#1731,#1732);
#1730 = CARTESIAN_POINT('',(16.104476649016,3.591076699447,27.));
#1731 = DIRECTION('',(-0.927718715876,0.281618579079,0.245008081767));
#1732 = DIRECTION('',(0.373280034577,0.699911065016,0.608922422689));
#1733 = DEFINITIONAL_REPRESENTATION('',(#1734),#1760);
#1734 = B_SPLINE_CURVE_WITH_KNOTS('',3,(#1735,#1736,#1737,#1738,#1739,
    #1740,#1741,#1742,#1743,#1744,#1745,#1746,#1747,#1748,#1749,#1750,
    #1751,#1752,#1753,#1754,#1755,#1756,#1757,#1758,#1759),
  .UNSPECIFIED.,.F.,.F.,(4,1,1,1,1,1,1,1,1,1,1,1,1,1,1,1,1,1,1,1,1,1,4),
  (4.560288038698,4.638601550902,4.716915063105,4.795228575309,
    4.873542087513,4.951855599716,5.03016911192,5.108482624124,
    5.186796136328,5.265109648531,5.343423160735,5.421736672939,
    5.500050185142,5.578363697346,5.65667720955,5.734990721754,
    5.813304233957,5.891617746161,5.969931258365,6.048244770568,
    6.126558282772,6.204871794976,6.28318530718),.QUASI_UNIFORM_KNOTS.);
#1735 = CARTESIAN_POINT('',(7.152524469834,0.642477042038));
#1736 = CARTESIAN_POINT('',(7.142560095336,0.617623093507));
#1737 = CARTESIAN_POINT('',(7.123690804896,0.567779186806));
#1738 = CARTESIAN_POINT('',(7.097990095786,0.492679894679));
#1739 = CARTESIAN_POINT('',(7.074265123547,0.417328753006));
#1740 = CARTESIAN_POINT('',(7.052071590463,0.341782894429));
#1741 = CARTESIAN_POINT('',(7.03103515629,0.266090262335));
#1742 = CARTESIAN_POINT('',(7.010846479035,0.190290268195));
#1743 = CARTESIAN_POINT('',(6.9912368133,0.114417034251));
#1744 = CARTESIAN_POINT('',(6.971964975042,3.850110004446E-02));
#1745 = CARTESIAN_POINT('',(6.952805104793,-3.742898124029E-02));
#1746 = CARTESIAN_POINT('',(6.933536393265,-0.11334531052));
#1747 = CARTESIAN_POINT('',(6.913933138705,-0.189219355124));
#1748 = CARTESIAN_POINT('',(6.893754385725,-0.265020604862));
#1749 = CARTESIAN_POINT('',(6.872732116548,-0.340715033265));
#1750 = CARTESIAN_POINT('',(6.850556765068,-0.416263195996));
#1751 = CARTESIAN_POINT('',(6.826858486554,-0.491617751205));
#1752 = CARTESIAN_POINT('',(6.801181432965,-0.566720009577));
#1753 = CARTESIAN_POINT('',(6.772948636702,-0.641495182561));
#1754 = CARTESIAN_POINT('',(6.741406965246,-0.715844735462));
#1755 = CARTESIAN_POINT('',(6.705560561729,-0.789637163238));
#1756 = CARTESIAN_POINT('',(6.664011157327,-0.86268445044));
#1757 = CARTESIAN_POINT('',(6.614926929174,-0.934738127267));
#1758 = CARTESIAN_POINT('',(6.575092259821,-0.98181530742));
#1759 = CARTESIAN_POINT('',(6.552936762347,-1.005049522095));
#1760 = ( GEOMETRIC_REPRESENTATION_CONTEXT(2) 
PARAMETRIC_REPRESENTATION_CONTEXT() REPRESENTATION_CONTEXT('2D SPACE',''
  ) );
#1761 = ORIENTED_EDGE('',*,*,#1762,.F.);
#1762 = EDGE_CURVE('',#729,#1712,#1763,.T.);
#1763 = SURFACE_CURVE('',#1764,(#1768,#1775),.PCURVE_S1.);
#1764 = LINE('',#1765,#1766);
#1765 = CARTESIAN_POINT('',(17.080505536835,3.808717711534,28.));
#1766 = VECTOR('',#1767,1.);
#1767 = DIRECTION('',(0.,0.,1.));
#1768 = PCURVE('',#886,#1769);
#1769 = DEFINITIONAL_REPRESENTATION('',(#1770),#1774);
#1770 = LINE('',#1771,#1772);
#1771 = CARTESIAN_POINT('',(7.14463394142,0.));
#1772 = VECTOR('',#1773,1.);
#1773 = DIRECTION('',(0.,-1.));
#1774 = ( GEOMETRIC_REPRESENTATION_CONTEXT(2) 
PARAMETRIC_REPRESENTATION_CONTEXT() REPRESENTATION_CONTEXT('2D SPACE',''
  ) );
#1775 = PCURVE('',#745,#1776);
#1776 = DEFINITIONAL_REPRESENTATION('',(#1777),#1781);
#1777 = LINE('',#1778,#1779);
#1778 = CARTESIAN_POINT('',(-0.219396892225,0.));
#1779 = VECTOR('',#1780,1.);
#1780 = DIRECTION('',(0.,-1.));
#1781 = ( GEOMETRIC_REPRESENTATION_CONTEXT(2) 
PARAMETRIC_REPRESENTATION_CONTEXT() REPRESENTATION_CONTEXT('2D SPACE',''
  ) );
#1782 = ORIENTED_EDGE('',*,*,#871,.T.);
#1783 = ADVANCED_FACE('',(#1784),#745,.F.);
#1784 = FACE_BOUND('',#1785,.F.);
#1785 = EDGE_LOOP('',(#1786,#1787,#1816,#1837));
#1786 = ORIENTED_EDGE('',*,*,#1762,.T.);
#1787 = ORIENTED_EDGE('',*,*,#1788,.T.);
#1788 = EDGE_CURVE('',#1712,#1789,#1791,.T.);
#1789 = VERTEX_POINT('',#1790);
#1790 = CARTESIAN_POINT('',(5.241806474385,-16.69651056014,27.));
#1791 = SURFACE_CURVE('',#1792,(#1797,#1804),.PCURVE_S1.);
#1792 = CIRCLE('',#1793,17.5);
#1793 = AXIS2_PLACEMENT_3D('',#1794,#1795,#1796);
#1794 = CARTESIAN_POINT('',(0.,0.,27.));
#1795 = DIRECTION('',(-1.552520009395E-16,2.078843104707E-33,-1.));
#1796 = DIRECTION('',(0.866025403784,-0.5,-1.344521768019E-16));
#1797 = PCURVE('',#745,#1798);
#1798 = DEFINITIONAL_REPRESENTATION('',(#1799),#1803);
#1799 = LINE('',#1800,#1801);
#1800 = CARTESIAN_POINT('',(-5.759586531581,1.));
#1801 = VECTOR('',#1802,1.);
#1802 = DIRECTION('',(1.,-2.390803764179E-15));
#1803 = ( GEOMETRIC_REPRESENTATION_CONTEXT(2) 
PARAMETRIC_REPRESENTATION_CONTEXT() REPRESENTATION_CONTEXT('2D SPACE',''
  ) );
#1804 = PCURVE('',#1805,#1810);
#1805 = TOROIDAL_SURFACE('',#1806,16.5,1.);
#1806 = AXIS2_PLACEMENT_3D('',#1807,#1808,#1809);
#1807 = CARTESIAN_POINT('',(0.,0.,27.));
#1808 = DIRECTION('',(-1.552520009395E-16,0.,-1.));
#1809 = DIRECTION('',(0.866025403784,-0.5,-1.344521768019E-16));
#1810 = DEFINITIONAL_REPRESENTATION('',(#1811),#1815);
#1811 = LINE('',#1812,#1813);
#1812 = CARTESIAN_POINT('',(-8.881784197001E-16,6.28318530718));
#1813 = VECTOR('',#1814,1.);
#1814 = DIRECTION('',(1.,0.));
#1815 = ( GEOMETRIC_REPRESENTATION_CONTEXT(2) 
PARAMETRIC_REPRESENTATION_CONTEXT() REPRESENTATION_CONTEXT('2D SPACE',''
  ) );
#1816 = ORIENTED_EDGE('',*,*,#1817,.T.);
#1817 = EDGE_CURVE('',#1789,#670,#1818,.T.);
#1818 = SURFACE_CURVE('',#1819,(#1823,#1830),.PCURVE_S1.);
#1819 = LINE('',#1820,#1821);
#1820 = CARTESIAN_POINT('',(5.241806474385,-16.69651056014,28.));
#1821 = VECTOR('',#1822,1.);
#1822 = DIRECTION('',(0.,0.,-1.));
#1823 = PCURVE('',#745,#1824);
#1824 = DEFINITIONAL_REPRESENTATION('',(#1825),#1829);
#1825 = LINE('',#1826,#1827);
#1826 = CARTESIAN_POINT('',(1.266594443421,0.));
#1827 = VECTOR('',#1828,1.);
#1828 = DIRECTION('',(0.,1.));
#1829 = ( GEOMETRIC_REPRESENTATION_CONTEXT(2) 
PARAMETRIC_REPRESENTATION_CONTEXT() REPRESENTATION_CONTEXT('2D SPACE',''
  ) );
#1830 = PCURVE('',#712,#1831);
#1831 = DEFINITIONAL_REPRESENTATION('',(#1832),#1836);
#1832 = LINE('',#1833,#1834);
#1833 = CARTESIAN_POINT('',(0.861448634241,0.));
#1834 = VECTOR('',#1835,1.);
#1835 = DIRECTION('',(0.,-1.));
#1836 = ( GEOMETRIC_REPRESENTATION_CONTEXT(2) 
PARAMETRIC_REPRESENTATION_CONTEXT() REPRESENTATION_CONTEXT('2D SPACE',''
  ) );
#1837 = ORIENTED_EDGE('',*,*,#728,.T.);
#1838 = ADVANCED_FACE('',(#1839),#712,.F.);
#1839 = FACE_BOUND('',#1840,.F.);
#1840 = EDGE_LOOP('',(#1841,#1842,#1893,#1914));
#1841 = ORIENTED_EDGE('',*,*,#1817,.F.);
#1842 = ORIENTED_EDGE('',*,*,#1843,.T.);
#1843 = EDGE_CURVE('',#1789,#1844,#1846,.T.);
#1844 = VERTEX_POINT('',#1845);
#1845 = CARTESIAN_POINT('',(3.953819740679,-15.89393939393,27.));
#1846 = SURFACE_CURVE('',#1847,(#1852,#1859),.PCURVE_S1.);
#1847 = CIRCLE('',#1848,1.);
#1848 = AXIS2_PLACEMENT_3D('',#1849,#1850,#1851);
#1849 = CARTESIAN_POINT('',(4.942274675848,-15.74242424242,27.));
#1850 = DIRECTION('',(0.,0.,-1.));
#1851 = DIRECTION('',(-0.98845493517,-0.151515151515,-0.));
#1852 = PCURVE('',#712,#1853);
#1853 = DEFINITIONAL_REPRESENTATION('',(#1854),#1858);
#1854 = LINE('',#1855,#1856);
#1855 = CARTESIAN_POINT('',(5.421736672939,-1.));
#1856 = VECTOR('',#1857,1.);
#1857 = DIRECTION('',(-1.,0.));
#1858 = ( GEOMETRIC_REPRESENTATION_CONTEXT(2) 
PARAMETRIC_REPRESENTATION_CONTEXT() REPRESENTATION_CONTEXT('2D SPACE',''
  ) );
#1859 = PCURVE('',#1860,#1865);
#1860 = SPHERICAL_SURFACE('',#1861,1.);
#1861 = AXIS2_PLACEMENT_3D('',#1862,#1863,#1864);
#1862 = CARTESIAN_POINT('',(4.942274675848,-15.74242424242,27.));
#1863 = DIRECTION('',(-0.907754991506,0.311117660911,-0.281401273034));
#1864 = DIRECTION('',(-0.419500745406,-0.673225525177,0.608922422689));
#1865 = DEFINITIONAL_REPRESENTATION('',(#1866),#1892);
#1866 = B_SPLINE_CURVE_WITH_KNOTS('',3,(#1867,#1868,#1869,#1870,#1871,
    #1872,#1873,#1874,#1875,#1876,#1877,#1878,#1879,#1880,#1881,#1882,
    #1883,#1884,#1885,#1886,#1887,#1888,#1889,#1890,#1891),
  .UNSPECIFIED.,.F.,.F.,(4,1,1,1,1,1,1,1,1,1,1,1,1,1,1,1,1,1,1,1,1,1,4),
  (4.560288038698,4.638601550902,4.716915063105,4.795228575309,
    4.873542087513,4.951855599716,5.03016911192,5.108482624124,
    5.186796136328,5.265109648531,5.343423160735,5.421736672939,
    5.500050185142,5.578363697346,5.65667720955,5.734990721754,
    5.813304233957,5.891617746161,5.969931258365,6.048244770568,
    6.126558282772,6.204871794976,6.28318530718),.QUASI_UNIFORM_KNOTS.);
#1867 = CARTESIAN_POINT('',(5.391554196018,-0.604966580963));
#1868 = CARTESIAN_POINT('',(5.402399684017,-0.580435352809));
#1869 = CARTESIAN_POINT('',(5.423034516427,-0.531215185051));
#1870 = CARTESIAN_POINT('',(5.451387408141,-0.456997821843));
#1871 = CARTESIAN_POINT('',(5.477757842444,-0.382486878347));
#1872 = CARTESIAN_POINT('',(5.502595329135,-0.307749606053));
#1873 = CARTESIAN_POINT('',(5.5262841974,-0.232843216978));
#1874 = CARTESIAN_POINT('',(5.54914852583,-0.15781565186));
#1875 = CARTESIAN_POINT('',(5.571475093171,-8.27091621943E-02));
#1876 = CARTESIAN_POINT('',(5.593526292246,-7.562289386651E-03));
#1877 = CARTESIAN_POINT('',(5.615552537129,6.758824187606E-02));
#1878 = CARTESIAN_POINT('',(5.637803138538,0.142705874271));
#1879 = CARTESIAN_POINT('',(5.660537205637,0.217752564445));
#1880 = CARTESIAN_POINT('',(5.684035386865,0.292686995549));
#1881 = CARTESIAN_POINT('',(5.708613576387,0.367462474547));
#1882 = CARTESIAN_POINT('',(5.734639982935,0.442024284225));
#1883 = CARTESIAN_POINT('',(5.762557368869,0.516306189536));
#1884 = CARTESIAN_POINT('',(5.792913561911,0.590225552096));
#1885 = CARTESIAN_POINT('',(5.826403049877,0.663676578809));
#1886 = CARTESIAN_POINT('',(5.863930879372,0.736519533072));
#1887 = CARTESIAN_POINT('',(5.906690334967,0.808567644793));
#1888 = CARTESIAN_POINT('',(5.956337798537,0.879554684256));
#1889 = CARTESIAN_POINT('',(6.01503247077,0.949128907013));
#1890 = CARTESIAN_POINT('',(6.062559619619,0.994157706238));
#1891 = CARTESIAN_POINT('',(6.0889478362,1.016243256032));
#1892 = ( GEOMETRIC_REPRESENTATION_CONTEXT(2) 
PARAMETRIC_REPRESENTATION_CONTEXT() REPRESENTATION_CONTEXT('2D SPACE',''
  ) );
#1893 = ORIENTED_EDGE('',*,*,#1894,.F.);
#1894 = EDGE_CURVE('',#525,#1844,#1895,.T.);
#1895 = SURFACE_CURVE('',#1896,(#1900,#1907),.PCURVE_S1.);
#1896 = LINE('',#1897,#1898);
#1897 = CARTESIAN_POINT('',(3.953819740679,-15.89393939393,28.));
#1898 = VECTOR('',#1899,1.);
#1899 = DIRECTION('',(0.,0.,1.));
#1900 = PCURVE('',#712,#1901);
#1901 = DEFINITIONAL_REPRESENTATION('',(#1902),#1906);
#1902 = LINE('',#1903,#1904);
#1903 = CARTESIAN_POINT('',(-0.861448634241,0.));
#1904 = VECTOR('',#1905,1.);
#1905 = DIRECTION('',(0.,1.));
#1906 = ( GEOMETRIC_REPRESENTATION_CONTEXT(2) 
PARAMETRIC_REPRESENTATION_CONTEXT() REPRESENTATION_CONTEXT('2D SPACE',''
  ) );
#1907 = PCURVE('',#626,#1908);
#1908 = DEFINITIONAL_REPRESENTATION('',(#1909),#1913);
#1909 = LINE('',#1910,#1911);
#1910 = CARTESIAN_POINT('',(6.131084365493,0.));
#1911 = VECTOR('',#1912,1.);
#1912 = DIRECTION('',(0.,-1.));
#1913 = ( GEOMETRIC_REPRESENTATION_CONTEXT(2) 
PARAMETRIC_REPRESENTATION_CONTEXT() REPRESENTATION_CONTEXT('2D SPACE',''
  ) );
#1914 = ORIENTED_EDGE('',*,*,#697,.T.);
#1915 = ADVANCED_FACE('',(#1916),#626,.T.);
#1916 = FACE_BOUND('',#1917,.T.);
#1917 = EDGE_LOOP('',(#1918,#1919,#1942,#1969));
#1918 = ORIENTED_EDGE('',*,*,#611,.F.);
#1919 = ORIENTED_EDGE('',*,*,#1920,.F.);
#1920 = EDGE_CURVE('',#1921,#584,#1923,.T.);
#1921 = VERTEX_POINT('',#1922);
#1922 = CARTESIAN_POINT('',(-3.953819740679,-15.89393939393,27.));
#1923 = SURFACE_CURVE('',#1924,(#1928,#1935),.PCURVE_S1.);
#1924 = LINE('',#1925,#1926);
#1925 = CARTESIAN_POINT('',(-3.953819740679,-15.89393939393,28.));
#1926 = VECTOR('',#1927,1.);
#1927 = DIRECTION('',(0.,0.,-1.));
#1928 = PCURVE('',#626,#1929);
#1929 = DEFINITIONAL_REPRESENTATION('',(#1930),#1934);
#1930 = LINE('',#1931,#1932);
#1931 = CARTESIAN_POINT('',(3.293693595277,0.));
#1932 = VECTOR('',#1933,1.);
#1933 = DIRECTION('',(0.,1.));
#1934 = ( GEOMETRIC_REPRESENTATION_CONTEXT(2) 
PARAMETRIC_REPRESENTATION_CONTEXT() REPRESENTATION_CONTEXT('2D SPACE',''
  ) );
#1935 = PCURVE('',#1540,#1936);
#1936 = DEFINITIONAL_REPRESENTATION('',(#1937),#1941);
#1937 = LINE('',#1938,#1939);
#1938 = CARTESIAN_POINT('',(5.421736672939,0.));
#1939 = VECTOR('',#1940,1.);
#1940 = DIRECTION('',(0.,1.));
#1941 = ( GEOMETRIC_REPRESENTATION_CONTEXT(2) 
PARAMETRIC_REPRESENTATION_CONTEXT() REPRESENTATION_CONTEXT('2D SPACE',''
  ) );
#1942 = ORIENTED_EDGE('',*,*,#1943,.F.);
#1943 = EDGE_CURVE('',#1844,#1921,#1944,.T.);
#1944 = SURFACE_CURVE('',#1945,(#1950,#1957),.PCURVE_S1.);
#1945 = CIRCLE('',#1946,4.);
#1946 = AXIS2_PLACEMENT_3D('',#1947,#1948,#1949);
#1947 = CARTESIAN_POINT('',(-2.638756578228E-13,-16.5,27.));
#1948 = DIRECTION('',(1.552520009395E-16,0.,1.));
#1949 = DIRECTION('',(1.600963089432E-14,1.,-2.485527230646E-30));
#1950 = PCURVE('',#626,#1951);
#1951 = DEFINITIONAL_REPRESENTATION('',(#1952),#1956);
#1952 = LINE('',#1953,#1954);
#1953 = CARTESIAN_POINT('',(10.995574287564,1.));
#1954 = VECTOR('',#1955,1.);
#1955 = DIRECTION('',(-1.,0.));
#1956 = ( GEOMETRIC_REPRESENTATION_CONTEXT(2) 
PARAMETRIC_REPRESENTATION_CONTEXT() REPRESENTATION_CONTEXT('2D SPACE',''
  ) );
#1957 = PCURVE('',#1958,#1963);
#1958 = TOROIDAL_SURFACE('',#1959,5.,1.);
#1959 = AXIS2_PLACEMENT_3D('',#1960,#1961,#1962);
#1960 = CARTESIAN_POINT('',(-2.638756578228E-13,-16.5,27.));
#1961 = DIRECTION('',(1.552520009395E-16,0.,1.));
#1962 = DIRECTION('',(1.,0.,-1.552520009395E-16));
#1963 = DEFINITIONAL_REPRESENTATION('',(#1964),#1968);
#1964 = LINE('',#1965,#1966);
#1965 = CARTESIAN_POINT('',(-4.712388980385,3.14159265359));
#1966 = VECTOR('',#1967,1.);
#1967 = DIRECTION('',(1.,-1.565132355091E-16));
#1968 = ( GEOMETRIC_REPRESENTATION_CONTEXT(2) 
PARAMETRIC_REPRESENTATION_CONTEXT() REPRESENTATION_CONTEXT('2D SPACE',''
  ) );
#1969 = ORIENTED_EDGE('',*,*,#1894,.F.);
#1970 = ADVANCED_FACE('',(#1971,#2002,#2005,#2008,#2011),#150,.F.);
#1971 = FACE_BOUND('',#1972,.T.);
#1972 = EDGE_LOOP('',(#1973));
#1973 = ORIENTED_EDGE('',*,*,#1974,.F.);
#1974 = EDGE_CURVE('',#1975,#1975,#1977,.T.);
#1975 = VERTEX_POINT('',#1976);
#1976 = CARTESIAN_POINT('',(-21.,2.57175827821E-15,18.));
#1977 = SURFACE_CURVE('',#1978,(#1983,#1990),.PCURVE_S1.);
#1978 = CIRCLE('',#1979,21.000000000001);
#1979 = AXIS2_PLACEMENT_3D('',#1980,#1981,#1982);
#1980 = CARTESIAN_POINT('',(2.854859206179E-15,0.,18.));
#1981 = DIRECTION('',(0.,0.,1.));
#1982 = DIRECTION('',(1.,0.,-0.));
#1983 = PCURVE('',#150,#1984);
#1984 = DEFINITIONAL_REPRESENTATION('',(#1985),#1989);
#1985 = CIRCLE('',#1986,21.000000000001);
#1986 = AXIS2_PLACEMENT_2D('',#1987,#1988);
#1987 = CARTESIAN_POINT('',(2.854859206179E-15,0.));
#1988 = DIRECTION('',(1.,0.));
#1989 = ( GEOMETRIC_REPRESENTATION_CONTEXT(2) 
PARAMETRIC_REPRESENTATION_CONTEXT() REPRESENTATION_CONTEXT('2D SPACE',''
  ) );
#1990 = PCURVE('',#1991,#1996);
#1991 = CYLINDRICAL_SURFACE('',#1992,21.000000000001);
#1992 = AXIS2_PLACEMENT_3D('',#1993,#1994,#1995);
#1993 = CARTESIAN_POINT('',(-2.189089011988E-28,0.,-1.407762795225E-12)
  );
#1994 = DIRECTION('',(1.586032892322E-16,0.,1.));
#1995 = DIRECTION('',(1.,0.,-1.586032892322E-16));
#1996 = DEFINITIONAL_REPRESENTATION('',(#1997),#2001);
#1997 = LINE('',#1998,#1999);
#1998 = CARTESIAN_POINT('',(-6.28318530718,18.000000000001));
#1999 = VECTOR('',#2000,1.);
#2000 = DIRECTION('',(1.,0.));
#2001 = ( GEOMETRIC_REPRESENTATION_CONTEXT(2) 
PARAMETRIC_REPRESENTATION_CONTEXT() REPRESENTATION_CONTEXT('2D SPACE',''
  ) );
#2002 = FACE_BOUND('',#2003,.T.);
#2003 = EDGE_LOOP('',(#2004));
#2004 = ORIENTED_EDGE('',*,*,#135,.T.);
#2005 = FACE_BOUND('',#2006,.T.);
#2006 = EDGE_LOOP('',(#2007));
#2007 = ORIENTED_EDGE('',*,*,#306,.T.);
#2008 = FACE_BOUND('',#2009,.T.);
#2009 = EDGE_LOOP('',(#2010));
#2010 = ORIENTED_EDGE('',*,*,#472,.T.);
#2011 = FACE_BOUND('',#2012,.T.);
#2012 = EDGE_LOOP('',(#2013,#2014,#2015,#2016,#2017,#2018,#2019,#2020,
    #2021,#2022,#2023,#2024));
#2013 = ORIENTED_EDGE('',*,*,#559,.F.);
#2014 = ORIENTED_EDGE('',*,*,#641,.F.);
#2015 = ORIENTED_EDGE('',*,*,#758,.F.);
#2016 = ORIENTED_EDGE('',*,*,#815,.F.);
#2017 = ORIENTED_EDGE('',*,*,#932,.F.);
#2018 = ORIENTED_EDGE('',*,*,#985,.F.);
#2019 = ORIENTED_EDGE('',*,*,#1102,.F.);
#2020 = ORIENTED_EDGE('',*,*,#1159,.F.);
#2021 = ORIENTED_EDGE('',*,*,#1276,.F.);
#2022 = ORIENTED_EDGE('',*,*,#1329,.F.);
#2023 = ORIENTED_EDGE('',*,*,#1446,.F.);
#2024 = ORIENTED_EDGE('',*,*,#1498,.F.);
#2025 = ADVANCED_FACE('',(#2026),#2041,.F.);
#2026 = FACE_BOUND('',#2027,.F.);
#2027 = EDGE_LOOP('',(#2028,#2086,#2137));
#2028 = ORIENTED_EDGE('',*,*,#2029,.F.);
#2029 = EDGE_CURVE('',#2030,#2032,#2034,.T.);
#2030 = VERTEX_POINT('',#2031);
#2031 = CARTESIAN_POINT('',(-11.16220197316,12.151347542978,28.));
#2032 = VERTEX_POINT('',#2033);
#2033 = CARTESIAN_POINT('',(-11.78764541102,11.371078034382,27.));
#2034 = SURFACE_CURVE('',#2035,(#2040,#2074),.PCURVE_S1.);
#2035 = CIRCLE('',#2036,1.);
#2036 = AXIS2_PLACEMENT_3D('',#2037,#2038,#2039);
#2037 = CARTESIAN_POINT('',(-11.16220197316,12.151347542978,27.));
#2038 = DIRECTION('',(0.780269508595,-0.625443437855,-3.121309758326E-15
    ));
#2039 = DIRECTION('',(-0.625443437855,-0.780269508595,5.929859365979E-31
    ));
#2040 = PCURVE('',#2041,#2046);
#2041 = SPHERICAL_SURFACE('',#2042,1.);
#2042 = AXIS2_PLACEMENT_3D('',#2043,#2044,#2045);
#2043 = CARTESIAN_POINT('',(-11.16220197316,12.151347542978,27.));
#2044 = DIRECTION('',(-0.608577748417,-2.048514060967E-02,
    -0.793229779538));
#2045 = DIRECTION('',(-0.792780779982,-2.668553983912E-02,0.608922422689
    ));
#2046 = DEFINITIONAL_REPRESENTATION('',(#2047),#2073);
#2047 = B_SPLINE_CURVE_WITH_KNOTS('',3,(#2048,#2049,#2050,#2051,#2052,
    #2053,#2054,#2055,#2056,#2057,#2058,#2059,#2060,#2061,#2062,#2063,
    #2064,#2065,#2066,#2067,#2068,#2069,#2070,#2071,#2072),
  .UNSPECIFIED.,.F.,.F.,(4,1,1,1,1,1,1,1,1,1,1,1,1,1,1,1,1,1,1,1,1,1,4),
  (4.712388980385,4.783788813421,4.855188646457,4.926588479493,
    4.997988312529,5.069388145565,5.140787978601,5.212187811638,
    5.283587644674,5.35498747771,5.426387310746,5.497787143782,
    5.569186976818,5.640586809854,5.711986642891,5.783386475927,
    5.854786308963,5.926186141999,5.997585975035,6.068985808071,
    6.140385641107,6.211785474143,6.28318530718),.QUASI_UNIFORM_KNOTS.);
#2048 = CARTESIAN_POINT('',(0.,-0.916094913401));
#2049 = CARTESIAN_POINT('',(-2.965045806505E-02,-0.900581193678));
#2050 = CARTESIAN_POINT('',(-8.538085660639E-02,-0.868324963137));
#2051 = CARTESIAN_POINT('',(-0.15965876616,-0.81684715937));
#2052 = CARTESIAN_POINT('',(-0.226065525656,-0.762919092288));
#2053 = CARTESIAN_POINT('',(-0.285863315366,-0.707007978969));
#2054 = CARTESIAN_POINT('',(-0.340150798397,-0.649497047083));
#2055 = CARTESIAN_POINT('',(-0.389859188085,-0.590688790349));
#2056 = CARTESIAN_POINT('',(-0.4357746764,-0.530827129922));
#2057 = CARTESIAN_POINT('',(-0.478560311006,-0.470109781741));
#2058 = CARTESIAN_POINT('',(-0.518778130015,-0.40869922501));
#2059 = CARTESIAN_POINT('',(-0.556908646635,-0.346730833327));
#2060 = CARTESIAN_POINT('',(-0.593367652165,-0.284319289649));
#2061 = CARTESIAN_POINT('',(-0.628520415591,-0.221563592899));
#2062 = CARTESIAN_POINT('',(-0.662693693993,-0.158551055753));
#2063 = CARTESIAN_POINT('',(-0.69618599547,-9.536056303151E-02));
#2064 = CARTESIAN_POINT('',(-0.729276530714,-3.20653118784E-02));
#2065 = CARTESIAN_POINT('',(-0.762233272586,3.126478682234E-02));
#2066 = CARTESIAN_POINT('',(-0.795320448422,9.456091374149E-02));
#2067 = CARTESIAN_POINT('',(-0.828806004964,0.157753164435));
#2068 = CARTESIAN_POINT('',(-0.86296869343,0.220768480759));
#2069 = CARTESIAN_POINT('',(-0.898107731572,0.283527754701));
#2070 = CARTESIAN_POINT('',(-0.934545698472,0.34594496136));
#2071 = CARTESIAN_POINT('',(-0.95995612513,0.387259610587));
#2072 = CARTESIAN_POINT('',(-0.973001400159,0.407826351696));
#2073 = ( GEOMETRIC_REPRESENTATION_CONTEXT(2) 
PARAMETRIC_REPRESENTATION_CONTEXT() REPRESENTATION_CONTEXT('2D SPACE',''
  ) );
#2074 = PCURVE('',#2075,#2080);
#2075 = TOROIDAL_SURFACE('',#2076,5.,1.);
#2076 = AXIS2_PLACEMENT_3D('',#2077,#2078,#2079);
#2077 = CARTESIAN_POINT('',(-14.28941916244,8.25,27.));
#2078 = DIRECTION('',(1.552520009395E-16,0.,1.));
#2079 = DIRECTION('',(1.,0.,-1.552520009395E-16));
#2080 = DEFINITIONAL_REPRESENTATION('',(#2081),#2085);
#2081 = LINE('',#2082,#2083);
#2082 = CARTESIAN_POINT('',(7.178281916689,-3.14159265359));
#2083 = VECTOR('',#2084,1.);
#2084 = DIRECTION('',(0.,1.));
#2085 = ( GEOMETRIC_REPRESENTATION_CONTEXT(2) 
PARAMETRIC_REPRESENTATION_CONTEXT() REPRESENTATION_CONTEXT('2D SPACE',''
  ) );
#2086 = ORIENTED_EDGE('',*,*,#2087,.F.);
#2087 = EDGE_CURVE('',#2088,#2030,#2090,.T.);
#2088 = VERTEX_POINT('',#2089);
#2089 = CARTESIAN_POINT('',(-11.83869906245,12.887792848613,27.));
#2090 = SURFACE_CURVE('',#2091,(#2096,#2125),.PCURVE_S1.);
#2091 = CIRCLE('',#2092,1.);
#2092 = AXIS2_PLACEMENT_3D('',#2093,#2094,#2095);
#2093 = CARTESIAN_POINT('',(-11.16220197316,12.151347542978,27.));
#2094 = DIRECTION('',(0.736445305635,0.676497089283,0.));
#2095 = DIRECTION('',(0.,-0.,1.));
#2096 = PCURVE('',#2041,#2097);
#2097 = DEFINITIONAL_REPRESENTATION('',(#2098),#2124);
#2098 = B_SPLINE_CURVE_WITH_KNOTS('',3,(#2099,#2100,#2101,#2102,#2103,
    #2104,#2105,#2106,#2107,#2108,#2109,#2110,#2111,#2112,#2113,#2114,
    #2115,#2116,#2117,#2118,#2119,#2120,#2121,#2122,#2123),
  .UNSPECIFIED.,.F.,.F.,(4,1,1,1,1,1,1,1,1,1,1,1,1,1,1,1,1,1,1,1,1,1,4),
  (4.712388980385,4.783788813421,4.855188646457,4.926588479493,
    4.997988312529,5.069388145565,5.140787978601,5.212187811638,
    5.283587644674,5.35498747771,5.426387310746,5.497787143782,
    5.569186976818,5.640586809854,5.711986642891,5.783386475927,
    5.854786308963,5.926186141999,5.997585975035,6.068985808071,
    6.140385641107,6.211785474143,6.28318530718),.QUASI_UNIFORM_KNOTS.);
#2099 = CARTESIAN_POINT('',(0.973001400159,0.407826351696));
#2100 = CARTESIAN_POINT('',(0.95995612513,0.387259610587));
#2101 = CARTESIAN_POINT('',(0.934545698472,0.34594496136));
#2102 = CARTESIAN_POINT('',(0.898107731572,0.283527754701));
#2103 = CARTESIAN_POINT('',(0.86296869343,0.220768480759));
#2104 = CARTESIAN_POINT('',(0.828806004964,0.157753164435));
#2105 = CARTESIAN_POINT('',(0.795320448422,9.456091374149E-02));
#2106 = CARTESIAN_POINT('',(0.762233272586,3.126478682234E-02));
#2107 = CARTESIAN_POINT('',(0.729276530714,-3.206531187841E-02));
#2108 = CARTESIAN_POINT('',(0.69618599547,-9.536056303151E-02));
#2109 = CARTESIAN_POINT('',(0.662693693993,-0.158551055753));
#2110 = CARTESIAN_POINT('',(0.628520415591,-0.221563592899));
#2111 = CARTESIAN_POINT('',(0.593367652165,-0.284319289649));
#2112 = CARTESIAN_POINT('',(0.556908646635,-0.346730833327));
#2113 = CARTESIAN_POINT('',(0.518778130015,-0.40869922501));
#2114 = CARTESIAN_POINT('',(0.478560311006,-0.470109781741));
#2115 = CARTESIAN_POINT('',(0.4357746764,-0.530827129922));
#2116 = CARTESIAN_POINT('',(0.389859188085,-0.590688790349));
#2117 = CARTESIAN_POINT('',(0.340150798397,-0.649497047083));
#2118 = CARTESIAN_POINT('',(0.285863315366,-0.707007978969));
#2119 = CARTESIAN_POINT('',(0.226065525656,-0.762919092288));
#2120 = CARTESIAN_POINT('',(0.15965876616,-0.81684715937));
#2121 = CARTESIAN_POINT('',(8.538085660639E-02,-0.868324963137));
#2122 = CARTESIAN_POINT('',(2.965045806505E-02,-0.900581193678));
#2123 = CARTESIAN_POINT('',(0.,-0.916094913401));
#2124 = ( GEOMETRIC_REPRESENTATION_CONTEXT(2) 
PARAMETRIC_REPRESENTATION_CONTEXT() REPRESENTATION_CONTEXT('2D SPACE',''
  ) );
#2125 = PCURVE('',#2126,#2131);
#2126 = TOROIDAL_SURFACE('',#2127,16.5,1.);
#2127 = AXIS2_PLACEMENT_3D('',#2128,#2129,#2130);
#2128 = CARTESIAN_POINT('',(0.,0.,27.));
#2129 = DIRECTION('',(-1.552520009395E-16,0.,-1.));
#2130 = DIRECTION('',(-1.,0.,1.552520009395E-16));
#2131 = DEFINITIONAL_REPRESENTATION('',(#2132),#2136);
#2132 = LINE('',#2133,#2134);
#2133 = CARTESIAN_POINT('',(0.827800658972,10.995574287564));
#2134 = VECTOR('',#2135,1.);
#2135 = DIRECTION('',(7.067899292141E-17,-1.));
#2136 = ( GEOMETRIC_REPRESENTATION_CONTEXT(2) 
PARAMETRIC_REPRESENTATION_CONTEXT() REPRESENTATION_CONTEXT('2D SPACE',''
  ) );
#2137 = ORIENTED_EDGE('',*,*,#2138,.F.);
#2138 = EDGE_CURVE('',#2032,#2088,#2139,.T.);
#2139 = SURFACE_CURVE('',#2140,(#2145,#2174),.PCURVE_S1.);
#2140 = CIRCLE('',#2141,1.);
#2141 = AXIS2_PLACEMENT_3D('',#2142,#2143,#2144);
#2142 = CARTESIAN_POINT('',(-11.16220197316,12.151347542978,27.));
#2143 = DIRECTION('',(0.,0.,-1.));
#2144 = DIRECTION('',(-0.676497089283,0.736445305635,0.));
#2145 = PCURVE('',#2041,#2146);
#2146 = DEFINITIONAL_REPRESENTATION('',(#2147),#2173);
#2147 = B_SPLINE_CURVE_WITH_KNOTS('',3,(#2148,#2149,#2150,#2151,#2152,
    #2153,#2154,#2155,#2156,#2157,#2158,#2159,#2160,#2161,#2162,#2163,
    #2164,#2165,#2166,#2167,#2168,#2169,#2170,#2171,#2172),
  .UNSPECIFIED.,.F.,.F.,(4,1,1,1,1,1,1,1,1,1,1,1,1,1,1,1,1,1,1,1,1,1,4),
  (4.560288038698,4.638601550902,4.716915063105,4.795228575309,
    4.873542087513,4.951855599716,5.03016911192,5.108482624124,
    5.186796136328,5.265109648531,5.343423160735,5.421736672939,
    5.500050185142,5.578363697346,5.65667720955,5.734990721754,
    5.813304233957,5.891617746161,5.969931258365,6.048244770568,
    6.126558282772,6.204871794976,6.28318530718),.QUASI_UNIFORM_KNOTS.);
#2148 = CARTESIAN_POINT('',(-0.973001400159,0.407826351696));
#2149 = CARTESIAN_POINT('',(-0.948433416211,0.420964080081));
#2150 = CARTESIAN_POINT('',(-0.898445113486,0.446584851057));
#2151 = CARTESIAN_POINT('',(-0.820746573849,0.482745297936));
#2152 = CARTESIAN_POINT('',(-0.740149246125,0.51633348948));
#2153 = CARTESIAN_POINT('',(-0.656553102933,0.547030007354));
#2154 = CARTESIAN_POINT('',(-0.569936367776,0.574510477333));
#2155 = CARTESIAN_POINT('',(-0.480381303748,0.598452148248));
#2156 = CARTESIAN_POINT('',(-0.388089087011,0.618545570126));
#2157 = CARTESIAN_POINT('',(-0.293390337152,0.634507915685));
#2158 = CARTESIAN_POINT('',(-0.196744687083,0.64609780066));
#2159 = CARTESIAN_POINT('',(-9.872712378312E-02,0.653129854895));
#2160 = CARTESIAN_POINT('',(2.825715713273E-14,0.655487192644));
#2161 = CARTESIAN_POINT('',(9.872712378316E-02,0.653129854895));
#2162 = CARTESIAN_POINT('',(0.196744687083,0.64609780066));
#2163 = CARTESIAN_POINT('',(0.293390337152,0.634507915685));
#2164 = CARTESIAN_POINT('',(0.388089087011,0.618545570126));
#2165 = CARTESIAN_POINT('',(0.480381303748,0.598452148248));
#2166 = CARTESIAN_POINT('',(0.569936367776,0.574510477333));
#2167 = CARTESIAN_POINT('',(0.656553102933,0.547030007354));
#2168 = CARTESIAN_POINT('',(0.740149246125,0.51633348948));
#2169 = CARTESIAN_POINT('',(0.820746573849,0.482745297936));
#2170 = CARTESIAN_POINT('',(0.898445113486,0.446584851057));
#2171 = CARTESIAN_POINT('',(0.948433416211,0.420964080081));
#2172 = CARTESIAN_POINT('',(0.973001400159,0.407826351696));
#2173 = ( GEOMETRIC_REPRESENTATION_CONTEXT(2) 
PARAMETRIC_REPRESENTATION_CONTEXT() REPRESENTATION_CONTEXT('2D SPACE',''
  ) );
#2174 = PCURVE('',#1230,#2175);
#2175 = DEFINITIONAL_REPRESENTATION('',(#2176),#2180);
#2176 = LINE('',#2177,#2178);
#2177 = CARTESIAN_POINT('',(0.861448634241,1.));
#2178 = VECTOR('',#2179,1.);
#2179 = DIRECTION('',(1.,0.));
#2180 = ( GEOMETRIC_REPRESENTATION_CONTEXT(2) 
PARAMETRIC_REPRESENTATION_CONTEXT() REPRESENTATION_CONTEXT('2D SPACE',''
  ) );
#2181 = ADVANCED_FACE('',(#2182),#2197,.F.);
#2182 = FACE_BOUND('',#2183,.F.);
#2183 = EDGE_LOOP('',(#2184,#2237,#2283));
#2184 = ORIENTED_EDGE('',*,*,#2185,.F.);
#2185 = EDGE_CURVE('',#2186,#2188,#2190,.T.);
#2186 = VERTEX_POINT('',#2187);
#2187 = CARTESIAN_POINT('',(-15.7414651517,4.522861359558,27.));
#2188 = VERTEX_POINT('',#2189);
#2189 = CARTESIAN_POINT('',(-16.10447664901,3.591076699447,28.));
#2190 = SURFACE_CURVE('',#2191,(#2196,#2230),.PCURVE_S1.);
#2191 = CIRCLE('',#2192,1.);
#2192 = AXIS2_PLACEMENT_3D('',#2193,#2194,#2195);
#2193 = CARTESIAN_POINT('',(-16.10447664901,3.591076699447,27.));
#2194 = DIRECTION('',(0.931784660111,-0.363011497314,0.));
#2195 = DIRECTION('',(0.,0.,1.));
#2196 = PCURVE('',#2197,#2202);
#2197 = SPHERICAL_SURFACE('',#2198,1.);
#2198 = AXIS2_PLACEMENT_3D('',#2199,#2200,#2201);
#2199 = CARTESIAN_POINT('',(-16.10447664901,3.591076699447,27.));
#2200 = DIRECTION('',(-0.927718715876,-0.281618579079,-0.245008081767));
#2201 = DIRECTION('',(-0.373280034577,0.699911065016,0.608922422689));
#2202 = DEFINITIONAL_REPRESENTATION('',(#2203),#2229);
#2203 = B_SPLINE_CURVE_WITH_KNOTS('',3,(#2204,#2205,#2206,#2207,#2208,
    #2209,#2210,#2211,#2212,#2213,#2214,#2215,#2216,#2217,#2218,#2219,
    #2220,#2221,#2222,#2223,#2224,#2225,#2226,#2227,#2228),
  .UNSPECIFIED.,.F.,.F.,(4,1,1,1,1,1,1,1,1,1,1,1,1,1,1,1,1,1,1,1,1,1,4),
  (4.712388980385,4.783788813421,4.855188646457,4.926588479493,
    4.997988312529,5.069388145565,5.140787978601,5.212187811638,
    5.283587644674,5.35498747771,5.426387310746,5.497787143782,
    5.569186976818,5.640586809854,5.711986642891,5.783386475927,
    5.854786308963,5.926186141999,5.997585975035,6.068985808071,
    6.140385641107,6.211785474143,6.28318530718),.QUASI_UNIFORM_KNOTS.);
#2204 = CARTESIAN_POINT('',(7.152524469834,-0.642477042038));
#2205 = CARTESIAN_POINT('',(7.124233538489,-0.649763232237));
#2206 = CARTESIAN_POINT('',(7.066688180741,-0.663172634039));
#2207 = CARTESIAN_POINT('',(6.977893214659,-0.679574743784));
#2208 = CARTESIAN_POINT('',(6.886989540407,-0.692025615736));
#2209 = CARTESIAN_POINT('',(6.794504049773,-0.700342661914));
#2210 = CARTESIAN_POINT('',(6.70104498006,-0.704395628197));
#2211 = CARTESIAN_POINT('',(6.607284389523,-0.704119818321));
#2212 = CARTESIAN_POINT('',(6.513912779484,-0.699519634142));
#2213 = CARTESIAN_POINT('',(6.421596033892,-0.690668557653));
#2214 = CARTESIAN_POINT('',(6.330934629213,-0.677703777312));
#2215 = CARTESIAN_POINT('',(6.242432390015,-0.660816844224));
#2216 = CARTESIAN_POINT('',(6.156477522395,-0.640241688165));
#2217 = CARTESIAN_POINT('',(6.073336490047,-0.616241679419));
#2218 = CARTESIAN_POINT('',(5.993158835706,-0.589097199652));
#2219 = CARTESIAN_POINT('',(5.915989778604,-0.559094785541));
#2220 = CARTESIAN_POINT('',(5.841787125774,-0.526518424775));
#2221 = CARTESIAN_POINT('',(5.770439504741,-0.491643154901));
#2222 = CARTESIAN_POINT('',(5.701783750751,-0.454730829328));
#2223 = CARTESIAN_POINT('',(5.635620149468,-0.416027680017));
#2224 = CARTESIAN_POINT('',(5.571724951347,-0.375763481722));
#2225 = CARTESIAN_POINT('',(5.509860093023,-0.334151243934));
#2226 = CARTESIAN_POINT('',(5.44978031099,-0.291389723213));
#2227 = CARTESIAN_POINT('',(5.410752219493,-0.262235731111));
#2228 = CARTESIAN_POINT('',(5.391453312529,-0.24752802836));
#2229 = ( GEOMETRIC_REPRESENTATION_CONTEXT(2) 
PARAMETRIC_REPRESENTATION_CONTEXT() REPRESENTATION_CONTEXT('2D SPACE',''
  ) );
#2230 = PCURVE('',#2075,#2231);
#2231 = DEFINITIONAL_REPRESENTATION('',(#2232),#2236);
#2232 = LINE('',#2233,#2234);
#2233 = CARTESIAN_POINT('',(4.340891146473,7.853981633974));
#2234 = VECTOR('',#2235,1.);
#2235 = DIRECTION('',(1.696295830114E-15,-1.));
#2236 = ( GEOMETRIC_REPRESENTATION_CONTEXT(2) 
PARAMETRIC_REPRESENTATION_CONTEXT() REPRESENTATION_CONTEXT('2D SPACE',''
  ) );
#2237 = ORIENTED_EDGE('',*,*,#2238,.F.);
#2238 = EDGE_CURVE('',#2239,#2186,#2241,.T.);
#2239 = VERTEX_POINT('',#2240);
#2240 = CARTESIAN_POINT('',(-17.08050553683,3.808717711535,27.));
#2241 = SURFACE_CURVE('',#2242,(#2247,#2276),.PCURVE_S1.);
#2242 = CIRCLE('',#2243,1.);
#2243 = AXIS2_PLACEMENT_3D('',#2244,#2245,#2246);
#2244 = CARTESIAN_POINT('',(-16.10447664901,3.591076699447,27.));
#2245 = DIRECTION('',(-4.186286078767E-15,1.630924013559E-15,-1.));
#2246 = DIRECTION('',(0.363011497314,0.931784660111,1.951748572799E-30)
  );
#2247 = PCURVE('',#2197,#2248);
#2248 = DEFINITIONAL_REPRESENTATION('',(#2249),#2275);
#2249 = B_SPLINE_CURVE_WITH_KNOTS('',3,(#2250,#2251,#2252,#2253,#2254,
    #2255,#2256,#2257,#2258,#2259,#2260,#2261,#2262,#2263,#2264,#2265,
    #2266,#2267,#2268,#2269,#2270,#2271,#2272,#2273,#2274),
  .UNSPECIFIED.,.F.,.F.,(4,1,1,1,1,1,1,1,1,1,1,1,1,1,1,1,1,1,1,1,1,1,4),
  (4.560288038698,4.638601550902,4.716915063105,4.795228575309,
    4.873542087513,4.951855599716,5.03016911192,5.108482624124,
    5.186796136328,5.265109648531,5.343423160735,5.421736672939,
    5.500050185142,5.578363697346,5.65667720955,5.734990721754,
    5.813304233957,5.891617746161,5.969931258365,6.048244770568,
    6.126558282772,6.204871794976,6.28318530718),.QUASI_UNIFORM_KNOTS.);
#2250 = CARTESIAN_POINT('',(6.552936762347,1.005049522095));
#2251 = CARTESIAN_POINT('',(6.575092259821,0.98181530742));
#2252 = CARTESIAN_POINT('',(6.614926929174,0.934738127267));
#2253 = CARTESIAN_POINT('',(6.664011157327,0.86268445044));
#2254 = CARTESIAN_POINT('',(6.705560561729,0.789637163238));
#2255 = CARTESIAN_POINT('',(6.741406965246,0.715844735462));
#2256 = CARTESIAN_POINT('',(6.772948636702,0.641495182561));
#2257 = CARTESIAN_POINT('',(6.801181432965,0.566720009577));
#2258 = CARTESIAN_POINT('',(6.826858486554,0.491617751205));
#2259 = CARTESIAN_POINT('',(6.850556765068,0.416263195996));
#2260 = CARTESIAN_POINT('',(6.872732116548,0.340715033265));
#2261 = CARTESIAN_POINT('',(6.893754385725,0.265020604862));
#2262 = CARTESIAN_POINT('',(6.913933138705,0.189219355124));
#2263 = CARTESIAN_POINT('',(6.933536393265,0.11334531052));
#2264 = CARTESIAN_POINT('',(6.952805104793,3.742898124029E-02));
#2265 = CARTESIAN_POINT('',(6.971964975042,-3.850110004447E-02));
#2266 = CARTESIAN_POINT('',(6.9912368133,-0.114417034251));
#2267 = CARTESIAN_POINT('',(7.010846479035,-0.190290268195));
#2268 = CARTESIAN_POINT('',(7.03103515629,-0.266090262335));
#2269 = CARTESIAN_POINT('',(7.052071590463,-0.341782894429));
#2270 = CARTESIAN_POINT('',(7.074265123547,-0.417328753006));
#2271 = CARTESIAN_POINT('',(7.097990095786,-0.492679894679));
#2272 = CARTESIAN_POINT('',(7.123690804896,-0.567779186806));
#2273 = CARTESIAN_POINT('',(7.142560095336,-0.617623093507));
#2274 = CARTESIAN_POINT('',(7.152524469834,-0.642477042038));
#2275 = ( GEOMETRIC_REPRESENTATION_CONTEXT(2) 
PARAMETRIC_REPRESENTATION_CONTEXT() REPRESENTATION_CONTEXT('2D SPACE',''
  ) );
#2276 = PCURVE('',#1400,#2277);
#2277 = DEFINITIONAL_REPRESENTATION('',(#2278),#2282);
#2278 = LINE('',#2279,#2280);
#2279 = CARTESIAN_POINT('',(11.704921980118,-1.));
#2280 = VECTOR('',#2281,1.);
#2281 = DIRECTION('',(-1.,-2.062057758053E-15));
#2282 = ( GEOMETRIC_REPRESENTATION_CONTEXT(2) 
PARAMETRIC_REPRESENTATION_CONTEXT() REPRESENTATION_CONTEXT('2D SPACE',''
  ) );
#2283 = ORIENTED_EDGE('',*,*,#2284,.F.);
#2284 = EDGE_CURVE('',#2188,#2239,#2285,.T.);
#2285 = SURFACE_CURVE('',#2286,(#2291,#2320),.PCURVE_S1.);
#2286 = CIRCLE('',#2287,1.);
#2287 = AXIS2_PLACEMENT_3D('',#2288,#2289,#2290);
#2288 = CARTESIAN_POINT('',(-16.10447664901,3.591076699447,27.));
#2289 = DIRECTION('',(-0.217641012088,-0.976028887819,0.));
#2290 = DIRECTION('',(-0.976028887819,0.217641012088,0.));
#2291 = PCURVE('',#2197,#2292);
#2292 = DEFINITIONAL_REPRESENTATION('',(#2293),#2319);
#2293 = B_SPLINE_CURVE_WITH_KNOTS('',3,(#2294,#2295,#2296,#2297,#2298,
    #2299,#2300,#2301,#2302,#2303,#2304,#2305,#2306,#2307,#2308,#2309,
    #2310,#2311,#2312,#2313,#2314,#2315,#2316,#2317,#2318),
  .UNSPECIFIED.,.F.,.F.,(4,1,1,1,1,1,1,1,1,1,1,1,1,1,1,1,1,1,1,1,1,1,4),
  (4.712388980385,4.783788813421,4.855188646457,4.926588479493,
    4.997988312529,5.069388145565,5.140787978601,5.212187811638,
    5.283587644674,5.35498747771,5.426387310746,5.497787143782,
    5.569186976818,5.640586809854,5.711986642891,5.783386475927,
    5.854786308963,5.926186141999,5.997585975035,6.068985808071,
    6.140385641107,6.211785474143,6.28318530718),.QUASI_UNIFORM_KNOTS.);
#2294 = CARTESIAN_POINT('',(5.391453312529,-0.24752802836));
#2295 = CARTESIAN_POINT('',(5.403523499561,-0.226804217284));
#2296 = CARTESIAN_POINT('',(5.427291459486,-0.185254900314));
#2297 = CARTESIAN_POINT('',(5.462116004221,-0.122705255688));
#2298 = CARTESIAN_POINT('',(5.496409368287,-6.001132905748E-02));
#2299 = CARTESIAN_POINT('',(5.530445480917,2.75239401177E-03));
#2300 = CARTESIAN_POINT('',(5.564493419442,6.55129070936E-02));
#2301 = CARTESIAN_POINT('',(5.598822018176,0.128197281109));
#2302 = CARTESIAN_POINT('',(5.633707845656,0.190730212167));
#2303 = CARTESIAN_POINT('',(5.669442617057,0.253031716838));
#2304 = CARTESIAN_POINT('',(5.706341512197,0.31501448232));
#2305 = CARTESIAN_POINT('',(5.744752442035,0.376580807777));
#2306 = CARTESIAN_POINT('',(5.785066710076,0.437618919136));
#2307 = CARTESIAN_POINT('',(5.827731406866,0.497998424477));
#2308 = CARTESIAN_POINT('',(5.87326384883,0.557564607286));
#2309 = CARTESIAN_POINT('',(5.922268166007,0.6161311784));
#2310 = CARTESIAN_POINT('',(5.975453762016,0.673471038517));
#2311 = CARTESIAN_POINT('',(6.033654221655,0.729304497355));
#2312 = CARTESIAN_POINT('',(6.097844199383,0.783284582437));
#2313 = CARTESIAN_POINT('',(6.16914546672,0.834978666545));
#2314 = CARTESIAN_POINT('',(6.248818573362,0.883848675993));
#2315 = CARTESIAN_POINT('',(6.338186343677,0.929224960883));
#2316 = CARTESIAN_POINT('',(6.438578622397,0.970304747226));
#2317 = CARTESIAN_POINT('',(6.513396055423,0.99416105631));
#2318 = CARTESIAN_POINT('',(6.552936762347,1.005049522095));
#2319 = ( GEOMETRIC_REPRESENTATION_CONTEXT(2) 
PARAMETRIC_REPRESENTATION_CONTEXT() REPRESENTATION_CONTEXT('2D SPACE',''
  ) );
#2320 = PCURVE('',#2321,#2326);
#2321 = TOROIDAL_SURFACE('',#2322,16.5,1.);
#2322 = AXIS2_PLACEMENT_3D('',#2323,#2324,#2325);
#2323 = CARTESIAN_POINT('',(0.,0.,27.));
#2324 = DIRECTION('',(-1.552520009395E-16,0.,-1.));
#2325 = DIRECTION('',(-1.,0.,1.552520009395E-16));
#2326 = DEFINITIONAL_REPRESENTATION('',(#2327),#2331);
#2327 = LINE('',#2328,#2329);
#2328 = CARTESIAN_POINT('',(6.502582199404,1.06581410364E-14));
#2329 = VECTOR('',#2330,1.);
#2330 = DIRECTION('',(0.,1.));
#2331 = ( GEOMETRIC_REPRESENTATION_CONTEXT(2) 
PARAMETRIC_REPRESENTATION_CONTEXT() REPRESENTATION_CONTEXT('2D SPACE',''
  ) );
#2332 = ADVANCED_FACE('',(#2333),#1400,.F.);
#2333 = FACE_BOUND('',#2334,.F.);
#2334 = EDGE_LOOP('',(#2335,#2356,#2357,#2378));
#2335 = ORIENTED_EDGE('',*,*,#2336,.F.);
#2336 = EDGE_CURVE('',#2239,#1358,#2337,.T.);
#2337 = SURFACE_CURVE('',#2338,(#2342,#2349),.PCURVE_S1.);
#2338 = LINE('',#2339,#2340);
#2339 = CARTESIAN_POINT('',(-17.08050553683,3.808717711535,28.));
#2340 = VECTOR('',#2341,1.);
#2341 = DIRECTION('',(0.,0.,-1.));
#2342 = PCURVE('',#1400,#2343);
#2343 = DEFINITIONAL_REPRESENTATION('',(#2344),#2348);
#2344 = LINE('',#2345,#2346);
#2345 = CARTESIAN_POINT('',(7.14463394142,0.));
#2346 = VECTOR('',#2347,1.);
#2347 = DIRECTION('',(0.,-1.));
#2348 = ( GEOMETRIC_REPRESENTATION_CONTEXT(2) 
PARAMETRIC_REPRESENTATION_CONTEXT() REPRESENTATION_CONTEXT('2D SPACE',''
  ) );
#2349 = PCURVE('',#1433,#2350);
#2350 = DEFINITIONAL_REPRESENTATION('',(#2351),#2355);
#2351 = LINE('',#2352,#2353);
#2352 = CARTESIAN_POINT('',(0.742995667823,0.));
#2353 = VECTOR('',#2354,1.);
#2354 = DIRECTION('',(0.,1.));
#2355 = ( GEOMETRIC_REPRESENTATION_CONTEXT(2) 
PARAMETRIC_REPRESENTATION_CONTEXT() REPRESENTATION_CONTEXT('2D SPACE',''
  ) );
#2356 = ORIENTED_EDGE('',*,*,#2238,.T.);
#2357 = ORIENTED_EDGE('',*,*,#2358,.F.);
#2358 = EDGE_CURVE('',#1247,#2186,#2359,.T.);
#2359 = SURFACE_CURVE('',#2360,(#2364,#2371),.PCURVE_S1.);
#2360 = LINE('',#2361,#2362);
#2361 = CARTESIAN_POINT('',(-15.7414651517,4.522861359558,28.));
#2362 = VECTOR('',#2363,1.);
#2363 = DIRECTION('',(0.,0.,1.));
#2364 = PCURVE('',#1400,#2365);
#2365 = DEFINITIONAL_REPRESENTATION('',(#2366),#2370);
#2366 = LINE('',#2367,#2368);
#2367 = CARTESIAN_POINT('',(5.421736672939,0.));
#2368 = VECTOR('',#2369,1.);
#2369 = DIRECTION('',(0.,1.));
#2370 = ( GEOMETRIC_REPRESENTATION_CONTEXT(2) 
PARAMETRIC_REPRESENTATION_CONTEXT() REPRESENTATION_CONTEXT('2D SPACE',''
  ) );
#2371 = PCURVE('',#1314,#2372);
#2372 = DEFINITIONAL_REPRESENTATION('',(#2373),#2377);
#2373 = LINE('',#2374,#2375);
#2374 = CARTESIAN_POINT('',(6.131084365493,0.));
#2375 = VECTOR('',#2376,1.);
#2376 = DIRECTION('',(0.,-1.));
#2377 = ( GEOMETRIC_REPRESENTATION_CONTEXT(2) 
PARAMETRIC_REPRESENTATION_CONTEXT() REPRESENTATION_CONTEXT('2D SPACE',''
  ) );
#2378 = ORIENTED_EDGE('',*,*,#1385,.T.);
#2379 = ADVANCED_FACE('',(#2380),#2075,.F.);
#2380 = FACE_BOUND('',#2381,.F.);
#2381 = EDGE_LOOP('',(#2382,#2404,#2405,#2432));
#2382 = ORIENTED_EDGE('',*,*,#2383,.F.);
#2383 = EDGE_CURVE('',#2186,#2032,#2384,.T.);
#2384 = SURFACE_CURVE('',#2385,(#2390,#2397),.PCURVE_S1.);
#2385 = CIRCLE('',#2386,4.);
#2386 = AXIS2_PLACEMENT_3D('',#2387,#2388,#2389);
#2387 = CARTESIAN_POINT('',(-14.28941916244,8.25,27.));
#2388 = DIRECTION('',(1.552520009395E-16,-2.759084438481E-33,1.));
#2389 = DIRECTION('',(0.866025403784,-0.5,-1.344521768019E-16));
#2390 = PCURVE('',#2075,#2391);
#2391 = DEFINITIONAL_REPRESENTATION('',(#2392),#2396);
#2392 = LINE('',#2393,#2394);
#2393 = CARTESIAN_POINT('',(-0.523598775598,3.14159265359));
#2394 = VECTOR('',#2395,1.);
#2395 = DIRECTION('',(1.,0.));
#2396 = ( GEOMETRIC_REPRESENTATION_CONTEXT(2) 
PARAMETRIC_REPRESENTATION_CONTEXT() REPRESENTATION_CONTEXT('2D SPACE',''
  ) );
#2397 = PCURVE('',#1314,#2398);
#2398 = DEFINITIONAL_REPRESENTATION('',(#2399),#2403);
#2399 = LINE('',#2400,#2401);
#2400 = CARTESIAN_POINT('',(10.995574287564,1.));
#2401 = VECTOR('',#2402,1.);
#2402 = DIRECTION('',(-1.,0.));
#2403 = ( GEOMETRIC_REPRESENTATION_CONTEXT(2) 
PARAMETRIC_REPRESENTATION_CONTEXT() REPRESENTATION_CONTEXT('2D SPACE',''
  ) );
#2404 = ORIENTED_EDGE('',*,*,#2185,.T.);
#2405 = ORIENTED_EDGE('',*,*,#2406,.F.);
#2406 = EDGE_CURVE('',#2030,#2188,#2407,.T.);
#2407 = SURFACE_CURVE('',#2408,(#2413,#2420),.PCURVE_S1.);
#2408 = CIRCLE('',#2409,5.);
#2409 = AXIS2_PLACEMENT_3D('',#2410,#2411,#2412);
#2410 = CARTESIAN_POINT('',(-14.28941916244,8.25,28.));
#2411 = DIRECTION('',(-1.552520009395E-16,2.759084438481E-33,-1.));
#2412 = DIRECTION('',(0.866025403784,-0.5,-1.344521768019E-16));
#2413 = PCURVE('',#2075,#2414);
#2414 = DEFINITIONAL_REPRESENTATION('',(#2415),#2419);
#2415 = LINE('',#2416,#2417);
#2416 = CARTESIAN_POINT('',(12.042771838761,1.570796326795));
#2417 = VECTOR('',#2418,1.);
#2418 = DIRECTION('',(-1.,3.130264710181E-16));
#2419 = ( GEOMETRIC_REPRESENTATION_CONTEXT(2) 
PARAMETRIC_REPRESENTATION_CONTEXT() REPRESENTATION_CONTEXT('2D SPACE',''
  ) );
#2420 = PCURVE('',#2421,#2426);
#2421 = PLANE('',#2422);
#2422 = AXIS2_PLACEMENT_3D('',#2423,#2424,#2425);
#2423 = CARTESIAN_POINT('',(21.,0.,28.));
#2424 = DIRECTION('',(-1.552520009395E-16,0.,-1.));
#2425 = DIRECTION('',(-1.,0.,1.552520009395E-16));
#2426 = DEFINITIONAL_REPRESENTATION('',(#2427),#2431);
#2427 = CIRCLE('',#2428,5.);
#2428 = AXIS2_PLACEMENT_2D('',#2429,#2430);
#2429 = CARTESIAN_POINT('',(35.289419162443,8.25));
#2430 = DIRECTION('',(-0.866025403784,-0.5));
#2431 = ( GEOMETRIC_REPRESENTATION_CONTEXT(2) 
PARAMETRIC_REPRESENTATION_CONTEXT() REPRESENTATION_CONTEXT('2D SPACE',''
  ) );
#2432 = ORIENTED_EDGE('',*,*,#2029,.T.);
#2433 = ADVANCED_FACE('',(#2434),#1596,.F.);
#2434 = FACE_BOUND('',#2435,.F.);
#2435 = EDGE_LOOP('',(#2436,#2482,#2483));
#2436 = ORIENTED_EDGE('',*,*,#2437,.F.);
#2437 = EDGE_CURVE('',#1580,#2438,#2440,.T.);
#2438 = VERTEX_POINT('',#2439);
#2439 = CARTESIAN_POINT('',(11.162201973167,12.151347542977,28.));
#2440 = SURFACE_CURVE('',#2441,(#2446,#2475),.PCURVE_S1.);
#2441 = CIRCLE('',#2442,1.);
#2442 = AXIS2_PLACEMENT_3D('',#2443,#2444,#2445);
#2443 = CARTESIAN_POINT('',(11.162201973167,12.151347542977,27.));
#2444 = DIRECTION('',(-0.780269508595,-0.625443437855,0.));
#2445 = DIRECTION('',(0.,0.,1.));
#2446 = PCURVE('',#1596,#2447);
#2447 = DEFINITIONAL_REPRESENTATION('',(#2448),#2474);
#2448 = B_SPLINE_CURVE_WITH_KNOTS('',3,(#2449,#2450,#2451,#2452,#2453,
    #2454,#2455,#2456,#2457,#2458,#2459,#2460,#2461,#2462,#2463,#2464,
    #2465,#2466,#2467,#2468,#2469,#2470,#2471,#2472,#2473),
  .UNSPECIFIED.,.F.,.F.,(4,1,1,1,1,1,1,1,1,1,1,1,1,1,1,1,1,1,1,1,1,1,4),
  (4.712388980385,4.783788813421,4.855188646457,4.926588479493,
    4.997988312529,5.069388145565,5.140787978601,5.212187811638,
    5.283587644674,5.35498747771,5.426387310746,5.497787143782,
    5.569186976818,5.640586809854,5.711986642891,5.783386475927,
    5.854786308963,5.926186141999,5.997585975035,6.068985808071,
    6.140385641107,6.211785474143,6.28318530718),.QUASI_UNIFORM_KNOTS.);
#2449 = CARTESIAN_POINT('',(7.256186707339,0.407826351696));
#2450 = CARTESIAN_POINT('',(7.24314143231,0.387259610587));
#2451 = CARTESIAN_POINT('',(7.217731005652,0.34594496136));
#2452 = CARTESIAN_POINT('',(7.181293038751,0.283527754701));
#2453 = CARTESIAN_POINT('',(7.14615400061,0.220768480759));
#2454 = CARTESIAN_POINT('',(7.111991312144,0.157753164435));
#2455 = CARTESIAN_POINT('',(7.078505755602,9.456091374149E-02));
#2456 = CARTESIAN_POINT('',(7.045418579766,3.126478682234E-02));
#2457 = CARTESIAN_POINT('',(7.012461837894,-3.206531187841E-02));
#2458 = CARTESIAN_POINT('',(6.979371302649,-9.536056303151E-02));
#2459 = CARTESIAN_POINT('',(6.945879001173,-0.158551055753));
#2460 = CARTESIAN_POINT('',(6.91170572277,-0.221563592899));
#2461 = CARTESIAN_POINT('',(6.876552959345,-0.284319289649));
#2462 = CARTESIAN_POINT('',(6.840093953815,-0.346730833327));
#2463 = CARTESIAN_POINT('',(6.801963437194,-0.40869922501));
#2464 = CARTESIAN_POINT('',(6.761745618185,-0.470109781741));
#2465 = CARTESIAN_POINT('',(6.718959983579,-0.530827129922));
#2466 = CARTESIAN_POINT('',(6.673044495264,-0.590688790349));
#2467 = CARTESIAN_POINT('',(6.623336105577,-0.649497047083));
#2468 = CARTESIAN_POINT('',(6.569048622546,-0.707007978969));
#2469 = CARTESIAN_POINT('',(6.509250832835,-0.762919092288));
#2470 = CARTESIAN_POINT('',(6.442844073339,-0.81684715937));
#2471 = CARTESIAN_POINT('',(6.368566163786,-0.868324963137));
#2472 = CARTESIAN_POINT('',(6.312835765245,-0.900581193678));
#2473 = CARTESIAN_POINT('',(6.28318530718,-0.916094913401));
#2474 = ( GEOMETRIC_REPRESENTATION_CONTEXT(2) 
PARAMETRIC_REPRESENTATION_CONTEXT() REPRESENTATION_CONTEXT('2D SPACE',''
  ) );
#2475 = PCURVE('',#1694,#2476);
#2476 = DEFINITIONAL_REPRESENTATION('',(#2477),#2481);
#2477 = LINE('',#2478,#2479);
#2478 = CARTESIAN_POINT('',(4.864489922071,7.853981633974));
#2479 = VECTOR('',#2480,1.);
#2480 = DIRECTION('',(-1.130863886743E-15,-1.));
#2481 = ( GEOMETRIC_REPRESENTATION_CONTEXT(2) 
PARAMETRIC_REPRESENTATION_CONTEXT() REPRESENTATION_CONTEXT('2D SPACE',''
  ) );
#2482 = ORIENTED_EDGE('',*,*,#1579,.F.);
#2483 = ORIENTED_EDGE('',*,*,#2484,.F.);
#2484 = EDGE_CURVE('',#2438,#1557,#2485,.T.);
#2485 = SURFACE_CURVE('',#2486,(#2491,#2520),.PCURVE_S1.);
#2486 = CIRCLE('',#2487,1.);
#2487 = AXIS2_PLACEMENT_3D('',#2488,#2489,#2490);
#2488 = CARTESIAN_POINT('',(11.162201973167,12.151347542977,27.));
#2489 = DIRECTION('',(-0.736445305635,0.676497089283,6.274724717227E-15)
  );
#2490 = DIRECTION('',(0.676497089283,0.736445305635,-1.142121553137E-31)
  );
#2491 = PCURVE('',#1596,#2492);
#2492 = DEFINITIONAL_REPRESENTATION('',(#2493),#2519);
#2493 = B_SPLINE_CURVE_WITH_KNOTS('',3,(#2494,#2495,#2496,#2497,#2498,
    #2499,#2500,#2501,#2502,#2503,#2504,#2505,#2506,#2507,#2508,#2509,
    #2510,#2511,#2512,#2513,#2514,#2515,#2516,#2517,#2518),
  .UNSPECIFIED.,.F.,.F.,(4,1,1,1,1,1,1,1,1,1,1,1,1,1,1,1,1,1,1,1,1,1,4),
  (4.712388980385,4.783788813421,4.855188646457,4.926588479493,
    4.997988312529,5.069388145565,5.140787978601,5.212187811638,
    5.283587644674,5.35498747771,5.426387310746,5.497787143782,
    5.569186976818,5.640586809854,5.711986642891,5.783386475927,
    5.854786308963,5.926186141999,5.997585975035,6.068985808071,
    6.140385641107,6.211785474143,6.28318530718),.QUASI_UNIFORM_KNOTS.);
#2494 = CARTESIAN_POINT('',(6.28318530718,-0.916094913401));
#2495 = CARTESIAN_POINT('',(6.253534849115,-0.900581193678));
#2496 = CARTESIAN_POINT('',(6.197804450573,-0.868324963137));
#2497 = CARTESIAN_POINT('',(6.12352654102,-0.81684715937));
#2498 = CARTESIAN_POINT('',(6.057119781524,-0.762919092288));
#2499 = CARTESIAN_POINT('',(5.997321991813,-0.707007978969));
#2500 = CARTESIAN_POINT('',(5.943034508782,-0.649497047083));
#2501 = CARTESIAN_POINT('',(5.893326119095,-0.590688790349));
#2502 = CARTESIAN_POINT('',(5.84741063078,-0.530827129922));
#2503 = CARTESIAN_POINT('',(5.804624996174,-0.470109781741));
#2504 = CARTESIAN_POINT('',(5.764407177165,-0.40869922501));
#2505 = CARTESIAN_POINT('',(5.726276660544,-0.346730833327));
#2506 = CARTESIAN_POINT('',(5.689817655014,-0.284319289649));
#2507 = CARTESIAN_POINT('',(5.654664891589,-0.221563592899));
#2508 = CARTESIAN_POINT('',(5.620491613186,-0.158551055753));
#2509 = CARTESIAN_POINT('',(5.58699931171,-9.536056303151E-02));
#2510 = CARTESIAN_POINT('',(5.553908776465,-3.206531187841E-02));
#2511 = CARTESIAN_POINT('',(5.520952034593,3.126478682234E-02));
#2512 = CARTESIAN_POINT('',(5.487864858757,9.456091374149E-02));
#2513 = CARTESIAN_POINT('',(5.454379302215,0.157753164435));
#2514 = CARTESIAN_POINT('',(5.42021661375,0.220768480759));
#2515 = CARTESIAN_POINT('',(5.385077575608,0.283527754701));
#2516 = CARTESIAN_POINT('',(5.348639608707,0.34594496136));
#2517 = CARTESIAN_POINT('',(5.32322918205,0.387259610587));
#2518 = CARTESIAN_POINT('',(5.31018390702,0.407826351696));
#2519 = ( GEOMETRIC_REPRESENTATION_CONTEXT(2) 
PARAMETRIC_REPRESENTATION_CONTEXT() REPRESENTATION_CONTEXT('2D SPACE',''
  ) );
#2520 = PCURVE('',#2126,#2521);
#2521 = DEFINITIONAL_REPRESENTATION('',(#2522),#2526);
#2522 = LINE('',#2523,#2524);
#2523 = CARTESIAN_POINT('',(2.313791994618,1.24344978758E-14));
#2524 = VECTOR('',#2525,1.);
#2525 = DIRECTION('',(0.,1.));
#2526 = ( GEOMETRIC_REPRESENTATION_CONTEXT(2) 
PARAMETRIC_REPRESENTATION_CONTEXT() REPRESENTATION_CONTEXT('2D SPACE',''
  ) );
#2527 = ADVANCED_FACE('',(#2528),#2541,.F.);
#2528 = FACE_BOUND('',#2529,.F.);
#2529 = EDGE_LOOP('',(#2530,#2581,#2627));
#2530 = ORIENTED_EDGE('',*,*,#2531,.F.);
#2531 = EDGE_CURVE('',#2532,#1921,#2534,.T.);
#2532 = VERTEX_POINT('',#2533);
#2533 = CARTESIAN_POINT('',(-4.942274675849,-15.74242424242,28.));
#2534 = SURFACE_CURVE('',#2535,(#2540,#2574),.PCURVE_S1.);
#2535 = CIRCLE('',#2536,1.);
#2536 = AXIS2_PLACEMENT_3D('',#2537,#2538,#2539);
#2537 = CARTESIAN_POINT('',(-4.942274675849,-15.74242424242,27.));
#2538 = DIRECTION('',(0.151515151515,0.98845493517,-2.363026465451E-15)
  );
#2539 = DIRECTION('',(0.98845493517,-0.151515151515,2.043223318733E-32)
  );
#2540 = PCURVE('',#2541,#2546);
#2541 = SPHERICAL_SURFACE('',#2542,1.);
#2542 = AXIS2_PLACEMENT_3D('',#2543,#2544,#2545);
#2543 = CARTESIAN_POINT('',(-4.942274675849,-15.74242424242,27.));
#2544 = DIRECTION('',(-0.907754991506,-0.311117660911,0.281401273034));
#2545 = DIRECTION('',(0.419500745406,-0.673225525177,0.608922422689));
#2546 = DEFINITIONAL_REPRESENTATION('',(#2547),#2573);
#2547 = B_SPLINE_CURVE_WITH_KNOTS('',3,(#2548,#2549,#2550,#2551,#2552,
    #2553,#2554,#2555,#2556,#2557,#2558,#2559,#2560,#2561,#2562,#2563,
    #2564,#2565,#2566,#2567,#2568,#2569,#2570,#2571,#2572),
  .UNSPECIFIED.,.F.,.F.,(4,1,1,1,1,1,1,1,1,1,1,1,1,1,1,1,1,1,1,1,1,1,4),
  (4.712388980385,4.783788813421,4.855188646457,4.926588479493,
    4.997988312529,5.069388145565,5.140787978601,5.212187811638,
    5.283587644674,5.35498747771,5.426387310746,5.497787143782,
    5.569186976818,5.640586809854,5.711986642891,5.783386475927,
    5.854786308963,5.926186141999,5.997585975035,6.068985808071,
    6.140385641107,6.211785474143,6.28318530718),.QUASI_UNIFORM_KNOTS.);
#2548 = CARTESIAN_POINT('',(7.166535978083,0.285254079983));
#2549 = CARTESIAN_POINT('',(7.155034784873,0.264168216794));
#2550 = CARTESIAN_POINT('',(7.132450421195,0.22189175011));
#2551 = CARTESIAN_POINT('',(7.099534828339,0.15823662415));
#2552 = CARTESIAN_POINT('',(7.067278698438,9.441720039804E-02));
#2553 = CARTESIAN_POINT('',(7.035409851264,3.050144094944E-02));
#2554 = CARTESIAN_POINT('',(7.003664654197,-3.344503765959E-02));
#2555 = CARTESIAN_POINT('',(6.971783744925,-9.735779653771E-02));
#2556 = CARTESIAN_POINT('',(6.939503666337,-0.161171270135));
#2557 = CARTESIAN_POINT('',(6.906549448769,-0.224816717106));
#2558 = CARTESIAN_POINT('',(6.872626305144,-0.288219889485));
#2559 = CARTESIAN_POINT('',(6.837410411839,-0.351298380846));
#2560 = CARTESIAN_POINT('',(6.800538207734,-0.413958445124));
#2561 = CARTESIAN_POINT('',(6.761593718832,-0.476091066987));
#2562 = CARTESIAN_POINT('',(6.720093328568,-0.537566988345));
#2563 = CARTESIAN_POINT('',(6.675467430985,-0.598230301339));
#2564 = CARTESIAN_POINT('',(6.627038503318,-0.657890116646));
#2565 = CARTESIAN_POINT('',(6.573995702756,-0.716309607435));
#2566 = CARTESIAN_POINT('',(6.515366751016,-0.773191843518));
#2567 = CARTESIAN_POINT('',(6.449991975713,-0.828160823274));
#2568 = CARTESIAN_POINT('',(6.376503987883,-0.880739820357));
#2569 = CARTESIAN_POINT('',(6.293348928364,-0.93031685179));
#2570 = CARTESIAN_POINT('',(6.198812955917,-0.976138329979));
#2571 = CARTESIAN_POINT('',(6.127180319132,-1.003508626787));
#2572 = CARTESIAN_POINT('',(6.0889478362,-1.016243256032));
#2573 = ( GEOMETRIC_REPRESENTATION_CONTEXT(2) 
PARAMETRIC_REPRESENTATION_CONTEXT() REPRESENTATION_CONTEXT('2D SPACE',''
  ) );
#2574 = PCURVE('',#1958,#2575);
#2575 = DEFINITIONAL_REPRESENTATION('',(#2576),#2580);
#2576 = LINE('',#2577,#2578);
#2577 = CARTESIAN_POINT('',(2.989491711903,-3.14159265359));
#2578 = VECTOR('',#2579,1.);
#2579 = DIRECTION('',(1.130863886743E-15,1.));
#2580 = ( GEOMETRIC_REPRESENTATION_CONTEXT(2) 
PARAMETRIC_REPRESENTATION_CONTEXT() REPRESENTATION_CONTEXT('2D SPACE',''
  ) );
#2581 = ORIENTED_EDGE('',*,*,#2582,.F.);
#2582 = EDGE_CURVE('',#2583,#2532,#2585,.T.);
#2583 = VERTEX_POINT('',#2584);
#2584 = CARTESIAN_POINT('',(-5.241806474385,-16.69651056014,27.));
#2585 = SURFACE_CURVE('',#2586,(#2591,#2620),.PCURVE_S1.);
#2586 = CIRCLE('',#2587,1.);
#2587 = AXIS2_PLACEMENT_3D('',#2588,#2589,#2590);
#2588 = CARTESIAN_POINT('',(-4.942274675849,-15.74242424242,27.));
#2589 = DIRECTION('',(-0.954086317723,0.299531798536,0.));
#2590 = DIRECTION('',(0.,0.,1.));
#2591 = PCURVE('',#2541,#2592);
#2592 = DEFINITIONAL_REPRESENTATION('',(#2593),#2619);
#2593 = B_SPLINE_CURVE_WITH_KNOTS('',3,(#2594,#2595,#2596,#2597,#2598,
    #2599,#2600,#2601,#2602,#2603,#2604,#2605,#2606,#2607,#2608,#2609,
    #2610,#2611,#2612,#2613,#2614,#2615,#2616,#2617,#2618),
  .UNSPECIFIED.,.F.,.F.,(4,1,1,1,1,1,1,1,1,1,1,1,1,1,1,1,1,1,1,1,1,1,4),
  (4.712388980385,4.783788813421,4.855188646457,4.926588479493,
    4.997988312529,5.069388145565,5.140787978601,5.212187811638,
    5.283587644674,5.35498747771,5.426387310746,5.497787143782,
    5.569186976818,5.640586809854,5.711986642891,5.783386475927,
    5.854786308963,5.926186141999,5.997585975035,6.068985808071,
    6.140385641107,6.211785474143,6.28318530718),.QUASI_UNIFORM_KNOTS.);
#2594 = CARTESIAN_POINT('',(5.391554196018,0.604966580963));
#2595 = CARTESIAN_POINT('',(5.418734499554,0.613110787418));
#2596 = CARTESIAN_POINT('',(5.474047515417,0.628355343099));
#2597 = CARTESIAN_POINT('',(5.559591334976,0.64785143391));
#2598 = CARTESIAN_POINT('',(5.647469372518,0.663726719025));
#2599 = CARTESIAN_POINT('',(5.737291565394,0.675769257302));
#2600 = CARTESIAN_POINT('',(5.828576902388,0.683806686031));
#2601 = CARTESIAN_POINT('',(5.920758734121,0.687719318414));
#2602 = CARTESIAN_POINT('',(6.013217737879,0.687447262922));
#2603 = CARTESIAN_POINT('',(6.105317436501,0.682994723662));
#2604 = CARTESIAN_POINT('',(6.196443340137,0.674429656471));
#2605 = CARTESIAN_POINT('',(6.286038687519,0.661879140571));
#2606 = CARTESIAN_POINT('',(6.373632551739,0.645521125422));
#2607 = CARTESIAN_POINT('',(6.458857403711,0.625573807565));
#2608 = CARTESIAN_POINT('',(6.541455628861,0.602284040826));
#2609 = CARTESIAN_POINT('',(6.621276390181,0.575916065371));
#2610 = CARTESIAN_POINT('',(6.698265412818,0.546741512763));
#2611 = CARTESIAN_POINT('',(6.772450599302,0.515031239087));
#2612 = CARTESIAN_POINT('',(6.843926074469,0.481049188931));
#2613 = CARTESIAN_POINT('',(6.912836641025,0.445048153401));
#2614 = CARTESIAN_POINT('',(6.97936381564,0.407267369094));
#2615 = CARTESIAN_POINT('',(7.043714342642,0.367930907059));
#2616 = CARTESIAN_POINT('',(7.106110314359,0.327249255428));
#2617 = CARTESIAN_POINT('',(7.146559852334,0.299358834286));
#2618 = CARTESIAN_POINT('',(7.166535978083,0.285254079983));
#2619 = ( GEOMETRIC_REPRESENTATION_CONTEXT(2) 
PARAMETRIC_REPRESENTATION_CONTEXT() REPRESENTATION_CONTEXT('2D SPACE',''
  ) );
#2620 = PCURVE('',#2321,#2621);
#2621 = DEFINITIONAL_REPRESENTATION('',(#2622),#2626);
#2622 = LINE('',#2623,#2624);
#2623 = CARTESIAN_POINT('',(5.016590863758,10.995574287564));
#2624 = VECTOR('',#2625,1.);
#2625 = DIRECTION('',(5.654319433713E-16,-1.));
#2626 = ( GEOMETRIC_REPRESENTATION_CONTEXT(2) 
PARAMETRIC_REPRESENTATION_CONTEXT() REPRESENTATION_CONTEXT('2D SPACE',''
  ) );
#2627 = ORIENTED_EDGE('',*,*,#2628,.F.);
#2628 = EDGE_CURVE('',#1921,#2583,#2629,.T.);
#2629 = SURFACE_CURVE('',#2630,(#2635,#2664),.PCURVE_S1.);
#2630 = CIRCLE('',#2631,1.);
#2631 = AXIS2_PLACEMENT_3D('',#2632,#2633,#2634);
#2632 = CARTESIAN_POINT('',(-4.942274675849,-15.74242424242,27.));
#2633 = DIRECTION('',(0.,0.,-1.));
#2634 = DIRECTION('',(-0.299531798536,-0.954086317723,-0.));
#2635 = PCURVE('',#2541,#2636);
#2636 = DEFINITIONAL_REPRESENTATION('',(#2637),#2663);
#2637 = B_SPLINE_CURVE_WITH_KNOTS('',3,(#2638,#2639,#2640,#2641,#2642,
    #2643,#2644,#2645,#2646,#2647,#2648,#2649,#2650,#2651,#2652,#2653,
    #2654,#2655,#2656,#2657,#2658,#2659,#2660,#2661,#2662),
  .UNSPECIFIED.,.F.,.F.,(4,1,1,1,1,1,1,1,1,1,1,1,1,1,1,1,1,1,1,1,1,1,4),
  (4.560288038698,4.638601550902,4.716915063105,4.795228575309,
    4.873542087513,4.951855599716,5.03016911192,5.108482624124,
    5.186796136328,5.265109648531,5.343423160735,5.421736672939,
    5.500050185142,5.578363697346,5.65667720955,5.734990721754,
    5.813304233957,5.891617746161,5.969931258365,6.048244770568,
    6.126558282772,6.204871794976,6.28318530718),.QUASI_UNIFORM_KNOTS.);
#2638 = CARTESIAN_POINT('',(6.0889478362,-1.016243256032));
#2639 = CARTESIAN_POINT('',(6.062559619619,-0.994157706238));
#2640 = CARTESIAN_POINT('',(6.01503247077,-0.949128907013));
#2641 = CARTESIAN_POINT('',(5.956337798537,-0.879554684256));
#2642 = CARTESIAN_POINT('',(5.906690334967,-0.808567644793));
#2643 = CARTESIAN_POINT('',(5.863930879372,-0.736519533072));
#2644 = CARTESIAN_POINT('',(5.826403049877,-0.663676578809));
#2645 = CARTESIAN_POINT('',(5.792913561911,-0.590225552096));
#2646 = CARTESIAN_POINT('',(5.762557368869,-0.516306189536));
#2647 = CARTESIAN_POINT('',(5.734639982935,-0.442024284226));
#2648 = CARTESIAN_POINT('',(5.708613576387,-0.367462474548));
#2649 = CARTESIAN_POINT('',(5.684035386865,-0.292686995549));
#2650 = CARTESIAN_POINT('',(5.660537205637,-0.217752564445));
#2651 = CARTESIAN_POINT('',(5.637803138538,-0.142705874271));
#2652 = CARTESIAN_POINT('',(5.615552537129,-6.758824187608E-02));
#2653 = CARTESIAN_POINT('',(5.593526292246,7.562289386642E-03));
#2654 = CARTESIAN_POINT('',(5.571475093171,8.270916219429E-02));
#2655 = CARTESIAN_POINT('',(5.54914852583,0.15781565186));
#2656 = CARTESIAN_POINT('',(5.5262841974,0.232843216978));
#2657 = CARTESIAN_POINT('',(5.502595329135,0.307749606053));
#2658 = CARTESIAN_POINT('',(5.477757842444,0.382486878347));
#2659 = CARTESIAN_POINT('',(5.451387408141,0.456997821843));
#2660 = CARTESIAN_POINT('',(5.423034516427,0.531215185051));
#2661 = CARTESIAN_POINT('',(5.402399684017,0.580435352809));
#2662 = CARTESIAN_POINT('',(5.391554196018,0.604966580963));
#2663 = ( GEOMETRIC_REPRESENTATION_CONTEXT(2) 
PARAMETRIC_REPRESENTATION_CONTEXT() REPRESENTATION_CONTEXT('2D SPACE',''
  ) );
#2664 = PCURVE('',#1540,#2665);
#2665 = DEFINITIONAL_REPRESENTATION('',(#2666),#2670);
#2666 = LINE('',#2667,#2668);
#2667 = CARTESIAN_POINT('',(0.861448634241,1.));
#2668 = VECTOR('',#2669,1.);
#2669 = DIRECTION('',(1.,0.));
#2670 = ( GEOMETRIC_REPRESENTATION_CONTEXT(2) 
PARAMETRIC_REPRESENTATION_CONTEXT() REPRESENTATION_CONTEXT('2D SPACE',''
  ) );
#2671 = ADVANCED_FACE('',(#2672),#2321,.F.);
#2672 = FACE_BOUND('',#2673,.F.);
#2673 = EDGE_LOOP('',(#2674,#2696,#2697,#2723));
#2674 = ORIENTED_EDGE('',*,*,#2675,.F.);
#2675 = EDGE_CURVE('',#2583,#2239,#2676,.T.);
#2676 = SURFACE_CURVE('',#2677,(#2682,#2689),.PCURVE_S1.);
#2677 = CIRCLE('',#2678,17.5);
#2678 = AXIS2_PLACEMENT_3D('',#2679,#2680,#2681);
#2679 = CARTESIAN_POINT('',(0.,0.,27.));
#2680 = DIRECTION('',(-1.552520009395E-16,-2.443392752624E-33,-1.));
#2681 = DIRECTION('',(-0.866025403784,-0.5,1.344521768019E-16));
#2682 = PCURVE('',#2321,#2683);
#2683 = DEFINITIONAL_REPRESENTATION('',(#2684),#2688);
#2684 = LINE('',#2685,#2686);
#2685 = CARTESIAN_POINT('',(-0.523598775598,6.28318530718));
#2686 = VECTOR('',#2687,1.);
#2687 = DIRECTION('',(1.,0.));
#2688 = ( GEOMETRIC_REPRESENTATION_CONTEXT(2) 
PARAMETRIC_REPRESENTATION_CONTEXT() REPRESENTATION_CONTEXT('2D SPACE',''
  ) );
#2689 = PCURVE('',#1433,#2690);
#2690 = DEFINITIONAL_REPRESENTATION('',(#2691),#2695);
#2691 = LINE('',#2692,#2693);
#2692 = CARTESIAN_POINT('',(-6.28318530718,1.));
#2693 = VECTOR('',#2694,1.);
#2694 = DIRECTION('',(1.,-2.390803764179E-15));
#2695 = ( GEOMETRIC_REPRESENTATION_CONTEXT(2) 
PARAMETRIC_REPRESENTATION_CONTEXT() REPRESENTATION_CONTEXT('2D SPACE',''
  ) );
#2696 = ORIENTED_EDGE('',*,*,#2582,.T.);
#2697 = ORIENTED_EDGE('',*,*,#2698,.F.);
#2698 = EDGE_CURVE('',#2188,#2532,#2699,.T.);
#2699 = SURFACE_CURVE('',#2700,(#2705,#2712),.PCURVE_S1.);
#2700 = CIRCLE('',#2701,16.5);
#2701 = AXIS2_PLACEMENT_3D('',#2702,#2703,#2704);
#2702 = CARTESIAN_POINT('',(1.552520009395E-16,0.,28.));
#2703 = DIRECTION('',(1.552520009395E-16,2.443392752624E-33,1.));
#2704 = DIRECTION('',(-0.866025403784,-0.5,1.344521768019E-16));
#2705 = PCURVE('',#2321,#2706);
#2706 = DEFINITIONAL_REPRESENTATION('',(#2707),#2711);
#2707 = LINE('',#2708,#2709);
#2708 = CARTESIAN_POINT('',(12.042771838761,4.712388980385));
#2709 = VECTOR('',#2710,1.);
#2710 = DIRECTION('',(-1.,0.));
#2711 = ( GEOMETRIC_REPRESENTATION_CONTEXT(2) 
PARAMETRIC_REPRESENTATION_CONTEXT() REPRESENTATION_CONTEXT('2D SPACE',''
  ) );
#2712 = PCURVE('',#2421,#2713);
#2713 = DEFINITIONAL_REPRESENTATION('',(#2714),#2722);
#2714 = ( BOUNDED_CURVE() B_SPLINE_CURVE(2,(#2715,#2716,#2717,#2718,
#2719,#2720,#2721),.UNSPECIFIED.,.T.,.F.) B_SPLINE_CURVE_WITH_KNOTS((1,2
    ,2,2,2,1),(-2.094395102393,0.,2.094395102393,4.188790204786,
6.28318530718,8.377580409573),.UNSPECIFIED.) CURVE() 
GEOMETRIC_REPRESENTATION_ITEM() RATIONAL_B_SPLINE_CURVE((1.,0.5,1.,0.5,
1.,0.5,1.)) REPRESENTATION_ITEM('') );
#2715 = CARTESIAN_POINT('',(35.289419162443,-8.25));
#2716 = CARTESIAN_POINT('',(21.000000000001,-33.));
#2717 = CARTESIAN_POINT('',(6.710580837557,-8.25));
#2718 = CARTESIAN_POINT('',(-7.578838324887,16.5));
#2719 = CARTESIAN_POINT('',(21.,16.5));
#2720 = CARTESIAN_POINT('',(49.578838324886,16.5));
#2721 = CARTESIAN_POINT('',(35.289419162443,-8.25));
#2722 = ( GEOMETRIC_REPRESENTATION_CONTEXT(2) 
PARAMETRIC_REPRESENTATION_CONTEXT() REPRESENTATION_CONTEXT('2D SPACE',''
  ) );
#2723 = ORIENTED_EDGE('',*,*,#2284,.T.);
#2724 = ADVANCED_FACE('',(#2725),#1728,.F.);
#2725 = FACE_BOUND('',#2726,.F.);
#2726 = EDGE_LOOP('',(#2727,#2773,#2817));
#2727 = ORIENTED_EDGE('',*,*,#2728,.F.);
#2728 = EDGE_CURVE('',#2729,#1657,#2731,.T.);
#2729 = VERTEX_POINT('',#2730);
#2730 = CARTESIAN_POINT('',(16.104476649016,3.591076699447,28.));
#2731 = SURFACE_CURVE('',#2732,(#2737,#2766),.PCURVE_S1.);
#2732 = CIRCLE('',#2733,1.);
#2733 = AXIS2_PLACEMENT_3D('',#2734,#2735,#2736);
#2734 = CARTESIAN_POINT('',(16.104476649016,3.591076699447,27.));
#2735 = DIRECTION('',(-0.931784660111,-0.363011497314,0.));
#2736 = DIRECTION('',(-0.363011497314,0.931784660111,0.));
#2737 = PCURVE('',#1728,#2738);
#2738 = DEFINITIONAL_REPRESENTATION('',(#2739),#2765);
#2739 = B_SPLINE_CURVE_WITH_KNOTS('',3,(#2740,#2741,#2742,#2743,#2744,
    #2745,#2746,#2747,#2748,#2749,#2750,#2751,#2752,#2753,#2754,#2755,
    #2756,#2757,#2758,#2759,#2760,#2761,#2762,#2763,#2764),
  .UNSPECIFIED.,.F.,.F.,(4,1,1,1,1,1,1,1,1,1,1,1,1,1,1,1,1,1,1,1,1,1,4),
  (4.712388980385,4.783788813421,4.855188646457,4.926588479493,
    4.997988312529,5.069388145565,5.140787978601,5.212187811638,
    5.283587644674,5.35498747771,5.426387310746,5.497787143782,
    5.569186976818,5.640586809854,5.711986642891,5.783386475927,
    5.854786308963,5.926186141999,5.997585975035,6.068985808071,
    6.140385641107,6.211785474143,6.28318530718),.QUASI_UNIFORM_KNOTS.);
#2740 = CARTESIAN_POINT('',(5.391453312529,0.24752802836));
#2741 = CARTESIAN_POINT('',(5.410752219493,0.262235731111));
#2742 = CARTESIAN_POINT('',(5.44978031099,0.291389723213));
#2743 = CARTESIAN_POINT('',(5.509860093023,0.334151243934));
#2744 = CARTESIAN_POINT('',(5.571724951347,0.375763481722));
#2745 = CARTESIAN_POINT('',(5.635620149468,0.416027680017));
#2746 = CARTESIAN_POINT('',(5.701783750751,0.454730829328));
#2747 = CARTESIAN_POINT('',(5.770439504741,0.491643154901));
#2748 = CARTESIAN_POINT('',(5.841787125774,0.526518424775));
#2749 = CARTESIAN_POINT('',(5.915989778604,0.559094785541));
#2750 = CARTESIAN_POINT('',(5.993158835706,0.589097199652));
#2751 = CARTESIAN_POINT('',(6.073336490047,0.616241679419));
#2752 = CARTESIAN_POINT('',(6.156477522395,0.640241688165));
#2753 = CARTESIAN_POINT('',(6.242432390015,0.660816844224));
#2754 = CARTESIAN_POINT('',(6.330934629213,0.677703777312));
#2755 = CARTESIAN_POINT('',(6.421596033892,0.690668557653));
#2756 = CARTESIAN_POINT('',(6.513912779484,0.699519634142));
#2757 = CARTESIAN_POINT('',(6.607284389523,0.704119818321));
#2758 = CARTESIAN_POINT('',(6.70104498006,0.704395628197));
#2759 = CARTESIAN_POINT('',(6.794504049773,0.700342661914));
#2760 = CARTESIAN_POINT('',(6.886989540407,0.692025615736));
#2761 = CARTESIAN_POINT('',(6.977893214659,0.679574743784));
#2762 = CARTESIAN_POINT('',(7.066688180741,0.663172634039));
#2763 = CARTESIAN_POINT('',(7.124233538489,0.649763232237));
#2764 = CARTESIAN_POINT('',(7.152524469834,0.642477042038));
#2765 = ( GEOMETRIC_REPRESENTATION_CONTEXT(2) 
PARAMETRIC_REPRESENTATION_CONTEXT() REPRESENTATION_CONTEXT('2D SPACE',''
  ) );
#2766 = PCURVE('',#1694,#2767);
#2767 = DEFINITIONAL_REPRESENTATION('',(#2768),#2772);
#2768 = LINE('',#2769,#2770);
#2769 = CARTESIAN_POINT('',(7.701880692288,-3.14159265359));
#2770 = VECTOR('',#2771,1.);
#2771 = DIRECTION('',(-5.654319433713E-16,1.));
#2772 = ( GEOMETRIC_REPRESENTATION_CONTEXT(2) 
PARAMETRIC_REPRESENTATION_CONTEXT() REPRESENTATION_CONTEXT('2D SPACE',''
  ) );
#2773 = ORIENTED_EDGE('',*,*,#2774,.F.);
#2774 = EDGE_CURVE('',#1712,#2729,#2775,.T.);
#2775 = SURFACE_CURVE('',#2776,(#2781,#2810),.PCURVE_S1.);
#2776 = CIRCLE('',#2777,1.);
#2777 = AXIS2_PLACEMENT_3D('',#2778,#2779,#2780);
#2778 = CARTESIAN_POINT('',(16.104476649016,3.591076699447,27.));
#2779 = DIRECTION('',(0.217641012088,-0.976028887819,0.));
#2780 = DIRECTION('',(0.,0.,1.));
#2781 = PCURVE('',#1728,#2782);
#2782 = DEFINITIONAL_REPRESENTATION('',(#2783),#2809);
#2783 = B_SPLINE_CURVE_WITH_KNOTS('',3,(#2784,#2785,#2786,#2787,#2788,
    #2789,#2790,#2791,#2792,#2793,#2794,#2795,#2796,#2797,#2798,#2799,
    #2800,#2801,#2802,#2803,#2804,#2805,#2806,#2807,#2808),
  .UNSPECIFIED.,.F.,.F.,(4,1,1,1,1,1,1,1,1,1,1,1,1,1,1,1,1,1,1,1,1,1,4),
  (4.712388980385,4.783788813421,4.855188646457,4.926588479493,
    4.997988312529,5.069388145565,5.140787978601,5.212187811638,
    5.283587644674,5.35498747771,5.426387310746,5.497787143782,
    5.569186976818,5.640586809854,5.711986642891,5.783386475927,
    5.854786308963,5.926186141999,5.997585975035,6.068985808071,
    6.140385641107,6.211785474143,6.28318530718),.QUASI_UNIFORM_KNOTS.);
#2784 = CARTESIAN_POINT('',(6.552936762347,-1.005049522095));
#2785 = CARTESIAN_POINT('',(6.513396055423,-0.99416105631));
#2786 = CARTESIAN_POINT('',(6.438578622397,-0.970304747226));
#2787 = CARTESIAN_POINT('',(6.338186343677,-0.929224960883));
#2788 = CARTESIAN_POINT('',(6.248818573362,-0.883848675993));
#2789 = CARTESIAN_POINT('',(6.16914546672,-0.834978666545));
#2790 = CARTESIAN_POINT('',(6.097844199383,-0.783284582437));
#2791 = CARTESIAN_POINT('',(6.033654221655,-0.729304497355));
#2792 = CARTESIAN_POINT('',(5.975453762016,-0.673471038517));
#2793 = CARTESIAN_POINT('',(5.922268166007,-0.6161311784));
#2794 = CARTESIAN_POINT('',(5.87326384883,-0.557564607286));
#2795 = CARTESIAN_POINT('',(5.827731406866,-0.497998424477));
#2796 = CARTESIAN_POINT('',(5.785066710076,-0.437618919136));
#2797 = CARTESIAN_POINT('',(5.744752442035,-0.376580807777));
#2798 = CARTESIAN_POINT('',(5.706341512197,-0.31501448232));
#2799 = CARTESIAN_POINT('',(5.669442617057,-0.253031716838));
#2800 = CARTESIAN_POINT('',(5.633707845656,-0.190730212167));
#2801 = CARTESIAN_POINT('',(5.598822018176,-0.128197281109));
#2802 = CARTESIAN_POINT('',(5.564493419442,-6.551290709359E-02));
#2803 = CARTESIAN_POINT('',(5.530445480917,-2.752394011763E-03));
#2804 = CARTESIAN_POINT('',(5.496409368287,6.001132905749E-02));
#2805 = CARTESIAN_POINT('',(5.462116004221,0.122705255688));
#2806 = CARTESIAN_POINT('',(5.427291459486,0.185254900314));
#2807 = CARTESIAN_POINT('',(5.403523499561,0.226804217284));
#2808 = CARTESIAN_POINT('',(5.391453312529,0.24752802836));
#2809 = ( GEOMETRIC_REPRESENTATION_CONTEXT(2) 
PARAMETRIC_REPRESENTATION_CONTEXT() REPRESENTATION_CONTEXT('2D SPACE',''
  ) );
#2810 = PCURVE('',#1805,#2811);
#2811 = DEFINITIONAL_REPRESENTATION('',(#2812),#2816);
#2812 = LINE('',#2813,#2814);
#2813 = CARTESIAN_POINT('',(5.540189639357,10.995574287564));
#2814 = VECTOR('',#2815,1.);
#2815 = DIRECTION('',(0.,-1.));
#2816 = ( GEOMETRIC_REPRESENTATION_CONTEXT(2) 
PARAMETRIC_REPRESENTATION_CONTEXT() REPRESENTATION_CONTEXT('2D SPACE',''
  ) );
#2817 = ORIENTED_EDGE('',*,*,#1711,.F.);
#2818 = ADVANCED_FACE('',(#2819),#1860,.F.);
#2819 = FACE_BOUND('',#2820,.F.);
#2820 = EDGE_LOOP('',(#2821,#2867,#2868));
#2821 = ORIENTED_EDGE('',*,*,#2822,.F.);
#2822 = EDGE_CURVE('',#1844,#2823,#2825,.T.);
#2823 = VERTEX_POINT('',#2824);
#2824 = CARTESIAN_POINT('',(4.942274675848,-15.74242424242,28.));
#2825 = SURFACE_CURVE('',#2826,(#2831,#2860),.PCURVE_S1.);
#2826 = CIRCLE('',#2827,1.);
#2827 = AXIS2_PLACEMENT_3D('',#2828,#2829,#2830);
#2828 = CARTESIAN_POINT('',(4.942274675848,-15.74242424242,27.));
#2829 = DIRECTION('',(-0.151515151515,0.98845493517,8.410780489583E-17)
  );
#2830 = DIRECTION('',(5.551115123126E-16,6.746203352226E-32,1.));
#2831 = PCURVE('',#1860,#2832);
#2832 = DEFINITIONAL_REPRESENTATION('',(#2833),#2859);
#2833 = B_SPLINE_CURVE_WITH_KNOTS('',3,(#2834,#2835,#2836,#2837,#2838,
    #2839,#2840,#2841,#2842,#2843,#2844,#2845,#2846,#2847,#2848,#2849,
    #2850,#2851,#2852,#2853,#2854,#2855,#2856,#2857,#2858),
  .UNSPECIFIED.,.F.,.F.,(4,1,1,1,1,1,1,1,1,1,1,1,1,1,1,1,1,1,1,1,1,1,4),
  (4.712388980385,4.783788813421,4.855188646457,4.926588479493,
    4.997988312529,5.069388145565,5.140787978601,5.212187811638,
    5.283587644674,5.35498747771,5.426387310746,5.497787143782,
    5.569186976818,5.640586809854,5.711986642891,5.783386475927,
    5.854786308963,5.926186141999,5.997585975035,6.068985808071,
    6.140385641107,6.211785474143,6.28318530718),.QUASI_UNIFORM_KNOTS.);
#2834 = CARTESIAN_POINT('',(6.0889478362,1.016243256032));
#2835 = CARTESIAN_POINT('',(6.127180319132,1.003508626787));
#2836 = CARTESIAN_POINT('',(6.198812955917,0.976138329979));
#2837 = CARTESIAN_POINT('',(6.293348928364,0.93031685179));
#2838 = CARTESIAN_POINT('',(6.376503987883,0.880739820357));
#2839 = CARTESIAN_POINT('',(6.449991975713,0.828160823274));
#2840 = CARTESIAN_POINT('',(6.515366751016,0.773191843518));
#2841 = CARTESIAN_POINT('',(6.573995702756,0.716309607435));
#2842 = CARTESIAN_POINT('',(6.627038503318,0.657890116646));
#2843 = CARTESIAN_POINT('',(6.675467430985,0.598230301339));
#2844 = CARTESIAN_POINT('',(6.720093328568,0.537566988345));
#2845 = CARTESIAN_POINT('',(6.761593718832,0.476091066987));
#2846 = CARTESIAN_POINT('',(6.800538207734,0.413958445124));
#2847 = CARTESIAN_POINT('',(6.837410411839,0.351298380846));
#2848 = CARTESIAN_POINT('',(6.872626305144,0.288219889485));
#2849 = CARTESIAN_POINT('',(6.906549448769,0.224816717106));
#2850 = CARTESIAN_POINT('',(6.939503666337,0.161171270135));
#2851 = CARTESIAN_POINT('',(6.971783744925,9.735779653769E-02));
#2852 = CARTESIAN_POINT('',(7.003664654197,3.344503765957E-02));
#2853 = CARTESIAN_POINT('',(7.035409851264,-3.050144094947E-02));
#2854 = CARTESIAN_POINT('',(7.067278698438,-9.441720039806E-02));
#2855 = CARTESIAN_POINT('',(7.099534828339,-0.15823662415));
#2856 = CARTESIAN_POINT('',(7.132450421195,-0.22189175011));
#2857 = CARTESIAN_POINT('',(7.155034784873,-0.264168216794));
#2858 = CARTESIAN_POINT('',(7.166535978083,-0.285254079983));
#2859 = ( GEOMETRIC_REPRESENTATION_CONTEXT(2) 
PARAMETRIC_REPRESENTATION_CONTEXT() REPRESENTATION_CONTEXT('2D SPACE',''
  ) );
#2860 = PCURVE('',#1958,#2861);
#2861 = DEFINITIONAL_REPRESENTATION('',(#2862),#2866);
#2862 = LINE('',#2863,#2864);
#2863 = CARTESIAN_POINT('',(0.152100941687,7.853981633974));
#2864 = VECTOR('',#2865,1.);
#2865 = DIRECTION('',(-7.774689221355E-16,-1.));
#2866 = ( GEOMETRIC_REPRESENTATION_CONTEXT(2) 
PARAMETRIC_REPRESENTATION_CONTEXT() REPRESENTATION_CONTEXT('2D SPACE',''
  ) );
#2867 = ORIENTED_EDGE('',*,*,#1843,.F.);
#2868 = ORIENTED_EDGE('',*,*,#2869,.F.);
#2869 = EDGE_CURVE('',#2823,#1789,#2870,.T.);
#2870 = SURFACE_CURVE('',#2871,(#2876,#2905),.PCURVE_S1.);
#2871 = CIRCLE('',#2872,1.);
#2872 = AXIS2_PLACEMENT_3D('',#2873,#2874,#2875);
#2873 = CARTESIAN_POINT('',(4.942274675848,-15.74242424242,27.));
#2874 = DIRECTION('',(0.954086317723,0.299531798536,0.));
#2875 = DIRECTION('',(0.299531798536,-0.954086317723,0.));
#2876 = PCURVE('',#1860,#2877);
#2877 = DEFINITIONAL_REPRESENTATION('',(#2878),#2904);
#2878 = B_SPLINE_CURVE_WITH_KNOTS('',3,(#2879,#2880,#2881,#2882,#2883,
    #2884,#2885,#2886,#2887,#2888,#2889,#2890,#2891,#2892,#2893,#2894,
    #2895,#2896,#2897,#2898,#2899,#2900,#2901,#2902,#2903),
  .UNSPECIFIED.,.F.,.F.,(4,1,1,1,1,1,1,1,1,1,1,1,1,1,1,1,1,1,1,1,1,1,4),
  (4.712388980385,4.783788813421,4.855188646457,4.926588479493,
    4.997988312529,5.069388145565,5.140787978601,5.212187811638,
    5.283587644674,5.35498747771,5.426387310746,5.497787143782,
    5.569186976818,5.640586809854,5.711986642891,5.783386475927,
    5.854786308963,5.926186141999,5.997585975035,6.068985808071,
    6.140385641107,6.211785474143,6.28318530718),.QUASI_UNIFORM_KNOTS.);
#2879 = CARTESIAN_POINT('',(7.166535978083,-0.285254079983));
#2880 = CARTESIAN_POINT('',(7.146559852334,-0.299358834286));
#2881 = CARTESIAN_POINT('',(7.106110314359,-0.327249255428));
#2882 = CARTESIAN_POINT('',(7.043714342642,-0.367930907059));
#2883 = CARTESIAN_POINT('',(6.97936381564,-0.407267369094));
#2884 = CARTESIAN_POINT('',(6.912836641025,-0.445048153401));
#2885 = CARTESIAN_POINT('',(6.843926074469,-0.481049188931));
#2886 = CARTESIAN_POINT('',(6.772450599302,-0.515031239087));
#2887 = CARTESIAN_POINT('',(6.698265412818,-0.546741512763));
#2888 = CARTESIAN_POINT('',(6.621276390181,-0.575916065371));
#2889 = CARTESIAN_POINT('',(6.541455628861,-0.602284040826));
#2890 = CARTESIAN_POINT('',(6.458857403711,-0.625573807565));
#2891 = CARTESIAN_POINT('',(6.373632551739,-0.645521125422));
#2892 = CARTESIAN_POINT('',(6.286038687519,-0.661879140571));
#2893 = CARTESIAN_POINT('',(6.196443340137,-0.674429656471));
#2894 = CARTESIAN_POINT('',(6.105317436501,-0.682994723662));
#2895 = CARTESIAN_POINT('',(6.013217737879,-0.687447262922));
#2896 = CARTESIAN_POINT('',(5.920758734121,-0.687719318414));
#2897 = CARTESIAN_POINT('',(5.828576902388,-0.683806686031));
#2898 = CARTESIAN_POINT('',(5.737291565394,-0.675769257302));
#2899 = CARTESIAN_POINT('',(5.647469372518,-0.663726719025));
#2900 = CARTESIAN_POINT('',(5.559591334976,-0.64785143391));
#2901 = CARTESIAN_POINT('',(5.474047515417,-0.628355343099));
#2902 = CARTESIAN_POINT('',(5.418734499554,-0.613110787418));
#2903 = CARTESIAN_POINT('',(5.391554196018,-0.604966580963));
#2904 = ( GEOMETRIC_REPRESENTATION_CONTEXT(2) 
PARAMETRIC_REPRESENTATION_CONTEXT() REPRESENTATION_CONTEXT('2D SPACE',''
  ) );
#2905 = PCURVE('',#1805,#2906);
#2906 = DEFINITIONAL_REPRESENTATION('',(#2907),#2911);
#2907 = LINE('',#2908,#2909);
#2908 = CARTESIAN_POINT('',(7.026180975003,-1.7763568394E-14));
#2909 = VECTOR('',#2910,1.);
#2910 = DIRECTION('',(0.,1.));
#2911 = ( GEOMETRIC_REPRESENTATION_CONTEXT(2) 
PARAMETRIC_REPRESENTATION_CONTEXT() REPRESENTATION_CONTEXT('2D SPACE',''
  ) );
#2912 = ADVANCED_FACE('',(#2913),#1958,.F.);
#2913 = FACE_BOUND('',#2914,.F.);
#2914 = EDGE_LOOP('',(#2915,#2916,#2917,#2939));
#2915 = ORIENTED_EDGE('',*,*,#1943,.F.);
#2916 = ORIENTED_EDGE('',*,*,#2822,.T.);
#2917 = ORIENTED_EDGE('',*,*,#2918,.F.);
#2918 = EDGE_CURVE('',#2532,#2823,#2919,.T.);
#2919 = SURFACE_CURVE('',#2920,(#2925,#2932),.PCURVE_S1.);
#2920 = CIRCLE('',#2921,5.);
#2921 = AXIS2_PLACEMENT_3D('',#2922,#2923,#2924);
#2922 = CARTESIAN_POINT('',(-2.637204058219E-13,-16.5,28.));
#2923 = DIRECTION('',(-1.552520009395E-16,0.,-1.));
#2924 = DIRECTION('',(1.600963089432E-14,1.,-2.485527230646E-30));
#2925 = PCURVE('',#1958,#2926);
#2926 = DEFINITIONAL_REPRESENTATION('',(#2927),#2931);
#2927 = LINE('',#2928,#2929);
#2928 = CARTESIAN_POINT('',(7.853981633974,1.570796326795));
#2929 = VECTOR('',#2930,1.);
#2930 = DIRECTION('',(-1.,7.825661775453E-17));
#2931 = ( GEOMETRIC_REPRESENTATION_CONTEXT(2) 
PARAMETRIC_REPRESENTATION_CONTEXT() REPRESENTATION_CONTEXT('2D SPACE',''
  ) );
#2932 = PCURVE('',#2421,#2933);
#2933 = DEFINITIONAL_REPRESENTATION('',(#2934),#2938);
#2934 = CIRCLE('',#2935,5.);
#2935 = AXIS2_PLACEMENT_2D('',#2936,#2937);
#2936 = CARTESIAN_POINT('',(21.,-16.5));
#2937 = DIRECTION('',(-1.600963089432E-14,1.));
#2938 = ( GEOMETRIC_REPRESENTATION_CONTEXT(2) 
PARAMETRIC_REPRESENTATION_CONTEXT() REPRESENTATION_CONTEXT('2D SPACE',''
  ) );
#2939 = ORIENTED_EDGE('',*,*,#2531,.T.);
#2940 = ADVANCED_FACE('',(#2941),#1805,.F.);
#2941 = FACE_BOUND('',#2942,.F.);
#2942 = EDGE_LOOP('',(#2943,#2944,#2945,#2971));
#2943 = ORIENTED_EDGE('',*,*,#1788,.F.);
#2944 = ORIENTED_EDGE('',*,*,#2774,.T.);
#2945 = ORIENTED_EDGE('',*,*,#2946,.F.);
#2946 = EDGE_CURVE('',#2823,#2729,#2947,.T.);
#2947 = SURFACE_CURVE('',#2948,(#2953,#2960),.PCURVE_S1.);
#2948 = CIRCLE('',#2949,16.5);
#2949 = AXIS2_PLACEMENT_3D('',#2950,#2951,#2952);
#2950 = CARTESIAN_POINT('',(1.552520009395E-16,0.,28.));
#2951 = DIRECTION('',(1.552520009395E-16,-2.078843104707E-33,1.));
#2952 = DIRECTION('',(0.866025403784,-0.5,-1.344521768019E-16));
#2953 = PCURVE('',#1805,#2954);
#2954 = DEFINITIONAL_REPRESENTATION('',(#2955),#2959);
#2955 = LINE('',#2956,#2957);
#2956 = CARTESIAN_POINT('',(12.566370614359,4.712388980385));
#2957 = VECTOR('',#2958,1.);
#2958 = DIRECTION('',(-1.,-1.793102823135E-15));
#2959 = ( GEOMETRIC_REPRESENTATION_CONTEXT(2) 
PARAMETRIC_REPRESENTATION_CONTEXT() REPRESENTATION_CONTEXT('2D SPACE',''
  ) );
#2960 = PCURVE('',#2421,#2961);
#2961 = DEFINITIONAL_REPRESENTATION('',(#2962),#2970);
#2962 = ( BOUNDED_CURVE() B_SPLINE_CURVE(2,(#2963,#2964,#2965,#2966,
#2967,#2968,#2969),.UNSPECIFIED.,.T.,.F.) B_SPLINE_CURVE_WITH_KNOTS((1,2
    ,2,2,2,1),(-2.094395102393,0.,2.094395102393,4.188790204786,
6.28318530718,8.377580409573),.UNSPECIFIED.) CURVE() 
GEOMETRIC_REPRESENTATION_ITEM() RATIONAL_B_SPLINE_CURVE((1.,0.5,1.,0.5,
1.,0.5,1.)) REPRESENTATION_ITEM('') );
#2963 = CARTESIAN_POINT('',(6.710580837557,-8.25));
#2964 = CARTESIAN_POINT('',(-7.578838324887,16.5));
#2965 = CARTESIAN_POINT('',(21.,16.5));
#2966 = CARTESIAN_POINT('',(49.578838324886,16.5));
#2967 = CARTESIAN_POINT('',(35.289419162443,-8.25));
#2968 = CARTESIAN_POINT('',(21.000000000001,-33.));
#2969 = CARTESIAN_POINT('',(6.710580837557,-8.25));
#2970 = ( GEOMETRIC_REPRESENTATION_CONTEXT(2) 
PARAMETRIC_REPRESENTATION_CONTEXT() REPRESENTATION_CONTEXT('2D SPACE',''
  ) );
#2971 = ORIENTED_EDGE('',*,*,#2869,.T.);
#2972 = ADVANCED_FACE('',(#2973),#1694,.F.);
#2973 = FACE_BOUND('',#2974,.F.);
#2974 = EDGE_LOOP('',(#2975,#2976,#2977,#2999));
#2975 = ORIENTED_EDGE('',*,*,#1679,.F.);
#2976 = ORIENTED_EDGE('',*,*,#2437,.T.);
#2977 = ORIENTED_EDGE('',*,*,#2978,.F.);
#2978 = EDGE_CURVE('',#2729,#2438,#2979,.T.);
#2979 = SURFACE_CURVE('',#2980,(#2985,#2992),.PCURVE_S1.);
#2980 = CIRCLE('',#2981,5.);
#2981 = AXIS2_PLACEMENT_3D('',#2982,#2983,#2984);
#2982 = CARTESIAN_POINT('',(14.289419162443,8.25,28.));
#2983 = DIRECTION('',(-1.552520009395E-16,-2.443392752624E-33,-1.));
#2984 = DIRECTION('',(-0.866025403784,-0.5,1.344521768019E-16));
#2985 = PCURVE('',#1694,#2986);
#2986 = DEFINITIONAL_REPRESENTATION('',(#2987),#2991);
#2987 = LINE('',#2988,#2989);
#2988 = CARTESIAN_POINT('',(12.566370614359,1.570796326795));
#2989 = VECTOR('',#2990,1.);
#2990 = DIRECTION('',(-1.,1.565132355091E-16));
#2991 = ( GEOMETRIC_REPRESENTATION_CONTEXT(2) 
PARAMETRIC_REPRESENTATION_CONTEXT() REPRESENTATION_CONTEXT('2D SPACE',''
  ) );
#2992 = PCURVE('',#2421,#2993);
#2993 = DEFINITIONAL_REPRESENTATION('',(#2994),#2998);
#2994 = CIRCLE('',#2995,5.);
#2995 = AXIS2_PLACEMENT_2D('',#2996,#2997);
#2996 = CARTESIAN_POINT('',(6.710580837557,8.25));
#2997 = DIRECTION('',(0.866025403784,-0.5));
#2998 = ( GEOMETRIC_REPRESENTATION_CONTEXT(2) 
PARAMETRIC_REPRESENTATION_CONTEXT() REPRESENTATION_CONTEXT('2D SPACE',''
  ) );
#2999 = ORIENTED_EDGE('',*,*,#2728,.T.);
#3000 = ADVANCED_FACE('',(#3001),#1540,.F.);
#3001 = FACE_BOUND('',#3002,.F.);
#3002 = EDGE_LOOP('',(#3003,#3004,#3005,#3026));
#3003 = ORIENTED_EDGE('',*,*,#1920,.F.);
#3004 = ORIENTED_EDGE('',*,*,#2628,.T.);
#3005 = ORIENTED_EDGE('',*,*,#3006,.F.);
#3006 = EDGE_CURVE('',#1417,#2583,#3007,.T.);
#3007 = SURFACE_CURVE('',#3008,(#3012,#3019),.PCURVE_S1.);
#3008 = LINE('',#3009,#3010);
#3009 = CARTESIAN_POINT('',(-5.241806474385,-16.69651056014,28.));
#3010 = VECTOR('',#3011,1.);
#3011 = DIRECTION('',(0.,0.,1.));
#3012 = PCURVE('',#1540,#3013);
#3013 = DEFINITIONAL_REPRESENTATION('',(#3014),#3018);
#3014 = LINE('',#3015,#3016);
#3015 = CARTESIAN_POINT('',(7.14463394142,0.));
#3016 = VECTOR('',#3017,1.);
#3017 = DIRECTION('',(0.,-1.));
#3018 = ( GEOMETRIC_REPRESENTATION_CONTEXT(2) 
PARAMETRIC_REPRESENTATION_CONTEXT() REPRESENTATION_CONTEXT('2D SPACE',''
  ) );
#3019 = PCURVE('',#1433,#3020);
#3020 = DEFINITIONAL_REPRESENTATION('',(#3021),#3025);
#3021 = LINE('',#3022,#3023);
#3022 = CARTESIAN_POINT('',(-0.742995667823,0.));
#3023 = VECTOR('',#3024,1.);
#3024 = DIRECTION('',(0.,-1.));
#3025 = ( GEOMETRIC_REPRESENTATION_CONTEXT(2) 
PARAMETRIC_REPRESENTATION_CONTEXT() REPRESENTATION_CONTEXT('2D SPACE',''
  ) );
#3026 = ORIENTED_EDGE('',*,*,#1525,.T.);
#3027 = ADVANCED_FACE('',(#3028),#2126,.F.);
#3028 = FACE_BOUND('',#3029,.F.);
#3029 = EDGE_LOOP('',(#3030,#3052,#3053,#3079));
#3030 = ORIENTED_EDGE('',*,*,#3031,.F.);
#3031 = EDGE_CURVE('',#2088,#1557,#3032,.T.);
#3032 = SURFACE_CURVE('',#3033,(#3038,#3045),.PCURVE_S1.);
#3033 = CIRCLE('',#3034,17.5);
#3034 = AXIS2_PLACEMENT_3D('',#3035,#3036,#3037);
#3035 = CARTESIAN_POINT('',(0.,0.,27.));
#3036 = DIRECTION('',(-1.552520009395E-16,0.,-1.));
#3037 = DIRECTION('',(1.64836615615E-14,1.,-2.559121440232E-30));
#3038 = PCURVE('',#2126,#3039);
#3039 = DEFINITIONAL_REPRESENTATION('',(#3040),#3044);
#3040 = LINE('',#3041,#3042);
#3041 = CARTESIAN_POINT('',(-4.712388980385,6.28318530718));
#3042 = VECTOR('',#3043,1.);
#3043 = DIRECTION('',(1.,0.));
#3044 = ( GEOMETRIC_REPRESENTATION_CONTEXT(2) 
PARAMETRIC_REPRESENTATION_CONTEXT() REPRESENTATION_CONTEXT('2D SPACE',''
  ) );
#3045 = PCURVE('',#1089,#3046);
#3046 = DEFINITIONAL_REPRESENTATION('',(#3047),#3051);
#3047 = LINE('',#3048,#3049);
#3048 = CARTESIAN_POINT('',(-1.570796326795,1.));
#3049 = VECTOR('',#3050,1.);
#3050 = DIRECTION('',(1.,4.781607528359E-15));
#3051 = ( GEOMETRIC_REPRESENTATION_CONTEXT(2) 
PARAMETRIC_REPRESENTATION_CONTEXT() REPRESENTATION_CONTEXT('2D SPACE',''
  ) );
#3052 = ORIENTED_EDGE('',*,*,#2087,.T.);
#3053 = ORIENTED_EDGE('',*,*,#3054,.F.);
#3054 = EDGE_CURVE('',#2438,#2030,#3055,.T.);
#3055 = SURFACE_CURVE('',#3056,(#3061,#3068),.PCURVE_S1.);
#3056 = CIRCLE('',#3057,16.5);
#3057 = AXIS2_PLACEMENT_3D('',#3058,#3059,#3060);
#3058 = CARTESIAN_POINT('',(1.552520009395E-16,0.,28.));
#3059 = DIRECTION('',(1.552520009395E-16,0.,1.));
#3060 = DIRECTION('',(1.64836615615E-14,1.,-2.559121440232E-30));
#3061 = PCURVE('',#2126,#3062);
#3062 = DEFINITIONAL_REPRESENTATION('',(#3063),#3067);
#3063 = LINE('',#3064,#3065);
#3064 = CARTESIAN_POINT('',(7.853981633974,4.712388980385));
#3065 = VECTOR('',#3066,1.);
#3066 = DIRECTION('',(-1.,0.));
#3067 = ( GEOMETRIC_REPRESENTATION_CONTEXT(2) 
PARAMETRIC_REPRESENTATION_CONTEXT() REPRESENTATION_CONTEXT('2D SPACE',''
  ) );
#3068 = PCURVE('',#2421,#3069);
#3069 = DEFINITIONAL_REPRESENTATION('',(#3070),#3078);
#3070 = ( BOUNDED_CURVE() B_SPLINE_CURVE(2,(#3071,#3072,#3073,#3074,
#3075,#3076,#3077),.UNSPECIFIED.,.T.,.F.) B_SPLINE_CURVE_WITH_KNOTS((1,2
    ,2,2,2,1),(-2.094395102393,0.,2.094395102393,4.188790204786,
6.28318530718,8.377580409573),.UNSPECIFIED.) CURVE() 
GEOMETRIC_REPRESENTATION_ITEM() RATIONAL_B_SPLINE_CURVE((1.,0.5,1.,0.5,
1.,0.5,1.)) REPRESENTATION_ITEM('') );
#3071 = CARTESIAN_POINT('',(21.,16.5));
#3072 = CARTESIAN_POINT('',(49.578838324886,16.5));
#3073 = CARTESIAN_POINT('',(35.289419162443,-8.25));
#3074 = CARTESIAN_POINT('',(21.000000000001,-33.));
#3075 = CARTESIAN_POINT('',(6.710580837557,-8.25));
#3076 = CARTESIAN_POINT('',(-7.578838324887,16.5));
#3077 = CARTESIAN_POINT('',(21.,16.5));
#3078 = ( GEOMETRIC_REPRESENTATION_CONTEXT(2) 
PARAMETRIC_REPRESENTATION_CONTEXT() REPRESENTATION_CONTEXT('2D SPACE',''
  ) );
#3079 = ORIENTED_EDGE('',*,*,#2484,.T.);
#3080 = ADVANCED_FACE('',(#3081),#1230,.F.);
#3081 = FACE_BOUND('',#3082,.F.);
#3082 = EDGE_LOOP('',(#3083,#3104,#3105,#3126));
#3083 = ORIENTED_EDGE('',*,*,#3084,.F.);
#3084 = EDGE_CURVE('',#2032,#1188,#3085,.T.);
#3085 = SURFACE_CURVE('',#3086,(#3090,#3097),.PCURVE_S1.);
#3086 = LINE('',#3087,#3088);
#3087 = CARTESIAN_POINT('',(-11.78764541102,11.371078034382,28.));
#3088 = VECTOR('',#3089,1.);
#3089 = DIRECTION('',(0.,0.,-1.));
#3090 = PCURVE('',#1230,#3091);
#3091 = DEFINITIONAL_REPRESENTATION('',(#3092),#3096);
#3092 = LINE('',#3093,#3094);
#3093 = CARTESIAN_POINT('',(5.421736672939,0.));
#3094 = VECTOR('',#3095,1.);
#3095 = DIRECTION('',(0.,1.));
#3096 = ( GEOMETRIC_REPRESENTATION_CONTEXT(2) 
PARAMETRIC_REPRESENTATION_CONTEXT() REPRESENTATION_CONTEXT('2D SPACE',''
  ) );
#3097 = PCURVE('',#1314,#3098);
#3098 = DEFINITIONAL_REPRESENTATION('',(#3099),#3103);
#3099 = LINE('',#3100,#3101);
#3100 = CARTESIAN_POINT('',(3.293693595277,0.));
#3101 = VECTOR('',#3102,1.);
#3102 = DIRECTION('',(0.,1.));
#3103 = ( GEOMETRIC_REPRESENTATION_CONTEXT(2) 
PARAMETRIC_REPRESENTATION_CONTEXT() REPRESENTATION_CONTEXT('2D SPACE',''
  ) );
#3104 = ORIENTED_EDGE('',*,*,#2138,.T.);
#3105 = ORIENTED_EDGE('',*,*,#3106,.F.);
#3106 = EDGE_CURVE('',#1073,#2088,#3107,.T.);
#3107 = SURFACE_CURVE('',#3108,(#3112,#3119),.PCURVE_S1.);
#3108 = LINE('',#3109,#3110);
#3109 = CARTESIAN_POINT('',(-11.83869906245,12.887792848613,28.));
#3110 = VECTOR('',#3111,1.);
#3111 = DIRECTION('',(0.,0.,1.));
#3112 = PCURVE('',#1230,#3113);
#3113 = DEFINITIONAL_REPRESENTATION('',(#3114),#3118);
#3114 = LINE('',#3115,#3116);
#3115 = CARTESIAN_POINT('',(7.14463394142,0.));
#3116 = VECTOR('',#3117,1.);
#3117 = DIRECTION('',(0.,-1.));
#3118 = ( GEOMETRIC_REPRESENTATION_CONTEXT(2) 
PARAMETRIC_REPRESENTATION_CONTEXT() REPRESENTATION_CONTEXT('2D SPACE',''
  ) );
#3119 = PCURVE('',#1089,#3120);
#3120 = DEFINITIONAL_REPRESENTATION('',(#3121),#3125);
#3121 = LINE('',#3122,#3123);
#3122 = CARTESIAN_POINT('',(3.969393312562,0.));
#3123 = VECTOR('',#3124,1.);
#3124 = DIRECTION('',(0.,-1.));
#3125 = ( GEOMETRIC_REPRESENTATION_CONTEXT(2) 
PARAMETRIC_REPRESENTATION_CONTEXT() REPRESENTATION_CONTEXT('2D SPACE',''
  ) );
#3126 = ORIENTED_EDGE('',*,*,#1215,.T.);
#3127 = ADVANCED_FACE('',(#3128),#1089,.F.);
#3128 = FACE_BOUND('',#3129,.F.);
#3129 = EDGE_LOOP('',(#3130,#3131,#3132,#3133));
#3130 = ORIENTED_EDGE('',*,*,#3106,.T.);
#3131 = ORIENTED_EDGE('',*,*,#3031,.T.);
#3132 = ORIENTED_EDGE('',*,*,#1556,.T.);
#3133 = ORIENTED_EDGE('',*,*,#1072,.T.);
#3134 = ADVANCED_FACE('',(#3135),#2421,.T.);
#3135 = FACE_BOUND('',#3136,.T.);
#3136 = EDGE_LOOP('',(#3137,#3138,#3139,#3140,#3141,#3142));
#3137 = ORIENTED_EDGE('',*,*,#2406,.F.);
#3138 = ORIENTED_EDGE('',*,*,#3054,.F.);
#3139 = ORIENTED_EDGE('',*,*,#2978,.F.);
#3140 = ORIENTED_EDGE('',*,*,#2946,.F.);
#3141 = ORIENTED_EDGE('',*,*,#2918,.F.);
#3142 = ORIENTED_EDGE('',*,*,#2698,.F.);
#3143 = ADVANCED_FACE('',(#3144),#1314,.T.);
#3144 = FACE_BOUND('',#3145,.T.);
#3145 = EDGE_LOOP('',(#3146,#3147,#3148,#3149));
#3146 = ORIENTED_EDGE('',*,*,#1299,.F.);
#3147 = ORIENTED_EDGE('',*,*,#3084,.F.);
#3148 = ORIENTED_EDGE('',*,*,#2383,.F.);
#3149 = ORIENTED_EDGE('',*,*,#2358,.F.);
#3150 = ADVANCED_FACE('',(#3151),#1433,.F.);
#3151 = FACE_BOUND('',#3152,.F.);
#3152 = EDGE_LOOP('',(#3153,#3154,#3155,#3156));
#3153 = ORIENTED_EDGE('',*,*,#3006,.T.);
#3154 = ORIENTED_EDGE('',*,*,#2675,.T.);
#3155 = ORIENTED_EDGE('',*,*,#2336,.T.);
#3156 = ORIENTED_EDGE('',*,*,#1416,.T.);
#3157 = ADVANCED_FACE('',(#3158),#3172,.F.);
#3158 = FACE_BOUND('',#3159,.F.);
#3159 = EDGE_LOOP('',(#3160,#3190,#3214,#3236,#3237,#3311));
#3160 = ORIENTED_EDGE('',*,*,#3161,.T.);
#3161 = EDGE_CURVE('',#3162,#3164,#3166,.T.);
#3162 = VERTEX_POINT('',#3163);
#3163 = CARTESIAN_POINT('',(22.310856821998,-2.732291939329E-15,
    1.510514611721));
#3164 = VERTEX_POINT('',#3165);
#3165 = CARTESIAN_POINT('',(21.000000000001,2.57175827821E-15,
    1.999999999999));
#3166 = SEAM_CURVE('',#3167,(#3171,#3183),.PCURVE_S1.);
#3167 = LINE('',#3168,#3169);
#3168 = CARTESIAN_POINT('',(21.655428411,-2.65202510877E-15,
    1.75525730586));
#3169 = VECTOR('',#3170,1.);
#3170 = DIRECTION('',(-0.936818367097,1.147271614648E-16,0.349816161819)
  );
#3171 = PCURVE('',#3172,#3177);
#3172 = CONICAL_SURFACE('',#3173,21.655428411,1.21342146708);
#3173 = AXIS2_PLACEMENT_3D('',#3174,#3175,#3176);
#3174 = CARTESIAN_POINT('',(2.482574904374E-16,0.,1.75525730586));
#3175 = DIRECTION('',(-5.61694990234E-17,0.,-1.));
#3176 = DIRECTION('',(-1.,0.,5.61694990234E-17));
#3177 = DEFINITIONAL_REPRESENTATION('',(#3178),#3182);
#3178 = LINE('',#3179,#3180);
#3179 = CARTESIAN_POINT('',(-3.14159265359,7.76747914474E-16));
#3180 = VECTOR('',#3181,1.);
#3181 = DIRECTION('',(0.,-1.));
#3182 = ( GEOMETRIC_REPRESENTATION_CONTEXT(2) 
PARAMETRIC_REPRESENTATION_CONTEXT() REPRESENTATION_CONTEXT('2D SPACE',''
  ) );
#3183 = PCURVE('',#3172,#3184);
#3184 = DEFINITIONAL_REPRESENTATION('',(#3185),#3189);
#3185 = LINE('',#3186,#3187);
#3186 = CARTESIAN_POINT('',(3.14159265359,7.76747914474E-16));
#3187 = VECTOR('',#3188,1.);
#3188 = DIRECTION('',(0.,-1.));
#3189 = ( GEOMETRIC_REPRESENTATION_CONTEXT(2) 
PARAMETRIC_REPRESENTATION_CONTEXT() REPRESENTATION_CONTEXT('2D SPACE',''
  ) );
#3190 = ORIENTED_EDGE('',*,*,#3191,.F.);
#3191 = EDGE_CURVE('',#3192,#3164,#3194,.T.);
#3192 = VERTEX_POINT('',#3193);
#3193 = CARTESIAN_POINT('',(-21.,-2.57175827821E-15,1.999999999999));
#3194 = SURFACE_CURVE('',#3195,(#3200,#3207),.PCURVE_S1.);
#3195 = CIRCLE('',#3196,21.000000000001);
#3196 = AXIS2_PLACEMENT_3D('',#3197,#3198,#3199);
#3197 = CARTESIAN_POINT('',(2.620045649568E-16,0.,1.999999999999));
#3198 = DIRECTION('',(1.586032892322E-16,0.,1.));
#3199 = DIRECTION('',(-1.,0.,1.586032892322E-16));
#3200 = PCURVE('',#3172,#3201);
#3201 = DEFINITIONAL_REPRESENTATION('',(#3202),#3206);
#3202 = LINE('',#3203,#3204);
#3203 = CARTESIAN_POINT('',(0.,-0.244742694139));
#3204 = VECTOR('',#3205,1.);
#3205 = DIRECTION('',(-1.,1.730725781748E-16));
#3206 = ( GEOMETRIC_REPRESENTATION_CONTEXT(2) 
PARAMETRIC_REPRESENTATION_CONTEXT() REPRESENTATION_CONTEXT('2D SPACE',''
  ) );
#3207 = PCURVE('',#1991,#3208);
#3208 = DEFINITIONAL_REPRESENTATION('',(#3209),#3213);
#3209 = LINE('',#3210,#3211);
#3210 = CARTESIAN_POINT('',(-3.14159265359,2.));
#3211 = VECTOR('',#3212,1.);
#3212 = DIRECTION('',(1.,0.));
#3213 = ( GEOMETRIC_REPRESENTATION_CONTEXT(2) 
PARAMETRIC_REPRESENTATION_CONTEXT() REPRESENTATION_CONTEXT('2D SPACE',''
  ) );
#3214 = ORIENTED_EDGE('',*,*,#3215,.F.);
#3215 = EDGE_CURVE('',#3164,#3192,#3216,.T.);
#3216 = SURFACE_CURVE('',#3217,(#3222,#3229),.PCURVE_S1.);
#3217 = CIRCLE('',#3218,21.000000000001);
#3218 = AXIS2_PLACEMENT_3D('',#3219,#3220,#3221);
#3219 = CARTESIAN_POINT('',(2.620045649568E-16,0.,1.999999999999));
#3220 = DIRECTION('',(1.586032892322E-16,0.,1.));
#3221 = DIRECTION('',(-1.,0.,1.586032892322E-16));
#3222 = PCURVE('',#3172,#3223);
#3223 = DEFINITIONAL_REPRESENTATION('',(#3224),#3228);
#3224 = LINE('',#3225,#3226);
#3225 = CARTESIAN_POINT('',(6.28318530718,-0.244742694139));
#3226 = VECTOR('',#3227,1.);
#3227 = DIRECTION('',(-1.,-1.730725781748E-16));
#3228 = ( GEOMETRIC_REPRESENTATION_CONTEXT(2) 
PARAMETRIC_REPRESENTATION_CONTEXT() REPRESENTATION_CONTEXT('2D SPACE',''
  ) );
#3229 = PCURVE('',#1991,#3230);
#3230 = DEFINITIONAL_REPRESENTATION('',(#3231),#3235);
#3231 = LINE('',#3232,#3233);
#3232 = CARTESIAN_POINT('',(-3.14159265359,2.));
#3233 = VECTOR('',#3234,1.);
#3234 = DIRECTION('',(1.,0.));
#3235 = ( GEOMETRIC_REPRESENTATION_CONTEXT(2) 
PARAMETRIC_REPRESENTATION_CONTEXT() REPRESENTATION_CONTEXT('2D SPACE',''
  ) );
#3236 = ORIENTED_EDGE('',*,*,#3161,.F.);
#3237 = ORIENTED_EDGE('',*,*,#3238,.F.);
#3238 = EDGE_CURVE('',#3239,#3162,#3241,.T.);
#3239 = VERTEX_POINT('',#3240);
#3240 = CARTESIAN_POINT('',(-22.31085682199,-2.732291939329E-15,
    1.510514611721));
#3241 = SURFACE_CURVE('',#3242,(#3247,#3254),.PCURVE_S1.);
#3242 = CIRCLE('',#3243,22.310856821998);
#3243 = AXIS2_PLACEMENT_3D('',#3244,#3245,#3246);
#3244 = CARTESIAN_POINT('',(2.345104159179E-16,0.,1.510514611721));
#3245 = DIRECTION('',(-1.586032892322E-16,0.,-1.));
#3246 = DIRECTION('',(-1.,0.,1.586032892322E-16));
#3247 = PCURVE('',#3172,#3248);
#3248 = DEFINITIONAL_REPRESENTATION('',(#3249),#3253);
#3249 = LINE('',#3250,#3251);
#3250 = CARTESIAN_POINT('',(0.,0.244742694139));
#3251 = VECTOR('',#3252,1.);
#3252 = DIRECTION('',(1.,1.730725781748E-16));
#3253 = ( GEOMETRIC_REPRESENTATION_CONTEXT(2) 
PARAMETRIC_REPRESENTATION_CONTEXT() REPRESENTATION_CONTEXT('2D SPACE',''
  ) );
#3254 = PCURVE('',#3255,#3283);
#3255 = ( BOUNDED_SURFACE() B_SPLINE_SURFACE(2,2,(
    (#3256,#3257,#3258,#3259,#3260,#3261,#3262,#3263,#3264)
    ,(#3265,#3266,#3267,#3268,#3269,#3270,#3271,#3272,#3273)
    ,(#3274,#3275,#3276,#3277,#3278,#3279,#3280,#3281,#3282
)),.UNSPECIFIED.,.F.,.T.,.F.) B_SPLINE_SURFACE_WITH_KNOTS((3,3),(1,2,2,2
    ,2,2,1),(-0.673070987007,-0.429412512663),(-4.712388980385,
    -3.14159265359,-1.570796326795,0.,1.570796326795,3.14159265359,
4.712388980385),.UNSPECIFIED.) GEOMETRIC_REPRESENTATION_ITEM() 
RATIONAL_B_SPLINE_SURFACE((
    (1.,0.707106781187,1.,0.707106781187,1.,0.707106781187,1.
      ,0.707106781187,1.)
    ,(0.992587992934,0.701865700728,0.992587992934,0.701865700728
      ,0.992587992934,0.701865700728,0.992587992934,0.701865700728
      ,0.992587992934)
    ,(1.,0.707106781187,1.,0.707106781187,1.,0.707106781187,1.
,0.707106781187,1.))) REPRESENTATION_ITEM('') SURFACE() );
#3256 = CARTESIAN_POINT('',(-22.31085682199,0.,1.510514611721));
#3257 = CARTESIAN_POINT('',(-22.31085682199,-22.31085682199,
    1.510514611721));
#3258 = CARTESIAN_POINT('',(2.345104159179E-16,-22.31085682199,
    1.510514611721));
#3259 = CARTESIAN_POINT('',(22.310856821998,-22.31085682199,
    1.510514611721));
#3260 = CARTESIAN_POINT('',(22.310856821998,0.,1.510514611721));
#3261 = CARTESIAN_POINT('',(22.310856821998,22.310856821998,
    1.510514611721));
#3262 = CARTESIAN_POINT('',(2.345104159179E-16,22.310856821998,
    1.510514611721));
#3263 = CARTESIAN_POINT('',(-22.31085682199,22.310856821998,
    1.510514611721));
#3264 = CARTESIAN_POINT('',(-22.31085682199,0.,1.510514611721));
#3265 = CARTESIAN_POINT('',(-24.14266011243,0.,3.808123892283));
#3266 = CARTESIAN_POINT('',(-24.14266011243,-24.14266011243,
    3.808123892283));
#3267 = CARTESIAN_POINT('',(5.912188541024E-16,-24.14266011243,
    3.808123892283));
#3268 = CARTESIAN_POINT('',(24.142660112435,-24.14266011243,
    3.808123892283));
#3269 = CARTESIAN_POINT('',(24.142660112435,0.,3.808123892283));
#3270 = CARTESIAN_POINT('',(24.142660112435,24.142660112435,
    3.808123892283));
#3271 = CARTESIAN_POINT('',(5.912188541024E-16,24.142660112435,
    3.808123892283));
#3272 = CARTESIAN_POINT('',(-24.14266011243,24.142660112435,
    3.808123892283));
#3273 = CARTESIAN_POINT('',(-24.14266011243,0.,3.808123892283));
#3274 = CARTESIAN_POINT('',(-25.36604641152,0.,6.479797087903));
#3275 = CARTESIAN_POINT('',(-25.36604641152,-25.36604641152,
    6.479797087903));
#3276 = CARTESIAN_POINT('',(1.006001463579E-15,-25.36604641152,
    6.479797087903));
#3277 = CARTESIAN_POINT('',(25.366046411521,-25.36604641152,
    6.479797087903));
#3278 = CARTESIAN_POINT('',(25.366046411521,0.,6.479797087903));
#3279 = CARTESIAN_POINT('',(25.366046411521,25.366046411521,
    6.479797087903));
#3280 = CARTESIAN_POINT('',(1.006001463579E-15,25.366046411521,
    6.479797087903));
#3281 = CARTESIAN_POINT('',(-25.36604641152,25.366046411521,
    6.479797087903));
#3282 = CARTESIAN_POINT('',(-25.36604641152,0.,6.479797087903));
#3283 = DEFINITIONAL_REPRESENTATION('',(#3284),#3310);
#3284 = B_SPLINE_CURVE_WITH_KNOTS('',3,(#3285,#3286,#3287,#3288,#3289,
    #3290,#3291,#3292,#3293,#3294,#3295,#3296,#3297,#3298,#3299,#3300,
    #3301,#3302,#3303,#3304,#3305,#3306,#3307,#3308,#3309),
  .UNSPECIFIED.,.F.,.F.,(4,1,1,1,1,1,1,1,1,1,1,1,1,1,1,1,1,1,1,1,1,1,4),
  (0.,0.142799666072,0.285599332145,0.428398998217,0.571198664289,
    0.713998330361,0.856797996434,0.999597662506,1.142397328578,
    1.28519699465,1.427996660723,1.570796326795,1.713595992867,
    1.856395658939,1.999195325012,2.141994991084,2.284794657156,
    2.427594323228,2.570393989301,2.713193655373,2.855993321445,
    2.998792987518,3.14159265359),.QUASI_UNIFORM_KNOTS.);
#3285 = CARTESIAN_POINT('',(-0.673070987007,3.14159265359));
#3286 = CARTESIAN_POINT('',(-0.673070987007,3.088749160154));
#3287 = CARTESIAN_POINT('',(-0.673070987007,2.986084692973));
#3288 = CARTESIAN_POINT('',(-0.673070987007,2.839280566881));
#3289 = CARTESIAN_POINT('',(-0.673070987007,2.697692936885));
#3290 = CARTESIAN_POINT('',(-0.673070987007,2.559699554067));
#3291 = CARTESIAN_POINT('',(-0.673070987007,2.423799075919));
#3292 = CARTESIAN_POINT('',(-0.673070987007,2.288591432534));
#3293 = CARTESIAN_POINT('',(-0.673070987007,2.152681785975));
#3294 = CARTESIAN_POINT('',(-0.673070987007,2.014725076803));
#3295 = CARTESIAN_POINT('',(-0.673070987007,1.872999920633));
#3296 = CARTESIAN_POINT('',(-0.673070987007,1.726709225591));
#3297 = CARTESIAN_POINT('',(-0.673070987007,1.570796326795));
#3298 = CARTESIAN_POINT('',(-0.673070987007,1.414883427999));
#3299 = CARTESIAN_POINT('',(-0.673070987007,1.268592732957));
#3300 = CARTESIAN_POINT('',(-0.673070987007,1.126867576787));
#3301 = CARTESIAN_POINT('',(-0.673070987007,0.988910867615));
#3302 = CARTESIAN_POINT('',(-0.673070987007,0.853001221056));
#3303 = CARTESIAN_POINT('',(-0.673070987007,0.717793577671));
#3304 = CARTESIAN_POINT('',(-0.673070987007,0.581893099523));
#3305 = CARTESIAN_POINT('',(-0.673070987007,0.443899716704));
#3306 = CARTESIAN_POINT('',(-0.673070987007,0.302312086709));
#3307 = CARTESIAN_POINT('',(-0.673070987007,0.155507960617));
#3308 = CARTESIAN_POINT('',(-0.673070987007,5.28434934359E-02));
#3309 = CARTESIAN_POINT('',(-0.673070987007,-8.881784197001E-16));
#3310 = ( GEOMETRIC_REPRESENTATION_CONTEXT(2) 
PARAMETRIC_REPRESENTATION_CONTEXT() REPRESENTATION_CONTEXT('2D SPACE',''
  ) );
#3311 = ORIENTED_EDGE('',*,*,#3312,.F.);
#3312 = EDGE_CURVE('',#3162,#3239,#3313,.T.);
#3313 = SURFACE_CURVE('',#3314,(#3319,#3326),.PCURVE_S1.);
#3314 = CIRCLE('',#3315,22.310856821998);
#3315 = AXIS2_PLACEMENT_3D('',#3316,#3317,#3318);
#3316 = CARTESIAN_POINT('',(2.345104159179E-16,0.,1.510514611721));
#3317 = DIRECTION('',(-1.586032892322E-16,0.,-1.));
#3318 = DIRECTION('',(-1.,0.,1.586032892322E-16));
#3319 = PCURVE('',#3172,#3320);
#3320 = DEFINITIONAL_REPRESENTATION('',(#3321),#3325);
#3321 = LINE('',#3322,#3323);
#3322 = CARTESIAN_POINT('',(-6.28318530718,0.244742694139));
#3323 = VECTOR('',#3324,1.);
#3324 = DIRECTION('',(1.,-1.730725781748E-16));
#3325 = ( GEOMETRIC_REPRESENTATION_CONTEXT(2) 
PARAMETRIC_REPRESENTATION_CONTEXT() REPRESENTATION_CONTEXT('2D SPACE',''
  ) );
#3326 = PCURVE('',#3255,#3327);
#3327 = DEFINITIONAL_REPRESENTATION('',(#3328),#3354);
#3328 = B_SPLINE_CURVE_WITH_KNOTS('',3,(#3329,#3330,#3331,#3332,#3333,
    #3334,#3335,#3336,#3337,#3338,#3339,#3340,#3341,#3342,#3343,#3344,
    #3345,#3346,#3347,#3348,#3349,#3350,#3351,#3352,#3353),
  .UNSPECIFIED.,.F.,.F.,(4,1,1,1,1,1,1,1,1,1,1,1,1,1,1,1,1,1,1,1,1,1,4),
  (3.14159265359,3.284392319662,3.427191985734,3.569991651807,
    3.712791317879,3.855590983951,3.998390650023,4.141190316096,
    4.283989982168,4.42678964824,4.569589314312,4.712388980385,
    4.855188646457,4.997988312529,5.140787978601,5.283587644674,
    5.426387310746,5.569186976818,5.711986642891,5.854786308963,
    5.997585975035,6.140385641107,6.28318530718),.QUASI_UNIFORM_KNOTS.);
#3329 = CARTESIAN_POINT('',(-0.673070987007,0.));
#3330 = CARTESIAN_POINT('',(-0.673070987007,-5.28434934359E-02));
#3331 = CARTESIAN_POINT('',(-0.673070987007,-0.155507960617));
#3332 = CARTESIAN_POINT('',(-0.673070987007,-0.302312086709));
#3333 = CARTESIAN_POINT('',(-0.673070987007,-0.443899716704));
#3334 = CARTESIAN_POINT('',(-0.673070987007,-0.581893099523));
#3335 = CARTESIAN_POINT('',(-0.673070987007,-0.717793577671));
#3336 = CARTESIAN_POINT('',(-0.673070987007,-0.853001221056));
#3337 = CARTESIAN_POINT('',(-0.673070987007,-0.988910867615));
#3338 = CARTESIAN_POINT('',(-0.673070987007,-1.126867576787));
#3339 = CARTESIAN_POINT('',(-0.673070987007,-1.268592732957));
#3340 = CARTESIAN_POINT('',(-0.673070987007,-1.414883427999));
#3341 = CARTESIAN_POINT('',(-0.673070987007,-1.570796326795));
#3342 = CARTESIAN_POINT('',(-0.673070987007,-1.726709225591));
#3343 = CARTESIAN_POINT('',(-0.673070987007,-1.872999920633));
#3344 = CARTESIAN_POINT('',(-0.673070987007,-2.014725076803));
#3345 = CARTESIAN_POINT('',(-0.673070987007,-2.152681785975));
#3346 = CARTESIAN_POINT('',(-0.673070987007,-2.288591432534));
#3347 = CARTESIAN_POINT('',(-0.673070987007,-2.423799075919));
#3348 = CARTESIAN_POINT('',(-0.673070987007,-2.559699554067));
#3349 = CARTESIAN_POINT('',(-0.673070987007,-2.697692936885));
#3350 = CARTESIAN_POINT('',(-0.673070987007,-2.839280566881));
#3351 = CARTESIAN_POINT('',(-0.673070987007,-2.986084692973));
#3352 = CARTESIAN_POINT('',(-0.673070987007,-3.088749160154));
#3353 = CARTESIAN_POINT('',(-0.673070987007,-3.14159265359));
#3354 = ( GEOMETRIC_REPRESENTATION_CONTEXT(2) 
PARAMETRIC_REPRESENTATION_CONTEXT() REPRESENTATION_CONTEXT('2D SPACE',''
  ) );
#3355 = ADVANCED_FACE('',(#3356),#1991,.F.);
#3356 = FACE_BOUND('',#3357,.F.);
#3357 = EDGE_LOOP('',(#3358,#3379,#3380,#3381,#3382));
#3358 = ORIENTED_EDGE('',*,*,#3359,.T.);
#3359 = EDGE_CURVE('',#3192,#1975,#3360,.T.);
#3360 = SEAM_CURVE('',#3361,(#3365,#3372),.PCURVE_S1.);
#3361 = LINE('',#3362,#3363);
#3362 = CARTESIAN_POINT('',(-21.,-2.57175827821E-15,-1.404432126151E-12)
  );
#3363 = VECTOR('',#3364,1.);
#3364 = DIRECTION('',(1.586032892322E-16,0.,1.));
#3365 = PCURVE('',#1991,#3366);
#3366 = DEFINITIONAL_REPRESENTATION('',(#3367),#3371);
#3367 = LINE('',#3368,#3369);
#3368 = CARTESIAN_POINT('',(3.14159265359,0.));
#3369 = VECTOR('',#3370,1.);
#3370 = DIRECTION('',(0.,1.));
#3371 = ( GEOMETRIC_REPRESENTATION_CONTEXT(2) 
PARAMETRIC_REPRESENTATION_CONTEXT() REPRESENTATION_CONTEXT('2D SPACE',''
  ) );
#3372 = PCURVE('',#1991,#3373);
#3373 = DEFINITIONAL_REPRESENTATION('',(#3374),#3378);
#3374 = LINE('',#3375,#3376);
#3375 = CARTESIAN_POINT('',(-3.14159265359,0.));
#3376 = VECTOR('',#3377,1.);
#3377 = DIRECTION('',(0.,1.));
#3378 = ( GEOMETRIC_REPRESENTATION_CONTEXT(2) 
PARAMETRIC_REPRESENTATION_CONTEXT() REPRESENTATION_CONTEXT('2D SPACE',''
  ) );
#3379 = ORIENTED_EDGE('',*,*,#1974,.F.);
#3380 = ORIENTED_EDGE('',*,*,#3359,.F.);
#3381 = ORIENTED_EDGE('',*,*,#3191,.T.);
#3382 = ORIENTED_EDGE('',*,*,#3215,.T.);
#3383 = ADVANCED_FACE('',(#3384),#3255,.F.);
#3384 = FACE_BOUND('',#3385,.F.);
#3385 = EDGE_LOOP('',(#3386,#3410,#3411,#3412,#3413));
#3386 = ORIENTED_EDGE('',*,*,#3387,.T.);
#3387 = EDGE_CURVE('',#3388,#3239,#3390,.T.);
#3388 = VERTEX_POINT('',#3389);
#3389 = CARTESIAN_POINT('',(-25.36604641152,-3.106444754489E-15,
    6.479797087903));
#3390 = SEAM_CURVE('',#3391,(#3396,#3403),.PCURVE_S1.);
#3391 = CIRCLE('',#3392,24.000000000007);
#3392 = AXIS2_PLACEMENT_3D('',#3393,#3394,#3395);
#3393 = CARTESIAN_POINT('',(-3.544994432691,-4.341366084991E-16,
    16.471878479562));
#3394 = DIRECTION('',(1.224646799147E-16,-1.,-1.901288660117E-32));
#3395 = DIRECTION('',(-1.,-1.224646799147E-16,1.612231982603E-16));
#3396 = PCURVE('',#3255,#3397);
#3397 = DEFINITIONAL_REPRESENTATION('',(#3398),#3402);
#3398 = LINE('',#3399,#3400);
#3399 = CARTESIAN_POINT('',(7.216449660064E-16,3.14159265359));
#3400 = VECTOR('',#3401,1.);
#3401 = DIRECTION('',(-1.,0.));
#3402 = ( GEOMETRIC_REPRESENTATION_CONTEXT(2) 
PARAMETRIC_REPRESENTATION_CONTEXT() REPRESENTATION_CONTEXT('2D SPACE',''
  ) );
#3403 = PCURVE('',#3255,#3404);
#3404 = DEFINITIONAL_REPRESENTATION('',(#3405),#3409);
#3405 = LINE('',#3406,#3407);
#3406 = CARTESIAN_POINT('',(7.216449660064E-16,-3.14159265359));
#3407 = VECTOR('',#3408,1.);
#3408 = DIRECTION('',(-1.,0.));
#3409 = ( GEOMETRIC_REPRESENTATION_CONTEXT(2) 
PARAMETRIC_REPRESENTATION_CONTEXT() REPRESENTATION_CONTEXT('2D SPACE',''
  ) );
#3410 = ORIENTED_EDGE('',*,*,#3238,.T.);
#3411 = ORIENTED_EDGE('',*,*,#3312,.T.);
#3412 = ORIENTED_EDGE('',*,*,#3387,.F.);
#3413 = ORIENTED_EDGE('',*,*,#3414,.T.);
#3414 = EDGE_CURVE('',#3388,#3388,#3415,.T.);
#3415 = SURFACE_CURVE('',#3416,(#3421,#3450),.PCURVE_S1.);
#3416 = CIRCLE('',#3417,25.366046411521);
#3417 = AXIS2_PLACEMENT_3D('',#3418,#3419,#3420);
#3418 = CARTESIAN_POINT('',(1.006001463579E-15,0.,6.479797087903));
#3419 = DIRECTION('',(1.552520009395E-16,-6.892585131314E-51,1.));
#3420 = DIRECTION('',(-1.,1.224646799147E-16,1.552520009395E-16));
#3421 = PCURVE('',#3255,#3422);
#3422 = DEFINITIONAL_REPRESENTATION('',(#3423),#3449);
#3423 = B_SPLINE_CURVE_WITH_KNOTS('',3,(#3424,#3425,#3426,#3427,#3428,
    #3429,#3430,#3431,#3432,#3433,#3434,#3435,#3436,#3437,#3438,#3439,
    #3440,#3441,#3442,#3443,#3444,#3445,#3446,#3447,#3448),
  .UNSPECIFIED.,.F.,.F.,(4,1,1,1,1,1,1,1,1,1,1,1,1,1,1,1,1,1,1,1,1,1,4),
  (0.,0.285599332145,0.571198664289,0.856797996434,1.142397328578,
    1.427996660723,1.713595992867,1.999195325012,2.284794657156,
    2.570393989301,2.855993321445,3.14159265359,3.427191985734,
    3.712791317879,3.998390650023,4.283989982168,4.569589314312,
    4.855188646457,5.140787978601,5.426387310746,5.711986642891,
    5.997585975035,6.28318530718),.QUASI_UNIFORM_KNOTS.);
#3424 = CARTESIAN_POINT('',(-0.429412512663,-3.14159265359));
#3425 = CARTESIAN_POINT('',(-0.429412512663,-3.036131210427));
#3426 = CARTESIAN_POINT('',(-0.429412512663,-2.836578914728));
#3427 = CARTESIAN_POINT('',(-0.429412512663,-2.558676880193));
#3428 = CARTESIAN_POINT('',(-0.429412512663,-2.289003793572));
#3429 = CARTESIAN_POINT('',(-0.429412512663,-2.016154537552));
#3430 = CARTESIAN_POINT('',(-0.429412512663,-1.73096007004));
#3431 = CARTESIAN_POINT('',(-0.429412512663,-1.410638332079));
#3432 = CARTESIAN_POINT('',(-0.429412512663,-1.125409373392));
#3433 = CARTESIAN_POINT('',(-0.429412512663,-0.852698082072));
#3434 = CARTESIAN_POINT('',(-0.429412512663,-0.582507627828));
#3435 = CARTESIAN_POINT('',(-0.429412512663,-0.306537099082));
#3436 = CARTESIAN_POINT('',(-0.429412512663,-3.374149861518E-16));
#3437 = CARTESIAN_POINT('',(-0.429412512663,0.306537099082));
#3438 = CARTESIAN_POINT('',(-0.429412512663,0.582507627828));
#3439 = CARTESIAN_POINT('',(-0.429412512663,0.852698082072));
#3440 = CARTESIAN_POINT('',(-0.429412512663,1.125409373392));
#3441 = CARTESIAN_POINT('',(-0.429412512663,1.410638332079));
#3442 = CARTESIAN_POINT('',(-0.429412512663,1.73096007004));
#3443 = CARTESIAN_POINT('',(-0.429412512663,2.016154537552));
#3444 = CARTESIAN_POINT('',(-0.429412512663,2.289003793572));
#3445 = CARTESIAN_POINT('',(-0.429412512663,2.558676880193));
#3446 = CARTESIAN_POINT('',(-0.429412512663,2.836578914728));
#3447 = CARTESIAN_POINT('',(-0.429412512663,3.036131210427));
#3448 = CARTESIAN_POINT('',(-0.429412512663,3.14159265359));
#3449 = ( GEOMETRIC_REPRESENTATION_CONTEXT(2) 
PARAMETRIC_REPRESENTATION_CONTEXT() REPRESENTATION_CONTEXT('2D SPACE',''
  ) );
#3450 = PCURVE('',#3451,#3456);
#3451 = TOROIDAL_SURFACE('',#3452,21.729204415051,4.);
#3452 = AXIS2_PLACEMENT_3D('',#3453,#3454,#3455);
#3453 = CARTESIAN_POINT('',(1.264549901846E-15,0.,8.145143986512));
#3454 = DIRECTION('',(1.552520009395E-16,0.,1.));
#3455 = DIRECTION('',(1.,0.,-1.552520009395E-16));
#3456 = DEFINITIONAL_REPRESENTATION('',(#3457),#3461);
#3457 = LINE('',#3458,#3459);
#3458 = CARTESIAN_POINT('',(-3.14159265359,5.853772794517));
#3459 = VECTOR('',#3460,1.);
#3460 = DIRECTION('',(1.,0.));
#3461 = ( GEOMETRIC_REPRESENTATION_CONTEXT(2) 
PARAMETRIC_REPRESENTATION_CONTEXT() REPRESENTATION_CONTEXT('2D SPACE',''
  ) );
#3462 = ADVANCED_FACE('',(#3463),#3451,.T.);
#3463 = FACE_BOUND('',#3464,.T.);
#3464 = EDGE_LOOP('',(#3465,#3494,#3516,#3517));
#3465 = ORIENTED_EDGE('',*,*,#3466,.T.);
#3466 = EDGE_CURVE('',#3467,#3467,#3469,.T.);
#3467 = VERTEX_POINT('',#3468);
#3468 = CARTESIAN_POINT('',(-25.53751695378,-3.127443839562E-15,
    9.368563623162));
#3469 = SURFACE_CURVE('',#3470,(#3475,#3482),.PCURVE_S1.);
#3470 = CIRCLE('',#3471,25.537516953783);
#3471 = AXIS2_PLACEMENT_3D('',#3472,#3473,#3474);
#3472 = CARTESIAN_POINT('',(1.454488248425E-15,0.,9.368563623162));
#3473 = DIRECTION('',(-1.552520009395E-16,6.892585131314E-51,-1.));
#3474 = DIRECTION('',(-1.,1.224646799147E-16,1.552520009395E-16));
#3475 = PCURVE('',#3451,#3476);
#3476 = DEFINITIONAL_REPRESENTATION('',(#3477),#3481);
#3477 = LINE('',#3478,#3479);
#3478 = CARTESIAN_POINT('',(3.14159265359,6.594021547233));
#3479 = VECTOR('',#3480,1.);
#3480 = DIRECTION('',(-1.,0.));
#3481 = ( GEOMETRIC_REPRESENTATION_CONTEXT(2) 
PARAMETRIC_REPRESENTATION_CONTEXT() REPRESENTATION_CONTEXT('2D SPACE',''
  ) );
#3482 = PCURVE('',#3483,#3488);
#3483 = TOROIDAL_SURFACE('',#3484,71.237267418561,48.);
#3484 = AXIS2_PLACEMENT_3D('',#3485,#3486,#3487);
#3485 = CARTESIAN_POINT('',(3.733748407367E-15,0.,24.049599262961));
#3486 = DIRECTION('',(1.552520009395E-16,0.,1.));
#3487 = DIRECTION('',(1.,0.,-1.552520009395E-16));
#3488 = DEFINITIONAL_REPRESENTATION('',(#3489),#3493);
#3489 = LINE('',#3490,#3491);
#3490 = CARTESIAN_POINT('',(3.14159265359,3.452428893643));
#3491 = VECTOR('',#3492,1.);
#3492 = DIRECTION('',(-1.,0.));
#3493 = ( GEOMETRIC_REPRESENTATION_CONTEXT(2) 
PARAMETRIC_REPRESENTATION_CONTEXT() REPRESENTATION_CONTEXT('2D SPACE',''
  ) );
#3494 = ORIENTED_EDGE('',*,*,#3495,.T.);
#3495 = EDGE_CURVE('',#3467,#3388,#3496,.T.);
#3496 = SEAM_CURVE('',#3497,(#3502,#3509),.PCURVE_S1.);
#3497 = CIRCLE('',#3498,4.);
#3498 = AXIS2_PLACEMENT_3D('',#3499,#3500,#3501);
#3499 = CARTESIAN_POINT('',(-21.72920441505,-2.661060063491E-15,
    8.145143986512));
#3500 = DIRECTION('',(1.224646799147E-16,-1.,-1.901288660117E-32));
#3501 = DIRECTION('',(-1.,-1.224646799147E-16,1.726012210429E-16));
#3502 = PCURVE('',#3451,#3503);
#3503 = DEFINITIONAL_REPRESENTATION('',(#3504),#3508);
#3504 = LINE('',#3505,#3506);
#3505 = CARTESIAN_POINT('',(-3.14159265359,12.566370614359));
#3506 = VECTOR('',#3507,1.);
#3507 = DIRECTION('',(0.,-1.));
#3508 = ( GEOMETRIC_REPRESENTATION_CONTEXT(2) 
PARAMETRIC_REPRESENTATION_CONTEXT() REPRESENTATION_CONTEXT('2D SPACE',''
  ) );
#3509 = PCURVE('',#3451,#3510);
#3510 = DEFINITIONAL_REPRESENTATION('',(#3511),#3515);
#3511 = LINE('',#3512,#3513);
#3512 = CARTESIAN_POINT('',(3.14159265359,12.566370614359));
#3513 = VECTOR('',#3514,1.);
#3514 = DIRECTION('',(0.,-1.));
#3515 = ( GEOMETRIC_REPRESENTATION_CONTEXT(2) 
PARAMETRIC_REPRESENTATION_CONTEXT() REPRESENTATION_CONTEXT('2D SPACE',''
  ) );
#3516 = ORIENTED_EDGE('',*,*,#3414,.T.);
#3517 = ORIENTED_EDGE('',*,*,#3495,.F.);
#3518 = ADVANCED_FACE('',(#3519),#3532,.T.);
#3519 = FACE_BOUND('',#3520,.T.);
#3520 = EDGE_LOOP('',(#3521,#3559,#3583,#3605));
#3521 = ORIENTED_EDGE('',*,*,#3522,.T.);
#3522 = EDGE_CURVE('',#3523,#3523,#3525,.T.);
#3523 = VERTEX_POINT('',#3524);
#3524 = CARTESIAN_POINT('',(-19.38753902952,-2.374288761585E-15,32.));
#3525 = SURFACE_CURVE('',#3526,(#3531,#3543),.PCURVE_S1.);
#3526 = CIRCLE('',#3527,19.387539029525);
#3527 = AXIS2_PLACEMENT_3D('',#3528,#3529,#3530);
#3528 = CARTESIAN_POINT('',(4.968064030063E-15,0.,32.));
#3529 = DIRECTION('',(-1.552520009395E-16,6.892585131314E-51,-1.));
#3530 = DIRECTION('',(-1.,1.224646799147E-16,1.552520009395E-16));
#3531 = PCURVE('',#3532,#3537);
#3532 = TOROIDAL_SURFACE('',#3533,19.387539029525,4.);
#3533 = AXIS2_PLACEMENT_3D('',#3534,#3535,#3536);
#3534 = CARTESIAN_POINT('',(4.347056026305E-15,0.,28.));
#3535 = DIRECTION('',(1.552520009395E-16,0.,1.));
#3536 = DIRECTION('',(1.,0.,-1.552520009395E-16));
#3537 = DEFINITIONAL_REPRESENTATION('',(#3538),#3542);
#3538 = LINE('',#3539,#3540);
#3539 = CARTESIAN_POINT('',(3.14159265359,1.570796326795));
#3540 = VECTOR('',#3541,1.);
#3541 = DIRECTION('',(-1.,0.));
#3542 = ( GEOMETRIC_REPRESENTATION_CONTEXT(2) 
PARAMETRIC_REPRESENTATION_CONTEXT() REPRESENTATION_CONTEXT('2D SPACE',''
  ) );
#3543 = PCURVE('',#3544,#3549);
#3544 = PLANE('',#3545);
#3545 = AXIS2_PLACEMENT_3D('',#3546,#3547,#3548);
#3546 = CARTESIAN_POINT('',(4.968064030063E-15,0.,32.));
#3547 = DIRECTION('',(1.552520009395E-16,0.,1.));
#3548 = DIRECTION('',(1.,0.,-1.552520009395E-16));
#3549 = DEFINITIONAL_REPRESENTATION('',(#3550),#3558);
#3550 = ( BOUNDED_CURVE() B_SPLINE_CURVE(2,(#3551,#3552,#3553,#3554,
#3555,#3556,#3557),.UNSPECIFIED.,.T.,.F.) B_SPLINE_CURVE_WITH_KNOTS((1,2
    ,2,2,2,1),(-2.094395102393,0.,2.094395102393,4.188790204786,
6.28318530718,8.377580409573),.UNSPECIFIED.) CURVE() 
GEOMETRIC_REPRESENTATION_ITEM() RATIONAL_B_SPLINE_CURVE((1.,0.5,1.,0.5,
1.,0.5,1.)) REPRESENTATION_ITEM('') );
#3551 = CARTESIAN_POINT('',(-19.38753902952,2.374288761585E-15));
#3552 = CARTESIAN_POINT('',(-19.38753902952,33.580202632861));
#3553 = CARTESIAN_POINT('',(9.693769514762,16.790101316431));
#3554 = CARTESIAN_POINT('',(38.775078059049,1.21632282742E-29));
#3555 = CARTESIAN_POINT('',(9.693769514762,-16.79010131643));
#3556 = CARTESIAN_POINT('',(-19.38753902952,-33.58020263286));
#3557 = CARTESIAN_POINT('',(-19.38753902952,2.374288761585E-15));
#3558 = ( GEOMETRIC_REPRESENTATION_CONTEXT(2) 
PARAMETRIC_REPRESENTATION_CONTEXT() REPRESENTATION_CONTEXT('2D SPACE',''
  ) );
#3559 = ORIENTED_EDGE('',*,*,#3560,.T.);
#3560 = EDGE_CURVE('',#3523,#3561,#3563,.T.);
#3561 = VERTEX_POINT('',#3562);
#3562 = CARTESIAN_POINT('',(-23.37597967483,-2.862731868572E-15,
    27.696123020228));
#3563 = SEAM_CURVE('',#3564,(#3569,#3576),.PCURVE_S1.);
#3564 = CIRCLE('',#3565,4.);
#3565 = AXIS2_PLACEMENT_3D('',#3566,#3567,#3568);
#3566 = CARTESIAN_POINT('',(-19.38753902952,-2.374288761585E-15,28.));
#3567 = DIRECTION('',(1.224646799147E-16,-1.,-1.901288660117E-32));
#3568 = DIRECTION('',(-1.,-1.224646799147E-16,1.898828300359E-16));
#3569 = PCURVE('',#3532,#3570);
#3570 = DEFINITIONAL_REPRESENTATION('',(#3571),#3575);
#3571 = LINE('',#3572,#3573);
#3572 = CARTESIAN_POINT('',(-3.14159265359,6.28318530718));
#3573 = VECTOR('',#3574,1.);
#3574 = DIRECTION('',(0.,-1.));
#3575 = ( GEOMETRIC_REPRESENTATION_CONTEXT(2) 
PARAMETRIC_REPRESENTATION_CONTEXT() REPRESENTATION_CONTEXT('2D SPACE',''
  ) );
#3576 = PCURVE('',#3532,#3577);
#3577 = DEFINITIONAL_REPRESENTATION('',(#3578),#3582);
#3578 = LINE('',#3579,#3580);
#3579 = CARTESIAN_POINT('',(3.14159265359,6.28318530718));
#3580 = VECTOR('',#3581,1.);
#3581 = DIRECTION('',(0.,-1.));
#3582 = ( GEOMETRIC_REPRESENTATION_CONTEXT(2) 
PARAMETRIC_REPRESENTATION_CONTEXT() REPRESENTATION_CONTEXT('2D SPACE',''
  ) );
#3583 = ORIENTED_EDGE('',*,*,#3584,.T.);
#3584 = EDGE_CURVE('',#3561,#3561,#3585,.T.);
#3585 = SURFACE_CURVE('',#3586,(#3591,#3598),.PCURVE_S1.);
#3586 = CIRCLE('',#3587,23.375979674835);
#3587 = AXIS2_PLACEMENT_3D('',#3588,#3589,#3590);
#3588 = CARTESIAN_POINT('',(4.299878517156E-15,0.,27.696123020228));
#3589 = DIRECTION('',(1.552520009395E-16,-6.892585131314E-51,1.));
#3590 = DIRECTION('',(-1.,1.224646799147E-16,1.552520009395E-16));
#3591 = PCURVE('',#3532,#3592);
#3592 = DEFINITIONAL_REPRESENTATION('',(#3593),#3597);
#3593 = LINE('',#3594,#3595);
#3594 = CARTESIAN_POINT('',(-3.14159265359,-7.604250925952E-02));
#3595 = VECTOR('',#3596,1.);
#3596 = DIRECTION('',(1.,0.));
#3597 = ( GEOMETRIC_REPRESENTATION_CONTEXT(2) 
PARAMETRIC_REPRESENTATION_CONTEXT() REPRESENTATION_CONTEXT('2D SPACE',''
  ) );
#3598 = PCURVE('',#3483,#3599);
#3599 = DEFINITIONAL_REPRESENTATION('',(#3600),#3604);
#3600 = LINE('',#3601,#3602);
#3601 = CARTESIAN_POINT('',(-3.14159265359,3.06555014433));
#3602 = VECTOR('',#3603,1.);
#3603 = DIRECTION('',(1.,0.));
#3604 = ( GEOMETRIC_REPRESENTATION_CONTEXT(2) 
PARAMETRIC_REPRESENTATION_CONTEXT() REPRESENTATION_CONTEXT('2D SPACE',''
  ) );
#3605 = ORIENTED_EDGE('',*,*,#3560,.F.);
#3606 = ADVANCED_FACE('',(#3607),#3544,.T.);
#3607 = FACE_BOUND('',#3608,.T.);
#3608 = EDGE_LOOP('',(#3609));
#3609 = ORIENTED_EDGE('',*,*,#3522,.F.);
#3610 = ADVANCED_FACE('',(#3611),#3483,.F.);
#3611 = FACE_BOUND('',#3612,.F.);
#3612 = EDGE_LOOP('',(#3613,#3635,#3636,#3637));
#3613 = ORIENTED_EDGE('',*,*,#3614,.T.);
#3614 = EDGE_CURVE('',#3467,#3561,#3615,.T.);
#3615 = SEAM_CURVE('',#3616,(#3621,#3628),.PCURVE_S1.);
#3616 = CIRCLE('',#3617,48.);
#3617 = AXIS2_PLACEMENT_3D('',#3618,#3619,#3620);
#3618 = CARTESIAN_POINT('',(-71.23726741856,-8.724049152414E-15,
    24.049599262961));
#3619 = DIRECTION('',(1.224646799147E-16,-1.,-1.901288660117E-32));
#3620 = DIRECTION('',(-1.,-1.224646799147E-16,1.489766478097E-16));
#3621 = PCURVE('',#3483,#3622);
#3622 = DEFINITIONAL_REPRESENTATION('',(#3623),#3627);
#3623 = LINE('',#3624,#3625);
#3624 = CARTESIAN_POINT('',(-3.14159265359,6.28318530718));
#3625 = VECTOR('',#3626,1.);
#3626 = DIRECTION('',(0.,-1.));
#3627 = ( GEOMETRIC_REPRESENTATION_CONTEXT(2) 
PARAMETRIC_REPRESENTATION_CONTEXT() REPRESENTATION_CONTEXT('2D SPACE',''
  ) );
#3628 = PCURVE('',#3483,#3629);
#3629 = DEFINITIONAL_REPRESENTATION('',(#3630),#3634);
#3630 = LINE('',#3631,#3632);
#3631 = CARTESIAN_POINT('',(3.14159265359,6.28318530718));
#3632 = VECTOR('',#3633,1.);
#3633 = DIRECTION('',(0.,-1.));
#3634 = ( GEOMETRIC_REPRESENTATION_CONTEXT(2) 
PARAMETRIC_REPRESENTATION_CONTEXT() REPRESENTATION_CONTEXT('2D SPACE',''
  ) );
#3635 = ORIENTED_EDGE('',*,*,#3584,.T.);
#3636 = ORIENTED_EDGE('',*,*,#3614,.F.);
#3637 = ORIENTED_EDGE('',*,*,#3466,.T.);
#3638 = ( GEOMETRIC_REPRESENTATION_CONTEXT(3) 
GLOBAL_UNCERTAINTY_ASSIGNED_CONTEXT((#3642)) 
GLOBAL_UNIT_ASSIGNED_CONTEXT((#3639,#3640,#3641)) REPRESENTATION_CONTEXT
('Context #1','3D Context with UNIT and UNCERTAINTY') );
#3639 = ( LENGTH_UNIT() NAMED_UNIT(*) SI_UNIT(.MILLI.,.METRE.) );
#3640 = ( NAMED_UNIT(*) PLANE_ANGLE_UNIT() SI_UNIT($,.RADIAN.) );
#3641 = ( NAMED_UNIT(*) SI_UNIT($,.STERADIAN.) SOLID_ANGLE_UNIT() );
#3642 = UNCERTAINTY_MEASURE_WITH_UNIT(LENGTH_MEASURE(2.E-05),#3639,
  'distance_accuracy_value','confusion accuracy');
#3643 = PRODUCT_RELATED_PRODUCT_CATEGORY('part',$,(#7));
#3644 = MECHANICAL_DESIGN_GEOMETRIC_PRESENTATION_REPRESENTATION('',(
    #3645),#3638);
#3645 = STYLED_ITEM('color',(#3646),#15);
#3646 = PRESENTATION_STYLE_ASSIGNMENT((#3647,#3653));
#3647 = SURFACE_STYLE_USAGE(.BOTH.,#3648);
#3648 = SURFACE_SIDE_STYLE('',(#3649));
#3649 = SURFACE_STYLE_FILL_AREA(#3650);
#3650 = FILL_AREA_STYLE('',(#3651));
#3651 = FILL_AREA_STYLE_COLOUR('',#3652);
#3652 = COLOUR_RGB('',0.137254891762,0.137254891762,0.137254891762);
#3653 = CURVE_STYLE('',#3654,POSITIVE_LENGTH_MEASURE(0.1),#3655);
#3654 = DRAUGHTING_PRE_DEFINED_CURVE_FONT('continuous');
#3655 = COLOUR_RGB('',9.803921802644E-02,9.803921802644E-02,
  9.803921802644E-02);
ENDSEC;
END-ISO-10303-21;
