ISO-10303-21;
HEADER;
FILE_DESCRIPTION(('FreeCAD Model'),'2;1');
FILE_NAME('Open CASCADE Shape Model','2026-07-06T10:44:01',(''),(''),
  'Open CASCADE STEP processor 7.8','FreeCAD','Unknown');
FILE_SCHEMA(('AUTOMOTIVE_DESIGN { 1 0 10303 214 1 1 1 1 }'));
ENDSEC;
DATA;
#1 = APPLICATION_PROTOCOL_DEFINITION('international standard',
  'automotive_design',2000,#2);
#2 = APPLICATION_CONTEXT(
  'core data for automotive mechanical design processes');
#3 = SHAPE_DEFINITION_REPRESENTATION(#4,#10);
#4 = PRODUCT_DEFINITION_SHAPE('','',#5);
#5 = PRODUCT_DEFINITION('design','',#6,#9);
#6 = PRODUCT_DEFINITION_FORMATION('','',#7);
#7 = PRODUCT('Magnets Holder v11','Magnets Holder v11','',(#8));
#8 = PRODUCT_CONTEXT('',#2,'mechanical');
#9 = PRODUCT_DEFINITION_CONTEXT('part definition',#2,'design');
#10 = ADVANCED_BREP_SHAPE_REPRESENTATION('',(#11,#15),#7153);
#11 = AXIS2_PLACEMENT_3D('',#12,#13,#14);
#12 = CARTESIAN_POINT('',(0.,0.,0.));
#13 = DIRECTION('',(0.,0.,1.));
#14 = DIRECTION('',(1.,0.,-0.));
#15 = MANIFOLD_SOLID_BREP('',#16);
#16 = CLOSED_SHELL('',(#17,#239,#315,#1084,#1259,#1381,#1694,#1794,#1843
    ,#1965,#2014,#2121,#2333,#3125,#3408,#3508,#3705,#3805,#3832,#3933,
    #3982,#4111,#4318,#4394,#5159,#5259,#5360,#5409,#5531,#5580,#5733,
    #5862,#5889,#5916,#5943,#6111,#6207,#6214,#6249,#6284,#6319,#6369,
    #6419,#6469,#6545,#6602,#6656,#6710,#6764,#6821,#6875,#6929,#6983,
    #7040,#7094,#7126));
#17 = ADVANCED_FACE('',(#18),#39,.T.);
#18 = FACE_BOUND('',#19,.T.);
#19 = EDGE_LOOP('',(#20,#106,#134,#213));
#20 = ORIENTED_EDGE('',*,*,#21,.T.);
#21 = EDGE_CURVE('',#22,#24,#26,.T.);
#22 = VERTEX_POINT('',#23);
#23 = CARTESIAN_POINT('',(1.,-12.62701665379,3.));
#24 = VERTEX_POINT('',#25);
#25 = CARTESIAN_POINT('',(2.,-13.03589838486,2.));
#26 = SURFACE_CURVE('',#27,(#38,#72),.PCURVE_S1.);
#27 = B_SPLINE_CURVE_WITH_KNOTS('',3,(#28,#29,#30,#31,#32,#33,#34,#35,
    #36,#37),.UNSPECIFIED.,.F.,.F.,(4,2,2,2,4),(0.330310841855,
    0.368366622989,0.406422404123,0.447252431709,0.488082459296),
  .UNSPECIFIED.);
#28 = CARTESIAN_POINT('',(1.,-12.62701665379,3.));
#29 = CARTESIAN_POINT('',(1.,-12.62701665379,2.873147396221));
#30 = CARTESIAN_POINT('',(1.025668896479,-12.63336642466,2.738235245913)
  );
#31 = CARTESIAN_POINT('',(1.128530957277,-12.6621269078,2.491685654172)
  );
#32 = CARTESIAN_POINT('',(1.205701808641,-12.6849282589,2.380084628986)
  );
#33 = CARTESIAN_POINT('',(1.386440836983,-12.74666096872,2.199345600644)
  );
#34 = CARTESIAN_POINT('',(1.503469685401,-12.7908222001,2.121759324301)
  );
#35 = CARTESIAN_POINT('',(1.751435065163,-12.90126461864,2.022214525756)
  );
#36 = CARTESIAN_POINT('',(1.882133862909,-12.96784833888,2.));
#37 = CARTESIAN_POINT('',(2.,-13.03589838486,2.));
#38 = PCURVE('',#39,#44);
#39 = CYLINDRICAL_SURFACE('',#40,1.);
#40 = AXIS2_PLACEMENT_3D('',#41,#42,#43);
#41 = CARTESIAN_POINT('',(2.,-6.835786437627,3.));
#42 = DIRECTION('',(6.900036098045E-14,1.,0.));
#43 = DIRECTION('',(-0.707106781187,4.87906231536E-14,-0.707106781187));
#44 = DEFINITIONAL_REPRESENTATION('',(#45),#71);
#45 = B_SPLINE_CURVE_WITH_KNOTS('',3,(#46,#47,#48,#49,#50,#51,#52,#53,
    #54,#55,#56,#57,#58,#59,#60,#61,#62,#63,#64,#65,#66,#67,#68,#69,#70)
  ,.UNSPECIFIED.,.F.,.F.,(4,1,1,1,1,1,1,1,1,1,1,1,1,1,1,1,1,1,1,1,1,1,4)
  ,(0.330310841855,0.337482279012,0.344653716168,0.351825153325,
    0.358996590481,0.366168027637,0.373339464794,0.38051090195,
    0.387682339107,0.394853776263,0.402025213419,0.409196650576,
    0.416368087732,0.423539524888,0.430710962045,0.437882399201,
    0.445053836358,0.452225273514,0.45939671067,0.466568147827,
    0.473739584983,0.480911022139,0.488082459296),
  .QUASI_UNIFORM_KNOTS.);
#46 = CARTESIAN_POINT('',(7.068583470577,-5.791230216166));
#47 = CARTESIAN_POINT('',(7.0446802721,-5.791230216166));
#48 = CARTESIAN_POINT('',(6.996294727036,-5.791681182919));
#49 = CARTESIAN_POINT('',(6.922373793666,-5.793778153673));
#50 = CARTESIAN_POINT('',(6.847504189307,-5.797362718261));
#51 = CARTESIAN_POINT('',(6.772082951924,-5.802503864921));
#52 = CARTESIAN_POINT('',(6.696473262954,-5.809263468937));
#53 = CARTESIAN_POINT('',(6.620968010013,-5.817729942381));
#54 = CARTESIAN_POINT('',(6.545815448702,-5.827970927699));
#55 = CARTESIAN_POINT('',(6.471329009651,-5.839904803653));
#56 = CARTESIAN_POINT('',(6.397943734083,-5.853470192623));
#57 = CARTESIAN_POINT('',(6.325920494666,-5.868646924613));
#58 = CARTESIAN_POINT('',(6.256295514784,-5.885229755512));
#59 = CARTESIAN_POINT('',(6.185779575926,-5.904060676761));
#60 = CARTESIAN_POINT('',(6.114671579258,-5.925099152328));
#61 = CARTESIAN_POINT('',(6.043294604831,-5.948308040764));
#62 = CARTESIAN_POINT('',(5.971981225345,-5.973652235879));
#63 = CARTESIAN_POINT('',(5.901044659097,-6.001085095856));
#64 = CARTESIAN_POINT('',(5.830769441435,-6.030604086133));
#65 = CARTESIAN_POINT('',(5.761351084393,-6.06202774264));
#66 = CARTESIAN_POINT('',(5.693000620261,-6.095003170824));
#67 = CARTESIAN_POINT('',(5.626004385872,-6.129216985323));
#68 = CARTESIAN_POINT('',(5.560685197499,-6.164345210681));
#69 = CARTESIAN_POINT('',(5.518490025659,-6.188159551975));
#70 = CARTESIAN_POINT('',(5.497787143782,-6.200111947235));
#71 = ( GEOMETRIC_REPRESENTATION_CONTEXT(2) 
PARAMETRIC_REPRESENTATION_CONTEXT() REPRESENTATION_CONTEXT('2D SPACE',''
  ) );
#72 = PCURVE('',#73,#78);
#73 = CYLINDRICAL_SURFACE('',#74,4.);
#74 = AXIS2_PLACEMENT_3D('',#75,#76,#77);
#75 = CARTESIAN_POINT('',(-2.620126338115E-13,-16.5,14.));
#76 = DIRECTION('',(0.,0.,-1.));
#77 = DIRECTION('',(1.,0.,0.));
#78 = DEFINITIONAL_REPRESENTATION('',(#79),#105);
#79 = B_SPLINE_CURVE_WITH_KNOTS('',3,(#80,#81,#82,#83,#84,#85,#86,#87,
    #88,#89,#90,#91,#92,#93,#94,#95,#96,#97,#98,#99,#100,#101,#102,#103,
    #104),.UNSPECIFIED.,.F.,.F.,(4,1,1,1,1,1,1,1,1,1,1,1,1,1,1,1,1,1,1,1
    ,1,1,4),(0.330310841855,0.337482279012,0.344653716168,0.351825153325
    ,0.358996590481,0.366168027637,0.373339464794,0.38051090195,
    0.387682339107,0.394853776263,0.402025213419,0.409196650576,
    0.416368087732,0.423539524888,0.430710962045,0.437882399201,
    0.445053836358,0.452225273514,0.45939671067,0.466568147827,
    0.473739584983,0.480911022139,0.488082459296),
  .QUASI_UNIFORM_KNOTS.);
#80 = CARTESIAN_POINT('',(4.965069235527,11.));
#81 = CARTESIAN_POINT('',(4.965069242254,11.023904790521));
#82 = CARTESIAN_POINT('',(4.965538708034,11.072286808795));
#83 = CARTESIAN_POINT('',(4.967656553506,11.145786084925));
#84 = CARTESIAN_POINT('',(4.971192825847,11.219421313459));
#85 = CARTESIAN_POINT('',(4.976154089298,11.292399514778));
#86 = CARTESIAN_POINT('',(4.982541177171,11.363937675817));
#87 = CARTESIAN_POINT('',(4.990377038686,11.4332156006));
#88 = CARTESIAN_POINT('',(4.99955525142,11.499633857479));
#89 = CARTESIAN_POINT('',(5.009911559811,11.562709702638));
#90 = CARTESIAN_POINT('',(5.021286733227,11.621895078412));
#91 = CARTESIAN_POINT('',(5.033556551292,11.676796736345));
#92 = CARTESIAN_POINT('',(5.046455755781,11.726467504993));
#93 = CARTESIAN_POINT('',(5.06051782335,11.7730369726));
#94 = CARTESIAN_POINT('',(5.075614391265,11.816116812777));
#95 = CARTESIAN_POINT('',(5.091619857622,11.855323454013));
#96 = CARTESIAN_POINT('',(5.108409594903,11.890267479469));
#97 = CARTESIAN_POINT('',(5.125858820252,11.920578098747));
#98 = CARTESIAN_POINT('',(5.143850844867,11.945815861014));
#99 = CARTESIAN_POINT('',(5.162224259337,11.966052087475));
#100 = CARTESIAN_POINT('',(5.180804821689,11.981487196886));
#101 = CARTESIAN_POINT('',(5.199420675757,11.992287751857));
#102 = CARTESIAN_POINT('',(5.217898968007,11.998629389845));
#103 = CARTESIAN_POINT('',(5.230011640847,12.));
#104 = CARTESIAN_POINT('',(5.235987755983,12.));
#105 = ( GEOMETRIC_REPRESENTATION_CONTEXT(2) 
PARAMETRIC_REPRESENTATION_CONTEXT() REPRESENTATION_CONTEXT('2D SPACE',''
  ) );
#106 = ORIENTED_EDGE('',*,*,#107,.T.);
#107 = EDGE_CURVE('',#24,#108,#110,.T.);
#108 = VERTEX_POINT('',#109);
#109 = CARTESIAN_POINT('',(2.,-14.2639320225,2.));
#110 = SURFACE_CURVE('',#111,(#115,#122),.PCURVE_S1.);
#111 = LINE('',#112,#113);
#112 = CARTESIAN_POINT('',(2.,-6.835786437627,2.));
#113 = VECTOR('',#114,1.);
#114 = DIRECTION('',(-6.900036098045E-14,-1.,0.));
#115 = PCURVE('',#39,#116);
#116 = DEFINITIONAL_REPRESENTATION('',(#117),#121);
#117 = LINE('',#118,#119);
#118 = CARTESIAN_POINT('',(5.497787143782,8.881784197001E-16));
#119 = VECTOR('',#120,1.);
#120 = DIRECTION('',(0.,-1.));
#121 = ( GEOMETRIC_REPRESENTATION_CONTEXT(2) 
PARAMETRIC_REPRESENTATION_CONTEXT() REPRESENTATION_CONTEXT('2D SPACE',''
  ) );
#122 = PCURVE('',#123,#128);
#123 = PLANE('',#124);
#124 = AXIS2_PLACEMENT_3D('',#125,#126,#127);
#125 = CARTESIAN_POINT('',(2.22044604925E-15,4.440892098501E-15,2.));
#126 = DIRECTION('',(0.,0.,-1.));
#127 = DIRECTION('',(1.,0.,0.));
#128 = DEFINITIONAL_REPRESENTATION('',(#129),#133);
#129 = LINE('',#130,#131);
#130 = CARTESIAN_POINT('',(2.,6.835786437627));
#131 = VECTOR('',#132,1.);
#132 = DIRECTION('',(-6.900036098045E-14,1.));
#133 = ( GEOMETRIC_REPRESENTATION_CONTEXT(2) 
PARAMETRIC_REPRESENTATION_CONTEXT() REPRESENTATION_CONTEXT('2D SPACE',''
  ) );
#134 = ORIENTED_EDGE('',*,*,#135,.T.);
#135 = EDGE_CURVE('',#108,#136,#138,.T.);
#136 = VERTEX_POINT('',#137);
#137 = CARTESIAN_POINT('',(1.,-13.67157287525,3.));
#138 = SURFACE_CURVE('',#139,(#150,#179),.PCURVE_S1.);
#139 = B_SPLINE_CURVE_WITH_KNOTS('',3,(#140,#141,#142,#143,#144,#145,
    #146,#147,#148,#149),.UNSPECIFIED.,.F.,.F.,(4,2,2,2,4),(
    0.259626762536,0.305240567732,0.350854372928,0.387909138549,
    0.424963904169),.UNSPECIFIED.);
#140 = CARTESIAN_POINT('',(2.,-14.2639320225,2.));
#141 = CARTESIAN_POINT('',(1.886671589854,-14.16256801095,2.));
#142 = CARTESIAN_POINT('',(1.755623597058,-14.06257551542,2.020545125026
    ));
#143 = CARTESIAN_POINT('',(1.499431125771,-13.89712501416,2.123368526222
    ));
#144 = CARTESIAN_POINT('',(1.374783905871,-13.83127545433,2.206253851096
    ));
#145 = CARTESIAN_POINT('',(1.194168844935,-13.74646408038,2.396305404216
    ));
#146 = CARTESIAN_POINT('',(1.121503308245,-13.71702786442,2.50500983757)
  );
#147 = CARTESIAN_POINT('',(1.02439150224,-13.67983591893,2.745127544203)
  );
#148 = CARTESIAN_POINT('',(1.,-13.67157287525,2.876484114599));
#149 = CARTESIAN_POINT('',(1.,-13.67157287525,3.));
#150 = PCURVE('',#39,#151);
#151 = DEFINITIONAL_REPRESENTATION('',(#152),#178);
#152 = B_SPLINE_CURVE_WITH_KNOTS('',3,(#153,#154,#155,#156,#157,#158,
    #159,#160,#161,#162,#163,#164,#165,#166,#167,#168,#169,#170,#171,
    #172,#173,#174,#175,#176,#177),.UNSPECIFIED.,.F.,.F.,(4,1,1,1,1,1,1,
    1,1,1,1,1,1,1,1,1,1,1,1,1,1,1,4),(0.259626762536,0.267142087156,
    0.274657411775,0.282172736395,0.289688061015,0.297203385634,
    0.304718710254,0.312234034874,0.319749359493,0.327264684113,
    0.334780008733,0.342295333353,0.349810657972,0.357325982592,
    0.364841307212,0.372356631831,0.379871956451,0.387387281071,
    0.39490260569,0.40241793031,0.40993325493,0.41744857955,
    0.424963904169),.QUASI_UNIFORM_KNOTS.);
#153 = CARTESIAN_POINT('',(5.497787143782,-7.428145584873));
#154 = CARTESIAN_POINT('',(5.516461013689,-7.411444863496));
#155 = CARTESIAN_POINT('',(5.554763853821,-7.378117879283));
#156 = CARTESIAN_POINT('',(5.614770914734,-7.328777374061));
#157 = CARTESIAN_POINT('',(5.677006599649,-7.280513316663));
#158 = CARTESIAN_POINT('',(5.741187599509,-7.233752599433));
#159 = CARTESIAN_POINT('',(5.807074005966,-7.188920570996));
#160 = CARTESIAN_POINT('',(5.874488433648,-7.146448339227));
#161 = CARTESIAN_POINT('',(5.9433228014,-7.106745518729));
#162 = CARTESIAN_POINT('',(6.013294852673,-7.069839622453));
#163 = CARTESIAN_POINT('',(6.084119643718,-7.035795467077));
#164 = CARTESIAN_POINT('',(6.155473372108,-7.004676114053));
#165 = CARTESIAN_POINT('',(6.227147253615,-6.976515141274));
#166 = CARTESIAN_POINT('',(6.298592912712,-6.951465816098));
#167 = CARTESIAN_POINT('',(6.370714163112,-6.929232131578));
#168 = CARTESIAN_POINT('',(6.445699362706,-6.909037098677));
#169 = CARTESIAN_POINT('',(6.522294920726,-6.891218044569));
#170 = CARTESIAN_POINT('',(6.600145500936,-6.87582458909));
#171 = CARTESIAN_POINT('',(6.678726217453,-6.863000060749));
#172 = CARTESIAN_POINT('',(6.757689842097,-6.852800660699));
#173 = CARTESIAN_POINT('',(6.836666158444,-6.845037418075));
#174 = CARTESIAN_POINT('',(6.915199535369,-6.839629129371));
#175 = CARTESIAN_POINT('',(6.992782609611,-6.836466171001));
#176 = CARTESIAN_POINT('',(7.043534415346,-6.835786437627));
#177 = CARTESIAN_POINT('',(7.068583470577,-6.835786437627));
#178 = ( GEOMETRIC_REPRESENTATION_CONTEXT(2) 
PARAMETRIC_REPRESENTATION_CONTEXT() REPRESENTATION_CONTEXT('2D SPACE',''
  ) );
#179 = PCURVE('',#180,#185);
#180 = CYLINDRICAL_SURFACE('',#181,3.);
#181 = AXIS2_PLACEMENT_3D('',#182,#183,#184);
#182 = CARTESIAN_POINT('',(-2.423380209587E-13,-16.5,2.));
#183 = DIRECTION('',(0.,0.,1.));
#184 = DIRECTION('',(1.,0.,-0.));
#185 = DEFINITIONAL_REPRESENTATION('',(#186),#212);
#186 = B_SPLINE_CURVE_WITH_KNOTS('',3,(#187,#188,#189,#190,#191,#192,
    #193,#194,#195,#196,#197,#198,#199,#200,#201,#202,#203,#204,#205,
    #206,#207,#208,#209,#210,#211),.UNSPECIFIED.,.F.,.F.,(4,1,1,1,1,1,1,
    1,1,1,1,1,1,1,1,1,1,1,1,1,1,1,4),(0.259626762536,0.267142087156,
    0.274657411775,0.282172736395,0.289688061015,0.297203385634,
    0.304718710254,0.312234034874,0.319749359493,0.327264684113,
    0.334780008733,0.342295333353,0.349810657972,0.357325982592,
    0.364841307212,0.372356631831,0.379871956451,0.387387281071,
    0.39490260569,0.40241793031,0.40993325493,0.41744857955,
    0.424963904169),.QUASI_UNIFORM_KNOTS.);
#187 = CARTESIAN_POINT('',(7.124253977748,0.));
#188 = CARTESIAN_POINT('',(7.132604116729,1.157686492207E-16));
#189 = CARTESIAN_POINT('',(7.149527736799,1.115441793001E-03));
#190 = CARTESIAN_POINT('',(7.175366701106,6.411787246645E-03));
#191 = CARTESIAN_POINT('',(7.201443389506,1.560865794719E-02));
#192 = CARTESIAN_POINT('',(7.22753960484,2.898169853575E-02));
#193 = CARTESIAN_POINT('',(7.253436761885,4.681285992243E-02));
#194 = CARTESIAN_POINT('',(7.278920156201,6.936056578295E-02));
#195 = CARTESIAN_POINT('',(7.303769145933,9.697104246162E-02));
#196 = CARTESIAN_POINT('',(7.327815888012,0.129491179034));
#197 = CARTESIAN_POINT('',(7.35090271617,0.166643269466));
#198 = CARTESIAN_POINT('',(7.372857404423,0.208164095457));
#199 = CARTESIAN_POINT('',(7.393530185282,0.253855474596));
#200 = CARTESIAN_POINT('',(7.412676104187,0.303244593189));
#201 = CARTESIAN_POINT('',(7.430393254664,0.356892126775));
#202 = CARTESIAN_POINT('',(7.4471129614,0.416221718916));
#203 = CARTESIAN_POINT('',(7.462412232165,0.480114568888));
#204 = CARTESIAN_POINT('',(7.476081745827,0.54809895094));
#205 = CARTESIAN_POINT('',(7.487854284488,0.619527628954));
#206 = CARTESIAN_POINT('',(7.497470179887,0.693808333306));
#207 = CARTESIAN_POINT('',(7.504932867513,0.769986707367));
#208 = CARTESIAN_POINT('',(7.510252945285,0.847103745075));
#209 = CARTESIAN_POINT('',(7.513438557378,0.92420170953));
#210 = CARTESIAN_POINT('',(7.51414470242,0.974948917934));
#211 = CARTESIAN_POINT('',(7.51414472452,1.));
#212 = ( GEOMETRIC_REPRESENTATION_CONTEXT(2) 
PARAMETRIC_REPRESENTATION_CONTEXT() REPRESENTATION_CONTEXT('2D SPACE',''
  ) );
#213 = ORIENTED_EDGE('',*,*,#214,.T.);
#214 = EDGE_CURVE('',#136,#22,#215,.T.);
#215 = SURFACE_CURVE('',#216,(#220,#227),.PCURVE_S1.);
#216 = LINE('',#217,#218);
#217 = CARTESIAN_POINT('',(1.,-6.835786437627,3.));
#218 = VECTOR('',#219,1.);
#219 = DIRECTION('',(6.900036098045E-14,1.,0.));
#220 = PCURVE('',#39,#221);
#221 = DEFINITIONAL_REPRESENTATION('',(#222),#226);
#222 = LINE('',#223,#224);
#223 = CARTESIAN_POINT('',(7.068583470577,-7.993605777301E-15));
#224 = VECTOR('',#225,1.);
#225 = DIRECTION('',(0.,1.));
#226 = ( GEOMETRIC_REPRESENTATION_CONTEXT(2) 
PARAMETRIC_REPRESENTATION_CONTEXT() REPRESENTATION_CONTEXT('2D SPACE',''
  ) );
#227 = PCURVE('',#228,#233);
#228 = PLANE('',#229);
#229 = AXIS2_PLACEMENT_3D('',#230,#231,#232);
#230 = CARTESIAN_POINT('',(1.,-13.67157287525,2.));
#231 = DIRECTION('',(1.,-6.900036098045E-14,0.));
#232 = DIRECTION('',(6.900036098045E-14,1.,0.));
#233 = DEFINITIONAL_REPRESENTATION('',(#234),#238);
#234 = LINE('',#235,#236);
#235 = CARTESIAN_POINT('',(6.835786437627,1.));
#236 = VECTOR('',#237,1.);
#237 = DIRECTION('',(1.,0.));
#238 = ( GEOMETRIC_REPRESENTATION_CONTEXT(2) 
PARAMETRIC_REPRESENTATION_CONTEXT() REPRESENTATION_CONTEXT('2D SPACE',''
  ) );
#239 = ADVANCED_FACE('',(#240),#228,.F.);
#240 = FACE_BOUND('',#241,.T.);
#241 = EDGE_LOOP('',(#242,#243,#266,#294));
#242 = ORIENTED_EDGE('',*,*,#214,.F.);
#243 = ORIENTED_EDGE('',*,*,#244,.F.);
#244 = EDGE_CURVE('',#245,#136,#247,.T.);
#245 = VERTEX_POINT('',#246);
#246 = CARTESIAN_POINT('',(1.,-13.67157287525,8.));
#247 = SURFACE_CURVE('',#248,(#252,#259),.PCURVE_S1.);
#248 = LINE('',#249,#250);
#249 = CARTESIAN_POINT('',(1.,-13.67157287525,2.));
#250 = VECTOR('',#251,1.);
#251 = DIRECTION('',(0.,0.,-1.));
#252 = PCURVE('',#228,#253);
#253 = DEFINITIONAL_REPRESENTATION('',(#254),#258);
#254 = LINE('',#255,#256);
#255 = CARTESIAN_POINT('',(0.,0.));
#256 = VECTOR('',#257,1.);
#257 = DIRECTION('',(0.,-1.));
#258 = ( GEOMETRIC_REPRESENTATION_CONTEXT(2) 
PARAMETRIC_REPRESENTATION_CONTEXT() REPRESENTATION_CONTEXT('2D SPACE',''
  ) );
#259 = PCURVE('',#180,#260);
#260 = DEFINITIONAL_REPRESENTATION('',(#261),#265);
#261 = LINE('',#262,#263);
#262 = CARTESIAN_POINT('',(7.51414472452,0.));
#263 = VECTOR('',#264,1.);
#264 = DIRECTION('',(0.,-1.));
#265 = ( GEOMETRIC_REPRESENTATION_CONTEXT(2) 
PARAMETRIC_REPRESENTATION_CONTEXT() REPRESENTATION_CONTEXT('2D SPACE',''
  ) );
#266 = ORIENTED_EDGE('',*,*,#267,.F.);
#267 = EDGE_CURVE('',#268,#245,#270,.T.);
#268 = VERTEX_POINT('',#269);
#269 = CARTESIAN_POINT('',(1.,-12.62701665379,8.));
#270 = SURFACE_CURVE('',#271,(#275,#282),.PCURVE_S1.);
#271 = LINE('',#272,#273);
#272 = CARTESIAN_POINT('',(1.,-6.835786437627,8.));
#273 = VECTOR('',#274,1.);
#274 = DIRECTION('',(-6.900036098045E-14,-1.,0.));
#275 = PCURVE('',#228,#276);
#276 = DEFINITIONAL_REPRESENTATION('',(#277),#281);
#277 = LINE('',#278,#279);
#278 = CARTESIAN_POINT('',(6.835786437627,6.));
#279 = VECTOR('',#280,1.);
#280 = DIRECTION('',(-1.,0.));
#281 = ( GEOMETRIC_REPRESENTATION_CONTEXT(2) 
PARAMETRIC_REPRESENTATION_CONTEXT() REPRESENTATION_CONTEXT('2D SPACE',''
  ) );
#282 = PCURVE('',#283,#288);
#283 = CYLINDRICAL_SURFACE('',#284,1.);
#284 = AXIS2_PLACEMENT_3D('',#285,#286,#287);
#285 = CARTESIAN_POINT('',(1.408314336194E-12,-6.313508326896,8.));
#286 = DIRECTION('',(-2.545186283953E-13,-1.,0.));
#287 = DIRECTION('',(-0.707106781187,1.799718480766E-13,0.707106781187)
  );
#288 = DEFINITIONAL_REPRESENTATION('',(#289),#293);
#289 = LINE('',#290,#291);
#290 = CARTESIAN_POINT('',(3.926990816987,0.52227811073));
#291 = VECTOR('',#292,1.);
#292 = DIRECTION('',(0.,1.));
#293 = ( GEOMETRIC_REPRESENTATION_CONTEXT(2) 
PARAMETRIC_REPRESENTATION_CONTEXT() REPRESENTATION_CONTEXT('2D SPACE',''
  ) );
#294 = ORIENTED_EDGE('',*,*,#295,.F.);
#295 = EDGE_CURVE('',#22,#268,#296,.T.);
#296 = SURFACE_CURVE('',#297,(#301,#308),.PCURVE_S1.);
#297 = LINE('',#298,#299);
#298 = CARTESIAN_POINT('',(1.,-12.62701665379,14.));
#299 = VECTOR('',#300,1.);
#300 = DIRECTION('',(0.,0.,1.));
#301 = PCURVE('',#228,#302);
#302 = DEFINITIONAL_REPRESENTATION('',(#303),#307);
#303 = LINE('',#304,#305);
#304 = CARTESIAN_POINT('',(1.044556221461,12.));
#305 = VECTOR('',#306,1.);
#306 = DIRECTION('',(0.,1.));
#307 = ( GEOMETRIC_REPRESENTATION_CONTEXT(2) 
PARAMETRIC_REPRESENTATION_CONTEXT() REPRESENTATION_CONTEXT('2D SPACE',''
  ) );
#308 = PCURVE('',#73,#309);
#309 = DEFINITIONAL_REPRESENTATION('',(#310),#314);
#310 = LINE('',#311,#312);
#311 = CARTESIAN_POINT('',(4.965069235527,0.));
#312 = VECTOR('',#313,1.);
#313 = DIRECTION('',(0.,-1.));
#314 = ( GEOMETRIC_REPRESENTATION_CONTEXT(2) 
PARAMETRIC_REPRESENTATION_CONTEXT() REPRESENTATION_CONTEXT('2D SPACE',''
  ) );
#315 = ADVANCED_FACE('',(#316),#180,.F.);
#316 = FACE_BOUND('',#317,.F.);
#317 = EDGE_LOOP('',(#318,#319,#393,#467,#495,#574,#607,#630,#661,#662,
    #690,#769,#797,#876,#950,#978,#1057,#1083));
#318 = ORIENTED_EDGE('',*,*,#244,.F.);
#319 = ORIENTED_EDGE('',*,*,#320,.T.);
#320 = EDGE_CURVE('',#245,#321,#323,.T.);
#321 = VERTEX_POINT('',#322);
#322 = CARTESIAN_POINT('',(-4.207816674184E-13,-13.5,9.));
#323 = SURFACE_CURVE('',#324,(#335,#364),.PCURVE_S1.);
#324 = B_SPLINE_CURVE_WITH_KNOTS('',3,(#325,#326,#327,#328,#329,#330,
    #331,#332,#333,#334),.UNSPECIFIED.,.F.,.F.,(4,2,2,2,4),(
    0.30388005873,0.341873876853,0.379867694975,0.417843891535,
    0.455820088095),.UNSPECIFIED.);
#325 = CARTESIAN_POINT('',(1.,-13.67157287525,8.));
#326 = CARTESIAN_POINT('',(1.,-13.67157287525,8.126646060408));
#327 = CARTESIAN_POINT('',(0.974490339269,-13.66217321712,8.261001973464
    ));
#328 = CARTESIAN_POINT('',(0.872152907626,-13.62906958723,8.507053179958
    ));
#329 = CARTESIAN_POINT('',(0.795370479999,-13.60593114393,8.618843082373
    ));
#330 = CARTESIAN_POINT('',(0.618884019145,-13.56312688984,8.795329543228
    ));
#331 = CARTESIAN_POINT('',(0.507077811957,-13.54056304469,8.872143486117
    ));
#332 = CARTESIAN_POINT('',(0.260966137221,-13.50879762056,8.974504420803
    ));
#333 = CARTESIAN_POINT('',(0.126587321867,-13.5,9.));
#334 = CARTESIAN_POINT('',(-2.571987761657E-13,-13.5,9.));
#335 = PCURVE('',#180,#336);
#336 = DEFINITIONAL_REPRESENTATION('',(#337),#363);
#337 = B_SPLINE_CURVE_WITH_KNOTS('',3,(#338,#339,#340,#341,#342,#343,
    #344,#345,#346,#347,#348,#349,#350,#351,#352,#353,#354,#355,#356,
    #357,#358,#359,#360,#361,#362),.UNSPECIFIED.,.F.,.F.,(4,1,1,1,1,1,1,
    1,1,1,1,1,1,1,1,1,1,1,1,1,1,1,4),(0.30388005873,0.310786423701,
    0.317692788673,0.324599153644,0.331505518615,0.338411883586,
    0.345318248557,0.352224613528,0.359130978499,0.366037343471,
    0.372943708442,0.379850073413,0.386756438384,0.393662803355,
    0.400569168326,0.407475533297,0.414381898269,0.42128826324,
    0.428194628211,0.435100993182,0.442007358153,0.448913723124,
    0.455820088095),.QUASI_UNIFORM_KNOTS.);
#338 = CARTESIAN_POINT('',(7.51414472452,6.));
#339 = CARTESIAN_POINT('',(7.514144738027,6.02302121657));
#340 = CARTESIAN_POINT('',(7.514743525038,6.069573174556));
#341 = CARTESIAN_POINT('',(7.517430912055,6.140243345966));
#342 = CARTESIAN_POINT('',(7.521899784904,6.211070092555));
#343 = CARTESIAN_POINT('',(7.528144688041,6.281365372087));
#344 = CARTESIAN_POINT('',(7.536153594412,6.350449993415));
#345 = CARTESIAN_POINT('',(7.54594058946,6.417611744018));
#346 = CARTESIAN_POINT('',(7.557389639484,6.48230581503));
#347 = CARTESIAN_POINT('',(7.570296258092,6.544119376949));
#348 = CARTESIAN_POINT('',(7.584465743064,6.60257450434));
#349 = CARTESIAN_POINT('',(7.599745936125,6.657338175614));
#350 = CARTESIAN_POINT('',(7.615811903045,6.707562849731));
#351 = CARTESIAN_POINT('',(7.632996778894,6.754314159605));
#352 = CARTESIAN_POINT('',(7.651667297364,6.798613686165));
#353 = CARTESIAN_POINT('',(7.671523560774,6.839537728617));
#354 = CARTESIAN_POINT('',(7.69244737632,6.876679501168));
#355 = CARTESIAN_POINT('',(7.714272902642,6.909509792853));
#356 = CARTESIAN_POINT('',(7.736859334704,6.937472178403));
#357 = CARTESIAN_POINT('',(7.760026310676,6.960298427578));
#358 = CARTESIAN_POINT('',(7.783548899107,6.978049458233));
#359 = CARTESIAN_POINT('',(7.807209639757,6.990717608549));
#360 = CARTESIAN_POINT('',(7.830788446093,6.998313598886));
#361 = CARTESIAN_POINT('',(7.846308076569,7.));
#362 = CARTESIAN_POINT('',(7.853981633974,7.));
#363 = ( GEOMETRIC_REPRESENTATION_CONTEXT(2) 
PARAMETRIC_REPRESENTATION_CONTEXT() REPRESENTATION_CONTEXT('2D SPACE',''
  ) );
#364 = PCURVE('',#283,#365);
#365 = DEFINITIONAL_REPRESENTATION('',(#366),#392);
#366 = B_SPLINE_CURVE_WITH_KNOTS('',3,(#367,#368,#369,#370,#371,#372,
    #373,#374,#375,#376,#377,#378,#379,#380,#381,#382,#383,#384,#385,
    #386,#387,#388,#389,#390,#391),.UNSPECIFIED.,.F.,.F.,(4,1,1,1,1,1,1,
    1,1,1,1,1,1,1,1,1,1,1,1,1,1,1,4),(0.30388005873,0.310786423701,
    0.317692788673,0.324599153644,0.331505518615,0.338411883586,
    0.345318248557,0.352224613528,0.359130978499,0.366037343471,
    0.372943708442,0.379850073413,0.386756438384,0.393662803355,
    0.400569168326,0.407475533297,0.414381898269,0.42128826324,
    0.428194628211,0.435100993182,0.442007358153,0.448913723124,
    0.455820088095),.QUASI_UNIFORM_KNOTS.);
#367 = CARTESIAN_POINT('',(3.926990816987,7.358064548357));
#368 = CARTESIAN_POINT('',(3.950010690096,7.358064548357));
#369 = CARTESIAN_POINT('',(3.996565593777,7.357443397127));
#370 = CARTESIAN_POINT('',(4.067610554284,7.354728981997));
#371 = CARTESIAN_POINT('',(4.139536495564,7.350313564422));
#372 = CARTESIAN_POINT('',(4.212007442235,7.34427560871));
#373 = CARTESIAN_POINT('',(4.284715106477,7.336705544871));
#374 = CARTESIAN_POINT('',(4.357398834952,7.327649161635));
#375 = CARTESIAN_POINT('',(4.429886116132,7.317429645));
#376 = CARTESIAN_POINT('',(4.501952429169,7.306354017692));
#377 = CARTESIAN_POINT('',(4.573264239045,7.294726547383));
#378 = CARTESIAN_POINT('',(4.643653030406,7.282821722258));
#379 = CARTESIAN_POINT('',(4.712216015065,7.271035903498));
#380 = CARTESIAN_POINT('',(4.78077467859,7.259307739793));
#381 = CARTESIAN_POINT('',(4.851184654886,7.247552926463));
#382 = CARTESIAN_POINT('',(4.922529021929,7.236152921278));
#383 = CARTESIAN_POINT('',(4.994638102397,7.225365468626));
#384 = CARTESIAN_POINT('',(5.067173887834,7.215477415198));
#385 = CARTESIAN_POINT('',(5.139909301314,7.206782911857));
#386 = CARTESIAN_POINT('',(5.212664733611,7.199550139809));
#387 = CARTESIAN_POINT('',(5.285178122971,7.193809266298));
#388 = CARTESIAN_POINT('',(5.357138359566,7.189630570764));
#389 = CARTESIAN_POINT('',(5.428206495993,7.187073580925));
#390 = CARTESIAN_POINT('',(5.474767264366,7.186491673104));
#391 = CARTESIAN_POINT('',(5.497787143782,7.186491673104));
#392 = ( GEOMETRIC_REPRESENTATION_CONTEXT(2) 
PARAMETRIC_REPRESENTATION_CONTEXT() REPRESENTATION_CONTEXT('2D SPACE',''
  ) );
#393 = ORIENTED_EDGE('',*,*,#394,.T.);
#394 = EDGE_CURVE('',#321,#395,#397,.T.);
#395 = VERTEX_POINT('',#396);
#396 = CARTESIAN_POINT('',(-1.,-13.67157287525,8.));
#397 = SURFACE_CURVE('',#398,(#409,#438),.PCURVE_S1.);
#398 = B_SPLINE_CURVE_WITH_KNOTS('',3,(#399,#400,#401,#402,#403,#404,
    #405,#406,#407,#408),.UNSPECIFIED.,.F.,.F.,(4,2,2,2,4),(
    0.151940029365,0.189916225925,0.227892422486,0.265886240608,
    0.30388005873),.UNSPECIFIED.);
#399 = CARTESIAN_POINT('',(-4.207918735677E-13,-13.5,9.));
#400 = CARTESIAN_POINT('',(-0.126587321868,-13.5,9.));
#401 = CARTESIAN_POINT('',(-0.260966137221,-13.50879762056,
    8.974504420803));
#402 = CARTESIAN_POINT('',(-0.507077811958,-13.54056304469,
    8.872143486117));
#403 = CARTESIAN_POINT('',(-0.618884019145,-13.56312688984,
    8.795329543228));
#404 = CARTESIAN_POINT('',(-0.79537048,-13.60593114393,8.618843082373));
#405 = CARTESIAN_POINT('',(-0.872152907627,-13.62906958723,
    8.507053179958));
#406 = CARTESIAN_POINT('',(-0.974490339269,-13.66217321712,
    8.261001973464));
#407 = CARTESIAN_POINT('',(-1.,-13.67157287525,8.126646060408));
#408 = CARTESIAN_POINT('',(-1.,-13.67157287525,8.));
#409 = PCURVE('',#180,#410);
#410 = DEFINITIONAL_REPRESENTATION('',(#411),#437);
#411 = B_SPLINE_CURVE_WITH_KNOTS('',3,(#412,#413,#414,#415,#416,#417,
    #418,#419,#420,#421,#422,#423,#424,#425,#426,#427,#428,#429,#430,
    #431,#432,#433,#434,#435,#436),.UNSPECIFIED.,.F.,.F.,(4,1,1,1,1,1,1,
    1,1,1,1,1,1,1,1,1,1,1,1,1,1,1,4),(0.151940029365,0.158846394336,
    0.165752759307,0.172659124279,0.17956548925,0.186471854221,
    0.193378219192,0.200284584163,0.207190949134,0.214097314105,
    0.221003679077,0.227910044048,0.234816409019,0.24172277399,
    0.248629138961,0.255535503932,0.262441868903,0.269348233875,
    0.276254598846,0.283160963817,0.290067328788,0.296973693759,
    0.30388005873),.QUASI_UNIFORM_KNOTS.);
#412 = CARTESIAN_POINT('',(7.853981633975,7.));
#413 = CARTESIAN_POINT('',(7.86165519138,7.));
#414 = CARTESIAN_POINT('',(7.877174821856,6.998313598886));
#415 = CARTESIAN_POINT('',(7.900753628192,6.990717608549));
#416 = CARTESIAN_POINT('',(7.924414368842,6.978049458233));
#417 = CARTESIAN_POINT('',(7.947936957273,6.960298427578));
#418 = CARTESIAN_POINT('',(7.971103933245,6.937472178403));
#419 = CARTESIAN_POINT('',(7.993690365307,6.909509792853));
#420 = CARTESIAN_POINT('',(8.015515891629,6.876679501168));
#421 = CARTESIAN_POINT('',(8.036439707176,6.839537728617));
#422 = CARTESIAN_POINT('',(8.056295970585,6.798613686165));
#423 = CARTESIAN_POINT('',(8.074966489055,6.754314159605));
#424 = CARTESIAN_POINT('',(8.092151364904,6.707562849731));
#425 = CARTESIAN_POINT('',(8.108217331824,6.657338175614));
#426 = CARTESIAN_POINT('',(8.123497524885,6.60257450434));
#427 = CARTESIAN_POINT('',(8.137667009857,6.544119376949));
#428 = CARTESIAN_POINT('',(8.150573628465,6.48230581503));
#429 = CARTESIAN_POINT('',(8.162022678489,6.417611744018));
#430 = CARTESIAN_POINT('',(8.171809673537,6.350449993415));
#431 = CARTESIAN_POINT('',(8.179818579908,6.281365372087));
#432 = CARTESIAN_POINT('',(8.186063483045,6.211070092555));
#433 = CARTESIAN_POINT('',(8.190532355894,6.140243345966));
#434 = CARTESIAN_POINT('',(8.193219742911,6.069573174556));
#435 = CARTESIAN_POINT('',(8.193818529922,6.02302121657));
#436 = CARTESIAN_POINT('',(8.193818543429,6.));
#437 = ( GEOMETRIC_REPRESENTATION_CONTEXT(2) 
PARAMETRIC_REPRESENTATION_CONTEXT() REPRESENTATION_CONTEXT('2D SPACE',''
  ) );
#438 = PCURVE('',#283,#439);
#439 = DEFINITIONAL_REPRESENTATION('',(#440),#466);
#440 = B_SPLINE_CURVE_WITH_KNOTS('',3,(#441,#442,#443,#444,#445,#446,
    #447,#448,#449,#450,#451,#452,#453,#454,#455,#456,#457,#458,#459,
    #460,#461,#462,#463,#464,#465),.UNSPECIFIED.,.F.,.F.,(4,1,1,1,1,1,1,
    1,1,1,1,1,1,1,1,1,1,1,1,1,1,1,4),(0.151940029365,0.158846394336,
    0.165752759307,0.172659124279,0.17956548925,0.186471854221,
    0.193378219192,0.200284584163,0.207190949134,0.214097314105,
    0.221003679077,0.227910044048,0.234816409019,0.24172277399,
    0.248629138961,0.255535503932,0.262441868903,0.269348233875,
    0.276254598846,0.283160963817,0.290067328788,0.296973693759,
    0.30388005873),.QUASI_UNIFORM_KNOTS.);
#441 = CARTESIAN_POINT('',(5.497787143782,7.186491673104));
#442 = CARTESIAN_POINT('',(5.520807023198,7.186491673104));
#443 = CARTESIAN_POINT('',(5.567367791571,7.187073580925));
#444 = CARTESIAN_POINT('',(5.638435927998,7.189630570764));
#445 = CARTESIAN_POINT('',(5.710396164593,7.193809266298));
#446 = CARTESIAN_POINT('',(5.782909553953,7.199550139809));
#447 = CARTESIAN_POINT('',(5.85566498625,7.206782911857));
#448 = CARTESIAN_POINT('',(5.92840039973,7.215477415198));
#449 = CARTESIAN_POINT('',(6.000936185167,7.225365468626));
#450 = CARTESIAN_POINT('',(6.073045265635,7.236152921278));
#451 = CARTESIAN_POINT('',(6.144389632678,7.247552926463));
#452 = CARTESIAN_POINT('',(6.214799608974,7.259307739793));
#453 = CARTESIAN_POINT('',(6.283358272499,7.271035903498));
#454 = CARTESIAN_POINT('',(6.351921257159,7.282821722259));
#455 = CARTESIAN_POINT('',(6.42231004852,7.294726547383));
#456 = CARTESIAN_POINT('',(6.493621858395,7.306354017693));
#457 = CARTESIAN_POINT('',(6.565688171433,7.317429645));
#458 = CARTESIAN_POINT('',(6.638175452613,7.327649161635));
#459 = CARTESIAN_POINT('',(6.710859181087,7.336705544872));
#460 = CARTESIAN_POINT('',(6.783566845329,7.344275608711));
#461 = CARTESIAN_POINT('',(6.856037792,7.350313564423));
#462 = CARTESIAN_POINT('',(6.92796373328,7.354728981997));
#463 = CARTESIAN_POINT('',(6.999008693787,7.357443397128));
#464 = CARTESIAN_POINT('',(7.045563597468,7.358064548358));
#465 = CARTESIAN_POINT('',(7.068583470577,7.358064548358));
#466 = ( GEOMETRIC_REPRESENTATION_CONTEXT(2) 
PARAMETRIC_REPRESENTATION_CONTEXT() REPRESENTATION_CONTEXT('2D SPACE',''
  ) );
#467 = ORIENTED_EDGE('',*,*,#468,.F.);
#468 = EDGE_CURVE('',#469,#395,#471,.T.);
#469 = VERTEX_POINT('',#470);
#470 = CARTESIAN_POINT('',(-1.,-13.67157287525,3.));
#471 = SURFACE_CURVE('',#472,(#476,#483),.PCURVE_S1.);
#472 = LINE('',#473,#474);
#473 = CARTESIAN_POINT('',(-1.,-13.67157287525,2.));
#474 = VECTOR('',#475,1.);
#475 = DIRECTION('',(0.,0.,1.));
#476 = PCURVE('',#180,#477);
#477 = DEFINITIONAL_REPRESENTATION('',(#478),#482);
#478 = LINE('',#479,#480);
#479 = CARTESIAN_POINT('',(8.193818543429,0.));
#480 = VECTOR('',#481,1.);
#481 = DIRECTION('',(0.,1.));
#482 = ( GEOMETRIC_REPRESENTATION_CONTEXT(2) 
PARAMETRIC_REPRESENTATION_CONTEXT() REPRESENTATION_CONTEXT('2D SPACE',''
  ) );
#483 = PCURVE('',#484,#489);
#484 = PLANE('',#485);
#485 = AXIS2_PLACEMENT_3D('',#486,#487,#488);
#486 = CARTESIAN_POINT('',(-1.,-12.62701665379,2.));
#487 = DIRECTION('',(-1.,2.545186283953E-13,0.));
#488 = DIRECTION('',(-2.545186283953E-13,-1.,0.));
#489 = DEFINITIONAL_REPRESENTATION('',(#490),#494);
#490 = LINE('',#491,#492);
#491 = CARTESIAN_POINT('',(1.044556221461,0.));
#492 = VECTOR('',#493,1.);
#493 = DIRECTION('',(0.,1.));
#494 = ( GEOMETRIC_REPRESENTATION_CONTEXT(2) 
PARAMETRIC_REPRESENTATION_CONTEXT() REPRESENTATION_CONTEXT('2D SPACE',''
  ) );
#495 = ORIENTED_EDGE('',*,*,#496,.T.);
#496 = EDGE_CURVE('',#469,#497,#499,.T.);
#497 = VERTEX_POINT('',#498);
#498 = CARTESIAN_POINT('',(-2.000000000001,-14.2639320225,2.));
#499 = SURFACE_CURVE('',#500,(#511,#540),.PCURVE_S1.);
#500 = B_SPLINE_CURVE_WITH_KNOTS('',3,(#501,#502,#503,#504,#505,#506,
    #507,#508,#509,#510),.UNSPECIFIED.,.F.,.F.,(4,2,2,2,4),(
    0.434297971902,0.471352737522,0.508407503142,0.554021308339,
    0.599635113535),.UNSPECIFIED.);
#501 = CARTESIAN_POINT('',(-1.,-13.67157287525,3.));
#502 = CARTESIAN_POINT('',(-1.,-13.67157287525,2.876484114599));
#503 = CARTESIAN_POINT('',(-1.024391502241,-13.67983591893,
    2.745127544203));
#504 = CARTESIAN_POINT('',(-1.121503308245,-13.71702786442,2.50500983757
    ));
#505 = CARTESIAN_POINT('',(-1.194168844936,-13.74646408038,
    2.396305404216));
#506 = CARTESIAN_POINT('',(-1.374783905872,-13.83127545433,
    2.206253851096));
#507 = CARTESIAN_POINT('',(-1.499431125771,-13.89712501416,
    2.123368526222));
#508 = CARTESIAN_POINT('',(-1.755623597059,-14.06257551542,
    2.020545125026));
#509 = CARTESIAN_POINT('',(-1.886671589855,-14.16256801095,2.));
#510 = CARTESIAN_POINT('',(-2.000000000001,-14.2639320225,2.));
#511 = PCURVE('',#180,#512);
#512 = DEFINITIONAL_REPRESENTATION('',(#513),#539);
#513 = B_SPLINE_CURVE_WITH_KNOTS('',3,(#514,#515,#516,#517,#518,#519,
    #520,#521,#522,#523,#524,#525,#526,#527,#528,#529,#530,#531,#532,
    #533,#534,#535,#536,#537,#538),.UNSPECIFIED.,.F.,.F.,(4,1,1,1,1,1,1,
    1,1,1,1,1,1,1,1,1,1,1,1,1,1,1,4),(0.434297971902,0.441813296521,
    0.449328621141,0.456843945761,0.46435927038,0.471874595,
    0.47938991962,0.48690524424,0.494420568859,0.501935893479,
    0.509451218099,0.516966542718,0.524481867338,0.531997191958,
    0.539512516577,0.547027841197,0.554543165817,0.562058490437,
    0.569573815056,0.577089139676,0.584604464296,0.592119788915,
    0.599635113535),.QUASI_UNIFORM_KNOTS.);
#514 = CARTESIAN_POINT('',(8.193818543429,1.));
#515 = CARTESIAN_POINT('',(8.193818565529,0.974948917934));
#516 = CARTESIAN_POINT('',(8.194524710571,0.92420170953));
#517 = CARTESIAN_POINT('',(8.197710322664,0.847103745075));
#518 = CARTESIAN_POINT('',(8.203030400436,0.769986707367));
#519 = CARTESIAN_POINT('',(8.210493088062,0.693808333306));
#520 = CARTESIAN_POINT('',(8.220108983461,0.619527628954));
#521 = CARTESIAN_POINT('',(8.231881522122,0.54809895094));
#522 = CARTESIAN_POINT('',(8.245551035784,0.480114568888));
#523 = CARTESIAN_POINT('',(8.26085030655,0.416221718916));
#524 = CARTESIAN_POINT('',(8.277570013285,0.356892126775));
#525 = CARTESIAN_POINT('',(8.295287163762,0.303244593189));
#526 = CARTESIAN_POINT('',(8.314433082667,0.253855474596));
#527 = CARTESIAN_POINT('',(8.335105863526,0.208164095457));
#528 = CARTESIAN_POINT('',(8.357060551779,0.166643269465));
#529 = CARTESIAN_POINT('',(8.380147379937,0.129491179034));
#530 = CARTESIAN_POINT('',(8.404194122016,9.697104246158E-02));
#531 = CARTESIAN_POINT('',(8.429043111748,6.936056578291E-02));
#532 = CARTESIAN_POINT('',(8.454526506064,4.681285992241E-02));
#533 = CARTESIAN_POINT('',(8.48042366311,2.898169853573E-02));
#534 = CARTESIAN_POINT('',(8.506519878443,1.560865794719E-02));
#535 = CARTESIAN_POINT('',(8.532596566843,6.411787246641E-03));
#536 = CARTESIAN_POINT('',(8.55843553115,1.115441793E-03));
#537 = CARTESIAN_POINT('',(8.57535915122,1.04852326141E-16));
#538 = CARTESIAN_POINT('',(8.583709290202,0.));
#539 = ( GEOMETRIC_REPRESENTATION_CONTEXT(2) 
PARAMETRIC_REPRESENTATION_CONTEXT() REPRESENTATION_CONTEXT('2D SPACE',''
  ) );
#540 = PCURVE('',#541,#546);
#541 = CYLINDRICAL_SURFACE('',#542,1.);
#542 = AXIS2_PLACEMENT_3D('',#543,#544,#545);
#543 = CARTESIAN_POINT('',(-1.999999999999,-6.313508326896,3.));
#544 = DIRECTION('',(-2.545186283953E-13,-1.,0.));
#545 = DIRECTION('',(0.707106781187,-1.799718480766E-13,-0.707106781187)
  );
#546 = DEFINITIONAL_REPRESENTATION('',(#547),#573);
#547 = B_SPLINE_CURVE_WITH_KNOTS('',3,(#548,#549,#550,#551,#552,#553,
    #554,#555,#556,#557,#558,#559,#560,#561,#562,#563,#564,#565,#566,
    #567,#568,#569,#570,#571,#572),.UNSPECIFIED.,.F.,.F.,(4,1,1,1,1,1,1,
    1,1,1,1,1,1,1,1,1,1,1,1,1,1,1,4),(0.434297971902,0.441813296521,
    0.449328621141,0.456843945761,0.46435927038,0.471874595,
    0.47938991962,0.48690524424,0.494420568859,0.501935893479,
    0.509451218099,0.516966542718,0.524481867338,0.531997191958,
    0.539512516577,0.547027841197,0.554543165817,0.562058490437,
    0.569573815056,0.577089139676,0.584604464296,0.592119788915,
    0.599635113535),.QUASI_UNIFORM_KNOTS.);
#548 = CARTESIAN_POINT('',(0.785398163397,7.358064548358));
#549 = CARTESIAN_POINT('',(0.760349108167,7.358064548358));
#550 = CARTESIAN_POINT('',(0.709597302431,7.358744281732));
#551 = CARTESIAN_POINT('',(0.632014228189,7.361907240102));
#552 = CARTESIAN_POINT('',(0.553480851265,7.367315528806));
#553 = CARTESIAN_POINT('',(0.474504534917,7.375078771429));
#554 = CARTESIAN_POINT('',(0.395540910273,7.38527817148));
#555 = CARTESIAN_POINT('',(0.316960193757,7.398102699821));
#556 = CARTESIAN_POINT('',(0.239109613547,7.4134961553));
#557 = CARTESIAN_POINT('',(0.162514055526,7.431315209408));
#558 = CARTESIAN_POINT('',(8.752885593187E-02,7.451510242309));
#559 = CARTESIAN_POINT('',(1.540760553208E-02,7.473743926829));
#560 = CARTESIAN_POINT('',(-5.603805356474E-02,7.498793252005));
#561 = CARTESIAN_POINT('',(-0.127711935072,7.526954224784));
#562 = CARTESIAN_POINT('',(-0.199065663461,7.558073577808));
#563 = CARTESIAN_POINT('',(-0.269890454507,7.592117733184));
#564 = CARTESIAN_POINT('',(-0.33986250578,7.62902362946));
#565 = CARTESIAN_POINT('',(-0.408696873532,7.668726449959));
#566 = CARTESIAN_POINT('',(-0.476111301214,7.711198681728));
#567 = CARTESIAN_POINT('',(-0.541997707671,7.756030710164));
#568 = CARTESIAN_POINT('',(-0.606178707531,7.802791427395));
#569 = CARTESIAN_POINT('',(-0.668414392446,7.851055484792));
#570 = CARTESIAN_POINT('',(-0.728421453358,7.900395990014));
#571 = CARTESIAN_POINT('',(-0.76672429349,7.933722974227));
#572 = CARTESIAN_POINT('',(-0.785398163397,7.950423695605));
#573 = ( GEOMETRIC_REPRESENTATION_CONTEXT(2) 
PARAMETRIC_REPRESENTATION_CONTEXT() REPRESENTATION_CONTEXT('2D SPACE',''
  ) );
#574 = ORIENTED_EDGE('',*,*,#575,.T.);
#575 = EDGE_CURVE('',#497,#576,#578,.T.);
#576 = VERTEX_POINT('',#577);
#577 = CARTESIAN_POINT('',(-3.,-16.5,2.));
#578 = SURFACE_CURVE('',#579,(#584,#591),.PCURVE_S1.);
#579 = CIRCLE('',#580,3.);
#580 = AXIS2_PLACEMENT_3D('',#581,#582,#583);
#581 = CARTESIAN_POINT('',(-2.423380209587E-13,-16.5,2.));
#582 = DIRECTION('',(0.,0.,1.));
#583 = DIRECTION('',(1.,0.,-0.));
#584 = PCURVE('',#180,#585);
#585 = DEFINITIONAL_REPRESENTATION('',(#586),#590);
#586 = LINE('',#587,#588);
#587 = CARTESIAN_POINT('',(6.28318530718,0.));
#588 = VECTOR('',#589,1.);
#589 = DIRECTION('',(1.,0.));
#590 = ( GEOMETRIC_REPRESENTATION_CONTEXT(2) 
PARAMETRIC_REPRESENTATION_CONTEXT() REPRESENTATION_CONTEXT('2D SPACE',''
  ) );
#591 = PCURVE('',#592,#597);
#592 = PLANE('',#593);
#593 = AXIS2_PLACEMENT_3D('',#594,#595,#596);
#594 = CARTESIAN_POINT('',(2.22044604925E-15,4.440892098501E-15,2.));
#595 = DIRECTION('',(0.,0.,-1.));
#596 = DIRECTION('',(1.,0.,0.));
#597 = DEFINITIONAL_REPRESENTATION('',(#598),#606);
#598 = ( BOUNDED_CURVE() B_SPLINE_CURVE(2,(#599,#600,#601,#602,#603,#604
,#605),.UNSPECIFIED.,.T.,.F.) B_SPLINE_CURVE_WITH_KNOTS((1,2,2,2,2,1),(
    -2.094395102393,0.,2.094395102393,4.188790204786,6.28318530718,
8.377580409573),.UNSPECIFIED.) CURVE() GEOMETRIC_REPRESENTATION_ITEM() 
RATIONAL_B_SPLINE_CURVE((1.,0.5,1.,0.5,1.,0.5,1.)) REPRESENTATION_ITEM(
  '') );
#599 = CARTESIAN_POINT('',(3.,16.5));
#600 = CARTESIAN_POINT('',(3.,11.303847577293));
#601 = CARTESIAN_POINT('',(-1.5,13.901923788647));
#602 = CARTESIAN_POINT('',(-6.,16.5));
#603 = CARTESIAN_POINT('',(-1.5,19.098076211353));
#604 = CARTESIAN_POINT('',(3.,21.696152422707));
#605 = CARTESIAN_POINT('',(3.,16.5));
#606 = ( GEOMETRIC_REPRESENTATION_CONTEXT(2) 
PARAMETRIC_REPRESENTATION_CONTEXT() REPRESENTATION_CONTEXT('2D SPACE',''
  ) );
#607 = ORIENTED_EDGE('',*,*,#608,.T.);
#608 = EDGE_CURVE('',#576,#609,#611,.T.);
#609 = VERTEX_POINT('',#610);
#610 = CARTESIAN_POINT('',(-3.,-16.5,11.));
#611 = SEAM_CURVE('',#612,(#616,#623),.PCURVE_S1.);
#612 = LINE('',#613,#614);
#613 = CARTESIAN_POINT('',(-3.,-16.5,2.));
#614 = VECTOR('',#615,1.);
#615 = DIRECTION('',(0.,0.,1.));
#616 = PCURVE('',#180,#617);
#617 = DEFINITIONAL_REPRESENTATION('',(#618),#622);
#618 = LINE('',#619,#620);
#619 = CARTESIAN_POINT('',(9.424777960769,0.));
#620 = VECTOR('',#621,1.);
#621 = DIRECTION('',(0.,1.));
#622 = ( GEOMETRIC_REPRESENTATION_CONTEXT(2) 
PARAMETRIC_REPRESENTATION_CONTEXT() REPRESENTATION_CONTEXT('2D SPACE',''
  ) );
#623 = PCURVE('',#180,#624);
#624 = DEFINITIONAL_REPRESENTATION('',(#625),#629);
#625 = LINE('',#626,#627);
#626 = CARTESIAN_POINT('',(3.14159265359,0.));
#627 = VECTOR('',#628,1.);
#628 = DIRECTION('',(0.,1.));
#629 = ( GEOMETRIC_REPRESENTATION_CONTEXT(2) 
PARAMETRIC_REPRESENTATION_CONTEXT() REPRESENTATION_CONTEXT('2D SPACE',''
  ) );
#630 = ORIENTED_EDGE('',*,*,#631,.F.);
#631 = EDGE_CURVE('',#609,#609,#632,.T.);
#632 = SURFACE_CURVE('',#633,(#638,#645),.PCURVE_S1.);
#633 = CIRCLE('',#634,3.);
#634 = AXIS2_PLACEMENT_3D('',#635,#636,#637);
#635 = CARTESIAN_POINT('',(-2.423380209587E-13,-16.5,11.));
#636 = DIRECTION('',(0.,0.,1.));
#637 = DIRECTION('',(1.,0.,-0.));
#638 = PCURVE('',#180,#639);
#639 = DEFINITIONAL_REPRESENTATION('',(#640),#644);
#640 = LINE('',#641,#642);
#641 = CARTESIAN_POINT('',(0.,9.));
#642 = VECTOR('',#643,1.);
#643 = DIRECTION('',(1.,0.));
#644 = ( GEOMETRIC_REPRESENTATION_CONTEXT(2) 
PARAMETRIC_REPRESENTATION_CONTEXT() REPRESENTATION_CONTEXT('2D SPACE',''
  ) );
#645 = PCURVE('',#646,#651);
#646 = PLANE('',#647);
#647 = AXIS2_PLACEMENT_3D('',#648,#649,#650);
#648 = CARTESIAN_POINT('',(-2.425837308806E-13,-16.5,11.));
#649 = DIRECTION('',(0.,0.,-1.));
#650 = DIRECTION('',(1.,0.,0.));
#651 = DEFINITIONAL_REPRESENTATION('',(#652),#660);
#652 = ( BOUNDED_CURVE() B_SPLINE_CURVE(2,(#653,#654,#655,#656,#657,#658
,#659),.UNSPECIFIED.,.T.,.F.) B_SPLINE_CURVE_WITH_KNOTS((1,2,2,2,2,1),(
    -2.094395102393,0.,2.094395102393,4.188790204786,6.28318530718,
8.377580409573),.UNSPECIFIED.) CURVE() GEOMETRIC_REPRESENTATION_ITEM() 
RATIONAL_B_SPLINE_CURVE((1.,0.5,1.,0.5,1.,0.5,1.)) REPRESENTATION_ITEM(
  '') );
#653 = CARTESIAN_POINT('',(3.,0.));
#654 = CARTESIAN_POINT('',(3.,-5.196152422707));
#655 = CARTESIAN_POINT('',(-1.5,-2.598076211353));
#656 = CARTESIAN_POINT('',(-6.,-7.347880794884E-16));
#657 = CARTESIAN_POINT('',(-1.5,2.598076211353));
#658 = CARTESIAN_POINT('',(3.,5.196152422707));
#659 = CARTESIAN_POINT('',(3.,0.));
#660 = ( GEOMETRIC_REPRESENTATION_CONTEXT(2) 
PARAMETRIC_REPRESENTATION_CONTEXT() REPRESENTATION_CONTEXT('2D SPACE',''
  ) );
#661 = ORIENTED_EDGE('',*,*,#608,.F.);
#662 = ORIENTED_EDGE('',*,*,#663,.T.);
#663 = EDGE_CURVE('',#576,#664,#666,.T.);
#664 = VERTEX_POINT('',#665);
#665 = CARTESIAN_POINT('',(-2.000000000002,-18.73606797749,2.));
#666 = SURFACE_CURVE('',#667,(#672,#679),.PCURVE_S1.);
#667 = CIRCLE('',#668,3.);
#668 = AXIS2_PLACEMENT_3D('',#669,#670,#671);
#669 = CARTESIAN_POINT('',(-2.423380209587E-13,-16.5,2.));
#670 = DIRECTION('',(0.,0.,1.));
#671 = DIRECTION('',(1.,0.,-0.));
#672 = PCURVE('',#180,#673);
#673 = DEFINITIONAL_REPRESENTATION('',(#674),#678);
#674 = LINE('',#675,#676);
#675 = CARTESIAN_POINT('',(0.,0.));
#676 = VECTOR('',#677,1.);
#677 = DIRECTION('',(1.,0.));
#678 = ( GEOMETRIC_REPRESENTATION_CONTEXT(2) 
PARAMETRIC_REPRESENTATION_CONTEXT() REPRESENTATION_CONTEXT('2D SPACE',''
  ) );
#679 = PCURVE('',#592,#680);
#680 = DEFINITIONAL_REPRESENTATION('',(#681),#689);
#681 = ( BOUNDED_CURVE() B_SPLINE_CURVE(2,(#682,#683,#684,#685,#686,#687
,#688),.UNSPECIFIED.,.T.,.F.) B_SPLINE_CURVE_WITH_KNOTS((1,2,2,2,2,1),(
    -2.094395102393,0.,2.094395102393,4.188790204786,6.28318530718,
8.377580409573),.UNSPECIFIED.) CURVE() GEOMETRIC_REPRESENTATION_ITEM() 
RATIONAL_B_SPLINE_CURVE((1.,0.5,1.,0.5,1.,0.5,1.)) REPRESENTATION_ITEM(
  '') );
#682 = CARTESIAN_POINT('',(3.,16.5));
#683 = CARTESIAN_POINT('',(3.,11.303847577293));
#684 = CARTESIAN_POINT('',(-1.5,13.901923788647));
#685 = CARTESIAN_POINT('',(-6.,16.5));
#686 = CARTESIAN_POINT('',(-1.5,19.098076211353));
#687 = CARTESIAN_POINT('',(3.,21.696152422707));
#688 = CARTESIAN_POINT('',(3.,16.5));
#689 = ( GEOMETRIC_REPRESENTATION_CONTEXT(2) 
PARAMETRIC_REPRESENTATION_CONTEXT() REPRESENTATION_CONTEXT('2D SPACE',''
  ) );
#690 = ORIENTED_EDGE('',*,*,#691,.T.);
#691 = EDGE_CURVE('',#664,#692,#694,.T.);
#692 = VERTEX_POINT('',#693);
#693 = CARTESIAN_POINT('',(-1.000000000002,-19.32842712474,3.));
#694 = SURFACE_CURVE('',#695,(#706,#735),.PCURVE_S1.);
#695 = B_SPLINE_CURVE_WITH_KNOTS('',3,(#696,#697,#698,#699,#700,#701,
    #702,#703,#704,#705),.UNSPECIFIED.,.F.,.F.,(4,2,2,2,4),(
    0.259626762536,0.305240567732,0.350854372928,0.387909138549,
    0.424963904169),.UNSPECIFIED.);
#696 = CARTESIAN_POINT('',(-2.000000000002,-18.73606797749,2.));
#697 = CARTESIAN_POINT('',(-1.886671589856,-18.83743198904,2.));
#698 = CARTESIAN_POINT('',(-1.75562359706,-18.93742448457,2.020545125026
    ));
#699 = CARTESIAN_POINT('',(-1.499431125773,-19.10287498583,
    2.123368526222));
#700 = CARTESIAN_POINT('',(-1.374783905873,-19.16872454566,
    2.206253851096));
#701 = CARTESIAN_POINT('',(-1.194168844937,-19.25353591961,
    2.396305404216));
#702 = CARTESIAN_POINT('',(-1.121503308247,-19.28297213557,2.50500983757
    ));
#703 = CARTESIAN_POINT('',(-1.024391502242,-19.32016408106,
    2.745127544203));
#704 = CARTESIAN_POINT('',(-1.000000000002,-19.32842712474,
    2.876484114599));
#705 = CARTESIAN_POINT('',(-1.000000000002,-19.32842712474,3.));
#706 = PCURVE('',#180,#707);
#707 = DEFINITIONAL_REPRESENTATION('',(#708),#734);
#708 = B_SPLINE_CURVE_WITH_KNOTS('',3,(#709,#710,#711,#712,#713,#714,
    #715,#716,#717,#718,#719,#720,#721,#722,#723,#724,#725,#726,#727,
    #728,#729,#730,#731,#732,#733),.UNSPECIFIED.,.F.,.F.,(4,1,1,1,1,1,1,
    1,1,1,1,1,1,1,1,1,1,1,1,1,1,1,4),(0.259626762536,0.267142087155,
    0.274657411775,0.282172736395,0.289688061015,0.297203385634,
    0.304718710254,0.312234034874,0.319749359493,0.327264684113,
    0.334780008733,0.342295333352,0.349810657972,0.357325982592,
    0.364841307212,0.372356631831,0.379871956451,0.387387281071,
    0.39490260569,0.40241793031,0.40993325493,0.417448579549,
    0.424963904169),.QUASI_UNIFORM_KNOTS.);
#709 = CARTESIAN_POINT('',(3.982661324157,0.));
#710 = CARTESIAN_POINT('',(3.991011463138,2.643557984007E-16));
#711 = CARTESIAN_POINT('',(4.007935083209,1.115441793E-03));
#712 = CARTESIAN_POINT('',(4.033774047516,6.41178724664E-03));
#713 = CARTESIAN_POINT('',(4.059850735916,1.560865794718E-02));
#714 = CARTESIAN_POINT('',(4.085946951249,2.898169853573E-02));
#715 = CARTESIAN_POINT('',(4.111844108294,4.681285992241E-02));
#716 = CARTESIAN_POINT('',(4.137327502611,6.936056578291E-02));
#717 = CARTESIAN_POINT('',(4.162176492343,9.697104246158E-02));
#718 = CARTESIAN_POINT('',(4.186223234421,0.129491179034));
#719 = CARTESIAN_POINT('',(4.209310062579,0.166643269465));
#720 = CARTESIAN_POINT('',(4.231264750833,0.208164095457));
#721 = CARTESIAN_POINT('',(4.251937531692,0.253855474596));
#722 = CARTESIAN_POINT('',(4.271083450596,0.303244593189));
#723 = CARTESIAN_POINT('',(4.288800601074,0.356892126775));
#724 = CARTESIAN_POINT('',(4.305520307809,0.416221718916));
#725 = CARTESIAN_POINT('',(4.320819578575,0.480114568888));
#726 = CARTESIAN_POINT('',(4.334489092237,0.54809895094));
#727 = CARTESIAN_POINT('',(4.346261630898,0.619527628954));
#728 = CARTESIAN_POINT('',(4.355877526296,0.693808333306));
#729 = CARTESIAN_POINT('',(4.363340213923,0.769986707367));
#730 = CARTESIAN_POINT('',(4.368660291694,0.847103745075));
#731 = CARTESIAN_POINT('',(4.371845903788,0.92420170953));
#732 = CARTESIAN_POINT('',(4.372552048829,0.974948917934));
#733 = CARTESIAN_POINT('',(4.37255207093,1.));
#734 = ( GEOMETRIC_REPRESENTATION_CONTEXT(2) 
PARAMETRIC_REPRESENTATION_CONTEXT() REPRESENTATION_CONTEXT('2D SPACE',''
  ) );
#735 = PCURVE('',#736,#741);
#736 = CYLINDRICAL_SURFACE('',#737,1.);
#737 = AXIS2_PLACEMENT_3D('',#738,#739,#740);
#738 = CARTESIAN_POINT('',(-1.999999999999,-9.664213562372,3.));
#739 = DIRECTION('',(-2.545186283953E-13,-1.,0.));
#740 = DIRECTION('',(0.707106781187,-1.799718480766E-13,-0.707106781187)
  );
#741 = DEFINITIONAL_REPRESENTATION('',(#742),#768);
#742 = B_SPLINE_CURVE_WITH_KNOTS('',3,(#743,#744,#745,#746,#747,#748,
    #749,#750,#751,#752,#753,#754,#755,#756,#757,#758,#759,#760,#761,
    #762,#763,#764,#765,#766,#767),.UNSPECIFIED.,.F.,.F.,(4,1,1,1,1,1,1,
    1,1,1,1,1,1,1,1,1,1,1,1,1,1,1,4),(0.259626762536,0.267142087155,
    0.274657411775,0.282172736395,0.289688061015,0.297203385634,
    0.304718710254,0.312234034874,0.319749359493,0.327264684113,
    0.334780008733,0.342295333352,0.349810657972,0.357325982592,
    0.364841307212,0.372356631831,0.379871956451,0.387387281071,
    0.39490260569,0.40241793031,0.40993325493,0.417448579549,
    0.424963904169),.QUASI_UNIFORM_KNOTS.);
#743 = CARTESIAN_POINT('',(5.497787143782,9.071854415126));
#744 = CARTESIAN_POINT('',(5.516461013689,9.088555136503));
#745 = CARTESIAN_POINT('',(5.554763853821,9.121882120716));
#746 = CARTESIAN_POINT('',(5.614770914734,9.171222625938));
#747 = CARTESIAN_POINT('',(5.677006599649,9.219486683336));
#748 = CARTESIAN_POINT('',(5.741187599509,9.266247400566));
#749 = CARTESIAN_POINT('',(5.807074005966,9.311079429003));
#750 = CARTESIAN_POINT('',(5.874488433648,9.353551660772));
#751 = CARTESIAN_POINT('',(5.9433228014,9.39325448127));
#752 = CARTESIAN_POINT('',(6.013294852673,9.430160377547));
#753 = CARTESIAN_POINT('',(6.084119643718,9.464204532923));
#754 = CARTESIAN_POINT('',(6.155473372107,9.495323885946));
#755 = CARTESIAN_POINT('',(6.227147253615,9.523484858726));
#756 = CARTESIAN_POINT('',(6.298592912712,9.548534183902));
#757 = CARTESIAN_POINT('',(6.370714163111,9.570767868421));
#758 = CARTESIAN_POINT('',(6.445699362706,9.590962901323));
#759 = CARTESIAN_POINT('',(6.522294920726,9.60878195543));
#760 = CARTESIAN_POINT('',(6.600145500936,9.624175410909));
#761 = CARTESIAN_POINT('',(6.678726217453,9.636999939251));
#762 = CARTESIAN_POINT('',(6.757689842097,9.647199339301));
#763 = CARTESIAN_POINT('',(6.836666158444,9.654962581925));
#764 = CARTESIAN_POINT('',(6.915199535369,9.660370870629));
#765 = CARTESIAN_POINT('',(6.992782609611,9.663533828999));
#766 = CARTESIAN_POINT('',(7.043534415346,9.664213562373));
#767 = CARTESIAN_POINT('',(7.068583470577,9.664213562373));
#768 = ( GEOMETRIC_REPRESENTATION_CONTEXT(2) 
PARAMETRIC_REPRESENTATION_CONTEXT() REPRESENTATION_CONTEXT('2D SPACE',''
  ) );
#769 = ORIENTED_EDGE('',*,*,#770,.F.);
#770 = EDGE_CURVE('',#771,#692,#773,.T.);
#771 = VERTEX_POINT('',#772);
#772 = CARTESIAN_POINT('',(-1.000000000002,-19.32842712474,8.));
#773 = SURFACE_CURVE('',#774,(#778,#785),.PCURVE_S1.);
#774 = LINE('',#775,#776);
#775 = CARTESIAN_POINT('',(-1.000000000002,-19.32842712474,2.));
#776 = VECTOR('',#777,1.);
#777 = DIRECTION('',(0.,0.,-1.));
#778 = PCURVE('',#180,#779);
#779 = DEFINITIONAL_REPRESENTATION('',(#780),#784);
#780 = LINE('',#781,#782);
#781 = CARTESIAN_POINT('',(4.37255207093,0.));
#782 = VECTOR('',#783,1.);
#783 = DIRECTION('',(0.,-1.));
#784 = ( GEOMETRIC_REPRESENTATION_CONTEXT(2) 
PARAMETRIC_REPRESENTATION_CONTEXT() REPRESENTATION_CONTEXT('2D SPACE',''
  ) );
#785 = PCURVE('',#786,#791);
#786 = PLANE('',#787);
#787 = AXIS2_PLACEMENT_3D('',#788,#789,#790);
#788 = CARTESIAN_POINT('',(-1.000000000002,-19.32842712474,2.));
#789 = DIRECTION('',(-1.,2.545186283953E-13,0.));
#790 = DIRECTION('',(-2.545186283953E-13,-1.,0.));
#791 = DEFINITIONAL_REPRESENTATION('',(#792),#796);
#792 = LINE('',#793,#794);
#793 = CARTESIAN_POINT('',(0.,0.));
#794 = VECTOR('',#795,1.);
#795 = DIRECTION('',(-0.,-1.));
#796 = ( GEOMETRIC_REPRESENTATION_CONTEXT(2) 
PARAMETRIC_REPRESENTATION_CONTEXT() REPRESENTATION_CONTEXT('2D SPACE',''
  ) );
#797 = ORIENTED_EDGE('',*,*,#798,.T.);
#798 = EDGE_CURVE('',#771,#799,#801,.T.);
#799 = VERTEX_POINT('',#800);
#800 = CARTESIAN_POINT('',(-1.945341756184E-12,-19.5,9.));
#801 = SURFACE_CURVE('',#802,(#813,#842),.PCURVE_S1.);
#802 = B_SPLINE_CURVE_WITH_KNOTS('',3,(#803,#804,#805,#806,#807,#808,
    #809,#810,#811,#812),.UNSPECIFIED.,.F.,.F.,(4,2,2,2,4),(
    0.30388005873,0.341873876853,0.379867694975,0.417843891535,
    0.455820088095),.UNSPECIFIED.);
#803 = CARTESIAN_POINT('',(-1.000000000002,-19.32842712474,8.));
#804 = CARTESIAN_POINT('',(-1.000000000002,-19.32842712474,
    8.126646060408));
#805 = CARTESIAN_POINT('',(-0.974490339271,-19.33782678287,
    8.261001973464));
#806 = CARTESIAN_POINT('',(-0.872152907628,-19.37093041276,
    8.507053179958));
#807 = CARTESIAN_POINT('',(-0.795370480002,-19.39406885606,
    8.618843082373));
#808 = CARTESIAN_POINT('',(-0.618884019147,-19.43687311015,
    8.795329543228));
#809 = CARTESIAN_POINT('',(-0.507077811959,-19.4594369553,8.872143486117
    ));
#810 = CARTESIAN_POINT('',(-0.260966137223,-19.49120237943,
    8.974504420803));
#811 = CARTESIAN_POINT('',(-0.126587321869,-19.5,9.));
#812 = CARTESIAN_POINT('',(-1.945370947665E-12,-19.5,9.));
#813 = PCURVE('',#180,#814);
#814 = DEFINITIONAL_REPRESENTATION('',(#815),#841);
#815 = B_SPLINE_CURVE_WITH_KNOTS('',3,(#816,#817,#818,#819,#820,#821,
    #822,#823,#824,#825,#826,#827,#828,#829,#830,#831,#832,#833,#834,
    #835,#836,#837,#838,#839,#840),.UNSPECIFIED.,.F.,.F.,(4,1,1,1,1,1,1,
    1,1,1,1,1,1,1,1,1,1,1,1,1,1,1,4),(0.30388005873,0.310786423701,
    0.317692788673,0.324599153644,0.331505518615,0.338411883586,
    0.345318248557,0.352224613528,0.359130978499,0.366037343471,
    0.372943708442,0.379850073413,0.386756438384,0.393662803355,
    0.400569168326,0.407475533297,0.414381898269,0.42128826324,
    0.428194628211,0.435100993182,0.442007358153,0.448913723124,
    0.455820088095),.QUASI_UNIFORM_KNOTS.);
#816 = CARTESIAN_POINT('',(4.37255207093,6.));
#817 = CARTESIAN_POINT('',(4.372552084437,6.02302121657));
#818 = CARTESIAN_POINT('',(4.373150871448,6.069573174556));
#819 = CARTESIAN_POINT('',(4.375838258465,6.140243345966));
#820 = CARTESIAN_POINT('',(4.380307131313,6.211070092555));
#821 = CARTESIAN_POINT('',(4.38655203445,6.281365372087));
#822 = CARTESIAN_POINT('',(4.394560940821,6.350449993415));
#823 = CARTESIAN_POINT('',(4.40434793587,6.417611744018));
#824 = CARTESIAN_POINT('',(4.415796985893,6.48230581503));
#825 = CARTESIAN_POINT('',(4.428703604501,6.544119376949));
#826 = CARTESIAN_POINT('',(4.442873089474,6.60257450434));
#827 = CARTESIAN_POINT('',(4.458153282534,6.657338175614));
#828 = CARTESIAN_POINT('',(4.474219249455,6.707562849731));
#829 = CARTESIAN_POINT('',(4.491404125304,6.754314159605));
#830 = CARTESIAN_POINT('',(4.510074643773,6.798613686165));
#831 = CARTESIAN_POINT('',(4.529930907183,6.839537728617));
#832 = CARTESIAN_POINT('',(4.55085472273,6.876679501168));
#833 = CARTESIAN_POINT('',(4.572680249051,6.909509792853));
#834 = CARTESIAN_POINT('',(4.595266681114,6.937472178403));
#835 = CARTESIAN_POINT('',(4.618433657085,6.960298427578));
#836 = CARTESIAN_POINT('',(4.641956245517,6.978049458233));
#837 = CARTESIAN_POINT('',(4.665616986167,6.990717608549));
#838 = CARTESIAN_POINT('',(4.689195792503,6.998313598886));
#839 = CARTESIAN_POINT('',(4.704715422978,7.));
#840 = CARTESIAN_POINT('',(4.712388980384,7.));
#841 = ( GEOMETRIC_REPRESENTATION_CONTEXT(2) 
PARAMETRIC_REPRESENTATION_CONTEXT() REPRESENTATION_CONTEXT('2D SPACE',''
  ) );
#842 = PCURVE('',#843,#848);
#843 = CYLINDRICAL_SURFACE('',#844,1.);
#844 = AXIS2_PLACEMENT_3D('',#845,#846,#847);
#845 = CARTESIAN_POINT('',(-1.942813478189E-12,-19.49006643241,8.));
#846 = DIRECTION('',(-2.545186283953E-13,-1.,0.));
#847 = DIRECTION('',(-0.707106781187,1.799718480766E-13,0.707106781187)
  );
#848 = DEFINITIONAL_REPRESENTATION('',(#849),#875);
#849 = B_SPLINE_CURVE_WITH_KNOTS('',3,(#850,#851,#852,#853,#854,#855,
    #856,#857,#858,#859,#860,#861,#862,#863,#864,#865,#866,#867,#868,
    #869,#870,#871,#872,#873,#874),.UNSPECIFIED.,.F.,.F.,(4,1,1,1,1,1,1,
    1,1,1,1,1,1,1,1,1,1,1,1,1,1,1,4),(0.30388005873,0.310786423701,
    0.317692788673,0.324599153644,0.331505518615,0.338411883586,
    0.345318248557,0.352224613528,0.359130978499,0.366037343471,
    0.372943708442,0.379850073413,0.386756438384,0.393662803355,
    0.400569168326,0.407475533297,0.414381898269,0.42128826324,
    0.428194628211,0.435100993182,0.442007358153,0.448913723124,
    0.455820088095),.QUASI_UNIFORM_KNOTS.);
#850 = CARTESIAN_POINT('',(7.068583470577,-0.161639307673));
#851 = CARTESIAN_POINT('',(7.045563597468,-0.161639307673));
#852 = CARTESIAN_POINT('',(6.999008693787,-0.161018156443));
#853 = CARTESIAN_POINT('',(6.92796373328,-0.158303741313));
#854 = CARTESIAN_POINT('',(6.856037792,-0.153888323738));
#855 = CARTESIAN_POINT('',(6.783566845329,-0.147850368026));
#856 = CARTESIAN_POINT('',(6.710859181087,-0.140280304187));
#857 = CARTESIAN_POINT('',(6.638175452613,-0.131223920951));
#858 = CARTESIAN_POINT('',(6.565688171433,-0.121004404316));
#859 = CARTESIAN_POINT('',(6.493621858395,-0.109928777008));
#860 = CARTESIAN_POINT('',(6.42231004852,-9.830130669877E-02));
#861 = CARTESIAN_POINT('',(6.351921257159,-8.639648157396E-02));
#862 = CARTESIAN_POINT('',(6.283358272499,-7.46106628137E-02));
#863 = CARTESIAN_POINT('',(6.214799608974,-6.288249910866E-02));
#864 = CARTESIAN_POINT('',(6.144389632678,-5.112768577849E-02));
#865 = CARTESIAN_POINT('',(6.073045265635,-3.972768059337E-02));
#866 = CARTESIAN_POINT('',(6.000936185167,-2.894022794154E-02));
#867 = CARTESIAN_POINT('',(5.92840039973,-1.905217451357E-02));
#868 = CARTESIAN_POINT('',(5.85566498625,-1.035767117266E-02));
#869 = CARTESIAN_POINT('',(5.782909553953,-3.124899124872E-03));
#870 = CARTESIAN_POINT('',(5.710396164593,2.615974386377E-03));
#871 = CARTESIAN_POINT('',(5.638435927998,6.794669920458E-03));
#872 = CARTESIAN_POINT('',(5.567367791571,9.351659759655E-03));
#873 = CARTESIAN_POINT('',(5.520807023198,9.933567580987E-03));
#874 = CARTESIAN_POINT('',(5.497787143782,9.933567581001E-03));
#875 = ( GEOMETRIC_REPRESENTATION_CONTEXT(2) 
PARAMETRIC_REPRESENTATION_CONTEXT() REPRESENTATION_CONTEXT('2D SPACE',''
  ) );
#876 = ORIENTED_EDGE('',*,*,#877,.T.);
#877 = EDGE_CURVE('',#799,#878,#880,.T.);
#878 = VERTEX_POINT('',#879);
#879 = CARTESIAN_POINT('',(0.999999999999,-19.32842712474,8.));
#880 = SURFACE_CURVE('',#881,(#892,#921),.PCURVE_S1.);
#881 = B_SPLINE_CURVE_WITH_KNOTS('',3,(#882,#883,#884,#885,#886,#887,
    #888,#889,#890,#891),.UNSPECIFIED.,.F.,.F.,(4,2,2,2,4),(
    0.151940029365,0.189916225925,0.227892422486,0.265886240608,
    0.30388005873),.UNSPECIFIED.);
#882 = CARTESIAN_POINT('',(-6.704099081434E-13,-19.5,9.));
#883 = CARTESIAN_POINT('',(0.126587321867,-19.5,9.));
#884 = CARTESIAN_POINT('',(0.26096613722,-19.49120237943,8.974504420803)
  );
#885 = CARTESIAN_POINT('',(0.507077811957,-19.4594369553,8.872143486117)
  );
#886 = CARTESIAN_POINT('',(0.618884019144,-19.43687311015,8.795329543228
    ));
#887 = CARTESIAN_POINT('',(0.795370479999,-19.39406885606,8.618843082373
    ));
#888 = CARTESIAN_POINT('',(0.872152907626,-19.37093041276,8.507053179958
    ));
#889 = CARTESIAN_POINT('',(0.974490339268,-19.33782678287,8.261001973464
    ));
#890 = CARTESIAN_POINT('',(0.999999999999,-19.32842712474,8.126646060408
    ));
#891 = CARTESIAN_POINT('',(0.999999999999,-19.32842712474,8.));
#892 = PCURVE('',#180,#893);
#893 = DEFINITIONAL_REPRESENTATION('',(#894),#920);
#894 = B_SPLINE_CURVE_WITH_KNOTS('',3,(#895,#896,#897,#898,#899,#900,
    #901,#902,#903,#904,#905,#906,#907,#908,#909,#910,#911,#912,#913,
    #914,#915,#916,#917,#918,#919),.UNSPECIFIED.,.F.,.F.,(4,1,1,1,1,1,1,
    1,1,1,1,1,1,1,1,1,1,1,1,1,1,1,4),(0.151940029365,0.158846394336,
    0.165752759307,0.172659124279,0.17956548925,0.186471854221,
    0.193378219192,0.200284584163,0.207190949134,0.214097314105,
    0.221003679077,0.227910044048,0.234816409019,0.24172277399,
    0.248629138961,0.255535503932,0.262441868903,0.269348233875,
    0.276254598846,0.283160963817,0.290067328788,0.296973693759,
    0.30388005873),.QUASI_UNIFORM_KNOTS.);
#895 = CARTESIAN_POINT('',(4.712388980385,7.));
#896 = CARTESIAN_POINT('',(4.72006253779,7.));
#897 = CARTESIAN_POINT('',(4.735582168266,6.998313598886));
#898 = CARTESIAN_POINT('',(4.759160974602,6.990717608549));
#899 = CARTESIAN_POINT('',(4.782821715252,6.978049458233));
#900 = CARTESIAN_POINT('',(4.806344303683,6.960298427578));
#901 = CARTESIAN_POINT('',(4.829511279655,6.937472178403));
#902 = CARTESIAN_POINT('',(4.852097711717,6.909509792853));
#903 = CARTESIAN_POINT('',(4.873923238039,6.876679501168));
#904 = CARTESIAN_POINT('',(4.894847053586,6.839537728617));
#905 = CARTESIAN_POINT('',(4.914703316995,6.798613686165));
#906 = CARTESIAN_POINT('',(4.933373835465,6.754314159605));
#907 = CARTESIAN_POINT('',(4.950558711314,6.707562849731));
#908 = CARTESIAN_POINT('',(4.966624678234,6.657338175614));
#909 = CARTESIAN_POINT('',(4.981904871295,6.60257450434));
#910 = CARTESIAN_POINT('',(4.996074356267,6.544119376949));
#911 = CARTESIAN_POINT('',(5.008980974875,6.48230581503));
#912 = CARTESIAN_POINT('',(5.020430024899,6.417611744018));
#913 = CARTESIAN_POINT('',(5.030217019947,6.350449993415));
#914 = CARTESIAN_POINT('',(5.038225926318,6.281365372087));
#915 = CARTESIAN_POINT('',(5.044470829455,6.211070092555));
#916 = CARTESIAN_POINT('',(5.048939702304,6.140243345966));
#917 = CARTESIAN_POINT('',(5.051627089321,6.069573174556));
#918 = CARTESIAN_POINT('',(5.052225876332,6.02302121657));
#919 = CARTESIAN_POINT('',(5.052225889839,6.));
#920 = ( GEOMETRIC_REPRESENTATION_CONTEXT(2) 
PARAMETRIC_REPRESENTATION_CONTEXT() REPRESENTATION_CONTEXT('2D SPACE',''
  ) );
#921 = PCURVE('',#843,#922);
#922 = DEFINITIONAL_REPRESENTATION('',(#923),#949);
#923 = B_SPLINE_CURVE_WITH_KNOTS('',3,(#924,#925,#926,#927,#928,#929,
    #930,#931,#932,#933,#934,#935,#936,#937,#938,#939,#940,#941,#942,
    #943,#944,#945,#946,#947,#948),.UNSPECIFIED.,.F.,.F.,(4,1,1,1,1,1,1,
    1,1,1,1,1,1,1,1,1,1,1,1,1,1,1,4),(0.151940029365,0.158846394336,
    0.165752759307,0.172659124279,0.17956548925,0.186471854221,
    0.193378219192,0.200284584163,0.207190949134,0.214097314105,
    0.221003679077,0.227910044048,0.234816409019,0.24172277399,
    0.248629138961,0.255535503932,0.262441868903,0.269348233875,
    0.276254598846,0.283160963817,0.290067328788,0.296973693759,
    0.30388005873),.QUASI_UNIFORM_KNOTS.);
#924 = CARTESIAN_POINT('',(5.497787143781,9.933567581001E-03));
#925 = CARTESIAN_POINT('',(5.474767264365,9.933567580994E-03));
#926 = CARTESIAN_POINT('',(5.428206495992,9.351659759673E-03));
#927 = CARTESIAN_POINT('',(5.357138359565,6.794669920492E-03));
#928 = CARTESIAN_POINT('',(5.28517812297,2.615974386437E-03));
#929 = CARTESIAN_POINT('',(5.21266473361,-3.124899124803E-03));
#930 = CARTESIAN_POINT('',(5.139909301313,-1.035767117257E-02));
#931 = CARTESIAN_POINT('',(5.067173887833,-1.905217451345E-02));
#932 = CARTESIAN_POINT('',(4.994638102396,-2.894022794142E-02));
#933 = CARTESIAN_POINT('',(4.922529021928,-3.972768059322E-02));
#934 = CARTESIAN_POINT('',(4.851184654885,-5.112768577833E-02));
#935 = CARTESIAN_POINT('',(4.780774678589,-6.288249910847E-02));
#936 = CARTESIAN_POINT('',(4.712216015065,-7.461066281351E-02));
#937 = CARTESIAN_POINT('',(4.643653030405,-8.639648157377E-02));
#938 = CARTESIAN_POINT('',(4.573264239044,-9.830130669858E-02));
#939 = CARTESIAN_POINT('',(4.501952429169,-0.109928777008));
#940 = CARTESIAN_POINT('',(4.429886116131,-0.121004404316));
#941 = CARTESIAN_POINT('',(4.357398834951,-0.131223920951));
#942 = CARTESIAN_POINT('',(4.284715106477,-0.140280304187));
#943 = CARTESIAN_POINT('',(4.212007442235,-0.147850368026));
#944 = CARTESIAN_POINT('',(4.139536495564,-0.153888323738));
#945 = CARTESIAN_POINT('',(4.067610554284,-0.158303741313));
#946 = CARTESIAN_POINT('',(3.996565593777,-0.161018156443));
#947 = CARTESIAN_POINT('',(3.950010690096,-0.161639307673));
#948 = CARTESIAN_POINT('',(3.926990816987,-0.161639307673));
#949 = ( GEOMETRIC_REPRESENTATION_CONTEXT(2) 
PARAMETRIC_REPRESENTATION_CONTEXT() REPRESENTATION_CONTEXT('2D SPACE',''
  ) );
#950 = ORIENTED_EDGE('',*,*,#951,.F.);
#951 = EDGE_CURVE('',#952,#878,#954,.T.);
#952 = VERTEX_POINT('',#953);
#953 = CARTESIAN_POINT('',(0.999999999999,-19.32842712474,3.));
#954 = SURFACE_CURVE('',#955,(#959,#966),.PCURVE_S1.);
#955 = LINE('',#956,#957);
#956 = CARTESIAN_POINT('',(0.999999999999,-19.32842712474,2.));
#957 = VECTOR('',#958,1.);
#958 = DIRECTION('',(0.,0.,1.));
#959 = PCURVE('',#180,#960);
#960 = DEFINITIONAL_REPRESENTATION('',(#961),#965);
#961 = LINE('',#962,#963);
#962 = CARTESIAN_POINT('',(5.052225889839,0.));
#963 = VECTOR('',#964,1.);
#964 = DIRECTION('',(0.,1.));
#965 = ( GEOMETRIC_REPRESENTATION_CONTEXT(2) 
PARAMETRIC_REPRESENTATION_CONTEXT() REPRESENTATION_CONTEXT('2D SPACE',''
  ) );
#966 = PCURVE('',#967,#972);
#967 = PLANE('',#968);
#968 = AXIS2_PLACEMENT_3D('',#969,#970,#971);
#969 = CARTESIAN_POINT('',(0.999999999999,-19.97498435543,2.));
#970 = DIRECTION('',(1.,-6.900036098045E-14,0.));
#971 = DIRECTION('',(6.900036098045E-14,1.,0.));
#972 = DEFINITIONAL_REPRESENTATION('',(#973),#977);
#973 = LINE('',#974,#975);
#974 = CARTESIAN_POINT('',(0.646557230692,0.));
#975 = VECTOR('',#976,1.);
#976 = DIRECTION('',(0.,1.));
#977 = ( GEOMETRIC_REPRESENTATION_CONTEXT(2) 
PARAMETRIC_REPRESENTATION_CONTEXT() REPRESENTATION_CONTEXT('2D SPACE',''
  ) );
#978 = ORIENTED_EDGE('',*,*,#979,.T.);
#979 = EDGE_CURVE('',#952,#980,#982,.T.);
#980 = VERTEX_POINT('',#981);
#981 = CARTESIAN_POINT('',(1.999999999999,-18.7360679775,2.));
#982 = SURFACE_CURVE('',#983,(#994,#1023),.PCURVE_S1.);
#983 = B_SPLINE_CURVE_WITH_KNOTS('',3,(#984,#985,#986,#987,#988,#989,
    #990,#991,#992,#993),.UNSPECIFIED.,.F.,.F.,(4,2,2,2,4),(
    0.434297971902,0.471352737522,0.508407503142,0.554021308339,
    0.599635113535),.UNSPECIFIED.);
#984 = CARTESIAN_POINT('',(0.999999999999,-19.32842712474,3.));
#985 = CARTESIAN_POINT('',(0.999999999999,-19.32842712474,2.876484114599
    ));
#986 = CARTESIAN_POINT('',(1.02439150224,-19.32016408107,2.745127544203)
  );
#987 = CARTESIAN_POINT('',(1.121503308244,-19.28297213558,2.50500983757)
  );
#988 = CARTESIAN_POINT('',(1.194168844934,-19.25353591961,2.396305404216
    ));
#989 = CARTESIAN_POINT('',(1.37478390587,-19.16872454566,2.206253851096)
  );
#990 = CARTESIAN_POINT('',(1.49943112577,-19.10287498583,2.123368526222)
  );
#991 = CARTESIAN_POINT('',(1.755623597057,-18.93742448457,2.020545125026
    ));
#992 = CARTESIAN_POINT('',(1.886671589853,-18.83743198904,2.));
#993 = CARTESIAN_POINT('',(1.999999999999,-18.7360679775,2.));
#994 = PCURVE('',#180,#995);
#995 = DEFINITIONAL_REPRESENTATION('',(#996),#1022);
#996 = B_SPLINE_CURVE_WITH_KNOTS('',3,(#997,#998,#999,#1000,#1001,#1002,
    #1003,#1004,#1005,#1006,#1007,#1008,#1009,#1010,#1011,#1012,#1013,
    #1014,#1015,#1016,#1017,#1018,#1019,#1020,#1021),.UNSPECIFIED.,.F.,
  .F.,(4,1,1,1,1,1,1,1,1,1,1,1,1,1,1,1,1,1,1,1,1,1,4),(0.434297971902,
    0.441813296521,0.449328621141,0.456843945761,0.464359270381,
    0.471874595,0.47938991962,0.48690524424,0.494420568859,
    0.501935893479,0.509451218099,0.516966542718,0.524481867338,
    0.531997191958,0.539512516577,0.547027841197,0.554543165817,
    0.562058490437,0.569573815056,0.577089139676,0.584604464296,
    0.592119788915,0.599635113535),.QUASI_UNIFORM_KNOTS.);
#997 = CARTESIAN_POINT('',(5.052225889839,1.));
#998 = CARTESIAN_POINT('',(5.052225911939,0.974948917934));
#999 = CARTESIAN_POINT('',(5.052932056981,0.92420170953));
#1000 = CARTESIAN_POINT('',(5.056117669074,0.847103745075));
#1001 = CARTESIAN_POINT('',(5.061437746846,0.769986707367));
#1002 = CARTESIAN_POINT('',(5.068900434472,0.693808333306));
#1003 = CARTESIAN_POINT('',(5.078516329871,0.619527628954));
#1004 = CARTESIAN_POINT('',(5.090288868532,0.54809895094));
#1005 = CARTESIAN_POINT('',(5.103958382194,0.480114568888));
#1006 = CARTESIAN_POINT('',(5.11925765296,0.416221718916));
#1007 = CARTESIAN_POINT('',(5.135977359695,0.356892126775));
#1008 = CARTESIAN_POINT('',(5.153694510172,0.303244593189));
#1009 = CARTESIAN_POINT('',(5.172840429077,0.253855474596));
#1010 = CARTESIAN_POINT('',(5.193513209936,0.208164095457));
#1011 = CARTESIAN_POINT('',(5.215467898189,0.166643269466));
#1012 = CARTESIAN_POINT('',(5.238554726347,0.129491179034));
#1013 = CARTESIAN_POINT('',(5.262601468426,9.697104246162E-02));
#1014 = CARTESIAN_POINT('',(5.287450458158,6.936056578295E-02));
#1015 = CARTESIAN_POINT('',(5.312933852474,4.681285992243E-02));
#1016 = CARTESIAN_POINT('',(5.338831009519,2.898169853575E-02));
#1017 = CARTESIAN_POINT('',(5.364927224853,1.56086579472E-02));
#1018 = CARTESIAN_POINT('',(5.391003913253,6.411787246645E-03));
#1019 = CARTESIAN_POINT('',(5.41684287756,1.115441793001E-03));
#1020 = CARTESIAN_POINT('',(5.43376649763,1.671518514874E-16));
#1021 = CARTESIAN_POINT('',(5.442116636611,0.));
#1022 = ( GEOMETRIC_REPRESENTATION_CONTEXT(2) 
PARAMETRIC_REPRESENTATION_CONTEXT() REPRESENTATION_CONTEXT('2D SPACE',''
  ) );
#1023 = PCURVE('',#1024,#1029);
#1024 = CYLINDRICAL_SURFACE('',#1025,1.);
#1025 = AXIS2_PLACEMENT_3D('',#1026,#1027,#1028);
#1026 = CARTESIAN_POINT('',(2.,-9.987492177719,3.));
#1027 = DIRECTION('',(6.900036098045E-14,1.,0.));
#1028 = DIRECTION('',(-0.707106781187,4.87906231536E-14,-0.707106781187)
  );
#1029 = DEFINITIONAL_REPRESENTATION('',(#1030),#1056);
#1030 = B_SPLINE_CURVE_WITH_KNOTS('',3,(#1031,#1032,#1033,#1034,#1035,
    #1036,#1037,#1038,#1039,#1040,#1041,#1042,#1043,#1044,#1045,#1046,
    #1047,#1048,#1049,#1050,#1051,#1052,#1053,#1054,#1055),
  .UNSPECIFIED.,.F.,.F.,(4,1,1,1,1,1,1,1,1,1,1,1,1,1,1,1,1,1,1,1,1,1,4),
  (0.434297971902,0.441813296521,0.449328621141,0.456843945761,
    0.464359270381,0.471874595,0.47938991962,0.48690524424,
    0.494420568859,0.501935893479,0.509451218099,0.516966542718,
    0.524481867338,0.531997191958,0.539512516577,0.547027841197,
    0.554543165817,0.562058490437,0.569573815056,0.577089139676,
    0.584604464296,0.592119788915,0.599635113535),
  .QUASI_UNIFORM_KNOTS.);
#1031 = CARTESIAN_POINT('',(0.785398163397,-9.340934947027));
#1032 = CARTESIAN_POINT('',(0.760349108167,-9.340934947027));
#1033 = CARTESIAN_POINT('',(0.709597302431,-9.340255213653));
#1034 = CARTESIAN_POINT('',(0.632014228189,-9.337092255283));
#1035 = CARTESIAN_POINT('',(0.553480851265,-9.331683966579));
#1036 = CARTESIAN_POINT('',(0.474504534917,-9.323920723955));
#1037 = CARTESIAN_POINT('',(0.395540910273,-9.313721323905));
#1038 = CARTESIAN_POINT('',(0.316960193757,-9.300896795564));
#1039 = CARTESIAN_POINT('',(0.239109613547,-9.285503340085));
#1040 = CARTESIAN_POINT('',(0.162514055526,-9.267684285977));
#1041 = CARTESIAN_POINT('',(8.752885593197E-02,-9.247489253076));
#1042 = CARTESIAN_POINT('',(1.540760553218E-02,-9.225255568556));
#1043 = CARTESIAN_POINT('',(-5.603805356463E-02,-9.20020624338));
#1044 = CARTESIAN_POINT('',(-0.127711935072,-9.172045270601));
#1045 = CARTESIAN_POINT('',(-0.199065663461,-9.140925917577));
#1046 = CARTESIAN_POINT('',(-0.269890454507,-9.106881762201));
#1047 = CARTESIAN_POINT('',(-0.33986250578,-9.069975865925));
#1048 = CARTESIAN_POINT('',(-0.408696873532,-9.030273045427));
#1049 = CARTESIAN_POINT('',(-0.476111301214,-8.987800813658));
#1050 = CARTESIAN_POINT('',(-0.541997707671,-8.942968785221));
#1051 = CARTESIAN_POINT('',(-0.60617870753,-8.896208067991));
#1052 = CARTESIAN_POINT('',(-0.668414392445,-8.847944010593));
#1053 = CARTESIAN_POINT('',(-0.728421453358,-8.798603505371));
#1054 = CARTESIAN_POINT('',(-0.76672429349,-8.765276521158));
#1055 = CARTESIAN_POINT('',(-0.785398163397,-8.748575799781));
#1056 = ( GEOMETRIC_REPRESENTATION_CONTEXT(2) 
PARAMETRIC_REPRESENTATION_CONTEXT() REPRESENTATION_CONTEXT('2D SPACE',''
  ) );
#1057 = ORIENTED_EDGE('',*,*,#1058,.T.);
#1058 = EDGE_CURVE('',#980,#108,#1059,.T.);
#1059 = SURFACE_CURVE('',#1060,(#1065,#1072),.PCURVE_S1.);
#1060 = CIRCLE('',#1061,3.);
#1061 = AXIS2_PLACEMENT_3D('',#1062,#1063,#1064);
#1062 = CARTESIAN_POINT('',(-2.423380209587E-13,-16.5,2.));
#1063 = DIRECTION('',(0.,0.,1.));
#1064 = DIRECTION('',(1.,0.,-0.));
#1065 = PCURVE('',#180,#1066);
#1066 = DEFINITIONAL_REPRESENTATION('',(#1067),#1071);
#1067 = LINE('',#1068,#1069);
#1068 = CARTESIAN_POINT('',(0.,0.));
#1069 = VECTOR('',#1070,1.);
#1070 = DIRECTION('',(1.,0.));
#1071 = ( GEOMETRIC_REPRESENTATION_CONTEXT(2) 
PARAMETRIC_REPRESENTATION_CONTEXT() REPRESENTATION_CONTEXT('2D SPACE',''
  ) );
#1072 = PCURVE('',#123,#1073);
#1073 = DEFINITIONAL_REPRESENTATION('',(#1074),#1082);
#1074 = ( BOUNDED_CURVE() B_SPLINE_CURVE(2,(#1075,#1076,#1077,#1078,
#1079,#1080,#1081),.UNSPECIFIED.,.T.,.F.) B_SPLINE_CURVE_WITH_KNOTS((1,2
    ,2,2,2,1),(-2.094395102393,0.,2.094395102393,4.188790204786,
6.28318530718,8.377580409573),.UNSPECIFIED.) CURVE() 
GEOMETRIC_REPRESENTATION_ITEM() RATIONAL_B_SPLINE_CURVE((1.,0.5,1.,0.5,
1.,0.5,1.)) REPRESENTATION_ITEM('') );
#1075 = CARTESIAN_POINT('',(3.,16.5));
#1076 = CARTESIAN_POINT('',(3.,11.303847577293));
#1077 = CARTESIAN_POINT('',(-1.5,13.901923788647));
#1078 = CARTESIAN_POINT('',(-6.,16.5));
#1079 = CARTESIAN_POINT('',(-1.5,19.098076211353));
#1080 = CARTESIAN_POINT('',(3.,21.696152422707));
#1081 = CARTESIAN_POINT('',(3.,16.5));
#1082 = ( GEOMETRIC_REPRESENTATION_CONTEXT(2) 
PARAMETRIC_REPRESENTATION_CONTEXT() REPRESENTATION_CONTEXT('2D SPACE',''
  ) );
#1083 = ORIENTED_EDGE('',*,*,#135,.T.);
#1084 = ADVANCED_FACE('',(#1085),#283,.F.);
#1085 = FACE_BOUND('',#1086,.F.);
#1086 = EDGE_LOOP('',(#1087,#1110,#1111,#1112,#1113,#1187));
#1087 = ORIENTED_EDGE('',*,*,#1088,.F.);
#1088 = EDGE_CURVE('',#395,#1089,#1091,.T.);
#1089 = VERTEX_POINT('',#1090);
#1090 = CARTESIAN_POINT('',(-1.,-12.62701665379,8.));
#1091 = SURFACE_CURVE('',#1092,(#1096,#1103),.PCURVE_S1.);
#1092 = LINE('',#1093,#1094);
#1093 = CARTESIAN_POINT('',(-0.999999999999,-6.313508326896,8.));
#1094 = VECTOR('',#1095,1.);
#1095 = DIRECTION('',(2.545186283953E-13,1.,0.));
#1096 = PCURVE('',#283,#1097);
#1097 = DEFINITIONAL_REPRESENTATION('',(#1098),#1102);
#1098 = LINE('',#1099,#1100);
#1099 = CARTESIAN_POINT('',(7.068583470577,-6.217248937901E-15));
#1100 = VECTOR('',#1101,1.);
#1101 = DIRECTION('',(0.,-1.));
#1102 = ( GEOMETRIC_REPRESENTATION_CONTEXT(2) 
PARAMETRIC_REPRESENTATION_CONTEXT() REPRESENTATION_CONTEXT('2D SPACE',''
  ) );
#1103 = PCURVE('',#484,#1104);
#1104 = DEFINITIONAL_REPRESENTATION('',(#1105),#1109);
#1105 = LINE('',#1106,#1107);
#1106 = CARTESIAN_POINT('',(-6.313508326896,6.));
#1107 = VECTOR('',#1108,1.);
#1108 = DIRECTION('',(-1.,0.));
#1109 = ( GEOMETRIC_REPRESENTATION_CONTEXT(2) 
PARAMETRIC_REPRESENTATION_CONTEXT() REPRESENTATION_CONTEXT('2D SPACE',''
  ) );
#1110 = ORIENTED_EDGE('',*,*,#394,.F.);
#1111 = ORIENTED_EDGE('',*,*,#320,.F.);
#1112 = ORIENTED_EDGE('',*,*,#267,.F.);
#1113 = ORIENTED_EDGE('',*,*,#1114,.F.);
#1114 = EDGE_CURVE('',#1115,#268,#1117,.T.);
#1115 = VERTEX_POINT('',#1116);
#1116 = CARTESIAN_POINT('',(-1.662630390231E-13,-12.5,9.));
#1117 = SURFACE_CURVE('',#1118,(#1129,#1158),.PCURVE_S1.);
#1118 = B_SPLINE_CURVE_WITH_KNOTS('',3,(#1119,#1120,#1121,#1122,#1123,
    #1124,#1125,#1126,#1127,#1128),.UNSPECIFIED.,.F.,.F.,(4,2,2,2,4),(
    -0.151368710053,-0.11352917823,-7.568964640703E-02,
    -3.784482320352E-02,0.),.UNSPECIFIED.);
#1119 = CARTESIAN_POINT('',(-1.882608652304E-13,-12.5,9.));
#1120 = CARTESIAN_POINT('',(0.126131772743,-12.5,9.));
#1121 = CARTESIAN_POINT('',(0.260310655816,-12.50656339902,8.97468337103
    ));
#1122 = CARTESIAN_POINT('',(0.506537904602,-12.53027496219,
    8.872461259307));
#1123 = CARTESIAN_POINT('',(0.618628827071,-12.54710495332,
    8.795584735302));
#1124 = CARTESIAN_POINT('',(0.795597107826,-12.57888939483,
    8.618616454547));
#1125 = CARTESIAN_POINT('',(0.872463985116,-12.59595522221,8.50653068503
    ));
#1126 = CARTESIAN_POINT('',(0.97467905409,-12.62021136534,8.26032170801)
  );
#1127 = CARTESIAN_POINT('',(1.,-12.62701665379,8.126149410678));
#1128 = CARTESIAN_POINT('',(1.,-12.62701665379,8.));
#1129 = PCURVE('',#283,#1130);
#1130 = DEFINITIONAL_REPRESENTATION('',(#1131),#1157);
#1131 = B_SPLINE_CURVE_WITH_KNOTS('',3,(#1132,#1133,#1134,#1135,#1136,
    #1137,#1138,#1139,#1140,#1141,#1142,#1143,#1144,#1145,#1146,#1147,
    #1148,#1149,#1150,#1151,#1152,#1153,#1154,#1155,#1156),
  .UNSPECIFIED.,.F.,.F.,(4,1,1,1,1,1,1,1,1,1,1,1,1,1,1,1,1,1,1,1,1,1,4),
  (-0.151368710053,-0.144488314141,-0.13760791823,-0.130727522318,
    -0.123847126407,-0.116966730495,-0.110086334584,-0.103205938672,
    -9.632554276098E-02,-8.944514684949E-02,-8.256475093799E-02,
    -7.568435502649E-02,-6.880395911499E-02,-6.192356320349E-02,
    -5.504316729199E-02,-4.816277138049E-02,-4.128237546899E-02,
    -3.440197955749E-02,-2.7521583646E-02,-2.06411877345E-02,
    -1.3760791823E-02,-6.880395911499E-03,0.),.UNSPECIFIED.);
#1132 = CARTESIAN_POINT('',(5.497787143782,6.186491673104));
#1133 = CARTESIAN_POINT('',(5.474853694391,6.186491673104));
#1134 = CARTESIAN_POINT('',(5.428449563546,6.186925659925));
#1135 = CARTESIAN_POINT('',(5.357568844785,6.188832912593));
#1136 = CARTESIAN_POINT('',(5.285750241757,6.191950116088));
#1137 = CARTESIAN_POINT('',(5.213332266799,6.196233166349));
#1138 = CARTESIAN_POINT('',(5.140624937228,6.201629722694));
#1139 = CARTESIAN_POINT('',(5.067886177021,6.208118173379));
#1140 = CARTESIAN_POINT('',(4.995301442071,6.215493837878));
#1141 = CARTESIAN_POINT('',(4.923104391461,6.22353532467));
#1142 = CARTESIAN_POINT('',(4.851637660615,6.23202676198));
#1143 = CARTESIAN_POINT('',(4.781078016179,6.240773293312));
#1144 = CARTESIAN_POINT('',(4.71233669304,6.249490481311));
#1145 = CARTESIAN_POINT('',(4.643594137941,6.258231197519));
#1146 = CARTESIAN_POINT('',(4.573040976886,6.267039890554));
#1147 = CARTESIAN_POINT('',(4.501584184541,6.275625452247));
#1148 = CARTESIAN_POINT('',(4.429400147703,6.283786015905));
#1149 = CARTESIAN_POINT('',(4.356830130243,6.291298305727));
#1150 = CARTESIAN_POINT('',(4.284106998896,6.297935440861));
#1151 = CARTESIAN_POINT('',(4.211414044423,6.303469918014));
#1152 = CARTESIAN_POINT('',(4.139008796827,6.307874024312));
#1153 = CARTESIAN_POINT('',(4.067200449741,6.311087409656));
#1154 = CARTESIAN_POINT('',(3.996326648002,6.313058472069));
#1155 = CARTESIAN_POINT('',(3.949924264219,6.313508326896));
#1156 = CARTESIAN_POINT('',(3.926990816987,6.313508326896));
#1157 = ( GEOMETRIC_REPRESENTATION_CONTEXT(2) 
PARAMETRIC_REPRESENTATION_CONTEXT() REPRESENTATION_CONTEXT('2D SPACE',''
  ) );
#1158 = PCURVE('',#73,#1159);
#1159 = DEFINITIONAL_REPRESENTATION('',(#1160),#1186);
#1160 = B_SPLINE_CURVE_WITH_KNOTS('',3,(#1161,#1162,#1163,#1164,#1165,
    #1166,#1167,#1168,#1169,#1170,#1171,#1172,#1173,#1174,#1175,#1176,
    #1177,#1178,#1179,#1180,#1181,#1182,#1183,#1184,#1185),
  .UNSPECIFIED.,.F.,.F.,(4,1,1,1,1,1,1,1,1,1,1,1,1,1,1,1,1,1,1,1,1,1,4),
  (-0.151368710053,-0.144488314141,-0.13760791823,-0.130727522318,
    -0.123847126407,-0.116966730495,-0.110086334584,-0.103205938672,
    -9.632554276098E-02,-8.944514684949E-02,-8.256475093799E-02,
    -7.568435502649E-02,-6.880395911499E-02,-6.192356320349E-02,
    -5.504316729199E-02,-4.816277138049E-02,-4.128237546899E-02,
    -3.440197955749E-02,-2.7521583646E-02,-2.06411877345E-02,
    -1.3760791823E-02,-6.880395911499E-03,0.),.UNSPECIFIED.);
#1161 = CARTESIAN_POINT('',(4.712388980385,5.));
#1162 = CARTESIAN_POINT('',(4.718122566913,5.));
#1163 = CARTESIAN_POINT('',(4.729723075965,5.001674021335));
#1164 = CARTESIAN_POINT('',(4.747356393168,5.009224706845));
#1165 = CARTESIAN_POINT('',(4.765055192891,5.021831215332));
#1166 = CARTESIAN_POINT('',(4.782651062619,5.039514686376));
#1167 = CARTESIAN_POINT('',(4.799977513518,5.062277799149));
#1168 = CARTESIAN_POINT('',(4.816861886856,5.09019210435));
#1169 = CARTESIAN_POINT('',(4.833164661137,5.12300164178));
#1170 = CARTESIAN_POINT('',(4.848778713594,5.1601509208));
#1171 = CARTESIAN_POINT('',(4.863579313975,5.201113989181));
#1172 = CARTESIAN_POINT('',(4.877477378419,5.245484707963));
#1173 = CARTESIAN_POINT('',(4.890252024553,5.292348146703));
#1174 = CARTESIAN_POINT('',(4.902168576995,5.342704731844));
#1175 = CARTESIAN_POINT('',(4.913475319813,5.397604797161));
#1176 = CARTESIAN_POINT('',(4.923935843629,5.456191540005));
#1177 = CARTESIAN_POINT('',(4.933441635637,5.518121073203));
#1178 = CARTESIAN_POINT('',(4.941853398379,5.582904984097));
#1179 = CARTESIAN_POINT('',(4.949024087889,5.650120046489));
#1180 = CARTESIAN_POINT('',(4.95487893864,5.71920470078));
#1181 = CARTESIAN_POINT('',(4.959433659374,5.789446456309));
#1182 = CARTESIAN_POINT('',(4.962685354992,5.860163463234));
#1183 = CARTESIAN_POINT('',(4.964635948549,5.930665658711));
#1184 = CARTESIAN_POINT('',(4.965069230269,5.977065346962));
#1185 = CARTESIAN_POINT('',(4.965069235527,6.));
#1186 = ( GEOMETRIC_REPRESENTATION_CONTEXT(2) 
PARAMETRIC_REPRESENTATION_CONTEXT() REPRESENTATION_CONTEXT('2D SPACE',''
  ) );
#1187 = ORIENTED_EDGE('',*,*,#1188,.F.);
#1188 = EDGE_CURVE('',#1089,#1115,#1189,.T.);
#1189 = SURFACE_CURVE('',#1190,(#1201,#1230),.PCURVE_S1.);
#1190 = B_SPLINE_CURVE_WITH_KNOTS('',3,(#1191,#1192,#1193,#1194,#1195,
    #1196,#1197,#1198,#1199,#1200),.UNSPECIFIED.,.F.,.F.,(4,2,2,2,4),(0.
    ,3.784482320352E-02,7.568964640703E-02,0.11352917823,0.151368710053)
  ,.UNSPECIFIED.);
#1191 = CARTESIAN_POINT('',(-1.,-12.62701665379,8.));
#1192 = CARTESIAN_POINT('',(-1.,-12.62701665379,8.126149410678));
#1193 = CARTESIAN_POINT('',(-0.97467905409,-12.62021136534,8.26032170801
    ));
#1194 = CARTESIAN_POINT('',(-0.872463985116,-12.59595522221,
    8.50653068503));
#1195 = CARTESIAN_POINT('',(-0.795597107826,-12.57888939483,
    8.618616454547));
#1196 = CARTESIAN_POINT('',(-0.618628827072,-12.54710495332,
    8.795584735302));
#1197 = CARTESIAN_POINT('',(-0.506537904602,-12.53027496219,
    8.872461259307));
#1198 = CARTESIAN_POINT('',(-0.260310655817,-12.50656339902,
    8.97468337103));
#1199 = CARTESIAN_POINT('',(-0.126131772743,-12.5,9.));
#1200 = CARTESIAN_POINT('',(-1.662472243202E-13,-12.5,9.));
#1201 = PCURVE('',#283,#1202);
#1202 = DEFINITIONAL_REPRESENTATION('',(#1203),#1229);
#1203 = B_SPLINE_CURVE_WITH_KNOTS('',3,(#1204,#1205,#1206,#1207,#1208,
    #1209,#1210,#1211,#1212,#1213,#1214,#1215,#1216,#1217,#1218,#1219,
    #1220,#1221,#1222,#1223,#1224,#1225,#1226,#1227,#1228),
  .UNSPECIFIED.,.F.,.F.,(4,1,1,1,1,1,1,1,1,1,1,1,1,1,1,1,1,1,1,1,1,1,4),
  (0.,6.880395911499E-03,1.3760791823E-02,2.06411877345E-02,
    2.7521583646E-02,3.44019795575E-02,4.128237546899E-02,
    4.816277138049E-02,5.504316729199E-02,6.192356320349E-02,
    6.880395911499E-02,7.568435502649E-02,8.256475093799E-02,
    8.944514684949E-02,9.632554276099E-02,0.103205938672,0.110086334584,
    0.116966730495,0.123847126407,0.130727522318,0.13760791823,
    0.144488314141,0.151368710053),.QUASI_UNIFORM_KNOTS.);
#1204 = CARTESIAN_POINT('',(7.068583470577,6.313508326896));
#1205 = CARTESIAN_POINT('',(7.045650023345,6.313508326896));
#1206 = CARTESIAN_POINT('',(6.999247639562,6.31305847207));
#1207 = CARTESIAN_POINT('',(6.928373837824,6.311087409657));
#1208 = CARTESIAN_POINT('',(6.856565490738,6.307874024313));
#1209 = CARTESIAN_POINT('',(6.784160243141,6.303469918014));
#1210 = CARTESIAN_POINT('',(6.711467288669,6.297935440862));
#1211 = CARTESIAN_POINT('',(6.638744157322,6.291298305728));
#1212 = CARTESIAN_POINT('',(6.566174139861,6.283786015906));
#1213 = CARTESIAN_POINT('',(6.493990103024,6.275625452248));
#1214 = CARTESIAN_POINT('',(6.422533310678,6.267039890554));
#1215 = CARTESIAN_POINT('',(6.351980149623,6.258231197519));
#1216 = CARTESIAN_POINT('',(6.283237594524,6.249490481311));
#1217 = CARTESIAN_POINT('',(6.214496271386,6.240773293312));
#1218 = CARTESIAN_POINT('',(6.143936626949,6.23202676198));
#1219 = CARTESIAN_POINT('',(6.072469896104,6.22353532467));
#1220 = CARTESIAN_POINT('',(6.000272845493,6.215493837878));
#1221 = CARTESIAN_POINT('',(5.927688110543,6.20811817338));
#1222 = CARTESIAN_POINT('',(5.854949350336,6.201629722694));
#1223 = CARTESIAN_POINT('',(5.782242020766,6.196233166349));
#1224 = CARTESIAN_POINT('',(5.709824045807,6.191950116088));
#1225 = CARTESIAN_POINT('',(5.638005442779,6.188832912593));
#1226 = CARTESIAN_POINT('',(5.567124724018,6.186925659925));
#1227 = CARTESIAN_POINT('',(5.520720593174,6.186491673104));
#1228 = CARTESIAN_POINT('',(5.497787143782,6.186491673104));
#1229 = ( GEOMETRIC_REPRESENTATION_CONTEXT(2) 
PARAMETRIC_REPRESENTATION_CONTEXT() REPRESENTATION_CONTEXT('2D SPACE',''
  ) );
#1230 = PCURVE('',#73,#1231);
#1231 = DEFINITIONAL_REPRESENTATION('',(#1232),#1258);
#1232 = B_SPLINE_CURVE_WITH_KNOTS('',3,(#1233,#1234,#1235,#1236,#1237,
    #1238,#1239,#1240,#1241,#1242,#1243,#1244,#1245,#1246,#1247,#1248,
    #1249,#1250,#1251,#1252,#1253,#1254,#1255,#1256,#1257),
  .UNSPECIFIED.,.F.,.F.,(4,1,1,1,1,1,1,1,1,1,1,1,1,1,1,1,1,1,1,1,1,1,4),
  (0.,6.880395911499E-03,1.3760791823E-02,2.06411877345E-02,
    2.7521583646E-02,3.44019795575E-02,4.128237546899E-02,
    4.816277138049E-02,5.504316729199E-02,6.192356320349E-02,
    6.880395911499E-02,7.568435502649E-02,8.256475093799E-02,
    8.944514684949E-02,9.632554276099E-02,0.103205938672,0.110086334584,
    0.116966730495,0.123847126407,0.130727522318,0.13760791823,
    0.144488314141,0.151368710053),.QUASI_UNIFORM_KNOTS.);
#1233 = CARTESIAN_POINT('',(4.459708725243,6.));
#1234 = CARTESIAN_POINT('',(4.459708730501,5.977065346962));
#1235 = CARTESIAN_POINT('',(4.460142012221,5.930665658711));
#1236 = CARTESIAN_POINT('',(4.462092605777,5.860163463234));
#1237 = CARTESIAN_POINT('',(4.465344301395,5.789446456309));
#1238 = CARTESIAN_POINT('',(4.46989902213,5.71920470078));
#1239 = CARTESIAN_POINT('',(4.475753872881,5.650120046489));
#1240 = CARTESIAN_POINT('',(4.48292456239,5.582904984097));
#1241 = CARTESIAN_POINT('',(4.491336325133,5.518121073203));
#1242 = CARTESIAN_POINT('',(4.50084211714,5.456191540005));
#1243 = CARTESIAN_POINT('',(4.511302640956,5.397604797161));
#1244 = CARTESIAN_POINT('',(4.522609383775,5.342704731844));
#1245 = CARTESIAN_POINT('',(4.534525936216,5.292348146703));
#1246 = CARTESIAN_POINT('',(4.54730058235,5.245484707963));
#1247 = CARTESIAN_POINT('',(4.561198646795,5.201113989181));
#1248 = CARTESIAN_POINT('',(4.575999247175,5.1601509208));
#1249 = CARTESIAN_POINT('',(4.591613299632,5.12300164178));
#1250 = CARTESIAN_POINT('',(4.607916073914,5.09019210435));
#1251 = CARTESIAN_POINT('',(4.624800447251,5.062277799149));
#1252 = CARTESIAN_POINT('',(4.64212689815,5.039514686376));
#1253 = CARTESIAN_POINT('',(4.659722767878,5.021831215332));
#1254 = CARTESIAN_POINT('',(4.677421567602,5.009224706845));
#1255 = CARTESIAN_POINT('',(4.695054884804,5.001674021335));
#1256 = CARTESIAN_POINT('',(4.706655393857,5.));
#1257 = CARTESIAN_POINT('',(4.712388980385,5.));
#1258 = ( GEOMETRIC_REPRESENTATION_CONTEXT(2) 
PARAMETRIC_REPRESENTATION_CONTEXT() REPRESENTATION_CONTEXT('2D SPACE',''
  ) );
#1259 = ADVANCED_FACE('',(#1260),#541,.T.);
#1260 = FACE_BOUND('',#1261,.T.);
#1261 = EDGE_LOOP('',(#1262,#1338,#1359,#1360));
#1262 = ORIENTED_EDGE('',*,*,#1263,.T.);
#1263 = EDGE_CURVE('',#1264,#1266,#1268,.T.);
#1264 = VERTEX_POINT('',#1265);
#1265 = CARTESIAN_POINT('',(-2.,-13.03589838486,2.));
#1266 = VERTEX_POINT('',#1267);
#1267 = CARTESIAN_POINT('',(-1.,-12.62701665379,3.));
#1268 = SURFACE_CURVE('',#1269,(#1280,#1309),.PCURVE_S1.);
#1269 = B_SPLINE_CURVE_WITH_KNOTS('',3,(#1270,#1271,#1272,#1273,#1274,
    #1275,#1276,#1277,#1278,#1279),.UNSPECIFIED.,.F.,.F.,(4,2,2,2,4),(
    0.172708447742,0.213538475328,0.254368502915,0.292424284048,
    0.330480065182),.UNSPECIFIED.);
#1270 = CARTESIAN_POINT('',(-2.,-13.03589838486,2.));
#1271 = CARTESIAN_POINT('',(-1.88213386291,-12.96784833888,2.));
#1272 = CARTESIAN_POINT('',(-1.751435065164,-12.90126461864,
    2.022214525756));
#1273 = CARTESIAN_POINT('',(-1.503469685402,-12.7908222001,
    2.121759324301));
#1274 = CARTESIAN_POINT('',(-1.386440836984,-12.74666096872,
    2.199345600644));
#1275 = CARTESIAN_POINT('',(-1.205701808641,-12.6849282589,
    2.380084628986));
#1276 = CARTESIAN_POINT('',(-1.128530957277,-12.6621269078,
    2.491685654172));
#1277 = CARTESIAN_POINT('',(-1.025668896479,-12.63336642466,
    2.738235245913));
#1278 = CARTESIAN_POINT('',(-1.,-12.62701665379,2.873147396221));
#1279 = CARTESIAN_POINT('',(-1.,-12.62701665379,3.));
#1280 = PCURVE('',#541,#1281);
#1281 = DEFINITIONAL_REPRESENTATION('',(#1282),#1308);
#1282 = B_SPLINE_CURVE_WITH_KNOTS('',3,(#1283,#1284,#1285,#1286,#1287,
    #1288,#1289,#1290,#1291,#1292,#1293,#1294,#1295,#1296,#1297,#1298,
    #1299,#1300,#1301,#1302,#1303,#1304,#1305,#1306,#1307),
  .UNSPECIFIED.,.F.,.F.,(4,1,1,1,1,1,1,1,1,1,1,1,1,1,1,1,1,1,1,1,1,1,4),
  (0.172708447742,0.179879884898,0.187051322054,0.194222759211,
    0.201394196367,0.208565633524,0.21573707068,0.222908507836,
    0.230079944993,0.237251382149,0.244422819305,0.251594256462,
    0.258765693618,0.265937130775,0.273108567931,0.280280005087,
    0.287451442244,0.2946228794,0.301794316557,0.308965753713,
    0.316137190869,0.323308628026,0.330480065182),
  .QUASI_UNIFORM_KNOTS.);
#1283 = CARTESIAN_POINT('',(-0.785398163397,6.722390057966));
#1284 = CARTESIAN_POINT('',(-0.764695281521,6.710437662706));
#1285 = CARTESIAN_POINT('',(-0.722500109681,6.686623321412));
#1286 = CARTESIAN_POINT('',(-0.657180921308,6.651495096054));
#1287 = CARTESIAN_POINT('',(-0.590184686918,6.617281281555));
#1288 = CARTESIAN_POINT('',(-0.521834222786,6.584305853371));
#1289 = CARTESIAN_POINT('',(-0.452415865744,6.552882196864));
#1290 = CARTESIAN_POINT('',(-0.382140648083,6.523363206587));
#1291 = CARTESIAN_POINT('',(-0.311204081835,6.49593034661));
#1292 = CARTESIAN_POINT('',(-0.239890702349,6.470586151495));
#1293 = CARTESIAN_POINT('',(-0.168513727921,6.447377263059));
#1294 = CARTESIAN_POINT('',(-9.740573125319E-02,6.426338787492));
#1295 = CARTESIAN_POINT('',(-2.688979239557E-02,6.407507866243));
#1296 = CARTESIAN_POINT('',(4.273518748668E-02,6.390925035344));
#1297 = CARTESIAN_POINT('',(0.114758426903,6.375748303353));
#1298 = CARTESIAN_POINT('',(0.188143702472,6.362182914384));
#1299 = CARTESIAN_POINT('',(0.262630141522,6.350249038429));
#1300 = CARTESIAN_POINT('',(0.337782702834,6.340008053112));
#1301 = CARTESIAN_POINT('',(0.413287955775,6.331541579667));
#1302 = CARTESIAN_POINT('',(0.488897644745,6.324781975651));
#1303 = CARTESIAN_POINT('',(0.564318882128,6.319640828992));
#1304 = CARTESIAN_POINT('',(0.639188486486,6.316056264404));
#1305 = CARTESIAN_POINT('',(0.713109419857,6.31395929365));
#1306 = CARTESIAN_POINT('',(0.76149496492,6.313508326896));
#1307 = CARTESIAN_POINT('',(0.785398163397,6.313508326896));
#1308 = ( GEOMETRIC_REPRESENTATION_CONTEXT(2) 
PARAMETRIC_REPRESENTATION_CONTEXT() REPRESENTATION_CONTEXT('2D SPACE',''
  ) );
#1309 = PCURVE('',#73,#1310);
#1310 = DEFINITIONAL_REPRESENTATION('',(#1311),#1337);
#1311 = B_SPLINE_CURVE_WITH_KNOTS('',3,(#1312,#1313,#1314,#1315,#1316,
    #1317,#1318,#1319,#1320,#1321,#1322,#1323,#1324,#1325,#1326,#1327,
    #1328,#1329,#1330,#1331,#1332,#1333,#1334,#1335,#1336),
  .UNSPECIFIED.,.F.,.F.,(4,1,1,1,1,1,1,1,1,1,1,1,1,1,1,1,1,1,1,1,1,1,4),
  (0.172708447742,0.179879884898,0.187051322054,0.194222759211,
    0.201394196367,0.208565633524,0.21573707068,0.222908507836,
    0.230079944993,0.237251382149,0.244422819305,0.251594256462,
    0.258765693618,0.265937130775,0.273108567931,0.280280005087,
    0.287451442244,0.2946228794,0.301794316557,0.308965753713,
    0.316137190869,0.323308628026,0.330480065182),
  .QUASI_UNIFORM_KNOTS.);
#1312 = CARTESIAN_POINT('',(4.188790204786,12.));
#1313 = CARTESIAN_POINT('',(4.194766319923,12.));
#1314 = CARTESIAN_POINT('',(4.206878992762,11.998629389845));
#1315 = CARTESIAN_POINT('',(4.225357285013,11.992287751857));
#1316 = CARTESIAN_POINT('',(4.243973139081,11.981487196886));
#1317 = CARTESIAN_POINT('',(4.262553701432,11.966052087475));
#1318 = CARTESIAN_POINT('',(4.280927115902,11.945815861014));
#1319 = CARTESIAN_POINT('',(4.298919140518,11.920578098747));
#1320 = CARTESIAN_POINT('',(4.316368365866,11.890267479469));
#1321 = CARTESIAN_POINT('',(4.333158103147,11.855323454013));
#1322 = CARTESIAN_POINT('',(4.349163569504,11.816116812777));
#1323 = CARTESIAN_POINT('',(4.364260137419,11.7730369726));
#1324 = CARTESIAN_POINT('',(4.378322204989,11.726467504993));
#1325 = CARTESIAN_POINT('',(4.391221409477,11.676796736345));
#1326 = CARTESIAN_POINT('',(4.403491227542,11.621895078412));
#1327 = CARTESIAN_POINT('',(4.414866400958,11.562709702638));
#1328 = CARTESIAN_POINT('',(4.425222709349,11.499633857479));
#1329 = CARTESIAN_POINT('',(4.434400922084,11.4332156006));
#1330 = CARTESIAN_POINT('',(4.442236783598,11.363937675817));
#1331 = CARTESIAN_POINT('',(4.448623871472,11.292399514778));
#1332 = CARTESIAN_POINT('',(4.453585134922,11.219421313459));
#1333 = CARTESIAN_POINT('',(4.457121407263,11.145786084925));
#1334 = CARTESIAN_POINT('',(4.459239252736,11.072286808795));
#1335 = CARTESIAN_POINT('',(4.459708718515,11.023904790521));
#1336 = CARTESIAN_POINT('',(4.459708725243,11.));
#1337 = ( GEOMETRIC_REPRESENTATION_CONTEXT(2) 
PARAMETRIC_REPRESENTATION_CONTEXT() REPRESENTATION_CONTEXT('2D SPACE',''
  ) );
#1338 = ORIENTED_EDGE('',*,*,#1339,.T.);
#1339 = EDGE_CURVE('',#1266,#469,#1340,.T.);
#1340 = SURFACE_CURVE('',#1341,(#1345,#1352),.PCURVE_S1.);
#1341 = LINE('',#1342,#1343);
#1342 = CARTESIAN_POINT('',(-0.999999999999,-6.313508326896,3.));
#1343 = VECTOR('',#1344,1.);
#1344 = DIRECTION('',(-2.545186283953E-13,-1.,0.));
#1345 = PCURVE('',#541,#1346);
#1346 = DEFINITIONAL_REPRESENTATION('',(#1347),#1351);
#1347 = LINE('',#1348,#1349);
#1348 = CARTESIAN_POINT('',(0.785398163397,-5.329070518201E-15));
#1349 = VECTOR('',#1350,1.);
#1350 = DIRECTION('',(0.,1.));
#1351 = ( GEOMETRIC_REPRESENTATION_CONTEXT(2) 
PARAMETRIC_REPRESENTATION_CONTEXT() REPRESENTATION_CONTEXT('2D SPACE',''
  ) );
#1352 = PCURVE('',#484,#1353);
#1353 = DEFINITIONAL_REPRESENTATION('',(#1354),#1358);
#1354 = LINE('',#1355,#1356);
#1355 = CARTESIAN_POINT('',(-6.313508326896,1.));
#1356 = VECTOR('',#1357,1.);
#1357 = DIRECTION('',(1.,0.));
#1358 = ( GEOMETRIC_REPRESENTATION_CONTEXT(2) 
PARAMETRIC_REPRESENTATION_CONTEXT() REPRESENTATION_CONTEXT('2D SPACE',''
  ) );
#1359 = ORIENTED_EDGE('',*,*,#496,.T.);
#1360 = ORIENTED_EDGE('',*,*,#1361,.T.);
#1361 = EDGE_CURVE('',#497,#1264,#1362,.T.);
#1362 = SURFACE_CURVE('',#1363,(#1367,#1374),.PCURVE_S1.);
#1363 = LINE('',#1364,#1365);
#1364 = CARTESIAN_POINT('',(-1.999999999999,-6.313508326896,2.));
#1365 = VECTOR('',#1366,1.);
#1366 = DIRECTION('',(2.545186283953E-13,1.,0.));
#1367 = PCURVE('',#541,#1368);
#1368 = DEFINITIONAL_REPRESENTATION('',(#1369),#1373);
#1369 = LINE('',#1370,#1371);
#1370 = CARTESIAN_POINT('',(-0.785398163397,8.881784197001E-16));
#1371 = VECTOR('',#1372,1.);
#1372 = DIRECTION('',(0.,-1.));
#1373 = ( GEOMETRIC_REPRESENTATION_CONTEXT(2) 
PARAMETRIC_REPRESENTATION_CONTEXT() REPRESENTATION_CONTEXT('2D SPACE',''
  ) );
#1374 = PCURVE('',#592,#1375);
#1375 = DEFINITIONAL_REPRESENTATION('',(#1376),#1380);
#1376 = LINE('',#1377,#1378);
#1377 = CARTESIAN_POINT('',(-1.999999999999,6.313508326896));
#1378 = VECTOR('',#1379,1.);
#1379 = DIRECTION('',(2.545186283953E-13,-1.));
#1380 = ( GEOMETRIC_REPRESENTATION_CONTEXT(2) 
PARAMETRIC_REPRESENTATION_CONTEXT() REPRESENTATION_CONTEXT('2D SPACE',''
  ) );
#1381 = ADVANCED_FACE('',(#1382),#592,.T.);
#1382 = FACE_BOUND('',#1383,.T.);
#1383 = EDGE_LOOP('',(#1384,#1385,#1386,#1387,#1410,#1439,#1463,#1491,
    #1524,#1552,#1581,#1610,#1643,#1672));
#1384 = ORIENTED_EDGE('',*,*,#1361,.F.);
#1385 = ORIENTED_EDGE('',*,*,#575,.T.);
#1386 = ORIENTED_EDGE('',*,*,#663,.T.);
#1387 = ORIENTED_EDGE('',*,*,#1388,.F.);
#1388 = EDGE_CURVE('',#1389,#664,#1391,.T.);
#1389 = VERTEX_POINT('',#1390);
#1390 = CARTESIAN_POINT('',(-2.000000000002,-19.89974874213,2.));
#1391 = SURFACE_CURVE('',#1392,(#1396,#1403),.PCURVE_S1.);
#1392 = LINE('',#1393,#1394);
#1393 = CARTESIAN_POINT('',(-1.999999999999,-9.664213562372,2.));
#1394 = VECTOR('',#1395,1.);
#1395 = DIRECTION('',(2.545186283953E-13,1.,0.));
#1396 = PCURVE('',#592,#1397);
#1397 = DEFINITIONAL_REPRESENTATION('',(#1398),#1402);
#1398 = LINE('',#1399,#1400);
#1399 = CARTESIAN_POINT('',(-1.999999999999,9.664213562372));
#1400 = VECTOR('',#1401,1.);
#1401 = DIRECTION('',(2.545186283953E-13,-1.));
#1402 = ( GEOMETRIC_REPRESENTATION_CONTEXT(2) 
PARAMETRIC_REPRESENTATION_CONTEXT() REPRESENTATION_CONTEXT('2D SPACE',''
  ) );
#1403 = PCURVE('',#736,#1404);
#1404 = DEFINITIONAL_REPRESENTATION('',(#1405),#1409);
#1405 = LINE('',#1406,#1407);
#1406 = CARTESIAN_POINT('',(5.497787143782,-1.7763568394E-15));
#1407 = VECTOR('',#1408,1.);
#1408 = DIRECTION('',(0.,-1.));
#1409 = ( GEOMETRIC_REPRESENTATION_CONTEXT(2) 
PARAMETRIC_REPRESENTATION_CONTEXT() REPRESENTATION_CONTEXT('2D SPACE',''
  ) );
#1410 = ORIENTED_EDGE('',*,*,#1411,.T.);
#1411 = EDGE_CURVE('',#1389,#1412,#1414,.T.);
#1412 = VERTEX_POINT('',#1413);
#1413 = CARTESIAN_POINT('',(-20.,6.890185696795E-15,2.));
#1414 = SURFACE_CURVE('',#1415,(#1420,#1427),.PCURVE_S1.);
#1415 = CIRCLE('',#1416,20.);
#1416 = AXIS2_PLACEMENT_3D('',#1417,#1418,#1419);
#1417 = CARTESIAN_POINT('',(2.22044604925E-15,4.440892098501E-15,2.));
#1418 = DIRECTION('',(0.,0.,-1.));
#1419 = DIRECTION('',(1.,0.,0.));
#1420 = PCURVE('',#592,#1421);
#1421 = DEFINITIONAL_REPRESENTATION('',(#1422),#1426);
#1422 = CIRCLE('',#1423,20.);
#1423 = AXIS2_PLACEMENT_2D('',#1424,#1425);
#1424 = CARTESIAN_POINT('',(0.,0.));
#1425 = DIRECTION('',(1.,0.));
#1426 = ( GEOMETRIC_REPRESENTATION_CONTEXT(2) 
PARAMETRIC_REPRESENTATION_CONTEXT() REPRESENTATION_CONTEXT('2D SPACE',''
  ) );
#1427 = PCURVE('',#1428,#1433);
#1428 = CYLINDRICAL_SURFACE('',#1429,20.);
#1429 = AXIS2_PLACEMENT_3D('',#1430,#1431,#1432);
#1430 = CARTESIAN_POINT('',(2.22044604925E-15,4.440892098501E-15,14.));
#1431 = DIRECTION('',(0.,0.,-1.));
#1432 = DIRECTION('',(1.,0.,0.));
#1433 = DEFINITIONAL_REPRESENTATION('',(#1434),#1438);
#1434 = LINE('',#1435,#1436);
#1435 = CARTESIAN_POINT('',(0.,12.));
#1436 = VECTOR('',#1437,1.);
#1437 = DIRECTION('',(1.,0.));
#1438 = ( GEOMETRIC_REPRESENTATION_CONTEXT(2) 
PARAMETRIC_REPRESENTATION_CONTEXT() REPRESENTATION_CONTEXT('2D SPACE',''
  ) );
#1439 = ORIENTED_EDGE('',*,*,#1440,.T.);
#1440 = EDGE_CURVE('',#1412,#1441,#1443,.T.);
#1441 = VERTEX_POINT('',#1442);
#1442 = CARTESIAN_POINT('',(-18.23368793961,8.217823563498,2.));
#1443 = SURFACE_CURVE('',#1444,(#1449,#1456),.PCURVE_S1.);
#1444 = CIRCLE('',#1445,20.);
#1445 = AXIS2_PLACEMENT_3D('',#1446,#1447,#1448);
#1446 = CARTESIAN_POINT('',(2.22044604925E-15,4.440892098501E-15,2.));
#1447 = DIRECTION('',(0.,0.,-1.));
#1448 = DIRECTION('',(1.,0.,0.));
#1449 = PCURVE('',#592,#1450);
#1450 = DEFINITIONAL_REPRESENTATION('',(#1451),#1455);
#1451 = CIRCLE('',#1452,20.);
#1452 = AXIS2_PLACEMENT_2D('',#1453,#1454);
#1453 = CARTESIAN_POINT('',(0.,0.));
#1454 = DIRECTION('',(1.,0.));
#1455 = ( GEOMETRIC_REPRESENTATION_CONTEXT(2) 
PARAMETRIC_REPRESENTATION_CONTEXT() REPRESENTATION_CONTEXT('2D SPACE',''
  ) );
#1456 = PCURVE('',#1428,#1457);
#1457 = DEFINITIONAL_REPRESENTATION('',(#1458),#1462);
#1458 = LINE('',#1459,#1460);
#1459 = CARTESIAN_POINT('',(-6.28318530718,12.));
#1460 = VECTOR('',#1461,1.);
#1461 = DIRECTION('',(1.,0.));
#1462 = ( GEOMETRIC_REPRESENTATION_CONTEXT(2) 
PARAMETRIC_REPRESENTATION_CONTEXT() REPRESENTATION_CONTEXT('2D SPACE',''
  ) );
#1463 = ORIENTED_EDGE('',*,*,#1464,.F.);
#1464 = EDGE_CURVE('',#1465,#1441,#1467,.T.);
#1465 = VERTEX_POINT('',#1466);
#1466 = CARTESIAN_POINT('',(-17.22591083554,7.635983181182,2.));
#1467 = SURFACE_CURVE('',#1468,(#1472,#1479),.PCURVE_S1.);
#1468 = LINE('',#1469,#1470);
#1469 = CARTESIAN_POINT('',(-9.649421946003,3.261695281291,2.));
#1470 = VECTOR('',#1471,1.);
#1471 = DIRECTION('',(-0.866025403784,0.5,0.));
#1472 = PCURVE('',#592,#1473);
#1473 = DEFINITIONAL_REPRESENTATION('',(#1474),#1478);
#1474 = LINE('',#1475,#1476);
#1475 = CARTESIAN_POINT('',(-9.649421946003,-3.261695281291));
#1476 = VECTOR('',#1477,1.);
#1477 = DIRECTION('',(-0.866025403784,-0.5));
#1478 = ( GEOMETRIC_REPRESENTATION_CONTEXT(2) 
PARAMETRIC_REPRESENTATION_CONTEXT() REPRESENTATION_CONTEXT('2D SPACE',''
  ) );
#1479 = PCURVE('',#1480,#1485);
#1480 = CYLINDRICAL_SURFACE('',#1481,1.);
#1481 = AXIS2_PLACEMENT_3D('',#1482,#1483,#1484);
#1482 = CARTESIAN_POINT('',(-9.649421946003,3.261695281291,3.));
#1483 = DIRECTION('',(0.866025403784,-0.5,0.));
#1484 = DIRECTION('',(0.353553390593,0.612372435696,-0.707106781187));
#1485 = DEFINITIONAL_REPRESENTATION('',(#1486),#1490);
#1486 = LINE('',#1487,#1488);
#1487 = CARTESIAN_POINT('',(5.497787143782,0.));
#1488 = VECTOR('',#1489,1.);
#1489 = DIRECTION('',(7.63249206049E-16,-1.));
#1490 = ( GEOMETRIC_REPRESENTATION_CONTEXT(2) 
PARAMETRIC_REPRESENTATION_CONTEXT() REPRESENTATION_CONTEXT('2D SPACE',''
  ) );
#1491 = ORIENTED_EDGE('',*,*,#1492,.T.);
#1492 = EDGE_CURVE('',#1465,#1493,#1495,.T.);
#1493 = VERTEX_POINT('',#1494);
#1494 = CARTESIAN_POINT('',(-13.35292748933,5.399915203681,2.));
#1495 = SURFACE_CURVE('',#1496,(#1501,#1512),.PCURVE_S1.);
#1496 = CIRCLE('',#1497,3.);
#1497 = AXIS2_PLACEMENT_3D('',#1498,#1499,#1500);
#1498 = CARTESIAN_POINT('',(-14.28941916244,8.25,2.));
#1499 = DIRECTION('',(0.,0.,1.));
#1500 = DIRECTION('',(1.,0.,-0.));
#1501 = PCURVE('',#592,#1502);
#1502 = DEFINITIONAL_REPRESENTATION('',(#1503),#1511);
#1503 = ( BOUNDED_CURVE() B_SPLINE_CURVE(2,(#1504,#1505,#1506,#1507,
#1508,#1509,#1510),.UNSPECIFIED.,.T.,.F.) B_SPLINE_CURVE_WITH_KNOTS((1,2
    ,2,2,2,1),(-2.094395102393,0.,2.094395102393,4.188790204786,
6.28318530718,8.377580409573),.UNSPECIFIED.) CURVE() 
GEOMETRIC_REPRESENTATION_ITEM() RATIONAL_B_SPLINE_CURVE((1.,0.5,1.,0.5,
1.,0.5,1.)) REPRESENTATION_ITEM('') );
#1504 = CARTESIAN_POINT('',(-11.28941916244,-8.25));
#1505 = CARTESIAN_POINT('',(-11.28941916244,-13.4461524227));
#1506 = CARTESIAN_POINT('',(-15.78941916244,-10.84807621135));
#1507 = CARTESIAN_POINT('',(-20.28941916244,-8.25));
#1508 = CARTESIAN_POINT('',(-15.78941916244,-5.651923788647));
#1509 = CARTESIAN_POINT('',(-11.28941916244,-3.053847577294));
#1510 = CARTESIAN_POINT('',(-11.28941916244,-8.25));
#1511 = ( GEOMETRIC_REPRESENTATION_CONTEXT(2) 
PARAMETRIC_REPRESENTATION_CONTEXT() REPRESENTATION_CONTEXT('2D SPACE',''
  ) );
#1512 = PCURVE('',#1513,#1518);
#1513 = CYLINDRICAL_SURFACE('',#1514,3.);
#1514 = AXIS2_PLACEMENT_3D('',#1515,#1516,#1517);
#1515 = CARTESIAN_POINT('',(-14.28941916244,8.25,2.));
#1516 = DIRECTION('',(0.,0.,1.));
#1517 = DIRECTION('',(1.,0.,-0.));
#1518 = DEFINITIONAL_REPRESENTATION('',(#1519),#1523);
#1519 = LINE('',#1520,#1521);
#1520 = CARTESIAN_POINT('',(0.,0.));
#1521 = VECTOR('',#1522,1.);
#1522 = DIRECTION('',(1.,0.));
#1523 = ( GEOMETRIC_REPRESENTATION_CONTEXT(2) 
PARAMETRIC_REPRESENTATION_CONTEXT() REPRESENTATION_CONTEXT('2D SPACE',''
  ) );
#1524 = ORIENTED_EDGE('',*,*,#1525,.F.);
#1525 = EDGE_CURVE('',#1526,#1493,#1528,.T.);
#1526 = VERTEX_POINT('',#1527);
#1527 = CARTESIAN_POINT('',(-12.28941916244,4.785898384862,2.));
#1528 = SURFACE_CURVE('',#1529,(#1533,#1540),.PCURVE_S1.);
#1529 = LINE('',#1530,#1531);
#1530 = CARTESIAN_POINT('',(-6.91996470983,1.685842411244,2.));
#1531 = VECTOR('',#1532,1.);
#1532 = DIRECTION('',(-0.866025403784,0.5,0.));
#1533 = PCURVE('',#592,#1534);
#1534 = DEFINITIONAL_REPRESENTATION('',(#1535),#1539);
#1535 = LINE('',#1536,#1537);
#1536 = CARTESIAN_POINT('',(-6.91996470983,-1.685842411244));
#1537 = VECTOR('',#1538,1.);
#1538 = DIRECTION('',(-0.866025403784,-0.5));
#1539 = ( GEOMETRIC_REPRESENTATION_CONTEXT(2) 
PARAMETRIC_REPRESENTATION_CONTEXT() REPRESENTATION_CONTEXT('2D SPACE',''
  ) );
#1540 = PCURVE('',#1541,#1546);
#1541 = CYLINDRICAL_SURFACE('',#1542,1.);
#1542 = AXIS2_PLACEMENT_3D('',#1543,#1544,#1545);
#1543 = CARTESIAN_POINT('',(-6.91996470983,1.685842411244,3.));
#1544 = DIRECTION('',(0.866025403784,-0.5,0.));
#1545 = DIRECTION('',(0.353553390593,0.612372435696,-0.707106781187));
#1546 = DEFINITIONAL_REPRESENTATION('',(#1547),#1551);
#1547 = LINE('',#1548,#1549);
#1548 = CARTESIAN_POINT('',(5.497787143782,-8.881784197001E-16));
#1549 = VECTOR('',#1550,1.);
#1550 = DIRECTION('',(-7.232525172588E-16,-1.));
#1551 = ( GEOMETRIC_REPRESENTATION_CONTEXT(2) 
PARAMETRIC_REPRESENTATION_CONTEXT() REPRESENTATION_CONTEXT('2D SPACE',''
  ) );
#1552 = ORIENTED_EDGE('',*,*,#1553,.T.);
#1553 = EDGE_CURVE('',#1526,#1554,#1556,.T.);
#1554 = VERTEX_POINT('',#1555);
#1555 = CARTESIAN_POINT('',(-15.7414651517,4.522861359558,2.));
#1556 = SURFACE_CURVE('',#1557,(#1562,#1569),.PCURVE_S1.);
#1557 = CIRCLE('',#1558,4.);
#1558 = AXIS2_PLACEMENT_3D('',#1559,#1560,#1561);
#1559 = CARTESIAN_POINT('',(-14.28941916244,8.25,2.));
#1560 = DIRECTION('',(0.,0.,-1.));
#1561 = DIRECTION('',(1.,0.,0.));
#1562 = PCURVE('',#592,#1563);
#1563 = DEFINITIONAL_REPRESENTATION('',(#1564),#1568);
#1564 = CIRCLE('',#1565,4.);
#1565 = AXIS2_PLACEMENT_2D('',#1566,#1567);
#1566 = CARTESIAN_POINT('',(-14.28941916244,-8.25));
#1567 = DIRECTION('',(1.,0.));
#1568 = ( GEOMETRIC_REPRESENTATION_CONTEXT(2) 
PARAMETRIC_REPRESENTATION_CONTEXT() REPRESENTATION_CONTEXT('2D SPACE',''
  ) );
#1569 = PCURVE('',#1570,#1575);
#1570 = CYLINDRICAL_SURFACE('',#1571,4.);
#1571 = AXIS2_PLACEMENT_3D('',#1572,#1573,#1574);
#1572 = CARTESIAN_POINT('',(-14.28941916244,8.25,14.));
#1573 = DIRECTION('',(0.,0.,-1.));
#1574 = DIRECTION('',(1.,0.,0.));
#1575 = DEFINITIONAL_REPRESENTATION('',(#1576),#1580);
#1576 = LINE('',#1577,#1578);
#1577 = CARTESIAN_POINT('',(2.22044604925E-16,12.));
#1578 = VECTOR('',#1579,1.);
#1579 = DIRECTION('',(1.,0.));
#1580 = ( GEOMETRIC_REPRESENTATION_CONTEXT(2) 
PARAMETRIC_REPRESENTATION_CONTEXT() REPRESENTATION_CONTEXT('2D SPACE',''
  ) );
#1581 = ORIENTED_EDGE('',*,*,#1582,.F.);
#1582 = EDGE_CURVE('',#1583,#1554,#1585,.T.);
#1583 = VERTEX_POINT('',#1584);
#1584 = CARTESIAN_POINT('',(-17.08050553683,3.808717711535,2.));
#1585 = SURFACE_CURVE('',#1586,(#1591,#1598),.PCURVE_S1.);
#1586 = CIRCLE('',#1587,1.);
#1587 = AXIS2_PLACEMENT_3D('',#1588,#1589,#1590);
#1588 = CARTESIAN_POINT('',(-16.10447664901,3.591076699447,2.));
#1589 = DIRECTION('',(0.,0.,-1.));
#1590 = DIRECTION('',(-0.470582477115,0.882356012181,0.));
#1591 = PCURVE('',#592,#1592);
#1592 = DEFINITIONAL_REPRESENTATION('',(#1593),#1597);
#1593 = CIRCLE('',#1594,1.);
#1594 = AXIS2_PLACEMENT_2D('',#1595,#1596);
#1595 = CARTESIAN_POINT('',(-16.10447664901,-3.591076699447));
#1596 = DIRECTION('',(-0.470582477115,-0.882356012181));
#1597 = ( GEOMETRIC_REPRESENTATION_CONTEXT(2) 
PARAMETRIC_REPRESENTATION_CONTEXT() REPRESENTATION_CONTEXT('2D SPACE',''
  ) );
#1598 = PCURVE('',#1599,#1604);
#1599 = CYLINDRICAL_SURFACE('',#1600,1.);
#1600 = AXIS2_PLACEMENT_3D('',#1601,#1602,#1603);
#1601 = CARTESIAN_POINT('',(-16.10447664901,3.591076699447,14.));
#1602 = DIRECTION('',(0.,0.,-1.));
#1603 = DIRECTION('',(-0.470582477115,0.882356012181,0.));
#1604 = DEFINITIONAL_REPRESENTATION('',(#1605),#1609);
#1605 = LINE('',#1606,#1607);
#1606 = CARTESIAN_POINT('',(-6.28318530718,12.));
#1607 = VECTOR('',#1608,1.);
#1608 = DIRECTION('',(1.,0.));
#1609 = ( GEOMETRIC_REPRESENTATION_CONTEXT(2) 
PARAMETRIC_REPRESENTATION_CONTEXT() REPRESENTATION_CONTEXT('2D SPACE',''
  ) );
#1610 = ORIENTED_EDGE('',*,*,#1611,.T.);
#1611 = EDGE_CURVE('',#1583,#1612,#1614,.T.);
#1612 = VERTEX_POINT('',#1613);
#1613 = CARTESIAN_POINT('',(-5.241806474385,-16.69651056014,2.));
#1614 = SURFACE_CURVE('',#1615,(#1620,#1631),.PCURVE_S1.);
#1615 = CIRCLE('',#1616,17.5);
#1616 = AXIS2_PLACEMENT_3D('',#1617,#1618,#1619);
#1617 = CARTESIAN_POINT('',(2.22044604925E-15,4.440892098501E-15,2.));
#1618 = DIRECTION('',(0.,0.,1.));
#1619 = DIRECTION('',(1.,0.,-0.));
#1620 = PCURVE('',#592,#1621);
#1621 = DEFINITIONAL_REPRESENTATION('',(#1622),#1630);
#1622 = ( BOUNDED_CURVE() B_SPLINE_CURVE(2,(#1623,#1624,#1625,#1626,
#1627,#1628,#1629),.UNSPECIFIED.,.T.,.F.) B_SPLINE_CURVE_WITH_KNOTS((1,2
    ,2,2,2,1),(-2.094395102393,0.,2.094395102393,4.188790204786,
6.28318530718,8.377580409573),.UNSPECIFIED.) CURVE() 
GEOMETRIC_REPRESENTATION_ITEM() RATIONAL_B_SPLINE_CURVE((1.,0.5,1.,0.5,
1.,0.5,1.)) REPRESENTATION_ITEM('') );
#1623 = CARTESIAN_POINT('',(17.5,0.));
#1624 = CARTESIAN_POINT('',(17.5,-30.31088913245));
#1625 = CARTESIAN_POINT('',(-8.75,-15.15544456622));
#1626 = CARTESIAN_POINT('',(-35.,-4.286263797016E-15));
#1627 = CARTESIAN_POINT('',(-8.75,15.155444566228));
#1628 = CARTESIAN_POINT('',(17.5,30.310889132455));
#1629 = CARTESIAN_POINT('',(17.5,0.));
#1630 = ( GEOMETRIC_REPRESENTATION_CONTEXT(2) 
PARAMETRIC_REPRESENTATION_CONTEXT() REPRESENTATION_CONTEXT('2D SPACE',''
  ) );
#1631 = PCURVE('',#1632,#1637);
#1632 = CYLINDRICAL_SURFACE('',#1633,17.5);
#1633 = AXIS2_PLACEMENT_3D('',#1634,#1635,#1636);
#1634 = CARTESIAN_POINT('',(2.22044604925E-15,4.440892098501E-15,14.));
#1635 = DIRECTION('',(0.,0.,-1.));
#1636 = DIRECTION('',(-0.866025403784,-0.5,-0.));
#1637 = DEFINITIONAL_REPRESENTATION('',(#1638),#1642);
#1638 = LINE('',#1639,#1640);
#1639 = CARTESIAN_POINT('',(3.665191429188,12.));
#1640 = VECTOR('',#1641,1.);
#1641 = DIRECTION('',(-1.,0.));
#1642 = ( GEOMETRIC_REPRESENTATION_CONTEXT(2) 
PARAMETRIC_REPRESENTATION_CONTEXT() REPRESENTATION_CONTEXT('2D SPACE',''
  ) );
#1643 = ORIENTED_EDGE('',*,*,#1644,.F.);
#1644 = EDGE_CURVE('',#1645,#1612,#1647,.T.);
#1645 = VERTEX_POINT('',#1646);
#1646 = CARTESIAN_POINT('',(-3.953819740679,-15.89393939393,2.));
#1647 = SURFACE_CURVE('',#1648,(#1653,#1660),.PCURVE_S1.);
#1648 = CIRCLE('',#1649,1.);
#1649 = AXIS2_PLACEMENT_3D('',#1650,#1651,#1652);
#1650 = CARTESIAN_POINT('',(-4.942274675849,-15.74242424242,2.));
#1651 = DIRECTION('',(0.,0.,-1.));
#1652 = DIRECTION('',(0.528851483173,-0.848714385848,0.));
#1653 = PCURVE('',#592,#1654);
#1654 = DEFINITIONAL_REPRESENTATION('',(#1655),#1659);
#1655 = CIRCLE('',#1656,1.);
#1656 = AXIS2_PLACEMENT_2D('',#1657,#1658);
#1657 = CARTESIAN_POINT('',(-4.942274675849,15.742424242424));
#1658 = DIRECTION('',(0.528851483173,0.848714385848));
#1659 = ( GEOMETRIC_REPRESENTATION_CONTEXT(2) 
PARAMETRIC_REPRESENTATION_CONTEXT() REPRESENTATION_CONTEXT('2D SPACE',''
  ) );
#1660 = PCURVE('',#1661,#1666);
#1661 = CYLINDRICAL_SURFACE('',#1662,1.);
#1662 = AXIS2_PLACEMENT_3D('',#1663,#1664,#1665);
#1663 = CARTESIAN_POINT('',(-4.942274675849,-15.74242424242,14.));
#1664 = DIRECTION('',(0.,0.,-1.));
#1665 = DIRECTION('',(0.528851483173,-0.848714385848,0.));
#1666 = DEFINITIONAL_REPRESENTATION('',(#1667),#1671);
#1667 = LINE('',#1668,#1669);
#1668 = CARTESIAN_POINT('',(8.881784197001E-16,12.));
#1669 = VECTOR('',#1670,1.);
#1670 = DIRECTION('',(1.,0.));
#1671 = ( GEOMETRIC_REPRESENTATION_CONTEXT(2) 
PARAMETRIC_REPRESENTATION_CONTEXT() REPRESENTATION_CONTEXT('2D SPACE',''
  ) );
#1672 = ORIENTED_EDGE('',*,*,#1673,.T.);
#1673 = EDGE_CURVE('',#1645,#1264,#1674,.T.);
#1674 = SURFACE_CURVE('',#1675,(#1680,#1687),.PCURVE_S1.);
#1675 = CIRCLE('',#1676,4.);
#1676 = AXIS2_PLACEMENT_3D('',#1677,#1678,#1679);
#1677 = CARTESIAN_POINT('',(-2.620126338115E-13,-16.5,2.));
#1678 = DIRECTION('',(0.,0.,-1.));
#1679 = DIRECTION('',(1.,0.,0.));
#1680 = PCURVE('',#592,#1681);
#1681 = DEFINITIONAL_REPRESENTATION('',(#1682),#1686);
#1682 = CIRCLE('',#1683,4.);
#1683 = AXIS2_PLACEMENT_2D('',#1684,#1685);
#1684 = CARTESIAN_POINT('',(-2.642330798608E-13,16.5));
#1685 = DIRECTION('',(1.,0.));
#1686 = ( GEOMETRIC_REPRESENTATION_CONTEXT(2) 
PARAMETRIC_REPRESENTATION_CONTEXT() REPRESENTATION_CONTEXT('2D SPACE',''
  ) );
#1687 = PCURVE('',#73,#1688);
#1688 = DEFINITIONAL_REPRESENTATION('',(#1689),#1693);
#1689 = LINE('',#1690,#1691);
#1690 = CARTESIAN_POINT('',(-4.440892098501E-16,12.));
#1691 = VECTOR('',#1692,1.);
#1692 = DIRECTION('',(1.,0.));
#1693 = ( GEOMETRIC_REPRESENTATION_CONTEXT(2) 
PARAMETRIC_REPRESENTATION_CONTEXT() REPRESENTATION_CONTEXT('2D SPACE',''
  ) );
#1694 = ADVANCED_FACE('',(#1695),#736,.T.);
#1695 = FACE_BOUND('',#1696,.T.);
#1696 = EDGE_LOOP('',(#1697,#1771,#1772,#1773));
#1697 = ORIENTED_EDGE('',*,*,#1698,.T.);
#1698 = EDGE_CURVE('',#1699,#1389,#1701,.T.);
#1699 = VERTEX_POINT('',#1700);
#1700 = CARTESIAN_POINT('',(-1.000000000002,-19.97498435543,3.));
#1701 = SURFACE_CURVE('',#1702,(#1713,#1742),.PCURVE_S1.);
#1702 = B_SPLINE_CURVE_WITH_KNOTS('',3,(#1703,#1704,#1705,#1706,#1707,
    #1708,#1709,#1710,#1711,#1712),.UNSPECIFIED.,.F.,.F.,(4,2,2,2,4),(
    0.302165551815,0.339848499834,0.377531447852,0.415307952779,
    0.453084457706),.UNSPECIFIED.);
#1703 = CARTESIAN_POINT('',(-1.000000000002,-19.97498435543,3.));
#1704 = CARTESIAN_POINT('',(-1.000000000002,-19.97498435543,
    2.874390173271));
#1705 = CARTESIAN_POINT('',(-1.025114795725,-19.97377662049,
    2.740422256032));
#1706 = CARTESIAN_POINT('',(-1.127198422354,-19.96827575305,
    2.494036395706));
#1707 = CARTESIAN_POINT('',(-1.204166694301,-19.9639146463,
    2.381619743328));
#1708 = CARTESIAN_POINT('',(-1.381840028094,-19.95240493955,
    2.203946409535));
#1709 = CARTESIAN_POINT('',(-1.494445169463,-19.94447082926,
    2.126961165966));
#1710 = CARTESIAN_POINT('',(-1.740884135964,-19.92447252625,
    2.024991559515));
#1711 = CARTESIAN_POINT('',(-1.874709507268,-19.91234091044,2.));
#1712 = CARTESIAN_POINT('',(-2.000000000002,-19.89974874213,2.));
#1713 = PCURVE('',#736,#1714);
#1714 = DEFINITIONAL_REPRESENTATION('',(#1715),#1741);
#1715 = B_SPLINE_CURVE_WITH_KNOTS('',3,(#1716,#1717,#1718,#1719,#1720,
    #1721,#1722,#1723,#1724,#1725,#1726,#1727,#1728,#1729,#1730,#1731,
    #1732,#1733,#1734,#1735,#1736,#1737,#1738,#1739,#1740),
  .UNSPECIFIED.,.F.,.F.,(4,1,1,1,1,1,1,1,1,1,1,1,1,1,1,1,1,1,1,1,1,1,4),
  (0.302165551815,0.309025502083,0.315885452351,0.322745402618,
    0.329605352886,0.336465303154,0.343325253422,0.350185203689,
    0.357045153957,0.363905104225,0.370765054493,0.377625004761,
    0.384484955028,0.391344905296,0.398204855564,0.405064805832,
    0.411924756099,0.418784706367,0.425644656635,0.432504606903,
    0.439364557171,0.446224507438,0.453084457706),
  .QUASI_UNIFORM_KNOTS.);
#1716 = CARTESIAN_POINT('',(7.068583470577,10.310770793065));
#1717 = CARTESIAN_POINT('',(7.045718025292,10.310770793065));
#1718 = CARTESIAN_POINT('',(6.999428608501,10.310690744882));
#1719 = CARTESIAN_POINT('',(6.928659502839,10.310318399298));
#1720 = CARTESIAN_POINT('',(6.856896228913,10.30968166716));
#1721 = CARTESIAN_POINT('',(6.784478849831,10.30876838092));
#1722 = CARTESIAN_POINT('',(6.711718023674,10.307566574734));
#1723 = CARTESIAN_POINT('',(6.638867746193,10.306063530245));
#1724 = CARTESIAN_POINT('',(6.566123749163,10.304241556393));
#1725 = CARTESIAN_POINT('',(6.493730431247,10.302111895324));
#1726 = CARTESIAN_POINT('',(6.422041697073,10.299683642693));
#1727 = CARTESIAN_POINT('',(6.351239628149,10.296957836626));
#1728 = CARTESIAN_POINT('',(6.282259366501,10.293969891861));
#1729 = CARTESIAN_POINT('',(6.213226301951,10.290625688242));
#1730 = CARTESIAN_POINT('',(6.142458301585,10.286835918162));
#1731 = CARTESIAN_POINT('',(6.070834904101,10.282629465084));
#1732 = CARTESIAN_POINT('',(5.998549116776,10.27800318677));
#1733 = CARTESIAN_POINT('',(5.925948665973,10.272963852714));
#1734 = CARTESIAN_POINT('',(5.853277573379,10.267510611182));
#1735 = CARTESIAN_POINT('',(5.780730737701,10.261660223203));
#1736 = CARTESIAN_POINT('',(5.708559520072,10.255479948883));
#1737 = CARTESIAN_POINT('',(5.637072271228,10.249027932262));
#1738 = CARTESIAN_POINT('',(5.566606984015,10.242364760862));
#1739 = CARTESIAN_POINT('',(5.520538059152,10.237821829849));
#1740 = CARTESIAN_POINT('',(5.497787143782,10.23553517976));
#1741 = ( GEOMETRIC_REPRESENTATION_CONTEXT(2) 
PARAMETRIC_REPRESENTATION_CONTEXT() REPRESENTATION_CONTEXT('2D SPACE',''
  ) );
#1742 = PCURVE('',#1428,#1743);
#1743 = DEFINITIONAL_REPRESENTATION('',(#1744),#1770);
#1744 = B_SPLINE_CURVE_WITH_KNOTS('',3,(#1745,#1746,#1747,#1748,#1749,
    #1750,#1751,#1752,#1753,#1754,#1755,#1756,#1757,#1758,#1759,#1760,
    #1761,#1762,#1763,#1764,#1765,#1766,#1767,#1768,#1769),
  .UNSPECIFIED.,.F.,.F.,(4,1,1,1,1,1,1,1,1,1,1,1,1,1,1,1,1,1,1,1,1,1,4),
  (0.302165551815,0.309025502083,0.315885452351,0.322745402618,
    0.329605352886,0.336465303154,0.343325253422,0.350185203689,
    0.357045153957,0.363905104225,0.370765054493,0.377625004761,
    0.384484955028,0.391344905296,0.398204855564,0.405064805832,
    0.411924756099,0.418784706367,0.425644656635,0.432504606903,
    0.439364557171,0.446224507438,0.453084457706),
  .QUASI_UNIFORM_KNOTS.);
#1745 = CARTESIAN_POINT('',(1.620817183601,11.));
#1746 = CARTESIAN_POINT('',(1.620817183639,11.022866500893));
#1747 = CARTESIAN_POINT('',(1.620900507973,11.069153492634));
#1748 = CARTESIAN_POINT('',(1.621276984139,11.139553233967));
#1749 = CARTESIAN_POINT('',(1.621906394067,11.21023009303));
#1750 = CARTESIAN_POINT('',(1.62279043665,11.280489903278));
#1751 = CARTESIAN_POINT('',(1.623929869751,11.349646040222));
#1752 = CARTESIAN_POINT('',(1.625328966657,11.416983741706));
#1753 = CARTESIAN_POINT('',(1.626975376296,11.481922363658));
#1754 = CARTESIAN_POINT('',(1.628841171424,11.544024933866));
#1755 = CARTESIAN_POINT('',(1.630899961837,11.602788092823));
#1756 = CARTESIAN_POINT('',(1.63313152841,11.657857550033));
#1757 = CARTESIAN_POINT('',(1.635489454387,11.708349126244));
#1758 = CARTESIAN_POINT('',(1.638026038273,11.755350436));
#1759 = CARTESIAN_POINT('',(1.640788874669,11.799772806263));
#1760 = CARTESIAN_POINT('',(1.643735556084,11.840733465103));
#1761 = CARTESIAN_POINT('',(1.646847895302,11.87782573114));
#1762 = CARTESIAN_POINT('',(1.650100869554,11.910532659691));
#1763 = CARTESIAN_POINT('',(1.65347263306,11.938302268739));
#1764 = CARTESIAN_POINT('',(1.656934064541,11.960904437372));
#1765 = CARTESIAN_POINT('',(1.660449610123,11.97842936895));
#1766 = CARTESIAN_POINT('',(1.663985080877,11.990898525477));
#1767 = CARTESIAN_POINT('',(1.667505919755,11.998351794479));
#1768 = CARTESIAN_POINT('',(1.66982042353,12.));
#1769 = CARTESIAN_POINT('',(1.670963747957,12.));
#1770 = ( GEOMETRIC_REPRESENTATION_CONTEXT(2) 
PARAMETRIC_REPRESENTATION_CONTEXT() REPRESENTATION_CONTEXT('2D SPACE',''
  ) );
#1771 = ORIENTED_EDGE('',*,*,#1388,.T.);
#1772 = ORIENTED_EDGE('',*,*,#691,.T.);
#1773 = ORIENTED_EDGE('',*,*,#1774,.T.);
#1774 = EDGE_CURVE('',#692,#1699,#1775,.T.);
#1775 = SURFACE_CURVE('',#1776,(#1780,#1787),.PCURVE_S1.);
#1776 = LINE('',#1777,#1778);
#1777 = CARTESIAN_POINT('',(-0.999999999999,-9.664213562373,3.));
#1778 = VECTOR('',#1779,1.);
#1779 = DIRECTION('',(-2.545186283953E-13,-1.,0.));
#1780 = PCURVE('',#736,#1781);
#1781 = DEFINITIONAL_REPRESENTATION('',(#1782),#1786);
#1782 = LINE('',#1783,#1784);
#1783 = CARTESIAN_POINT('',(7.068583470577,-5.329070518201E-15));
#1784 = VECTOR('',#1785,1.);
#1785 = DIRECTION('',(0.,1.));
#1786 = ( GEOMETRIC_REPRESENTATION_CONTEXT(2) 
PARAMETRIC_REPRESENTATION_CONTEXT() REPRESENTATION_CONTEXT('2D SPACE',''
  ) );
#1787 = PCURVE('',#786,#1788);
#1788 = DEFINITIONAL_REPRESENTATION('',(#1789),#1793);
#1789 = LINE('',#1790,#1791);
#1790 = CARTESIAN_POINT('',(-9.664213562373,1.));
#1791 = VECTOR('',#1792,1.);
#1792 = DIRECTION('',(1.,0.));
#1793 = ( GEOMETRIC_REPRESENTATION_CONTEXT(2) 
PARAMETRIC_REPRESENTATION_CONTEXT() REPRESENTATION_CONTEXT('2D SPACE',''
  ) );
#1794 = ADVANCED_FACE('',(#1795),#786,.F.);
#1795 = FACE_BOUND('',#1796,.T.);
#1796 = EDGE_LOOP('',(#1797,#1798,#1799,#1822));
#1797 = ORIENTED_EDGE('',*,*,#1774,.F.);
#1798 = ORIENTED_EDGE('',*,*,#770,.F.);
#1799 = ORIENTED_EDGE('',*,*,#1800,.F.);
#1800 = EDGE_CURVE('',#1801,#771,#1803,.T.);
#1801 = VERTEX_POINT('',#1802);
#1802 = CARTESIAN_POINT('',(-1.000000000002,-19.97498435543,8.));
#1803 = SURFACE_CURVE('',#1804,(#1808,#1815),.PCURVE_S1.);
#1804 = LINE('',#1805,#1806);
#1805 = CARTESIAN_POINT('',(-1.000000000002,-19.49006643241,8.));
#1806 = VECTOR('',#1807,1.);
#1807 = DIRECTION('',(2.545186283953E-13,1.,0.));
#1808 = PCURVE('',#786,#1809);
#1809 = DEFINITIONAL_REPRESENTATION('',(#1810),#1814);
#1810 = LINE('',#1811,#1812);
#1811 = CARTESIAN_POINT('',(0.161639307673,6.));
#1812 = VECTOR('',#1813,1.);
#1813 = DIRECTION('',(-1.,0.));
#1814 = ( GEOMETRIC_REPRESENTATION_CONTEXT(2) 
PARAMETRIC_REPRESENTATION_CONTEXT() REPRESENTATION_CONTEXT('2D SPACE',''
  ) );
#1815 = PCURVE('',#843,#1816);
#1816 = DEFINITIONAL_REPRESENTATION('',(#1817),#1821);
#1817 = LINE('',#1818,#1819);
#1818 = CARTESIAN_POINT('',(7.068583470577,5.684341886081E-14));
#1819 = VECTOR('',#1820,1.);
#1820 = DIRECTION('',(0.,-1.));
#1821 = ( GEOMETRIC_REPRESENTATION_CONTEXT(2) 
PARAMETRIC_REPRESENTATION_CONTEXT() REPRESENTATION_CONTEXT('2D SPACE',''
  ) );
#1822 = ORIENTED_EDGE('',*,*,#1823,.F.);
#1823 = EDGE_CURVE('',#1699,#1801,#1824,.T.);
#1824 = SURFACE_CURVE('',#1825,(#1829,#1836),.PCURVE_S1.);
#1825 = LINE('',#1826,#1827);
#1826 = CARTESIAN_POINT('',(-1.000000000002,-19.97498435543,14.));
#1827 = VECTOR('',#1828,1.);
#1828 = DIRECTION('',(0.,0.,1.));
#1829 = PCURVE('',#786,#1830);
#1830 = DEFINITIONAL_REPRESENTATION('',(#1831),#1835);
#1831 = LINE('',#1832,#1833);
#1832 = CARTESIAN_POINT('',(0.646557230693,12.));
#1833 = VECTOR('',#1834,1.);
#1834 = DIRECTION('',(0.,1.));
#1835 = ( GEOMETRIC_REPRESENTATION_CONTEXT(2) 
PARAMETRIC_REPRESENTATION_CONTEXT() REPRESENTATION_CONTEXT('2D SPACE',''
  ) );
#1836 = PCURVE('',#1428,#1837);
#1837 = DEFINITIONAL_REPRESENTATION('',(#1838),#1842);
#1838 = LINE('',#1839,#1840);
#1839 = CARTESIAN_POINT('',(1.620817183601,0.));
#1840 = VECTOR('',#1841,1.);
#1841 = DIRECTION('',(0.,-1.));
#1842 = ( GEOMETRIC_REPRESENTATION_CONTEXT(2) 
PARAMETRIC_REPRESENTATION_CONTEXT() REPRESENTATION_CONTEXT('2D SPACE',''
  ) );
#1843 = ADVANCED_FACE('',(#1844),#1024,.T.);
#1844 = FACE_BOUND('',#1845,.T.);
#1845 = EDGE_LOOP('',(#1846,#1922,#1943,#1944));
#1846 = ORIENTED_EDGE('',*,*,#1847,.T.);
#1847 = EDGE_CURVE('',#1848,#1850,#1852,.T.);
#1848 = VERTEX_POINT('',#1849);
#1849 = CARTESIAN_POINT('',(1.999999999999,-19.89974874213,2.));
#1850 = VERTEX_POINT('',#1851);
#1851 = CARTESIAN_POINT('',(0.999999999999,-19.97498435543,3.));
#1852 = SURFACE_CURVE('',#1853,(#1864,#1893),.PCURVE_S1.);
#1853 = B_SPLINE_CURVE_WITH_KNOTS('',3,(#1854,#1855,#1856,#1857,#1858,
    #1859,#1860,#1861,#1862,#1863),.UNSPECIFIED.,.F.,.F.,(4,2,2,2,4),(
    0.151246706792,0.189023211719,0.226799716646,0.264482664665,
    0.302165612683),.UNSPECIFIED.);
#1854 = CARTESIAN_POINT('',(1.999999999999,-19.89974874213,2.));
#1855 = CARTESIAN_POINT('',(1.874709507265,-19.91234091044,2.));
#1856 = CARTESIAN_POINT('',(1.740884135961,-19.92447252625,
    2.024991559515));
#1857 = CARTESIAN_POINT('',(1.49444516946,-19.94447082926,2.126961165966
    ));
#1858 = CARTESIAN_POINT('',(1.381840028092,-19.95240493955,
    2.203946409535));
#1859 = CARTESIAN_POINT('',(1.204166694298,-19.9639146463,2.381619743328
    ));
#1860 = CARTESIAN_POINT('',(1.127198422351,-19.96827575305,
    2.494036395706));
#1861 = CARTESIAN_POINT('',(1.025114795722,-19.97377662049,
    2.740422256032));
#1862 = CARTESIAN_POINT('',(0.999999999999,-19.97498435543,
    2.874390173271));
#1863 = CARTESIAN_POINT('',(0.999999999999,-19.97498435543,3.));
#1864 = PCURVE('',#1024,#1865);
#1865 = DEFINITIONAL_REPRESENTATION('',(#1866),#1892);
#1866 = B_SPLINE_CURVE_WITH_KNOTS('',3,(#1867,#1868,#1869,#1870,#1871,
    #1872,#1873,#1874,#1875,#1876,#1877,#1878,#1879,#1880,#1881,#1882,
    #1883,#1884,#1885,#1886,#1887,#1888,#1889,#1890,#1891),
  .UNSPECIFIED.,.F.,.F.,(4,1,1,1,1,1,1,1,1,1,1,1,1,1,1,1,1,1,1,1,1,1,4),
  (0.151246706792,0.15810665706,0.164966607328,0.171826557595,
    0.178686507863,0.185546458131,0.192406408399,0.199266358666,
    0.206126308934,0.212986259202,0.21984620947,0.226706159738,
    0.233566110005,0.240426060273,0.247286010541,0.254145960809,
    0.261005911076,0.267865861344,0.274725811612,0.28158576188,
    0.288445712148,0.295305662415,0.302165612683),
  .QUASI_UNIFORM_KNOTS.);
#1867 = CARTESIAN_POINT('',(-0.785398163397,-9.912256564413));
#1868 = CARTESIAN_POINT('',(-0.762647248027,-9.914543214503));
#1869 = CARTESIAN_POINT('',(-0.716578323165,-9.919086145515));
#1870 = CARTESIAN_POINT('',(-0.646113035952,-9.925749316916));
#1871 = CARTESIAN_POINT('',(-0.574625787108,-9.932201333536));
#1872 = CARTESIAN_POINT('',(-0.502454569479,-9.938381607856));
#1873 = CARTESIAN_POINT('',(-0.4299077338,-9.944231995835));
#1874 = CARTESIAN_POINT('',(-0.357236641206,-9.949685237368));
#1875 = CARTESIAN_POINT('',(-0.284636190403,-9.954724571423));
#1876 = CARTESIAN_POINT('',(-0.212350403078,-9.959350849737));
#1877 = CARTESIAN_POINT('',(-0.140727005594,-9.963557302816));
#1878 = CARTESIAN_POINT('',(-6.995900522832E-02,-9.967347072896));
#1879 = CARTESIAN_POINT('',(-9.259406787773E-04,-9.970691276515));
#1880 = CARTESIAN_POINT('',(6.805432096914E-02,-9.97367922128));
#1881 = CARTESIAN_POINT('',(0.138856389893,-9.976405027347));
#1882 = CARTESIAN_POINT('',(0.210545124067,-9.978833279977));
#1883 = CARTESIAN_POINT('',(0.282938441983,-9.980962941046));
#1884 = CARTESIAN_POINT('',(0.355682439013,-9.982784914899));
#1885 = CARTESIAN_POINT('',(0.428532716495,-9.984287959388));
#1886 = CARTESIAN_POINT('',(0.501293542651,-9.985489765574));
#1887 = CARTESIAN_POINT('',(0.573710921733,-9.986403051813));
#1888 = CARTESIAN_POINT('',(0.645474195659,-9.987039783951));
#1889 = CARTESIAN_POINT('',(0.716243301321,-9.987412129536));
#1890 = CARTESIAN_POINT('',(0.762532718112,-9.987492177719));
#1891 = CARTESIAN_POINT('',(0.785398163397,-9.987492177719));
#1892 = ( GEOMETRIC_REPRESENTATION_CONTEXT(2) 
PARAMETRIC_REPRESENTATION_CONTEXT() REPRESENTATION_CONTEXT('2D SPACE',''
  ) );
#1893 = PCURVE('',#1428,#1894);
#1894 = DEFINITIONAL_REPRESENTATION('',(#1895),#1921);
#1895 = B_SPLINE_CURVE_WITH_KNOTS('',3,(#1896,#1897,#1898,#1899,#1900,
    #1901,#1902,#1903,#1904,#1905,#1906,#1907,#1908,#1909,#1910,#1911,
    #1912,#1913,#1914,#1915,#1916,#1917,#1918,#1919,#1920),
  .UNSPECIFIED.,.F.,.F.,(4,1,1,1,1,1,1,1,1,1,1,1,1,1,1,1,1,1,1,1,1,1,4),
  (0.151246706792,0.15810665706,0.164966607328,0.171826557595,
    0.178686507863,0.185546458131,0.192406408399,0.199266358666,
    0.206126308934,0.212986259202,0.21984620947,0.226706159738,
    0.233566110005,0.240426060273,0.247286010541,0.254145960809,
    0.261005911076,0.267865861344,0.274725811612,0.28158576188,
    0.288445712148,0.295305662415,0.302165612683),
  .QUASI_UNIFORM_KNOTS.);
#1896 = CARTESIAN_POINT('',(1.470628905633,12.));
#1897 = CARTESIAN_POINT('',(1.47177223006,12.));
#1898 = CARTESIAN_POINT('',(1.474086733835,11.998351794479));
#1899 = CARTESIAN_POINT('',(1.477607572713,11.990898525477));
#1900 = CARTESIAN_POINT('',(1.481143043467,11.97842936895));
#1901 = CARTESIAN_POINT('',(1.484658589049,11.960904437372));
#1902 = CARTESIAN_POINT('',(1.48812002053,11.938302268739));
#1903 = CARTESIAN_POINT('',(1.491491784036,11.910532659691));
#1904 = CARTESIAN_POINT('',(1.494744758288,11.87782573114));
#1905 = CARTESIAN_POINT('',(1.497857097506,11.840733465103));
#1906 = CARTESIAN_POINT('',(1.500803778921,11.799772806263));
#1907 = CARTESIAN_POINT('',(1.503566615317,11.755350436));
#1908 = CARTESIAN_POINT('',(1.506103199203,11.708349126244));
#1909 = CARTESIAN_POINT('',(1.50846112518,11.657857550033));
#1910 = CARTESIAN_POINT('',(1.510692691753,11.602788092823));
#1911 = CARTESIAN_POINT('',(1.512751482166,11.544024933866));
#1912 = CARTESIAN_POINT('',(1.514617277294,11.481922363658));
#1913 = CARTESIAN_POINT('',(1.516263686933,11.416983741706));
#1914 = CARTESIAN_POINT('',(1.517662783839,11.349646040222));
#1915 = CARTESIAN_POINT('',(1.518802216939,11.280489903278));
#1916 = CARTESIAN_POINT('',(1.519686259522,11.21023009303));
#1917 = CARTESIAN_POINT('',(1.520315669451,11.139553233967));
#1918 = CARTESIAN_POINT('',(1.520692145617,11.069153492634));
#1919 = CARTESIAN_POINT('',(1.520775469951,11.022866500893));
#1920 = CARTESIAN_POINT('',(1.520775469989,11.));
#1921 = ( GEOMETRIC_REPRESENTATION_CONTEXT(2) 
PARAMETRIC_REPRESENTATION_CONTEXT() REPRESENTATION_CONTEXT('2D SPACE',''
  ) );
#1922 = ORIENTED_EDGE('',*,*,#1923,.T.);
#1923 = EDGE_CURVE('',#1850,#952,#1924,.T.);
#1924 = SURFACE_CURVE('',#1925,(#1929,#1936),.PCURVE_S1.);
#1925 = LINE('',#1926,#1927);
#1926 = CARTESIAN_POINT('',(1.,-9.987492177719,3.));
#1927 = VECTOR('',#1928,1.);
#1928 = DIRECTION('',(6.900036098045E-14,1.,0.));
#1929 = PCURVE('',#1024,#1930);
#1930 = DEFINITIONAL_REPRESENTATION('',(#1931),#1935);
#1931 = LINE('',#1932,#1933);
#1932 = CARTESIAN_POINT('',(0.785398163397,-1.06581410364E-14));
#1933 = VECTOR('',#1934,1.);
#1934 = DIRECTION('',(0.,1.));
#1935 = ( GEOMETRIC_REPRESENTATION_CONTEXT(2) 
PARAMETRIC_REPRESENTATION_CONTEXT() REPRESENTATION_CONTEXT('2D SPACE',''
  ) );
#1936 = PCURVE('',#967,#1937);
#1937 = DEFINITIONAL_REPRESENTATION('',(#1938),#1942);
#1938 = LINE('',#1939,#1940);
#1939 = CARTESIAN_POINT('',(9.987492177719,1.));
#1940 = VECTOR('',#1941,1.);
#1941 = DIRECTION('',(1.,0.));
#1942 = ( GEOMETRIC_REPRESENTATION_CONTEXT(2) 
PARAMETRIC_REPRESENTATION_CONTEXT() REPRESENTATION_CONTEXT('2D SPACE',''
  ) );
#1943 = ORIENTED_EDGE('',*,*,#979,.T.);
#1944 = ORIENTED_EDGE('',*,*,#1945,.T.);
#1945 = EDGE_CURVE('',#980,#1848,#1946,.T.);
#1946 = SURFACE_CURVE('',#1947,(#1951,#1958),.PCURVE_S1.);
#1947 = LINE('',#1948,#1949);
#1948 = CARTESIAN_POINT('',(2.,-9.987492177719,2.));
#1949 = VECTOR('',#1950,1.);
#1950 = DIRECTION('',(-6.900036098045E-14,-1.,0.));
#1951 = PCURVE('',#1024,#1952);
#1952 = DEFINITIONAL_REPRESENTATION('',(#1953),#1957);
#1953 = LINE('',#1954,#1955);
#1954 = CARTESIAN_POINT('',(-0.785398163397,0.));
#1955 = VECTOR('',#1956,1.);
#1956 = DIRECTION('',(0.,-1.));
#1957 = ( GEOMETRIC_REPRESENTATION_CONTEXT(2) 
PARAMETRIC_REPRESENTATION_CONTEXT() REPRESENTATION_CONTEXT('2D SPACE',''
  ) );
#1958 = PCURVE('',#123,#1959);
#1959 = DEFINITIONAL_REPRESENTATION('',(#1960),#1964);
#1960 = LINE('',#1961,#1962);
#1961 = CARTESIAN_POINT('',(2.,9.987492177719));
#1962 = VECTOR('',#1963,1.);
#1963 = DIRECTION('',(-6.900036098045E-14,1.));
#1964 = ( GEOMETRIC_REPRESENTATION_CONTEXT(2) 
PARAMETRIC_REPRESENTATION_CONTEXT() REPRESENTATION_CONTEXT('2D SPACE',''
  ) );
#1965 = ADVANCED_FACE('',(#1966),#967,.F.);
#1966 = FACE_BOUND('',#1967,.T.);
#1967 = EDGE_LOOP('',(#1968,#1969,#1992,#2013));
#1968 = ORIENTED_EDGE('',*,*,#1923,.F.);
#1969 = ORIENTED_EDGE('',*,*,#1970,.F.);
#1970 = EDGE_CURVE('',#1971,#1850,#1973,.T.);
#1971 = VERTEX_POINT('',#1972);
#1972 = CARTESIAN_POINT('',(0.999999999999,-19.97498435543,8.));
#1973 = SURFACE_CURVE('',#1974,(#1978,#1985),.PCURVE_S1.);
#1974 = LINE('',#1975,#1976);
#1975 = CARTESIAN_POINT('',(0.999999999999,-19.97498435543,14.));
#1976 = VECTOR('',#1977,1.);
#1977 = DIRECTION('',(0.,0.,-1.));
#1978 = PCURVE('',#967,#1979);
#1979 = DEFINITIONAL_REPRESENTATION('',(#1980),#1984);
#1980 = LINE('',#1981,#1982);
#1981 = CARTESIAN_POINT('',(0.,12.));
#1982 = VECTOR('',#1983,1.);
#1983 = DIRECTION('',(0.,-1.));
#1984 = ( GEOMETRIC_REPRESENTATION_CONTEXT(2) 
PARAMETRIC_REPRESENTATION_CONTEXT() REPRESENTATION_CONTEXT('2D SPACE',''
  ) );
#1985 = PCURVE('',#1428,#1986);
#1986 = DEFINITIONAL_REPRESENTATION('',(#1987),#1991);
#1987 = LINE('',#1988,#1989);
#1988 = CARTESIAN_POINT('',(1.520775469989,0.));
#1989 = VECTOR('',#1990,1.);
#1990 = DIRECTION('',(0.,1.));
#1991 = ( GEOMETRIC_REPRESENTATION_CONTEXT(2) 
PARAMETRIC_REPRESENTATION_CONTEXT() REPRESENTATION_CONTEXT('2D SPACE',''
  ) );
#1992 = ORIENTED_EDGE('',*,*,#1993,.F.);
#1993 = EDGE_CURVE('',#878,#1971,#1994,.T.);
#1994 = SURFACE_CURVE('',#1995,(#1999,#2006),.PCURVE_S1.);
#1995 = LINE('',#1996,#1997);
#1996 = CARTESIAN_POINT('',(0.999999999999,-19.81334504776,8.));
#1997 = VECTOR('',#1998,1.);
#1998 = DIRECTION('',(-6.900036098045E-14,-1.,0.));
#1999 = PCURVE('',#967,#2000);
#2000 = DEFINITIONAL_REPRESENTATION('',(#2001),#2005);
#2001 = LINE('',#2002,#2003);
#2002 = CARTESIAN_POINT('',(0.161639307673,6.));
#2003 = VECTOR('',#2004,1.);
#2004 = DIRECTION('',(-1.,0.));
#2005 = ( GEOMETRIC_REPRESENTATION_CONTEXT(2) 
PARAMETRIC_REPRESENTATION_CONTEXT() REPRESENTATION_CONTEXT('2D SPACE',''
  ) );
#2006 = PCURVE('',#843,#2007);
#2007 = DEFINITIONAL_REPRESENTATION('',(#2008),#2012);
#2008 = LINE('',#2009,#2010);
#2009 = CARTESIAN_POINT('',(3.926990816987,0.323278615346));
#2010 = VECTOR('',#2011,1.);
#2011 = DIRECTION('',(0.,1.));
#2012 = ( GEOMETRIC_REPRESENTATION_CONTEXT(2) 
PARAMETRIC_REPRESENTATION_CONTEXT() REPRESENTATION_CONTEXT('2D SPACE',''
  ) );
#2013 = ORIENTED_EDGE('',*,*,#951,.F.);
#2014 = ADVANCED_FACE('',(#2015),#843,.F.);
#2015 = FACE_BOUND('',#2016,.F.);
#2016 = EDGE_LOOP('',(#2017,#2018,#2069,#2118,#2119,#2120));
#2017 = ORIENTED_EDGE('',*,*,#1800,.F.);
#2018 = ORIENTED_EDGE('',*,*,#2019,.F.);
#2019 = EDGE_CURVE('',#2020,#1801,#2022,.T.);
#2020 = VERTEX_POINT('',#2021);
#2021 = CARTESIAN_POINT('',(-2.072601070382E-12,-20.,9.));
#2022 = SURFACE_CURVE('',#2023,(#2034,#2040),.PCURVE_S1.);
#2023 = B_SPLINE_CURVE_WITH_KNOTS('',3,(#2024,#2025,#2026,#2027,#2028,
    #2029,#2030,#2031,#2032,#2033),.UNSPECIFIED.,.F.,.F.,(4,2,2,2,4),(
    -0.150701629577,-0.113026226162,-7.535082274748E-02,
    -3.767541137374E-02,0.),.UNSPECIFIED.);
#2024 = CARTESIAN_POINT('',(-2.072595567393E-12,-20.,9.));
#2025 = CARTESIAN_POINT('',(-0.125584678052,-20.,9.));
#2026 = CARTESIAN_POINT('',(-0.259525908779,-19.99869562735,
    8.974897588258));
#2027 = CARTESIAN_POINT('',(-0.50589907481,-19.99398025954,
    8.872837402076));
#2028 = CARTESIAN_POINT('',(-0.61833277598,-19.99063668984,
    8.795880786396));
#2029 = CARTESIAN_POINT('',(-0.795880805151,-19.9843554921,
    8.618332757224));
#2030 = CARTESIAN_POINT('',(-0.87283740683,-19.98101009704,
    8.505899064618));
#2031 = CARTESIAN_POINT('',(-0.974897580772,-19.97629055522,
    8.259525925572));
#2032 = CARTESIAN_POINT('',(-1.000000000002,-19.97498435543,
    8.125584704579));
#2033 = CARTESIAN_POINT('',(-1.000000000002,-19.97498435543,8.));
#2034 = PCURVE('',#843,#2035);
#2035 = DEFINITIONAL_REPRESENTATION('',(#2036),#2039);
#2036 = B_SPLINE_CURVE_WITH_KNOTS('',1,(#2037,#2038),.UNSPECIFIED.,.F.,
  .F.,(2,2),(-0.150701629577,0.),.PIECEWISE_BEZIER_KNOTS.);
#2037 = CARTESIAN_POINT('',(5.497787143782,0.509933567581));
#2038 = CARTESIAN_POINT('',(7.068583470577,0.484917923019));
#2039 = ( GEOMETRIC_REPRESENTATION_CONTEXT(2) 
PARAMETRIC_REPRESENTATION_CONTEXT() REPRESENTATION_CONTEXT('2D SPACE',''
  ) );
#2040 = PCURVE('',#1428,#2041);
#2041 = DEFINITIONAL_REPRESENTATION('',(#2042),#2068);
#2042 = B_SPLINE_CURVE_WITH_KNOTS('',3,(#2043,#2044,#2045,#2046,#2047,
    #2048,#2049,#2050,#2051,#2052,#2053,#2054,#2055,#2056,#2057,#2058,
    #2059,#2060,#2061,#2062,#2063,#2064,#2065,#2066,#2067),
  .UNSPECIFIED.,.F.,.F.,(4,1,1,1,1,1,1,1,1,1,1,1,1,1,1,1,1,1,1,1,1,1,4),
  (-0.150701629577,-0.143851555506,-0.137001481434,-0.130151407362,
    -0.123301333291,-0.116451259219,-0.109601185147,-0.102751111076,
    -9.590103700385E-02,-8.905096293215E-02,-8.220088886045E-02,
    -7.535081478874E-02,-6.850074071704E-02,-6.165066664534E-02,
    -5.480059257363E-02,-4.795051850193E-02,-4.110044443022E-02,
    -3.425037035852E-02,-2.740029628682E-02,-2.055022221511E-02,
    -1.370014814341E-02,-6.850074071704E-03,0.),.QUASI_UNIFORM_KNOTS.);
#2043 = CARTESIAN_POINT('',(1.570796326795,5.));
#2044 = CARTESIAN_POINT('',(1.571938005191,5.));
#2045 = CARTESIAN_POINT('',(1.574248990186,5.001659624216));
#2046 = CARTESIAN_POINT('',(1.577763923671,5.009158052473));
#2047 = CARTESIAN_POINT('',(1.581292915064,5.021694162004));
#2048 = CARTESIAN_POINT('',(1.584801459423,5.039301646952));
#2049 = CARTESIAN_POINT('',(1.58825542423,5.061995612192));
#2050 = CARTESIAN_POINT('',(1.591619295858,5.089860514873));
#2051 = CARTESIAN_POINT('',(1.594864135653,5.12265449705));
#2052 = CARTESIAN_POINT('',(1.597968166371,5.159822324926));
#2053 = CARTESIAN_POINT('',(1.60090636213,5.200841025358));
#2054 = CARTESIAN_POINT('',(1.603660850985,5.245304808406));
#2055 = CARTESIAN_POINT('',(1.606188339243,5.29230689066));
#2056 = CARTESIAN_POINT('',(1.60854002311,5.342827279392));
#2057 = CARTESIAN_POINT('',(1.610764899289,5.397889830579));
#2058 = CARTESIAN_POINT('',(1.612817563124,5.456629623858));
#2059 = CARTESIAN_POINT('',(1.614677669456,5.518689731254));
#2060 = CARTESIAN_POINT('',(1.616319006516,5.583570031584));
#2061 = CARTESIAN_POINT('',(1.617713746004,5.650835184108));
#2062 = CARTESIAN_POINT('',(1.618849713221,5.719906214776));
#2063 = CARTESIAN_POINT('',(1.619731117472,5.7900719433));
#2064 = CARTESIAN_POINT('',(1.620358689259,5.860649049755));
#2065 = CARTESIAN_POINT('',(1.620734090306,5.93094674649));
#2066 = CARTESIAN_POINT('',(1.620817183563,5.977166419761));
#2067 = CARTESIAN_POINT('',(1.620817183601,6.));
#2068 = ( GEOMETRIC_REPRESENTATION_CONTEXT(2) 
PARAMETRIC_REPRESENTATION_CONTEXT() REPRESENTATION_CONTEXT('2D SPACE',''
  ) );
#2069 = ORIENTED_EDGE('',*,*,#2070,.F.);
#2070 = EDGE_CURVE('',#1971,#2020,#2071,.T.);
#2071 = SURFACE_CURVE('',#2072,(#2083,#2089),.PCURVE_S1.);
#2072 = B_SPLINE_CURVE_WITH_KNOTS('',3,(#2073,#2074,#2075,#2076,#2077,
    #2078,#2079,#2080,#2081,#2082),.UNSPECIFIED.,.F.,.F.,(4,2,2,2,4),(0.
    ,3.767541137374E-02,7.535082274748E-02,0.113026226162,0.150701629577
    ),.UNSPECIFIED.);
#2073 = CARTESIAN_POINT('',(0.999999999999,-19.97498435543,8.));
#2074 = CARTESIAN_POINT('',(0.999999999999,-19.97498435543,
    8.125584704579));
#2075 = CARTESIAN_POINT('',(0.974897580769,-19.97629055522,
    8.259525925572));
#2076 = CARTESIAN_POINT('',(0.872837406827,-19.98101009704,
    8.505899064618));
#2077 = CARTESIAN_POINT('',(0.795880805148,-19.9843554921,8.618332757224
    ));
#2078 = CARTESIAN_POINT('',(0.618332775977,-19.99063668984,
    8.795880786396));
#2079 = CARTESIAN_POINT('',(0.505899074808,-19.99398025954,
    8.872837402076));
#2080 = CARTESIAN_POINT('',(0.259525908776,-19.99869562735,
    8.974897588258));
#2081 = CARTESIAN_POINT('',(0.125584678049,-20.,9.));
#2082 = CARTESIAN_POINT('',(-7.048875372284E-13,-20.,9.));
#2083 = PCURVE('',#843,#2084);
#2084 = DEFINITIONAL_REPRESENTATION('',(#2085),#2088);
#2085 = B_SPLINE_CURVE_WITH_KNOTS('',1,(#2086,#2087),.UNSPECIFIED.,.F.,
  .F.,(2,2),(0.,0.150701629577),.PIECEWISE_BEZIER_KNOTS.);
#2086 = CARTESIAN_POINT('',(3.926990816987,0.484917923019));
#2087 = CARTESIAN_POINT('',(5.497787143781,0.509933567581));
#2088 = ( GEOMETRIC_REPRESENTATION_CONTEXT(2) 
PARAMETRIC_REPRESENTATION_CONTEXT() REPRESENTATION_CONTEXT('2D SPACE',''
  ) );
#2089 = PCURVE('',#1428,#2090);
#2090 = DEFINITIONAL_REPRESENTATION('',(#2091),#2117);
#2091 = B_SPLINE_CURVE_WITH_KNOTS('',3,(#2092,#2093,#2094,#2095,#2096,
    #2097,#2098,#2099,#2100,#2101,#2102,#2103,#2104,#2105,#2106,#2107,
    #2108,#2109,#2110,#2111,#2112,#2113,#2114,#2115,#2116),
  .UNSPECIFIED.,.F.,.F.,(4,1,1,1,1,1,1,1,1,1,1,1,1,1,1,1,1,1,1,1,1,1,4),
  (0.,6.850074071704E-03,1.370014814341E-02,2.055022221511E-02,
    2.740029628682E-02,3.425037035852E-02,4.110044443022E-02,
    4.795051850193E-02,5.480059257363E-02,6.165066664534E-02,
    6.850074071704E-02,7.535081478874E-02,8.220088886045E-02,
    8.905096293215E-02,9.590103700385E-02,0.102751111076,0.109601185147,
    0.116451259219,0.123301333291,0.130151407362,0.137001481434,
    0.143851555506,0.150701629577),.QUASI_UNIFORM_KNOTS.);
#2092 = CARTESIAN_POINT('',(1.520775469989,6.));
#2093 = CARTESIAN_POINT('',(1.520775470027,5.977166419761));
#2094 = CARTESIAN_POINT('',(1.520858563284,5.93094674649));
#2095 = CARTESIAN_POINT('',(1.521233964331,5.860649049755));
#2096 = CARTESIAN_POINT('',(1.521861536118,5.7900719433));
#2097 = CARTESIAN_POINT('',(1.522742940369,5.719906214776));
#2098 = CARTESIAN_POINT('',(1.523878907586,5.650835184108));
#2099 = CARTESIAN_POINT('',(1.525273647074,5.583570031584));
#2100 = CARTESIAN_POINT('',(1.526914984133,5.518689731254));
#2101 = CARTESIAN_POINT('',(1.528775090466,5.456629623858));
#2102 = CARTESIAN_POINT('',(1.530827754301,5.397889830579));
#2103 = CARTESIAN_POINT('',(1.53305263048,5.342827279392));
#2104 = CARTESIAN_POINT('',(1.535404314347,5.29230689066));
#2105 = CARTESIAN_POINT('',(1.537931802605,5.245304808406));
#2106 = CARTESIAN_POINT('',(1.54068629146,5.200841025358));
#2107 = CARTESIAN_POINT('',(1.543624487219,5.159822324926));
#2108 = CARTESIAN_POINT('',(1.546728517937,5.12265449705));
#2109 = CARTESIAN_POINT('',(1.549973357732,5.089860514873));
#2110 = CARTESIAN_POINT('',(1.55333722936,5.061995612192));
#2111 = CARTESIAN_POINT('',(1.556791194167,5.039301646952));
#2112 = CARTESIAN_POINT('',(1.560299738526,5.021694162004));
#2113 = CARTESIAN_POINT('',(1.563828729919,5.009158052473));
#2114 = CARTESIAN_POINT('',(1.567343663404,5.001659624216));
#2115 = CARTESIAN_POINT('',(1.569654648399,5.));
#2116 = CARTESIAN_POINT('',(1.570796326795,5.));
#2117 = ( GEOMETRIC_REPRESENTATION_CONTEXT(2) 
PARAMETRIC_REPRESENTATION_CONTEXT() REPRESENTATION_CONTEXT('2D SPACE',''
  ) );
#2118 = ORIENTED_EDGE('',*,*,#1993,.F.);
#2119 = ORIENTED_EDGE('',*,*,#877,.F.);
#2120 = ORIENTED_EDGE('',*,*,#798,.F.);
#2121 = ADVANCED_FACE('',(#2122),#2143,.T.);
#2122 = FACE_BOUND('',#2123,.T.);
#2123 = EDGE_LOOP('',(#2124,#2205,#2233,#2307));
#2124 = ORIENTED_EDGE('',*,*,#2125,.T.);
#2125 = EDGE_CURVE('',#2126,#2128,#2130,.T.);
#2126 = VERTEX_POINT('',#2127);
#2127 = CARTESIAN_POINT('',(-16.798843892,10.853517581505,3.));
#2128 = VERTEX_POINT('',#2129);
#2129 = CARTESIAN_POINT('',(-16.23368793961,11.681925178637,2.));
#2130 = SURFACE_CURVE('',#2131,(#2142,#2176),.PCURVE_S1.);
#2131 = B_SPLINE_CURVE_WITH_KNOTS('',3,(#2132,#2133,#2134,#2135,#2136,
    #2137,#2138,#2139,#2140,#2141),.UNSPECIFIED.,.F.,.F.,(4,2,2,2,4),(
    0.302165551815,0.339848499834,0.377531447852,0.415307952779,
    0.453084457706),.UNSPECIFIED.);
#2132 = CARTESIAN_POINT('',(-16.798843892,10.853517581505,3.));
#2133 = CARTESIAN_POINT('',(-16.798843892,10.853517581505,2.874390173271
    ));
#2134 = CARTESIAN_POINT('',(-16.785240565,10.874663765142,2.740422256032
    ));
#2135 = CARTESIAN_POINT('',(-16.72943486073,10.96032034539,
    2.494036395706));
#2136 = CARTESIAN_POINT('',(-16.68717389553,11.024796270806,
    2.381619743328));
#2137 = CARTESIAN_POINT('',(-16.5883695302,11.172911038075,
    2.203946409535));
#2138 = CARTESIAN_POINT('',(-16.52519581844,11.26646289595,
    2.126961165966));
#2139 = CARTESIAN_POINT('',(-16.38465729675,11.469886149917,
    2.024991559515));
#2140 = CARTESIAN_POINT('',(-16.30723832362,11.579716513231,2.));
#2141 = CARTESIAN_POINT('',(-16.23368793961,11.681925178637,2.));
#2142 = PCURVE('',#2143,#2148);
#2143 = CYLINDRICAL_SURFACE('',#2144,1.);
#2144 = AXIS2_PLACEMENT_3D('',#2145,#2146,#2147);
#2145 = CARTESIAN_POINT('',(-7.369454452613,6.564157588755,3.));
#2146 = DIRECTION('',(-0.866025403784,0.5,0.));
#2147 = DIRECTION('',(-0.353553390593,-0.612372435696,-0.707106781187));
#2148 = DEFINITIONAL_REPRESENTATION('',(#2149),#2175);
#2149 = B_SPLINE_CURVE_WITH_KNOTS('',3,(#2150,#2151,#2152,#2153,#2154,
    #2155,#2156,#2157,#2158,#2159,#2160,#2161,#2162,#2163,#2164,#2165,
    #2166,#2167,#2168,#2169,#2170,#2171,#2172,#2173,#2174),
  .UNSPECIFIED.,.F.,.F.,(4,1,1,1,1,1,1,1,1,1,1,1,1,1,1,1,1,1,1,1,1,1,4),
  (0.302165551815,0.309025502083,0.315885452351,0.322745402618,
    0.329605352886,0.336465303154,0.343325253422,0.350185203689,
    0.357045153957,0.363905104225,0.370765054493,0.377625004761,
    0.384484955028,0.391344905296,0.398204855564,0.405064805832,
    0.411924756099,0.418784706367,0.425644656635,0.432504606903,
    0.439364557171,0.446224507438,0.453084457706),
  .QUASI_UNIFORM_KNOTS.);
#2150 = CARTESIAN_POINT('',(7.068583470577,10.310770793065));
#2151 = CARTESIAN_POINT('',(7.045718025292,10.310770793065));
#2152 = CARTESIAN_POINT('',(6.999428608501,10.310690744882));
#2153 = CARTESIAN_POINT('',(6.928659502839,10.310318399298));
#2154 = CARTESIAN_POINT('',(6.856896228913,10.30968166716));
#2155 = CARTESIAN_POINT('',(6.784478849831,10.30876838092));
#2156 = CARTESIAN_POINT('',(6.711718023674,10.307566574734));
#2157 = CARTESIAN_POINT('',(6.638867746193,10.306063530245));
#2158 = CARTESIAN_POINT('',(6.566123749163,10.304241556393));
#2159 = CARTESIAN_POINT('',(6.493730431247,10.302111895324));
#2160 = CARTESIAN_POINT('',(6.422041697073,10.299683642693));
#2161 = CARTESIAN_POINT('',(6.351239628149,10.296957836626));
#2162 = CARTESIAN_POINT('',(6.282259366501,10.293969891861));
#2163 = CARTESIAN_POINT('',(6.213226301951,10.290625688242));
#2164 = CARTESIAN_POINT('',(6.142458301585,10.286835918162));
#2165 = CARTESIAN_POINT('',(6.070834904101,10.282629465084));
#2166 = CARTESIAN_POINT('',(5.998549116776,10.27800318677));
#2167 = CARTESIAN_POINT('',(5.925948665973,10.272963852714));
#2168 = CARTESIAN_POINT('',(5.853277573379,10.267510611182));
#2169 = CARTESIAN_POINT('',(5.780730737701,10.261660223203));
#2170 = CARTESIAN_POINT('',(5.708559520072,10.255479948883));
#2171 = CARTESIAN_POINT('',(5.637072271228,10.249027932262));
#2172 = CARTESIAN_POINT('',(5.566606984015,10.242364760862));
#2173 = CARTESIAN_POINT('',(5.520538059152,10.237821829849));
#2174 = CARTESIAN_POINT('',(5.497787143782,10.23553517976));
#2175 = ( GEOMETRIC_REPRESENTATION_CONTEXT(2) 
PARAMETRIC_REPRESENTATION_CONTEXT() REPRESENTATION_CONTEXT('2D SPACE',''
  ) );
#2176 = PCURVE('',#1428,#2177);
#2177 = DEFINITIONAL_REPRESENTATION('',(#2178),#2204);
#2178 = B_SPLINE_CURVE_WITH_KNOTS('',3,(#2179,#2180,#2181,#2182,#2183,
    #2184,#2185,#2186,#2187,#2188,#2189,#2190,#2191,#2192,#2193,#2194,
    #2195,#2196,#2197,#2198,#2199,#2200,#2201,#2202,#2203),
  .UNSPECIFIED.,.F.,.F.,(4,1,1,1,1,1,1,1,1,1,1,1,1,1,1,1,1,1,1,1,1,1,4),
  (0.302165551815,0.309025502083,0.315885452351,0.322745402618,
    0.329605352886,0.336465303154,0.343325253422,0.350185203689,
    0.357045153957,0.363905104225,0.370765054493,0.377625004761,
    0.384484955028,0.391344905296,0.398204855564,0.405064805832,
    0.411924756099,0.418784706367,0.425644656635,0.432504606903,
    0.439364557171,0.446224507438,0.453084457706),
  .QUASI_UNIFORM_KNOTS.);
#2179 = CARTESIAN_POINT('',(-2.567973021186,11.));
#2180 = CARTESIAN_POINT('',(-2.567973021147,11.022866500893));
#2181 = CARTESIAN_POINT('',(-2.567889696813,11.069153492634));
#2182 = CARTESIAN_POINT('',(-2.567513220647,11.139553233967));
#2183 = CARTESIAN_POINT('',(-2.566883810719,11.21023009303));
#2184 = CARTESIAN_POINT('',(-2.565999768136,11.280489903278));
#2185 = CARTESIAN_POINT('',(-2.564860335035,11.349646040222));
#2186 = CARTESIAN_POINT('',(-2.563461238129,11.416983741706));
#2187 = CARTESIAN_POINT('',(-2.56181482849,11.481922363658));
#2188 = CARTESIAN_POINT('',(-2.559949033363,11.544024933866));
#2189 = CARTESIAN_POINT('',(-2.557890242949,11.602788092823));
#2190 = CARTESIAN_POINT('',(-2.555658676377,11.657857550033));
#2191 = CARTESIAN_POINT('',(-2.553300750399,11.708349126244));
#2192 = CARTESIAN_POINT('',(-2.550764166514,11.755350436));
#2193 = CARTESIAN_POINT('',(-2.548001330118,11.799772806263));
#2194 = CARTESIAN_POINT('',(-2.545054648703,11.840733465103));
#2195 = CARTESIAN_POINT('',(-2.541942309485,11.87782573114));
#2196 = CARTESIAN_POINT('',(-2.538689335233,11.910532659691));
#2197 = CARTESIAN_POINT('',(-2.535317571726,11.938302268739));
#2198 = CARTESIAN_POINT('',(-2.531856140245,11.960904437372));
#2199 = CARTESIAN_POINT('',(-2.528340594663,11.97842936895));
#2200 = CARTESIAN_POINT('',(-2.52480512391,11.990898525477));
#2201 = CARTESIAN_POINT('',(-2.521284285031,11.998351794479));
#2202 = CARTESIAN_POINT('',(-2.518969781257,12.));
#2203 = CARTESIAN_POINT('',(-2.51782645683,12.));
#2204 = ( GEOMETRIC_REPRESENTATION_CONTEXT(2) 
PARAMETRIC_REPRESENTATION_CONTEXT() REPRESENTATION_CONTEXT('2D SPACE',''
  ) );
#2205 = ORIENTED_EDGE('',*,*,#2206,.T.);
#2206 = EDGE_CURVE('',#2128,#2207,#2209,.T.);
#2207 = VERTEX_POINT('',#2208);
#2208 = CARTESIAN_POINT('',(-15.22591083554,11.10008479632,2.));
#2209 = SURFACE_CURVE('',#2210,(#2214,#2221),.PCURVE_S1.);
#2210 = LINE('',#2211,#2212);
#2211 = CARTESIAN_POINT('',(-7.369454452613,6.564157588755,2.));
#2212 = VECTOR('',#2213,1.);
#2213 = DIRECTION('',(0.866025403784,-0.5,0.));
#2214 = PCURVE('',#2143,#2215);
#2215 = DEFINITIONAL_REPRESENTATION('',(#2216),#2220);
#2216 = LINE('',#2217,#2218);
#2217 = CARTESIAN_POINT('',(5.497787143782,1.7763568394E-15));
#2218 = VECTOR('',#2219,1.);
#2219 = DIRECTION('',(-7.632492060481E-16,-1.));
#2220 = ( GEOMETRIC_REPRESENTATION_CONTEXT(2) 
PARAMETRIC_REPRESENTATION_CONTEXT() REPRESENTATION_CONTEXT('2D SPACE',''
  ) );
#2221 = PCURVE('',#2222,#2227);
#2222 = PLANE('',#2223);
#2223 = AXIS2_PLACEMENT_3D('',#2224,#2225,#2226);
#2224 = CARTESIAN_POINT('',(2.22044604925E-15,4.440892098501E-15,2.));
#2225 = DIRECTION('',(0.,0.,-1.));
#2226 = DIRECTION('',(1.,0.,0.));
#2227 = DEFINITIONAL_REPRESENTATION('',(#2228),#2232);
#2228 = LINE('',#2229,#2230);
#2229 = CARTESIAN_POINT('',(-7.369454452613,-6.564157588755));
#2230 = VECTOR('',#2231,1.);
#2231 = DIRECTION('',(0.866025403784,0.5));
#2232 = ( GEOMETRIC_REPRESENTATION_CONTEXT(2) 
PARAMETRIC_REPRESENTATION_CONTEXT() REPRESENTATION_CONTEXT('2D SPACE',''
  ) );
#2233 = ORIENTED_EDGE('',*,*,#2234,.T.);
#2234 = EDGE_CURVE('',#2207,#2235,#2237,.T.);
#2235 = VERTEX_POINT('',#2236);
#2236 = CARTESIAN_POINT('',(-16.23890890522,10.530238966159,3.));
#2237 = SURFACE_CURVE('',#2238,(#2249,#2278),.PCURVE_S1.);
#2238 = B_SPLINE_CURVE_WITH_KNOTS('',3,(#2239,#2240,#2241,#2242,#2243,
    #2244,#2245,#2246,#2247,#2248),.UNSPECIFIED.,.F.,.F.,(4,2,2,2,4),(
    0.268960830268,0.313212166122,0.357463501975,0.395871154168,
    0.434278806362),.UNSPECIFIED.);
#2239 = CARTESIAN_POINT('',(-15.22591083554,11.10008479632,2.));
#2240 = CARTESIAN_POINT('',(-15.36604423502,11.054039232375,2.));
#2241 = CARTESIAN_POINT('',(-15.51391224348,10.99276781105,
    2.019312147372));
#2242 = CARTESIAN_POINT('',(-15.77941570508,10.858077550474,
    2.116050977829));
#2243 = CARTESIAN_POINT('',(-15.89711450336,10.785213630973,
    2.194074699644));
#2244 = CARTESIAN_POINT('',(-16.06575484313,10.669435012563,
    2.378662094291));
#2245 = CARTESIAN_POINT('',(-16.13180782519,10.618266151321,
    2.489488992738));
#2246 = CARTESIAN_POINT('',(-16.2181455909,10.548498356222,2.73618109379
    ));
#2247 = CARTESIAN_POINT('',(-16.23890890522,10.530238966159,
    2.871974492689));
#2248 = CARTESIAN_POINT('',(-16.23890890522,10.530238966159,3.));
#2249 = PCURVE('',#2143,#2250);
#2250 = DEFINITIONAL_REPRESENTATION('',(#2251),#2277);
#2251 = B_SPLINE_CURVE_WITH_KNOTS('',3,(#2252,#2253,#2254,#2255,#2256,
    #2257,#2258,#2259,#2260,#2261,#2262,#2263,#2264,#2265,#2266,#2267,
    #2268,#2269,#2270,#2271,#2272,#2273,#2274,#2275,#2276),
  .UNSPECIFIED.,.F.,.F.,(4,1,1,1,1,1,1,1,1,1,1,1,1,1,1,1,1,1,1,1,1,1,4),
  (0.268960830268,0.276475283727,0.283989737186,0.291504190645,
    0.299018644103,0.306533097562,0.314047551021,0.32156200448,
    0.329076457939,0.336590911397,0.344105364856,0.351619818315,
    0.359134271774,0.366648725232,0.374163178691,0.38167763215,
    0.389192085609,0.396706539068,0.404220992526,0.411735445985,
    0.419249899444,0.426764352903,0.434278806362),
  .QUASI_UNIFORM_KNOTS.);
#2252 = CARTESIAN_POINT('',(5.497787143782,9.071854415126));
#2253 = CARTESIAN_POINT('',(5.516458961828,9.08855320059));
#2254 = CARTESIAN_POINT('',(5.554778763475,9.121898041217));
#2255 = CARTESIAN_POINT('',(5.614861865992,9.171309993539));
#2256 = CARTESIAN_POINT('',(5.677210715242,9.219670063206));
#2257 = CARTESIAN_POINT('',(5.741531606336,9.266529773305));
#2258 = CARTESIAN_POINT('',(5.80757339766,9.311447714754));
#2259 = CARTESIAN_POINT('',(5.875161836427,9.35395611002));
#2260 = CARTESIAN_POINT('',(5.944151450243,9.393688232248));
#2261 = CARTESIAN_POINT('',(6.014222777748,9.430614078813));
#2262 = CARTESIAN_POINT('',(6.085072742686,9.464652471666));
#2263 = CARTESIAN_POINT('',(6.156326375287,9.495716070698));
#2264 = CARTESIAN_POINT('',(6.22785978659,9.523793359466));
#2265 = CARTESIAN_POINT('',(6.298729727496,9.548575688918));
#2266 = CARTESIAN_POINT('',(6.371704605968,9.57101817591));
#2267 = CARTESIAN_POINT('',(6.446877836819,9.591232812044));
#2268 = CARTESIAN_POINT('',(6.523561549564,9.609054453972));
#2269 = CARTESIAN_POINT('',(6.60131173132,9.624402861798));
#2270 = CARTESIAN_POINT('',(6.679704242103,9.637135316769));
#2271 = CARTESIAN_POINT('',(6.758432381301,9.647279369064));
#2272 = CARTESIAN_POINT('',(6.837153570161,9.655001797325));
#2273 = CARTESIAN_POINT('',(6.915445084825,9.660385519468));
#2274 = CARTESIAN_POINT('',(6.992841572469,9.663535931541));
#2275 = CARTESIAN_POINT('',(7.043537537195,9.664213562373));
#2276 = CARTESIAN_POINT('',(7.068583470577,9.664213562373));
#2277 = ( GEOMETRIC_REPRESENTATION_CONTEXT(2) 
PARAMETRIC_REPRESENTATION_CONTEXT() REPRESENTATION_CONTEXT('2D SPACE',''
  ) );
#2278 = PCURVE('',#1513,#2279);
#2279 = DEFINITIONAL_REPRESENTATION('',(#2280),#2306);
#2280 = B_SPLINE_CURVE_WITH_KNOTS('',3,(#2281,#2282,#2283,#2284,#2285,
    #2286,#2287,#2288,#2289,#2290,#2291,#2292,#2293,#2294,#2295,#2296,
    #2297,#2298,#2299,#2300,#2301,#2302,#2303,#2304,#2305),
  .UNSPECIFIED.,.F.,.F.,(4,1,1,1,1,1,1,1,1,1,1,1,1,1,1,1,1,1,1,1,1,1,4),
  (0.268960830268,0.276475283727,0.283989737186,0.291504190645,
    0.299018644103,0.306533097562,0.314047551021,0.32156200448,
    0.329076457939,0.336590911397,0.344105364856,0.351619818315,
    0.359134271774,0.366648725232,0.374163178691,0.38167763215,
    0.389192085609,0.396706539068,0.404220992526,0.411735445985,
    0.419249899444,0.426764352903,0.434278806362),
  .QUASI_UNIFORM_KNOTS.);
#2281 = CARTESIAN_POINT('',(8.171451528943,0.));
#2282 = CARTESIAN_POINT('',(8.179800711786,2.287295527001E-16));
#2283 = CARTESIAN_POINT('',(8.196732541174,1.113795944106E-03));
#2284 = CARTESIAN_POINT('',(8.22260627196,6.412127338112E-03));
#2285 = CARTESIAN_POINT('',(8.248732222075,1.562462679311E-02));
#2286 = CARTESIAN_POINT('',(8.274884394538,2.90368416106E-02));
#2287 = CARTESIAN_POINT('',(8.300836942101,4.693797128103E-02));
#2288 = CARTESIAN_POINT('',(8.326367069508,6.960358982076E-02));
#2289 = CARTESIAN_POINT('',(8.351250275404,9.736319990187E-02));
#2290 = CARTESIAN_POINT('',(8.375319376636,0.129964587289));
#2291 = CARTESIAN_POINT('',(8.398407135883,0.167153962736));
#2292 = CARTESIAN_POINT('',(8.420326000254,0.208636898225));
#2293 = CARTESIAN_POINT('',(8.44094502491,0.254283095845));
#2294 = CARTESIAN_POINT('',(8.459908425907,0.303346376018));
#2295 = CARTESIAN_POINT('',(8.477802380065,0.357696560297));
#2296 = CARTESIAN_POINT('',(8.494545251536,0.417204930438));
#2297 = CARTESIAN_POINT('',(8.509849169123,0.48119230431));
#2298 = CARTESIAN_POINT('',(8.523481150735,0.549123481505));
#2299 = CARTESIAN_POINT('',(8.535181656025,0.620437798608));
#2300 = CARTESIAN_POINT('',(8.54473328837,0.694531377139));
#2301 = CARTESIAN_POINT('',(8.552159504384,0.770468670451));
#2302 = CARTESIAN_POINT('',(8.557459061119,0.847348574507));
#2303 = CARTESIAN_POINT('',(8.560636756732,0.92426075323));
#2304 = CARTESIAN_POINT('',(8.561342253556,0.974951821804));
#2305 = CARTESIAN_POINT('',(8.561342275716,1.));
#2306 = ( GEOMETRIC_REPRESENTATION_CONTEXT(2) 
PARAMETRIC_REPRESENTATION_CONTEXT() REPRESENTATION_CONTEXT('2D SPACE',''
  ) );
#2307 = ORIENTED_EDGE('',*,*,#2308,.T.);
#2308 = EDGE_CURVE('',#2235,#2126,#2309,.T.);
#2309 = SURFACE_CURVE('',#2310,(#2314,#2321),.PCURVE_S1.);
#2310 = LINE('',#2311,#2312);
#2311 = CARTESIAN_POINT('',(-7.869454452613,5.69813218497,3.));
#2312 = VECTOR('',#2313,1.);
#2313 = DIRECTION('',(-0.866025403784,0.5,0.));
#2314 = PCURVE('',#2143,#2315);
#2315 = DEFINITIONAL_REPRESENTATION('',(#2316),#2320);
#2316 = LINE('',#2317,#2318);
#2317 = CARTESIAN_POINT('',(7.068583470577,3.552713678801E-15));
#2318 = VECTOR('',#2319,1.);
#2319 = DIRECTION('',(-3.434260640581E-16,1.));
#2320 = ( GEOMETRIC_REPRESENTATION_CONTEXT(2) 
PARAMETRIC_REPRESENTATION_CONTEXT() REPRESENTATION_CONTEXT('2D SPACE',''
  ) );
#2321 = PCURVE('',#2322,#2327);
#2322 = PLANE('',#2323);
#2323 = AXIS2_PLACEMENT_3D('',#2324,#2325,#2326);
#2324 = CARTESIAN_POINT('',(-16.23890890522,10.530238966159,2.));
#2325 = DIRECTION('',(0.5,0.866025403784,0.));
#2326 = DIRECTION('',(-0.866025403784,0.5,0.));
#2327 = DEFINITIONAL_REPRESENTATION('',(#2328),#2332);
#2328 = LINE('',#2329,#2330);
#2329 = CARTESIAN_POINT('',(-9.664213562373,1.));
#2330 = VECTOR('',#2331,1.);
#2331 = DIRECTION('',(1.,0.));
#2332 = ( GEOMETRIC_REPRESENTATION_CONTEXT(2) 
PARAMETRIC_REPRESENTATION_CONTEXT() REPRESENTATION_CONTEXT('2D SPACE',''
  ) );
#2333 = ADVANCED_FACE('',(#2334),#1513,.F.);
#2334 = FACE_BOUND('',#2335,.F.);
#2335 = EDGE_LOOP('',(#2336,#2359,#2438,#2512,#2540,#2612,#2635,#2666,
    #2667,#2735,#2736,#2810,#2838,#2917,#2991,#3019,#3098,#3124));
#2336 = ORIENTED_EDGE('',*,*,#2337,.F.);
#2337 = EDGE_CURVE('',#2338,#2235,#2340,.T.);
#2338 = VERTEX_POINT('',#2339);
#2339 = CARTESIAN_POINT('',(-16.23890890522,10.530238966159,8.));
#2340 = SURFACE_CURVE('',#2341,(#2345,#2352),.PCURVE_S1.);
#2341 = LINE('',#2342,#2343);
#2342 = CARTESIAN_POINT('',(-16.23890890522,10.530238966159,2.));
#2343 = VECTOR('',#2344,1.);
#2344 = DIRECTION('',(0.,0.,-1.));
#2345 = PCURVE('',#1513,#2346);
#2346 = DEFINITIONAL_REPRESENTATION('',(#2347),#2351);
#2347 = LINE('',#2348,#2349);
#2348 = CARTESIAN_POINT('',(8.561342275716,0.));
#2349 = VECTOR('',#2350,1.);
#2350 = DIRECTION('',(0.,-1.));
#2351 = ( GEOMETRIC_REPRESENTATION_CONTEXT(2) 
PARAMETRIC_REPRESENTATION_CONTEXT() REPRESENTATION_CONTEXT('2D SPACE',''
  ) );
#2352 = PCURVE('',#2322,#2353);
#2353 = DEFINITIONAL_REPRESENTATION('',(#2354),#2358);
#2354 = LINE('',#2355,#2356);
#2355 = CARTESIAN_POINT('',(0.,0.));
#2356 = VECTOR('',#2357,1.);
#2357 = DIRECTION('',(0.,-1.));
#2358 = ( GEOMETRIC_REPRESENTATION_CONTEXT(2) 
PARAMETRIC_REPRESENTATION_CONTEXT() REPRESENTATION_CONTEXT('2D SPACE',''
  ) );
#2359 = ORIENTED_EDGE('',*,*,#2360,.T.);
#2360 = EDGE_CURVE('',#2338,#2361,#2363,.T.);
#2361 = VERTEX_POINT('',#2362);
#2362 = CARTESIAN_POINT('',(-16.88749537379,9.750000000002,9.));
#2363 = SURFACE_CURVE('',#2364,(#2375,#2404),.PCURVE_S1.);
#2364 = B_SPLINE_CURVE_WITH_KNOTS('',3,(#2365,#2366,#2367,#2368,#2369,
    #2370,#2371,#2372,#2373,#2374),.UNSPECIFIED.,.F.,.F.,(4,2,2,2,4),(
    0.30388005873,0.341873876853,0.379867694975,0.417843891535,
    0.455820088095),.UNSPECIFIED.);
#2365 = CARTESIAN_POINT('',(-16.23890890522,10.530238966159,8.));
#2366 = CARTESIAN_POINT('',(-16.23890890522,10.530238966159,
    8.126646060408));
#2367 = CARTESIAN_POINT('',(-16.25980407831,10.512846780986,
    8.261001973464));
#2368 = CARTESIAN_POINT('',(-16.33964137857,10.440771780371,
    8.507053179958));
#2369 = CARTESIAN_POINT('',(-16.39807107209,10.385845469133,
    8.618843082373));
#2370 = CARTESIAN_POINT('',(-16.52338387395,10.254405837656,
    8.795329543228));
#2371 = CARTESIAN_POINT('',(-16.59882784065,10.168860744504,
    8.872143486117));
#2372 = CARTESIAN_POINT('',(-16.74939334228,9.97160449408,8.974504420803
    ));
#2373 = CARTESIAN_POINT('',(-16.82420171286,9.859627836536,9.));
#2374 = CARTESIAN_POINT('',(-16.88749537379,9.750000000002,9.));
#2375 = PCURVE('',#1513,#2376);
#2376 = DEFINITIONAL_REPRESENTATION('',(#2377),#2403);
#2377 = B_SPLINE_CURVE_WITH_KNOTS('',3,(#2378,#2379,#2380,#2381,#2382,
    #2383,#2384,#2385,#2386,#2387,#2388,#2389,#2390,#2391,#2392,#2393,
    #2394,#2395,#2396,#2397,#2398,#2399,#2400,#2401,#2402),
  .UNSPECIFIED.,.F.,.F.,(4,1,1,1,1,1,1,1,1,1,1,1,1,1,1,1,1,1,1,1,1,1,4),
  (0.30388005873,0.310786423701,0.317692788673,0.324599153644,
    0.331505518615,0.338411883586,0.345318248557,0.352224613528,
    0.359130978499,0.366037343471,0.372943708442,0.379850073413,
    0.386756438384,0.393662803355,0.400569168326,0.407475533297,
    0.414381898269,0.42128826324,0.428194628211,0.435100993182,
    0.442007358153,0.448913723124,0.455820088095),
  .QUASI_UNIFORM_KNOTS.);
#2378 = CARTESIAN_POINT('',(8.561342275716,6.));
#2379 = CARTESIAN_POINT('',(8.561342289223,6.02302121657));
#2380 = CARTESIAN_POINT('',(8.561941076234,6.069573174556));
#2381 = CARTESIAN_POINT('',(8.564628463251,6.140243345966));
#2382 = CARTESIAN_POINT('',(8.5690973361,6.211070092555));
#2383 = CARTESIAN_POINT('',(8.575342239237,6.281365372087));
#2384 = CARTESIAN_POINT('',(8.583351145608,6.350449993415));
#2385 = CARTESIAN_POINT('',(8.593138140656,6.417611744018));
#2386 = CARTESIAN_POINT('',(8.60458719068,6.48230581503));
#2387 = CARTESIAN_POINT('',(8.617493809288,6.544119376949));
#2388 = CARTESIAN_POINT('',(8.63166329426,6.60257450434));
#2389 = CARTESIAN_POINT('',(8.646943487321,6.657338175614));
#2390 = CARTESIAN_POINT('',(8.663009454241,6.707562849731));
#2391 = CARTESIAN_POINT('',(8.68019433009,6.754314159605));
#2392 = CARTESIAN_POINT('',(8.69886484856,6.798613686165));
#2393 = CARTESIAN_POINT('',(8.71872111197,6.839537728617));
#2394 = CARTESIAN_POINT('',(8.739644927516,6.876679501168));
#2395 = CARTESIAN_POINT('',(8.761470453838,6.909509792853));
#2396 = CARTESIAN_POINT('',(8.7840568859,6.937472178403));
#2397 = CARTESIAN_POINT('',(8.807223861872,6.960298427578));
#2398 = CARTESIAN_POINT('',(8.830746450303,6.978049458233));
#2399 = CARTESIAN_POINT('',(8.854407190953,6.990717608549));
#2400 = CARTESIAN_POINT('',(8.877985997289,6.998313598886));
#2401 = CARTESIAN_POINT('',(8.893505627765,7.));
#2402 = CARTESIAN_POINT('',(8.901179185171,7.));
#2403 = ( GEOMETRIC_REPRESENTATION_CONTEXT(2) 
PARAMETRIC_REPRESENTATION_CONTEXT() REPRESENTATION_CONTEXT('2D SPACE',''
  ) );
#2404 = PCURVE('',#2405,#2410);
#2405 = CYLINDRICAL_SURFACE('',#2406,1.);
#2406 = AXIS2_PLACEMENT_3D('',#2407,#2408,#2409);
#2407 = CARTESIAN_POINT('',(-16.87889265192,9.745033216211,8.));
#2408 = DIRECTION('',(-0.866025403784,0.5,0.));
#2409 = DIRECTION('',(0.353553390593,0.612372435696,0.707106781187));
#2410 = DEFINITIONAL_REPRESENTATION('',(#2411),#2437);
#2411 = B_SPLINE_CURVE_WITH_KNOTS('',3,(#2412,#2413,#2414,#2415,#2416,
    #2417,#2418,#2419,#2420,#2421,#2422,#2423,#2424,#2425,#2426,#2427,
    #2428,#2429,#2430,#2431,#2432,#2433,#2434,#2435,#2436),
  .UNSPECIFIED.,.F.,.F.,(4,1,1,1,1,1,1,1,1,1,1,1,1,1,1,1,1,1,1,1,1,1,4),
  (0.30388005873,0.310786423701,0.317692788673,0.324599153644,
    0.331505518615,0.338411883586,0.345318248557,0.352224613528,
    0.359130978499,0.366037343471,0.372943708442,0.379850073413,
    0.386756438384,0.393662803355,0.400569168326,0.407475533297,
    0.414381898269,0.42128826324,0.428194628211,0.435100993182,
    0.442007358153,0.448913723124,0.455820088095),
  .QUASI_UNIFORM_KNOTS.);
#2412 = CARTESIAN_POINT('',(7.068583470577,-0.161639307673));
#2413 = CARTESIAN_POINT('',(7.045563597468,-0.161639307673));
#2414 = CARTESIAN_POINT('',(6.999008693787,-0.161018156443));
#2415 = CARTESIAN_POINT('',(6.92796373328,-0.158303741313));
#2416 = CARTESIAN_POINT('',(6.856037792,-0.153888323738));
#2417 = CARTESIAN_POINT('',(6.783566845329,-0.147850368026));
#2418 = CARTESIAN_POINT('',(6.710859181087,-0.140280304187));
#2419 = CARTESIAN_POINT('',(6.638175452613,-0.131223920951));
#2420 = CARTESIAN_POINT('',(6.565688171433,-0.121004404316));
#2421 = CARTESIAN_POINT('',(6.493621858395,-0.109928777008));
#2422 = CARTESIAN_POINT('',(6.42231004852,-9.830130669874E-02));
#2423 = CARTESIAN_POINT('',(6.351921257159,-8.639648157391E-02));
#2424 = CARTESIAN_POINT('',(6.283358272499,-7.461066281363E-02));
#2425 = CARTESIAN_POINT('',(6.214799608974,-6.288249910859E-02));
#2426 = CARTESIAN_POINT('',(6.144389632678,-5.112768577842E-02));
#2427 = CARTESIAN_POINT('',(6.073045265635,-3.972768059332E-02));
#2428 = CARTESIAN_POINT('',(6.000936185167,-2.894022794151E-02));
#2429 = CARTESIAN_POINT('',(5.92840039973,-1.905217451355E-02));
#2430 = CARTESIAN_POINT('',(5.85566498625,-1.035767117263E-02));
#2431 = CARTESIAN_POINT('',(5.782909553953,-3.124899124856E-03));
#2432 = CARTESIAN_POINT('',(5.710396164593,2.615974386412E-03));
#2433 = CARTESIAN_POINT('',(5.638435927998,6.794669920475E-03));
#2434 = CARTESIAN_POINT('',(5.567367791571,9.35165975968E-03));
#2435 = CARTESIAN_POINT('',(5.520807023198,9.933567581017E-03));
#2436 = CARTESIAN_POINT('',(5.497787143782,9.933567581033E-03));
#2437 = ( GEOMETRIC_REPRESENTATION_CONTEXT(2) 
PARAMETRIC_REPRESENTATION_CONTEXT() REPRESENTATION_CONTEXT('2D SPACE',''
  ) );
#2438 = ORIENTED_EDGE('',*,*,#2439,.T.);
#2439 = EDGE_CURVE('',#2361,#2440,#2442,.T.);
#2440 = VERTEX_POINT('',#2441);
#2441 = CARTESIAN_POINT('',(-17.23890890522,8.798188158589,8.));
#2442 = SURFACE_CURVE('',#2443,(#2454,#2483),.PCURVE_S1.);
#2443 = B_SPLINE_CURVE_WITH_KNOTS('',3,(#2444,#2445,#2446,#2447,#2448,
    #2449,#2450,#2451,#2452,#2453),.UNSPECIFIED.,.F.,.F.,(4,2,2,2,4),(
    0.151940029365,0.189916225925,0.227892422486,0.265886240608,
    0.30388005873),.UNSPECIFIED.);
#2444 = CARTESIAN_POINT('',(-16.88749537379,9.750000000001,9.));
#2445 = CARTESIAN_POINT('',(-16.95078903473,9.640372163466,9.));
#2446 = CARTESIAN_POINT('',(-17.0103594795,9.519597885357,8.974504420803
    ));
#2447 = CARTESIAN_POINT('',(-17.10590565261,9.290576210802,
    8.872143486117));
#2448 = CARTESIAN_POINT('',(-17.1422678931,9.182467272503,8.795329543228
    ));
#2449 = CARTESIAN_POINT('',(-17.19344155209,9.008223386932,
    8.618843082373));
#2450 = CARTESIAN_POINT('',(-17.2117942862,8.930158632393,8.507053179958
    ));
#2451 = CARTESIAN_POINT('',(-17.23429441758,8.824980001887,
    8.261001973464));
#2452 = CARTESIAN_POINT('',(-17.23890890522,8.798188158589,
    8.126646060408));
#2453 = CARTESIAN_POINT('',(-17.23890890522,8.798188158589,8.));
#2454 = PCURVE('',#1513,#2455);
#2455 = DEFINITIONAL_REPRESENTATION('',(#2456),#2482);
#2456 = B_SPLINE_CURVE_WITH_KNOTS('',3,(#2457,#2458,#2459,#2460,#2461,
    #2462,#2463,#2464,#2465,#2466,#2467,#2468,#2469,#2470,#2471,#2472,
    #2473,#2474,#2475,#2476,#2477,#2478,#2479,#2480,#2481),
  .UNSPECIFIED.,.F.,.F.,(4,1,1,1,1,1,1,1,1,1,1,1,1,1,1,1,1,1,1,1,1,1,4),
  (0.151940029365,0.158846394336,0.165752759307,0.172659124279,
    0.17956548925,0.186471854221,0.193378219192,0.200284584163,
    0.207190949134,0.214097314105,0.221003679077,0.227910044048,
    0.234816409019,0.24172277399,0.248629138961,0.255535503932,
    0.262441868903,0.269348233875,0.276254598846,0.283160963817,
    0.290067328788,0.296973693759,0.30388005873),.QUASI_UNIFORM_KNOTS.);
#2457 = CARTESIAN_POINT('',(8.901179185171,7.));
#2458 = CARTESIAN_POINT('',(8.908852742577,7.));
#2459 = CARTESIAN_POINT('',(8.924372373053,6.998313598886));
#2460 = CARTESIAN_POINT('',(8.947951179388,6.990717608549));
#2461 = CARTESIAN_POINT('',(8.971611920038,6.978049458233));
#2462 = CARTESIAN_POINT('',(8.99513450847,6.960298427578));
#2463 = CARTESIAN_POINT('',(9.018301484441,6.937472178403));
#2464 = CARTESIAN_POINT('',(9.040887916504,6.909509792853));
#2465 = CARTESIAN_POINT('',(9.062713442825,6.876679501168));
#2466 = CARTESIAN_POINT('',(9.083637258372,6.839537728617));
#2467 = CARTESIAN_POINT('',(9.103493521782,6.798613686165));
#2468 = CARTESIAN_POINT('',(9.122164040251,6.754314159605));
#2469 = CARTESIAN_POINT('',(9.1393489161,6.707562849731));
#2470 = CARTESIAN_POINT('',(9.155414883021,6.657338175614));
#2471 = CARTESIAN_POINT('',(9.170695076082,6.60257450434));
#2472 = CARTESIAN_POINT('',(9.184864561054,6.544119376949));
#2473 = CARTESIAN_POINT('',(9.197771179662,6.48230581503));
#2474 = CARTESIAN_POINT('',(9.209220229685,6.417611744018));
#2475 = CARTESIAN_POINT('',(9.219007224734,6.350449993415));
#2476 = CARTESIAN_POINT('',(9.227016131105,6.281365372087));
#2477 = CARTESIAN_POINT('',(9.233261034242,6.211070092555));
#2478 = CARTESIAN_POINT('',(9.23772990709,6.140243345966));
#2479 = CARTESIAN_POINT('',(9.240417294107,6.069573174556));
#2480 = CARTESIAN_POINT('',(9.241016081118,6.02302121657));
#2481 = CARTESIAN_POINT('',(9.241016094625,6.));
#2482 = ( GEOMETRIC_REPRESENTATION_CONTEXT(2) 
PARAMETRIC_REPRESENTATION_CONTEXT() REPRESENTATION_CONTEXT('2D SPACE',''
  ) );
#2483 = PCURVE('',#2405,#2484);
#2484 = DEFINITIONAL_REPRESENTATION('',(#2485),#2511);
#2485 = B_SPLINE_CURVE_WITH_KNOTS('',3,(#2486,#2487,#2488,#2489,#2490,
    #2491,#2492,#2493,#2494,#2495,#2496,#2497,#2498,#2499,#2500,#2501,
    #2502,#2503,#2504,#2505,#2506,#2507,#2508,#2509,#2510),
  .UNSPECIFIED.,.F.,.F.,(4,1,1,1,1,1,1,1,1,1,1,1,1,1,1,1,1,1,1,1,1,1,4),
  (0.151940029365,0.158846394336,0.165752759307,0.172659124279,
    0.17956548925,0.186471854221,0.193378219192,0.200284584163,
    0.207190949134,0.214097314105,0.221003679077,0.227910044048,
    0.234816409019,0.24172277399,0.248629138961,0.255535503932,
    0.262441868903,0.269348233875,0.276254598846,0.283160963817,
    0.290067328788,0.296973693759,0.30388005873),.QUASI_UNIFORM_KNOTS.);
#2486 = CARTESIAN_POINT('',(5.497787143781,9.933567581001E-03));
#2487 = CARTESIAN_POINT('',(5.474767264365,9.933567581E-03));
#2488 = CARTESIAN_POINT('',(5.428206495992,9.351659759686E-03));
#2489 = CARTESIAN_POINT('',(5.357138359565,6.794669920501E-03));
#2490 = CARTESIAN_POINT('',(5.28517812297,2.615974386428E-03));
#2491 = CARTESIAN_POINT('',(5.21266473361,-3.124899124819E-03));
#2492 = CARTESIAN_POINT('',(5.139909301313,-1.035767117258E-02));
#2493 = CARTESIAN_POINT('',(5.067173887833,-1.905217451347E-02));
#2494 = CARTESIAN_POINT('',(4.994638102396,-2.894022794141E-02));
#2495 = CARTESIAN_POINT('',(4.922529021928,-3.972768059321E-02));
#2496 = CARTESIAN_POINT('',(4.851184654885,-5.11276857783E-02));
#2497 = CARTESIAN_POINT('',(4.780774678589,-6.288249910845E-02));
#2498 = CARTESIAN_POINT('',(4.712216015065,-7.461066281347E-02));
#2499 = CARTESIAN_POINT('',(4.643653030405,-8.639648157373E-02));
#2500 = CARTESIAN_POINT('',(4.573264239044,-9.830130669854E-02));
#2501 = CARTESIAN_POINT('',(4.501952429169,-0.109928777008));
#2502 = CARTESIAN_POINT('',(4.429886116131,-0.121004404316));
#2503 = CARTESIAN_POINT('',(4.357398834951,-0.131223920951));
#2504 = CARTESIAN_POINT('',(4.284715106477,-0.140280304187));
#2505 = CARTESIAN_POINT('',(4.212007442235,-0.147850368026));
#2506 = CARTESIAN_POINT('',(4.139536495564,-0.153888323738));
#2507 = CARTESIAN_POINT('',(4.067610554284,-0.158303741313));
#2508 = CARTESIAN_POINT('',(3.996565593777,-0.161018156443));
#2509 = CARTESIAN_POINT('',(3.950010690096,-0.161639307673));
#2510 = CARTESIAN_POINT('',(3.926990816987,-0.161639307673));
#2511 = ( GEOMETRIC_REPRESENTATION_CONTEXT(2) 
PARAMETRIC_REPRESENTATION_CONTEXT() REPRESENTATION_CONTEXT('2D SPACE',''
  ) );
#2512 = ORIENTED_EDGE('',*,*,#2513,.F.);
#2513 = EDGE_CURVE('',#2514,#2440,#2516,.T.);
#2514 = VERTEX_POINT('',#2515);
#2515 = CARTESIAN_POINT('',(-17.23890890522,8.798188158589,3.));
#2516 = SURFACE_CURVE('',#2517,(#2521,#2528),.PCURVE_S1.);
#2517 = LINE('',#2518,#2519);
#2518 = CARTESIAN_POINT('',(-17.23890890522,8.798188158589,2.));
#2519 = VECTOR('',#2520,1.);
#2520 = DIRECTION('',(0.,0.,1.));
#2521 = PCURVE('',#1513,#2522);
#2522 = DEFINITIONAL_REPRESENTATION('',(#2523),#2527);
#2523 = LINE('',#2524,#2525);
#2524 = CARTESIAN_POINT('',(9.241016094625,0.));
#2525 = VECTOR('',#2526,1.);
#2526 = DIRECTION('',(0.,1.));
#2527 = ( GEOMETRIC_REPRESENTATION_CONTEXT(2) 
PARAMETRIC_REPRESENTATION_CONTEXT() REPRESENTATION_CONTEXT('2D SPACE',''
  ) );
#2528 = PCURVE('',#2529,#2534);
#2529 = PLANE('',#2530);
#2530 = AXIS2_PLACEMENT_3D('',#2531,#2532,#2533);
#2531 = CARTESIAN_POINT('',(-17.798843892,9.121466773935,2.));
#2532 = DIRECTION('',(-0.5,-0.866025403784,0.));
#2533 = DIRECTION('',(0.866025403784,-0.5,0.));
#2534 = DEFINITIONAL_REPRESENTATION('',(#2535),#2539);
#2535 = LINE('',#2536,#2537);
#2536 = CARTESIAN_POINT('',(0.646557230692,0.));
#2537 = VECTOR('',#2538,1.);
#2538 = DIRECTION('',(0.,1.));
#2539 = ( GEOMETRIC_REPRESENTATION_CONTEXT(2) 
PARAMETRIC_REPRESENTATION_CONTEXT() REPRESENTATION_CONTEXT('2D SPACE',''
  ) );
#2540 = ORIENTED_EDGE('',*,*,#2541,.T.);
#2541 = EDGE_CURVE('',#2514,#2542,#2544,.T.);
#2542 = VERTEX_POINT('',#2543);
#2543 = CARTESIAN_POINT('',(-17.28941916244,8.249999996889,
    2.133974593105));
#2544 = SURFACE_CURVE('',#2545,(#2554,#2583),.PCURVE_S1.);
#2545 = B_SPLINE_CURVE_WITH_KNOTS('',3,(#2546,#2547,#2548,#2549,#2550,
    #2551,#2552,#2553),.UNSPECIFIED.,.F.,.F.,(4,2,2,4),(0.434297971902,
    0.471352737522,0.508407503142,0.538656253089),.UNSPECIFIED.);
#2546 = CARTESIAN_POINT('',(-17.23890890522,8.798188158589,3.));
#2547 = CARTESIAN_POINT('',(-17.23890890522,8.798188158589,
    2.876484114599));
#2548 = CARTESIAN_POINT('',(-17.24394865061,8.772932976175,
    2.745127544203));
#2549 = CARTESIAN_POINT('',(-17.260295384,8.670235712422,2.50500983757)
  );
#2550 = CARTESIAN_POINT('',(-17.27113564153,8.592587403687,
    2.396305404216));
#2551 = CARTESIAN_POINT('',(-17.28486094877,8.4307183738,2.241577464232)
  );
#2552 = CARTESIAN_POINT('',(-17.28941916263,8.344501121897,
    2.181225156428));
#2553 = CARTESIAN_POINT('',(-17.28941916244,8.249999993779,
    2.133974593105));
#2554 = PCURVE('',#1513,#2555);
#2555 = DEFINITIONAL_REPRESENTATION('',(#2556),#2582);
#2556 = B_SPLINE_CURVE_WITH_KNOTS('',3,(#2557,#2558,#2559,#2560,#2561,
    #2562,#2563,#2564,#2565,#2566,#2567,#2568,#2569,#2570,#2571,#2572,
    #2573,#2574,#2575,#2576,#2577,#2578,#2579,#2580,#2581),
  .UNSPECIFIED.,.F.,.F.,(4,1,1,1,1,1,1,1,1,1,1,1,1,1,1,1,1,1,1,1,1,1,4),
  (0.434297971902,0.439041530137,0.443785088373,0.448528646609,
    0.453272204845,0.458015763081,0.462759321316,0.467502879552,
    0.472246437788,0.476989996024,0.481733554259,0.486477112495,
    0.491220670731,0.495964228967,0.500707787203,0.505451345438,
    0.510194903674,0.51493846191,0.519682020146,0.524425578381,
    0.529169136617,0.533912694853,0.538656253089),
  .QUASI_UNIFORM_KNOTS.);
#2557 = CARTESIAN_POINT('',(9.241016094625,1.));
#2558 = CARTESIAN_POINT('',(9.241016095839,0.984188139214));
#2559 = CARTESIAN_POINT('',(9.241297428336,0.952307434565));
#2560 = CARTESIAN_POINT('',(9.242565410106,0.903956329724));
#2561 = CARTESIAN_POINT('',(9.24468134833,0.855316074306));
#2562 = CARTESIAN_POINT('',(9.247647284276,0.806627579858));
#2563 = CARTESIAN_POINT('',(9.251465294353,0.758131704974));
#2564 = CARTESIAN_POINT('',(9.25613769158,0.710069505803));
#2565 = CARTESIAN_POINT('',(9.261666298655,0.66268130123));
#2566 = CARTESIAN_POINT('',(9.268055086818,0.616210161644));
#2567 = CARTESIAN_POINT('',(9.27530016919,0.570888895182));
#2568 = CARTESIAN_POINT('',(9.283332198871,0.526864832751));
#2569 = CARTESIAN_POINT('',(9.292087814136,0.484292369397));
#2570 = CARTESIAN_POINT('',(9.301501980374,0.443325163486));
#2571 = CARTESIAN_POINT('',(9.311511739421,0.404112755957));
#2572 = CARTESIAN_POINT('',(9.322049096532,0.366821894133));
#2573 = CARTESIAN_POINT('',(9.333066044436,0.331554617237));
#2574 = CARTESIAN_POINT('',(9.344441994963,0.298654590503));
#2575 = CARTESIAN_POINT('',(9.35645329731,0.267152871676));
#2576 = CARTESIAN_POINT('',(9.369063766032,0.237129315683));
#2577 = CARTESIAN_POINT('',(9.382233096734,0.208677341822));
#2578 = CARTESIAN_POINT('',(9.395922716772,0.18188673474));
#2579 = CARTESIAN_POINT('',(9.410094215473,0.156848253317));
#2580 = CARTESIAN_POINT('',(9.419838185703,0.1413843472));
#2581 = CARTESIAN_POINT('',(9.424777962843,0.133974593105));
#2582 = ( GEOMETRIC_REPRESENTATION_CONTEXT(2) 
PARAMETRIC_REPRESENTATION_CONTEXT() REPRESENTATION_CONTEXT('2D SPACE',''
  ) );
#2583 = PCURVE('',#1480,#2584);
#2584 = DEFINITIONAL_REPRESENTATION('',(#2585),#2611);
#2585 = B_SPLINE_CURVE_WITH_KNOTS('',3,(#2586,#2587,#2588,#2589,#2590,
    #2591,#2592,#2593,#2594,#2595,#2596,#2597,#2598,#2599,#2600,#2601,
    #2602,#2603,#2604,#2605,#2606,#2607,#2608,#2609,#2610),
  .UNSPECIFIED.,.F.,.F.,(4,1,1,1,1,1,1,1,1,1,1,1,1,1,1,1,1,1,1,1,1,1,4),
  (0.434297971902,0.439041530137,0.443785088373,0.448528646609,
    0.453272204845,0.458015763081,0.462759321316,0.467502879552,
    0.472246437788,0.476989996024,0.481733554259,0.486477112495,
    0.491220670731,0.495964228967,0.500707787203,0.505451345438,
    0.510194903674,0.51493846191,0.519682020146,0.524425578381,
    0.529169136617,0.533912694853,0.538656253089),
  .QUASI_UNIFORM_KNOTS.);
#2586 = CARTESIAN_POINT('',(7.068583470577,-9.340934947027));
#2587 = CARTESIAN_POINT('',(7.052772147331,-9.340934947027));
#2588 = CARTESIAN_POINT('',(7.020890388046,-9.340664120524));
#2589 = CARTESIAN_POINT('',(6.972415399243,-9.339419351452));
#2590 = CARTESIAN_POINT('',(6.923411342939,-9.337309985617));
#2591 = CARTESIAN_POINT('',(6.874007472956,-9.334310017299));
#2592 = CARTESIAN_POINT('',(6.824332052542,-9.33039321151));
#2593 = CARTESIAN_POINT('',(6.774508883217,-9.325534188618));
#2594 = CARTESIAN_POINT('',(6.724653278681,-9.319704376824));
#2595 = CARTESIAN_POINT('',(6.674866595486,-9.312887117646));
#2596 = CARTESIAN_POINT('',(6.625238647822,-9.30501634424));
#2597 = CARTESIAN_POINT('',(6.575856576031,-9.29611165147));
#2598 = CARTESIAN_POINT('',(6.526826757012,-9.286203786702));
#2599 = CARTESIAN_POINT('',(6.478272012192,-9.275320941124));
#2600 = CARTESIAN_POINT('',(6.430320122547,-9.263490378129));
#2601 = CARTESIAN_POINT('',(6.383127966721,-9.250745628472));
#2602 = CARTESIAN_POINT('',(6.336771710165,-9.23709608126));
#2603 = CARTESIAN_POINT('',(6.29163811191,-9.222641424826));
#2604 = CARTESIAN_POINT('',(6.246417218917,-9.206991266559));
#2605 = CARTESIAN_POINT('',(6.201162814817,-9.190142061745));
#2606 = CARTESIAN_POINT('',(6.155951281742,-9.172095899123));
#2607 = CARTESIAN_POINT('',(6.110857416463,-9.152853357917));
#2608 = CARTESIAN_POINT('',(6.065958405718,-9.132415421962));
#2609 = CARTESIAN_POINT('',(6.036205159826,-9.117993784761));
#2610 = CARTESIAN_POINT('',(6.021385913159,-9.110584030523));
#2611 = ( GEOMETRIC_REPRESENTATION_CONTEXT(2) 
PARAMETRIC_REPRESENTATION_CONTEXT() REPRESENTATION_CONTEXT('2D SPACE',''
  ) );
#2612 = ORIENTED_EDGE('',*,*,#2613,.T.);
#2613 = EDGE_CURVE('',#2542,#2614,#2616,.T.);
#2614 = VERTEX_POINT('',#2615);
#2615 = CARTESIAN_POINT('',(-17.28941916244,8.25,11.));
#2616 = SEAM_CURVE('',#2617,(#2621,#2628),.PCURVE_S1.);
#2617 = LINE('',#2618,#2619);
#2618 = CARTESIAN_POINT('',(-17.28941916244,8.25,2.));
#2619 = VECTOR('',#2620,1.);
#2620 = DIRECTION('',(0.,0.,1.));
#2621 = PCURVE('',#1513,#2622);
#2622 = DEFINITIONAL_REPRESENTATION('',(#2623),#2627);
#2623 = LINE('',#2624,#2625);
#2624 = CARTESIAN_POINT('',(9.424777960769,0.));
#2625 = VECTOR('',#2626,1.);
#2626 = DIRECTION('',(0.,1.));
#2627 = ( GEOMETRIC_REPRESENTATION_CONTEXT(2) 
PARAMETRIC_REPRESENTATION_CONTEXT() REPRESENTATION_CONTEXT('2D SPACE',''
  ) );
#2628 = PCURVE('',#1513,#2629);
#2629 = DEFINITIONAL_REPRESENTATION('',(#2630),#2634);
#2630 = LINE('',#2631,#2632);
#2631 = CARTESIAN_POINT('',(3.14159265359,0.));
#2632 = VECTOR('',#2633,1.);
#2633 = DIRECTION('',(0.,1.));
#2634 = ( GEOMETRIC_REPRESENTATION_CONTEXT(2) 
PARAMETRIC_REPRESENTATION_CONTEXT() REPRESENTATION_CONTEXT('2D SPACE',''
  ) );
#2635 = ORIENTED_EDGE('',*,*,#2636,.F.);
#2636 = EDGE_CURVE('',#2614,#2614,#2637,.T.);
#2637 = SURFACE_CURVE('',#2638,(#2643,#2650),.PCURVE_S1.);
#2638 = CIRCLE('',#2639,3.);
#2639 = AXIS2_PLACEMENT_3D('',#2640,#2641,#2642);
#2640 = CARTESIAN_POINT('',(-14.28941916244,8.25,11.));
#2641 = DIRECTION('',(0.,0.,1.));
#2642 = DIRECTION('',(1.,0.,-0.));
#2643 = PCURVE('',#1513,#2644);
#2644 = DEFINITIONAL_REPRESENTATION('',(#2645),#2649);
#2645 = LINE('',#2646,#2647);
#2646 = CARTESIAN_POINT('',(0.,9.));
#2647 = VECTOR('',#2648,1.);
#2648 = DIRECTION('',(1.,0.));
#2649 = ( GEOMETRIC_REPRESENTATION_CONTEXT(2) 
PARAMETRIC_REPRESENTATION_CONTEXT() REPRESENTATION_CONTEXT('2D SPACE',''
  ) );
#2650 = PCURVE('',#2651,#2656);
#2651 = PLANE('',#2652);
#2652 = AXIS2_PLACEMENT_3D('',#2653,#2654,#2655);
#2653 = CARTESIAN_POINT('',(-14.28941916244,8.25,11.));
#2654 = DIRECTION('',(0.,0.,-1.));
#2655 = DIRECTION('',(1.,0.,0.));
#2656 = DEFINITIONAL_REPRESENTATION('',(#2657),#2665);
#2657 = ( BOUNDED_CURVE() B_SPLINE_CURVE(2,(#2658,#2659,#2660,#2661,
#2662,#2663,#2664),.UNSPECIFIED.,.T.,.F.) B_SPLINE_CURVE_WITH_KNOTS((1,2
    ,2,2,2,1),(-2.094395102393,0.,2.094395102393,4.188790204786,
6.28318530718,8.377580409573),.UNSPECIFIED.) CURVE() 
GEOMETRIC_REPRESENTATION_ITEM() RATIONAL_B_SPLINE_CURVE((1.,0.5,1.,0.5,
1.,0.5,1.)) REPRESENTATION_ITEM('') );
#2658 = CARTESIAN_POINT('',(3.,0.));
#2659 = CARTESIAN_POINT('',(3.,-5.196152422707));
#2660 = CARTESIAN_POINT('',(-1.5,-2.598076211353));
#2661 = CARTESIAN_POINT('',(-6.,-7.347880794884E-16));
#2662 = CARTESIAN_POINT('',(-1.5,2.598076211353));
#2663 = CARTESIAN_POINT('',(3.,5.196152422707));
#2664 = CARTESIAN_POINT('',(3.,0.));
#2665 = ( GEOMETRIC_REPRESENTATION_CONTEXT(2) 
PARAMETRIC_REPRESENTATION_CONTEXT() REPRESENTATION_CONTEXT('2D SPACE',''
  ) );
#2666 = ORIENTED_EDGE('',*,*,#2613,.F.);
#2667 = ORIENTED_EDGE('',*,*,#2668,.T.);
#2668 = EDGE_CURVE('',#2542,#1465,#2669,.T.);
#2669 = SURFACE_CURVE('',#2670,(#2677,#2706),.PCURVE_S1.);
#2670 = B_SPLINE_CURVE_WITH_KNOTS('',3,(#2671,#2672,#2673,#2674,#2675,
    #2676),.UNSPECIFIED.,.F.,.F.,(4,2,4),(0.538656253089,0.554021308339,
    0.599635113535),.UNSPECIFIED.);
#2671 = CARTESIAN_POINT('',(-17.28941916244,8.249999993779,
    2.133974593105));
#2672 = CARTESIAN_POINT('',(-17.28941916234,8.201997512443,2.10997335281
    ));
#2673 = CARTESIAN_POINT('',(-17.28825459866,8.151896295802,
    2.089274907656));
#2674 = CARTESIAN_POINT('',(-17.27810248442,7.948297607753,
    2.020545125026));
#2675 = CARTESIAN_POINT('',(-17.2570304395,7.784810469112,2.));
#2676 = CARTESIAN_POINT('',(-17.22591083554,7.635983181182,2.));
#2677 = PCURVE('',#1513,#2678);
#2678 = DEFINITIONAL_REPRESENTATION('',(#2679),#2705);
#2679 = B_SPLINE_CURVE_WITH_KNOTS('',3,(#2680,#2681,#2682,#2683,#2684,
    #2685,#2686,#2687,#2688,#2689,#2690,#2691,#2692,#2693,#2694,#2695,
    #2696,#2697,#2698,#2699,#2700,#2701,#2702,#2703,#2704),
  .UNSPECIFIED.,.F.,.F.,(4,1,1,1,1,1,1,1,1,1,1,1,1,1,1,1,1,1,1,1,1,1,4),
  (0.538656253089,0.541428019473,0.544199785857,0.54697155224,
    0.549743318624,0.552515085008,0.555286851392,0.558058617776,
    0.56083038416,0.563602150544,0.566373916928,0.569145683312,
    0.571917449696,0.57468921608,0.577460982464,0.580232748848,
    0.583004515232,0.585776281615,0.588548047999,0.591319814383,
    0.594091580767,0.596863347151,0.599635113535),
  .QUASI_UNIFORM_KNOTS.);
#2680 = CARTESIAN_POINT('',(3.141592655664,0.133974593105));
#2681 = CARTESIAN_POINT('',(3.144479114964,0.12964490929));
#2682 = CARTESIAN_POINT('',(3.150297552825,0.121200502576));
#2683 = CARTESIAN_POINT('',(3.159151946057,0.109181494576));
#2684 = CARTESIAN_POINT('',(3.168123253425,9.781285917559E-02));
#2685 = CARTESIAN_POINT('',(3.177201656,8.709718770953E-02));
#2686 = CARTESIAN_POINT('',(3.186377601741,7.703773708454E-02));
#2687 = CARTESIAN_POINT('',(3.195640795134,6.763528111437E-02));
#2688 = CARTESIAN_POINT('',(3.204987026033,5.891317827877E-02));
#2689 = CARTESIAN_POINT('',(3.21440512649,5.085392151809E-02));
#2690 = CARTESIAN_POINT('',(3.223884487778,4.344458309682E-02));
#2691 = CARTESIAN_POINT('',(3.23341427496,3.667100825325E-02));
#2692 = CARTESIAN_POINT('',(3.242983648074,3.051937100636E-02));
#2693 = CARTESIAN_POINT('',(3.25258171461,2.497575727859E-02));
#2694 = CARTESIAN_POINT('',(3.262197554808,2.00262765978E-02));
#2695 = CARTESIAN_POINT('',(3.271820228051,1.565703216679E-02));
#2696 = CARTESIAN_POINT('',(3.281438784733,1.185412888314E-02));
#2697 = CARTESIAN_POINT('',(3.291042276868,8.603671190322E-03));
#2698 = CARTESIAN_POINT('',(3.300619768974,5.891763653501E-03));
#2699 = CARTESIAN_POINT('',(3.310160348834,3.704510805218E-03));
#2700 = CARTESIAN_POINT('',(3.319653137157,2.028017186762E-03));
#2701 = CARTESIAN_POINT('',(3.329087299508,8.48387337076E-04));
#2702 = CARTESIAN_POINT('',(3.338452046974,1.517257957322E-04));
#2703 = CARTESIAN_POINT('',(3.344641799286,-6.185330505214E-17));
#2704 = CARTESIAN_POINT('',(3.347721534218,0.));
#2705 = ( GEOMETRIC_REPRESENTATION_CONTEXT(2) 
PARAMETRIC_REPRESENTATION_CONTEXT() REPRESENTATION_CONTEXT('2D SPACE',''
  ) );
#2706 = PCURVE('',#1480,#2707);
#2707 = DEFINITIONAL_REPRESENTATION('',(#2708),#2734);
#2708 = B_SPLINE_CURVE_WITH_KNOTS('',3,(#2709,#2710,#2711,#2712,#2713,
    #2714,#2715,#2716,#2717,#2718,#2719,#2720,#2721,#2722,#2723,#2724,
    #2725,#2726,#2727,#2728,#2729,#2730,#2731,#2732,#2733),
  .UNSPECIFIED.,.F.,.F.,(4,1,1,1,1,1,1,1,1,1,1,1,1,1,1,1,1,1,1,1,1,1,4),
  (0.538656253089,0.541428019473,0.544199785857,0.54697155224,
    0.549743318624,0.552515085008,0.555286851392,0.558058617776,
    0.56083038416,0.563602150544,0.566373916928,0.569145683312,
    0.571917449696,0.57468921608,0.577460982464,0.580232748848,
    0.583004515232,0.585776281615,0.588548047999,0.591319814383,
    0.594091580767,0.596863347151,0.599635113535),
  .QUASI_UNIFORM_KNOTS.);
#2709 = CARTESIAN_POINT('',(6.021385913159,-9.110584030523));
#2710 = CARTESIAN_POINT('',(6.012726610283,-9.106254346626));
#2711 = CARTESIAN_POINT('',(5.995445609221,-9.097461039291));
#2712 = CARTESIAN_POINT('',(5.969648957474,-9.083878120736));
#2713 = CARTESIAN_POINT('',(5.943988928106,-9.069911021465));
#2714 = CARTESIAN_POINT('',(5.918478215029,-9.055568813137));
#2715 = CARTESIAN_POINT('',(5.893130144743,-9.040859472356));
#2716 = CARTESIAN_POINT('',(5.867957879881,-9.025795061122));
#2717 = CARTESIAN_POINT('',(5.842982516047,-9.010354985709));
#2718 = CARTESIAN_POINT('',(5.818206349691,-8.99456429663));
#2719 = CARTESIAN_POINT('',(5.793635723608,-8.978443415663));
#2720 = CARTESIAN_POINT('',(5.769277722073,-8.962014004853));
#2721 = CARTESIAN_POINT('',(5.745140939634,-8.945297393915));
#2722 = CARTESIAN_POINT('',(5.721235154804,-8.928315001612));
#2723 = CARTESIAN_POINT('',(5.697571294439,-8.911088222847));
#2724 = CARTESIAN_POINT('',(5.674161318445,-8.893638458915));
#2725 = CARTESIAN_POINT('',(5.651018125149,-8.875987109401));
#2726 = CARTESIAN_POINT('',(5.628155451759,-8.858155574345));
#2727 = CARTESIAN_POINT('',(5.605587777832,-8.840165253667));
#2728 = CARTESIAN_POINT('',(5.583330232045,-8.822037547319));
#2729 = CARTESIAN_POINT('',(5.561398499892,-8.803793855243));
#2730 = CARTESIAN_POINT('',(5.539808748446,-8.785455577386));
#2731 = CARTESIAN_POINT('',(5.518577513005,-8.767044113691));
#2732 = CARTESIAN_POINT('',(5.504673675681,-8.754735280634));
#2733 = CARTESIAN_POINT('',(5.497787143782,-8.748575799781));
#2734 = ( GEOMETRIC_REPRESENTATION_CONTEXT(2) 
PARAMETRIC_REPRESENTATION_CONTEXT() REPRESENTATION_CONTEXT('2D SPACE',''
  ) );
#2735 = ORIENTED_EDGE('',*,*,#1492,.T.);
#2736 = ORIENTED_EDGE('',*,*,#2737,.T.);
#2737 = EDGE_CURVE('',#1493,#2738,#2740,.T.);
#2738 = VERTEX_POINT('',#2739);
#2739 = CARTESIAN_POINT('',(-12.33992941966,5.969761033843,3.));
#2740 = SURFACE_CURVE('',#2741,(#2752,#2781),.PCURVE_S1.);
#2741 = B_SPLINE_CURVE_WITH_KNOTS('',3,(#2742,#2743,#2744,#2745,#2746,
    #2747,#2748,#2749,#2750,#2751),.UNSPECIFIED.,.F.,.F.,(4,2,2,2,4),(
    0.268960830268,0.313212166122,0.357463501975,0.395871154168,
    0.434278806362),.UNSPECIFIED.);
#2742 = CARTESIAN_POINT('',(-13.35292748933,5.399915203681,2.));
#2743 = CARTESIAN_POINT('',(-13.21279408985,5.445960767626,2.));
#2744 = CARTESIAN_POINT('',(-13.06492608139,5.507232188952,
    2.019312147372));
#2745 = CARTESIAN_POINT('',(-12.7994226198,5.641922449527,2.116050977829
    ));
#2746 = CARTESIAN_POINT('',(-12.68172382152,5.714786369029,
    2.194074699644));
#2747 = CARTESIAN_POINT('',(-12.51308348174,5.830564987439,
    2.378662094291));
#2748 = CARTESIAN_POINT('',(-12.44703049969,5.881733848681,
    2.489488992738));
#2749 = CARTESIAN_POINT('',(-12.36069273398,5.95150164378,2.73618109379)
  );
#2750 = CARTESIAN_POINT('',(-12.33992941966,5.969761033843,
    2.871974492689));
#2751 = CARTESIAN_POINT('',(-12.33992941966,5.969761033843,3.));
#2752 = PCURVE('',#1513,#2753);
#2753 = DEFINITIONAL_REPRESENTATION('',(#2754),#2780);
#2754 = B_SPLINE_CURVE_WITH_KNOTS('',3,(#2755,#2756,#2757,#2758,#2759,
    #2760,#2761,#2762,#2763,#2764,#2765,#2766,#2767,#2768,#2769,#2770,
    #2771,#2772,#2773,#2774,#2775,#2776,#2777,#2778,#2779),
  .UNSPECIFIED.,.F.,.F.,(4,1,1,1,1,1,1,1,1,1,1,1,1,1,1,1,1,1,1,1,1,1,4),
  (0.268960830268,0.276475283727,0.283989737186,0.291504190645,
    0.299018644104,0.306533097562,0.314047551021,0.32156200448,
    0.329076457939,0.336590911397,0.344105364856,0.351619818315,
    0.359134271774,0.366648725233,0.374163178691,0.38167763215,
    0.389192085609,0.396706539068,0.404220992527,0.411735445985,
    0.419249899444,0.426764352903,0.434278806362),
  .QUASI_UNIFORM_KNOTS.);
#2755 = CARTESIAN_POINT('',(5.029858875354,0.));
#2756 = CARTESIAN_POINT('',(5.038208058197,-8.134151266232E-17));
#2757 = CARTESIAN_POINT('',(5.055139887585,1.113795944106E-03));
#2758 = CARTESIAN_POINT('',(5.081013618371,6.412127338116E-03));
#2759 = CARTESIAN_POINT('',(5.107139568486,1.562462679312E-02));
#2760 = CARTESIAN_POINT('',(5.133291740949,2.903684161062E-02));
#2761 = CARTESIAN_POINT('',(5.159244288512,4.693797128105E-02));
#2762 = CARTESIAN_POINT('',(5.184774415919,6.960358982079E-02));
#2763 = CARTESIAN_POINT('',(5.209657621814,9.73631999019E-02));
#2764 = CARTESIAN_POINT('',(5.233726723047,0.129964587289));
#2765 = CARTESIAN_POINT('',(5.256814482294,0.167153962737));
#2766 = CARTESIAN_POINT('',(5.278733346664,0.208636898225));
#2767 = CARTESIAN_POINT('',(5.299352371321,0.254283095845));
#2768 = CARTESIAN_POINT('',(5.318315772317,0.303346376018));
#2769 = CARTESIAN_POINT('',(5.336209726476,0.357696560297));
#2770 = CARTESIAN_POINT('',(5.352952597947,0.417204930438));
#2771 = CARTESIAN_POINT('',(5.368256515534,0.48119230431));
#2772 = CARTESIAN_POINT('',(5.381888497146,0.549123481505));
#2773 = CARTESIAN_POINT('',(5.393589002436,0.620437798608));
#2774 = CARTESIAN_POINT('',(5.403140634781,0.694531377139));
#2775 = CARTESIAN_POINT('',(5.410566850795,0.770468670451));
#2776 = CARTESIAN_POINT('',(5.41586640753,0.847348574507));
#2777 = CARTESIAN_POINT('',(5.419044103143,0.92426075323));
#2778 = CARTESIAN_POINT('',(5.419749599967,0.974951821804));
#2779 = CARTESIAN_POINT('',(5.419749622127,1.));
#2780 = ( GEOMETRIC_REPRESENTATION_CONTEXT(2) 
PARAMETRIC_REPRESENTATION_CONTEXT() REPRESENTATION_CONTEXT('2D SPACE',''
  ) );
#2781 = PCURVE('',#1541,#2782);
#2782 = DEFINITIONAL_REPRESENTATION('',(#2783),#2809);
#2783 = B_SPLINE_CURVE_WITH_KNOTS('',3,(#2784,#2785,#2786,#2787,#2788,
    #2789,#2790,#2791,#2792,#2793,#2794,#2795,#2796,#2797,#2798,#2799,
    #2800,#2801,#2802,#2803,#2804,#2805,#2806,#2807,#2808),
  .UNSPECIFIED.,.F.,.F.,(4,1,1,1,1,1,1,1,1,1,1,1,1,1,1,1,1,1,1,1,1,1,4),
  (0.268960830268,0.276475283727,0.283989737186,0.291504190645,
    0.299018644104,0.306533097562,0.314047551021,0.32156200448,
    0.329076457939,0.336590911397,0.344105364856,0.351619818315,
    0.359134271774,0.366648725233,0.374163178691,0.38167763215,
    0.389192085609,0.396706539068,0.404220992527,0.411735445985,
    0.419249899444,0.426764352903,0.434278806362),
  .QUASI_UNIFORM_KNOTS.);
#2784 = CARTESIAN_POINT('',(5.497787143782,-7.428145584873));
#2785 = CARTESIAN_POINT('',(5.516458961828,-7.411446799409));
#2786 = CARTESIAN_POINT('',(5.554778763475,-7.378101958782));
#2787 = CARTESIAN_POINT('',(5.614861865992,-7.32869000646));
#2788 = CARTESIAN_POINT('',(5.677210715242,-7.280329936793));
#2789 = CARTESIAN_POINT('',(5.741531606336,-7.233470226694));
#2790 = CARTESIAN_POINT('',(5.80757339766,-7.188552285245));
#2791 = CARTESIAN_POINT('',(5.875161836427,-7.14604388998));
#2792 = CARTESIAN_POINT('',(5.944151450243,-7.106311767752));
#2793 = CARTESIAN_POINT('',(6.014222777749,-7.069385921187));
#2794 = CARTESIAN_POINT('',(6.085072742686,-7.035347528334));
#2795 = CARTESIAN_POINT('',(6.156326375287,-7.004283929302));
#2796 = CARTESIAN_POINT('',(6.22785978659,-6.976206640533));
#2797 = CARTESIAN_POINT('',(6.298729727496,-6.951424311082));
#2798 = CARTESIAN_POINT('',(6.371704605969,-6.92898182409));
#2799 = CARTESIAN_POINT('',(6.446877836819,-6.908767187956));
#2800 = CARTESIAN_POINT('',(6.523561549564,-6.890945546028));
#2801 = CARTESIAN_POINT('',(6.60131173132,-6.875597138202));
#2802 = CARTESIAN_POINT('',(6.679704242103,-6.86286468323));
#2803 = CARTESIAN_POINT('',(6.758432381301,-6.852720630936));
#2804 = CARTESIAN_POINT('',(6.837153570161,-6.844998202675));
#2805 = CARTESIAN_POINT('',(6.915445084825,-6.839614480532));
#2806 = CARTESIAN_POINT('',(6.992841572469,-6.836464068459));
#2807 = CARTESIAN_POINT('',(7.043537537195,-6.835786437627));
#2808 = CARTESIAN_POINT('',(7.068583470577,-6.835786437627));
#2809 = ( GEOMETRIC_REPRESENTATION_CONTEXT(2) 
PARAMETRIC_REPRESENTATION_CONTEXT() REPRESENTATION_CONTEXT('2D SPACE',''
  ) );
#2810 = ORIENTED_EDGE('',*,*,#2811,.F.);
#2811 = EDGE_CURVE('',#2812,#2738,#2814,.T.);
#2812 = VERTEX_POINT('',#2813);
#2813 = CARTESIAN_POINT('',(-12.33992941966,5.969761033843,8.));
#2814 = SURFACE_CURVE('',#2815,(#2819,#2826),.PCURVE_S1.);
#2815 = LINE('',#2816,#2817);
#2816 = CARTESIAN_POINT('',(-12.33992941966,5.969761033843,2.));
#2817 = VECTOR('',#2818,1.);
#2818 = DIRECTION('',(0.,0.,-1.));
#2819 = PCURVE('',#1513,#2820);
#2820 = DEFINITIONAL_REPRESENTATION('',(#2821),#2825);
#2821 = LINE('',#2822,#2823);
#2822 = CARTESIAN_POINT('',(5.419749622127,0.));
#2823 = VECTOR('',#2824,1.);
#2824 = DIRECTION('',(0.,-1.));
#2825 = ( GEOMETRIC_REPRESENTATION_CONTEXT(2) 
PARAMETRIC_REPRESENTATION_CONTEXT() REPRESENTATION_CONTEXT('2D SPACE',''
  ) );
#2826 = PCURVE('',#2827,#2832);
#2827 = PLANE('',#2828);
#2828 = AXIS2_PLACEMENT_3D('',#2829,#2830,#2831);
#2829 = CARTESIAN_POINT('',(-12.33992941966,5.969761033843,2.));
#2830 = DIRECTION('',(-0.5,-0.866025403784,0.));
#2831 = DIRECTION('',(0.866025403784,-0.5,0.));
#2832 = DEFINITIONAL_REPRESENTATION('',(#2833),#2837);
#2833 = LINE('',#2834,#2835);
#2834 = CARTESIAN_POINT('',(0.,0.));
#2835 = VECTOR('',#2836,1.);
#2836 = DIRECTION('',(0.,-1.));
#2837 = ( GEOMETRIC_REPRESENTATION_CONTEXT(2) 
PARAMETRIC_REPRESENTATION_CONTEXT() REPRESENTATION_CONTEXT('2D SPACE',''
  ) );
#2838 = ORIENTED_EDGE('',*,*,#2839,.T.);
#2839 = EDGE_CURVE('',#2812,#2840,#2842,.T.);
#2840 = VERTEX_POINT('',#2841);
#2841 = CARTESIAN_POINT('',(-11.69134295109,6.75,9.));
#2842 = SURFACE_CURVE('',#2843,(#2854,#2883),.PCURVE_S1.);
#2843 = B_SPLINE_CURVE_WITH_KNOTS('',3,(#2844,#2845,#2846,#2847,#2848,
    #2849,#2850,#2851,#2852,#2853),.UNSPECIFIED.,.F.,.F.,(4,2,2,2,4),(
    0.30388005873,0.341873876853,0.379867694975,0.417843891535,
    0.455820088095),.UNSPECIFIED.);
#2844 = CARTESIAN_POINT('',(-12.33992941966,5.969761033843,8.));
#2845 = CARTESIAN_POINT('',(-12.33992941966,5.969761033843,
    8.126646060408));
#2846 = CARTESIAN_POINT('',(-12.31903424657,5.987153219015,
    8.261001973464));
#2847 = CARTESIAN_POINT('',(-12.2391969463,6.05922821963,8.507053179958)
  );
#2848 = CARTESIAN_POINT('',(-12.18076725279,6.114154530869,
    8.618843082373));
#2849 = CARTESIAN_POINT('',(-12.05545445092,6.245594162346,
    8.795329543228));
#2850 = CARTESIAN_POINT('',(-11.98001048423,6.331139255498,
    8.872143486117));
#2851 = CARTESIAN_POINT('',(-11.8294449826,6.528395505922,8.974504420803
    ));
#2852 = CARTESIAN_POINT('',(-11.75463661202,6.640372163466,9.));
#2853 = CARTESIAN_POINT('',(-11.69134295109,6.75,9.));
#2854 = PCURVE('',#1513,#2855);
#2855 = DEFINITIONAL_REPRESENTATION('',(#2856),#2882);
#2856 = B_SPLINE_CURVE_WITH_KNOTS('',3,(#2857,#2858,#2859,#2860,#2861,
    #2862,#2863,#2864,#2865,#2866,#2867,#2868,#2869,#2870,#2871,#2872,
    #2873,#2874,#2875,#2876,#2877,#2878,#2879,#2880,#2881),
  .UNSPECIFIED.,.F.,.F.,(4,1,1,1,1,1,1,1,1,1,1,1,1,1,1,1,1,1,1,1,1,1,4),
  (0.30388005873,0.310786423701,0.317692788673,0.324599153644,
    0.331505518615,0.338411883586,0.345318248557,0.352224613528,
    0.359130978499,0.366037343471,0.372943708442,0.379850073413,
    0.386756438384,0.393662803355,0.400569168326,0.407475533297,
    0.414381898269,0.42128826324,0.428194628211,0.435100993182,
    0.442007358153,0.448913723124,0.455820088095),
  .QUASI_UNIFORM_KNOTS.);
#2857 = CARTESIAN_POINT('',(5.419749622127,6.));
#2858 = CARTESIAN_POINT('',(5.419749635634,6.02302121657));
#2859 = CARTESIAN_POINT('',(5.420348422645,6.069573174556));
#2860 = CARTESIAN_POINT('',(5.423035809662,6.140243345966));
#2861 = CARTESIAN_POINT('',(5.427504682511,6.211070092555));
#2862 = CARTESIAN_POINT('',(5.433749585647,6.281365372087));
#2863 = CARTESIAN_POINT('',(5.441758492019,6.350449993415));
#2864 = CARTESIAN_POINT('',(5.451545487067,6.417611744018));
#2865 = CARTESIAN_POINT('',(5.46299453709,6.48230581503));
#2866 = CARTESIAN_POINT('',(5.475901155698,6.544119376949));
#2867 = CARTESIAN_POINT('',(5.490070640671,6.60257450434));
#2868 = CARTESIAN_POINT('',(5.505350833732,6.657338175614));
#2869 = CARTESIAN_POINT('',(5.521416800652,6.707562849731));
#2870 = CARTESIAN_POINT('',(5.538601676501,6.754314159605));
#2871 = CARTESIAN_POINT('',(5.55727219497,6.798613686165));
#2872 = CARTESIAN_POINT('',(5.57712845838,6.839537728617));
#2873 = CARTESIAN_POINT('',(5.598052273927,6.876679501168));
#2874 = CARTESIAN_POINT('',(5.619877800249,6.909509792853));
#2875 = CARTESIAN_POINT('',(5.642464232311,6.937472178403));
#2876 = CARTESIAN_POINT('',(5.665631208282,6.960298427578));
#2877 = CARTESIAN_POINT('',(5.689153796714,6.978049458233));
#2878 = CARTESIAN_POINT('',(5.712814537364,6.990717608549));
#2879 = CARTESIAN_POINT('',(5.7363933437,6.998313598886));
#2880 = CARTESIAN_POINT('',(5.751912974176,7.));
#2881 = CARTESIAN_POINT('',(5.759586531581,7.));
#2882 = ( GEOMETRIC_REPRESENTATION_CONTEXT(2) 
PARAMETRIC_REPRESENTATION_CONTEXT() REPRESENTATION_CONTEXT('2D SPACE',''
  ) );
#2883 = PCURVE('',#2884,#2889);
#2884 = CYLINDRICAL_SURFACE('',#2885,1.);
#2885 = AXIS2_PLACEMENT_3D('',#2886,#2887,#2888);
#2886 = CARTESIAN_POINT('',(-5.467658598098,3.156754163447,8.));
#2887 = DIRECTION('',(-0.866025403784,0.5,0.));
#2888 = DIRECTION('',(0.353553390593,0.612372435696,0.707106781187));
#2889 = DEFINITIONAL_REPRESENTATION('',(#2890),#2916);
#2890 = B_SPLINE_CURVE_WITH_KNOTS('',3,(#2891,#2892,#2893,#2894,#2895,
    #2896,#2897,#2898,#2899,#2900,#2901,#2902,#2903,#2904,#2905,#2906,
    #2907,#2908,#2909,#2910,#2911,#2912,#2913,#2914,#2915),
  .UNSPECIFIED.,.F.,.F.,(4,1,1,1,1,1,1,1,1,1,1,1,1,1,1,1,1,1,1,1,1,1,4),
  (0.30388005873,0.310786423701,0.317692788673,0.324599153644,
    0.331505518615,0.338411883586,0.345318248557,0.352224613528,
    0.359130978499,0.366037343471,0.372943708442,0.379850073413,
    0.386756438384,0.393662803355,0.400569168326,0.407475533297,
    0.414381898269,0.42128826324,0.428194628211,0.435100993182,
    0.442007358153,0.448913723124,0.455820088095),
  .QUASI_UNIFORM_KNOTS.);
#2891 = CARTESIAN_POINT('',(3.926990816987,7.358064548357));
#2892 = CARTESIAN_POINT('',(3.950010690096,7.358064548357));
#2893 = CARTESIAN_POINT('',(3.996565593777,7.357443397127));
#2894 = CARTESIAN_POINT('',(4.067610554284,7.354728981997));
#2895 = CARTESIAN_POINT('',(4.139536495564,7.350313564422));
#2896 = CARTESIAN_POINT('',(4.212007442235,7.34427560871));
#2897 = CARTESIAN_POINT('',(4.284715106477,7.336705544871));
#2898 = CARTESIAN_POINT('',(4.357398834952,7.327649161635));
#2899 = CARTESIAN_POINT('',(4.429886116132,7.317429645));
#2900 = CARTESIAN_POINT('',(4.501952429169,7.306354017692));
#2901 = CARTESIAN_POINT('',(4.573264239045,7.294726547383));
#2902 = CARTESIAN_POINT('',(4.643653030406,7.282821722258));
#2903 = CARTESIAN_POINT('',(4.712216015065,7.271035903498));
#2904 = CARTESIAN_POINT('',(4.78077467859,7.259307739793));
#2905 = CARTESIAN_POINT('',(4.851184654886,7.247552926463));
#2906 = CARTESIAN_POINT('',(4.922529021929,7.236152921278));
#2907 = CARTESIAN_POINT('',(4.994638102397,7.225365468626));
#2908 = CARTESIAN_POINT('',(5.067173887834,7.215477415198));
#2909 = CARTESIAN_POINT('',(5.139909301314,7.206782911857));
#2910 = CARTESIAN_POINT('',(5.212664733611,7.199550139809));
#2911 = CARTESIAN_POINT('',(5.285178122971,7.193809266298));
#2912 = CARTESIAN_POINT('',(5.357138359566,7.189630570764));
#2913 = CARTESIAN_POINT('',(5.428206495993,7.187073580925));
#2914 = CARTESIAN_POINT('',(5.474767264366,7.186491673104));
#2915 = CARTESIAN_POINT('',(5.497787143782,7.186491673104));
#2916 = ( GEOMETRIC_REPRESENTATION_CONTEXT(2) 
PARAMETRIC_REPRESENTATION_CONTEXT() REPRESENTATION_CONTEXT('2D SPACE',''
  ) );
#2917 = ORIENTED_EDGE('',*,*,#2918,.T.);
#2918 = EDGE_CURVE('',#2840,#2919,#2921,.T.);
#2919 = VERTEX_POINT('',#2920);
#2920 = CARTESIAN_POINT('',(-11.33992941966,7.701811841412,8.));
#2921 = SURFACE_CURVE('',#2922,(#2933,#2962),.PCURVE_S1.);
#2922 = B_SPLINE_CURVE_WITH_KNOTS('',3,(#2923,#2924,#2925,#2926,#2927,
    #2928,#2929,#2930,#2931,#2932),.UNSPECIFIED.,.F.,.F.,(4,2,2,2,4),(
    0.151940029365,0.189916225925,0.227892422486,0.265886240608,
    0.30388005873),.UNSPECIFIED.);
#2923 = CARTESIAN_POINT('',(-11.69134295109,6.75,9.));
#2924 = CARTESIAN_POINT('',(-11.62804929015,6.859627836535,9.));
#2925 = CARTESIAN_POINT('',(-11.56847884538,6.980402114644,
    8.974504420803));
#2926 = CARTESIAN_POINT('',(-11.47293267227,7.209423789199,
    8.872143486117));
#2927 = CARTESIAN_POINT('',(-11.43657043178,7.317532727498,
    8.795329543228));
#2928 = CARTESIAN_POINT('',(-11.38539677279,7.491776613069,
    8.618843082373));
#2929 = CARTESIAN_POINT('',(-11.36704403868,7.569841367608,
    8.507053179958));
#2930 = CARTESIAN_POINT('',(-11.3445439073,7.675019998114,8.261001973464
    ));
#2931 = CARTESIAN_POINT('',(-11.33992941966,7.701811841412,
    8.126646060408));
#2932 = CARTESIAN_POINT('',(-11.33992941966,7.701811841412,8.));
#2933 = PCURVE('',#1513,#2934);
#2934 = DEFINITIONAL_REPRESENTATION('',(#2935),#2961);
#2935 = B_SPLINE_CURVE_WITH_KNOTS('',3,(#2936,#2937,#2938,#2939,#2940,
    #2941,#2942,#2943,#2944,#2945,#2946,#2947,#2948,#2949,#2950,#2951,
    #2952,#2953,#2954,#2955,#2956,#2957,#2958,#2959,#2960),
  .UNSPECIFIED.,.F.,.F.,(4,1,1,1,1,1,1,1,1,1,1,1,1,1,1,1,1,1,1,1,1,1,4),
  (0.151940029365,0.158846394336,0.165752759307,0.172659124279,
    0.17956548925,0.186471854221,0.193378219192,0.200284584163,
    0.207190949134,0.214097314105,0.221003679077,0.227910044048,
    0.234816409019,0.24172277399,0.248629138961,0.255535503932,
    0.262441868903,0.269348233875,0.276254598846,0.283160963817,
    0.290067328788,0.296973693759,0.30388005873),.QUASI_UNIFORM_KNOTS.);
#2936 = CARTESIAN_POINT('',(5.759586531581,7.));
#2937 = CARTESIAN_POINT('',(5.767260088987,7.));
#2938 = CARTESIAN_POINT('',(5.782779719463,6.998313598886));
#2939 = CARTESIAN_POINT('',(5.806358525799,6.990717608549));
#2940 = CARTESIAN_POINT('',(5.830019266449,6.978049458233));
#2941 = CARTESIAN_POINT('',(5.85354185488,6.960298427578));
#2942 = CARTESIAN_POINT('',(5.876708830852,6.937472178403));
#2943 = CARTESIAN_POINT('',(5.899295262914,6.909509792853));
#2944 = CARTESIAN_POINT('',(5.921120789236,6.876679501168));
#2945 = CARTESIAN_POINT('',(5.942044604782,6.839537728617));
#2946 = CARTESIAN_POINT('',(5.961900868192,6.798613686165));
#2947 = CARTESIAN_POINT('',(5.980571386662,6.754314159605));
#2948 = CARTESIAN_POINT('',(5.997756262511,6.707562849731));
#2949 = CARTESIAN_POINT('',(6.013822229431,6.657338175614));
#2950 = CARTESIAN_POINT('',(6.029102422492,6.60257450434));
#2951 = CARTESIAN_POINT('',(6.043271907464,6.544119376949));
#2952 = CARTESIAN_POINT('',(6.056178526072,6.48230581503));
#2953 = CARTESIAN_POINT('',(6.067627576096,6.417611744018));
#2954 = CARTESIAN_POINT('',(6.077414571144,6.350449993415));
#2955 = CARTESIAN_POINT('',(6.085423477515,6.281365372087));
#2956 = CARTESIAN_POINT('',(6.091668380652,6.211070092555));
#2957 = CARTESIAN_POINT('',(6.096137253501,6.140243345966));
#2958 = CARTESIAN_POINT('',(6.098824640518,6.069573174556));
#2959 = CARTESIAN_POINT('',(6.099423427529,6.02302121657));
#2960 = CARTESIAN_POINT('',(6.099423441035,6.));
#2961 = ( GEOMETRIC_REPRESENTATION_CONTEXT(2) 
PARAMETRIC_REPRESENTATION_CONTEXT() REPRESENTATION_CONTEXT('2D SPACE',''
  ) );
#2962 = PCURVE('',#2884,#2963);
#2963 = DEFINITIONAL_REPRESENTATION('',(#2964),#2990);
#2964 = B_SPLINE_CURVE_WITH_KNOTS('',3,(#2965,#2966,#2967,#2968,#2969,
    #2970,#2971,#2972,#2973,#2974,#2975,#2976,#2977,#2978,#2979,#2980,
    #2981,#2982,#2983,#2984,#2985,#2986,#2987,#2988,#2989),
  .UNSPECIFIED.,.F.,.F.,(4,1,1,1,1,1,1,1,1,1,1,1,1,1,1,1,1,1,1,1,1,1,4),
  (0.151940029365,0.158846394336,0.165752759307,0.172659124279,
    0.17956548925,0.186471854221,0.193378219192,0.200284584163,
    0.207190949134,0.214097314105,0.221003679077,0.227910044048,
    0.234816409019,0.24172277399,0.248629138961,0.255535503932,
    0.262441868903,0.269348233875,0.276254598846,0.283160963817,
    0.290067328788,0.296973693759,0.30388005873),.QUASI_UNIFORM_KNOTS.);
#2965 = CARTESIAN_POINT('',(5.497787143782,7.186491673104));
#2966 = CARTESIAN_POINT('',(5.520807023198,7.186491673104));
#2967 = CARTESIAN_POINT('',(5.567367791571,7.187073580925));
#2968 = CARTESIAN_POINT('',(5.638435927998,7.189630570764));
#2969 = CARTESIAN_POINT('',(5.710396164593,7.193809266298));
#2970 = CARTESIAN_POINT('',(5.782909553953,7.199550139809));
#2971 = CARTESIAN_POINT('',(5.85566498625,7.206782911857));
#2972 = CARTESIAN_POINT('',(5.92840039973,7.215477415198));
#2973 = CARTESIAN_POINT('',(6.000936185167,7.225365468626));
#2974 = CARTESIAN_POINT('',(6.073045265635,7.236152921278));
#2975 = CARTESIAN_POINT('',(6.144389632678,7.247552926463));
#2976 = CARTESIAN_POINT('',(6.214799608974,7.259307739793));
#2977 = CARTESIAN_POINT('',(6.283358272499,7.271035903498));
#2978 = CARTESIAN_POINT('',(6.351921257159,7.282821722258));
#2979 = CARTESIAN_POINT('',(6.42231004852,7.294726547383));
#2980 = CARTESIAN_POINT('',(6.493621858395,7.306354017693));
#2981 = CARTESIAN_POINT('',(6.565688171433,7.317429645));
#2982 = CARTESIAN_POINT('',(6.638175452613,7.327649161635));
#2983 = CARTESIAN_POINT('',(6.710859181087,7.336705544872));
#2984 = CARTESIAN_POINT('',(6.783566845329,7.344275608711));
#2985 = CARTESIAN_POINT('',(6.856037792,7.350313564423));
#2986 = CARTESIAN_POINT('',(6.92796373328,7.354728981997));
#2987 = CARTESIAN_POINT('',(6.999008693787,7.357443397128));
#2988 = CARTESIAN_POINT('',(7.045563597468,7.358064548358));
#2989 = CARTESIAN_POINT('',(7.068583470577,7.358064548358));
#2990 = ( GEOMETRIC_REPRESENTATION_CONTEXT(2) 
PARAMETRIC_REPRESENTATION_CONTEXT() REPRESENTATION_CONTEXT('2D SPACE',''
  ) );
#2991 = ORIENTED_EDGE('',*,*,#2992,.F.);
#2992 = EDGE_CURVE('',#2993,#2919,#2995,.T.);
#2993 = VERTEX_POINT('',#2994);
#2994 = CARTESIAN_POINT('',(-11.33992941966,7.701811841412,3.));
#2995 = SURFACE_CURVE('',#2996,(#3000,#3007),.PCURVE_S1.);
#2996 = LINE('',#2997,#2998);
#2997 = CARTESIAN_POINT('',(-11.33992941966,7.701811841412,2.));
#2998 = VECTOR('',#2999,1.);
#2999 = DIRECTION('',(0.,0.,1.));
#3000 = PCURVE('',#1513,#3001);
#3001 = DEFINITIONAL_REPRESENTATION('',(#3002),#3006);
#3002 = LINE('',#3003,#3004);
#3003 = CARTESIAN_POINT('',(6.099423441035,0.));
#3004 = VECTOR('',#3005,1.);
#3005 = DIRECTION('',(0.,1.));
#3006 = ( GEOMETRIC_REPRESENTATION_CONTEXT(2) 
PARAMETRIC_REPRESENTATION_CONTEXT() REPRESENTATION_CONTEXT('2D SPACE',''
  ) );
#3007 = PCURVE('',#3008,#3013);
#3008 = PLANE('',#3009);
#3009 = AXIS2_PLACEMENT_3D('',#3010,#3011,#3012);
#3010 = CARTESIAN_POINT('',(-10.43531719619,7.179533730681,2.));
#3011 = DIRECTION('',(0.5,0.866025403784,0.));
#3012 = DIRECTION('',(-0.866025403784,0.5,0.));
#3013 = DEFINITIONAL_REPRESENTATION('',(#3014),#3018);
#3014 = LINE('',#3015,#3016);
#3015 = CARTESIAN_POINT('',(1.044556221461,0.));
#3016 = VECTOR('',#3017,1.);
#3017 = DIRECTION('',(0.,1.));
#3018 = ( GEOMETRIC_REPRESENTATION_CONTEXT(2) 
PARAMETRIC_REPRESENTATION_CONTEXT() REPRESENTATION_CONTEXT('2D SPACE',''
  ) );
#3019 = ORIENTED_EDGE('',*,*,#3020,.T.);
#3020 = EDGE_CURVE('',#2993,#3021,#3023,.T.);
#3021 = VERTEX_POINT('',#3022);
#3022 = CARTESIAN_POINT('',(-11.35292748933,8.86401681882,2.));
#3023 = SURFACE_CURVE('',#3024,(#3035,#3064),.PCURVE_S1.);
#3024 = B_SPLINE_CURVE_WITH_KNOTS('',3,(#3025,#3026,#3027,#3028,#3029,
    #3030,#3031,#3032,#3033,#3034),.UNSPECIFIED.,.F.,.F.,(4,2,2,2,4),(
    0.434297971902,0.472705624095,0.511113276288,0.555364612142,
    0.599615947995),.UNSPECIFIED.);
#3025 = CARTESIAN_POINT('',(-11.33992941966,7.701811841412,3.));
#3026 = CARTESIAN_POINT('',(-11.33992941966,7.701811841412,
    2.871974492689));
#3027 = CARTESIAN_POINT('',(-11.33449798117,7.728923094115,2.73618109379
    ));
#3028 = CARTESIAN_POINT('',(-11.3172461811,7.838577690071,2.489488992738
    ));
#3029 = CARTESIAN_POINT('',(-11.30595913841,7.92136568115,2.378662094291
    ));
#3030 = CARTESIAN_POINT('',(-11.29001208354,8.125301808704,
    2.194074699644));
#3031 = CARTESIAN_POINT('',(-11.28575947737,8.263663917762,
    2.116050977829));
#3032 = CARTESIAN_POINT('',(-11.30186602087,8.560941790582,
    2.019312147372));
#3033 = CARTESIAN_POINT('',(-11.3227374177,8.719634952979,2.));
#3034 = CARTESIAN_POINT('',(-11.35292748933,8.86401681882,2.));
#3035 = PCURVE('',#1513,#3036);
#3036 = DEFINITIONAL_REPRESENTATION('',(#3037),#3063);
#3037 = B_SPLINE_CURVE_WITH_KNOTS('',3,(#3038,#3039,#3040,#3041,#3042,
    #3043,#3044,#3045,#3046,#3047,#3048,#3049,#3050,#3051,#3052,#3053,
    #3054,#3055,#3056,#3057,#3058,#3059,#3060,#3061,#3062),
  .UNSPECIFIED.,.F.,.F.,(4,1,1,1,1,1,1,1,1,1,1,1,1,1,1,1,1,1,1,1,1,1,4),
  (0.434297971902,0.44181242536,0.449326878819,0.456841332278,
    0.464355785737,0.471870239196,0.479384692654,0.486899146113,
    0.494413599572,0.501928053031,0.50944250649,0.516956959948,
    0.524471413407,0.531985866866,0.539500320325,0.547014773783,
    0.554529227242,0.562043680701,0.56955813416,0.577072587619,
    0.584587041077,0.592101494536,0.599615947995),
  .QUASI_UNIFORM_KNOTS.);
#3038 = CARTESIAN_POINT('',(6.099423441035,1.));
#3039 = CARTESIAN_POINT('',(6.099423463196,0.974951821804));
#3040 = CARTESIAN_POINT('',(6.10012896002,0.92426075323));
#3041 = CARTESIAN_POINT('',(6.103306655633,0.847348574507));
#3042 = CARTESIAN_POINT('',(6.108606212368,0.770468670451));
#3043 = CARTESIAN_POINT('',(6.116032428382,0.694531377139));
#3044 = CARTESIAN_POINT('',(6.125584060727,0.620437798608));
#3045 = CARTESIAN_POINT('',(6.137284566016,0.549123481505));
#3046 = CARTESIAN_POINT('',(6.150916547629,0.48119230431));
#3047 = CARTESIAN_POINT('',(6.166220465216,0.417204930438));
#3048 = CARTESIAN_POINT('',(6.182963336687,0.357696560297));
#3049 = CARTESIAN_POINT('',(6.200857290845,0.303346376018));
#3050 = CARTESIAN_POINT('',(6.219820691842,0.254283095845));
#3051 = CARTESIAN_POINT('',(6.240439716498,0.208636898225));
#3052 = CARTESIAN_POINT('',(6.262358580869,0.167153962736));
#3053 = CARTESIAN_POINT('',(6.285446340116,0.129964587289));
#3054 = CARTESIAN_POINT('',(6.309515441348,9.736319990187E-02));
#3055 = CARTESIAN_POINT('',(6.334398647244,6.960358982076E-02));
#3056 = CARTESIAN_POINT('',(6.359928774651,4.693797128103E-02));
#3057 = CARTESIAN_POINT('',(6.385881322214,2.90368416106E-02));
#3058 = CARTESIAN_POINT('',(6.412033494677,1.562462679311E-02));
#3059 = CARTESIAN_POINT('',(6.438159444791,6.412127338112E-03));
#3060 = CARTESIAN_POINT('',(6.464033175578,1.113795944106E-03));
#3061 = CARTESIAN_POINT('',(6.480965004966,2.608490218026E-16));
#3062 = CARTESIAN_POINT('',(6.489314187808,0.));
#3063 = ( GEOMETRIC_REPRESENTATION_CONTEXT(2) 
PARAMETRIC_REPRESENTATION_CONTEXT() REPRESENTATION_CONTEXT('2D SPACE',''
  ) );
#3064 = PCURVE('',#3065,#3070);
#3065 = CYLINDRICAL_SURFACE('',#3066,1.);
#3066 = AXIS2_PLACEMENT_3D('',#3067,#3068,#3069);
#3067 = CARTESIAN_POINT('',(-4.467658598097,4.888804971016,3.));
#3068 = DIRECTION('',(-0.866025403784,0.5,0.));
#3069 = DIRECTION('',(-0.353553390593,-0.612372435696,-0.707106781187));
#3070 = DEFINITIONAL_REPRESENTATION('',(#3071),#3097);
#3071 = B_SPLINE_CURVE_WITH_KNOTS('',3,(#3072,#3073,#3074,#3075,#3076,
    #3077,#3078,#3079,#3080,#3081,#3082,#3083,#3084,#3085,#3086,#3087,
    #3088,#3089,#3090,#3091,#3092,#3093,#3094,#3095,#3096),
  .UNSPECIFIED.,.F.,.F.,(4,1,1,1,1,1,1,1,1,1,1,1,1,1,1,1,1,1,1,1,1,1,4),
  (0.434297971902,0.44181242536,0.449326878819,0.456841332278,
    0.464355785737,0.471870239196,0.479384692654,0.486899146113,
    0.494413599572,0.501928053031,0.50944250649,0.516956959948,
    0.524471413407,0.531985866866,0.539500320325,0.547014773783,
    0.554529227242,0.562043680701,0.56955813416,0.577072587619,
    0.584587041077,0.592101494536,0.599615947995),
  .QUASI_UNIFORM_KNOTS.);
#3072 = CARTESIAN_POINT('',(7.068583470577,7.358064548358));
#3073 = CARTESIAN_POINT('',(7.043537537195,7.358064548358));
#3074 = CARTESIAN_POINT('',(6.992841572469,7.358742179189));
#3075 = CARTESIAN_POINT('',(6.915445084825,7.361892591263));
#3076 = CARTESIAN_POINT('',(6.837153570161,7.367276313406));
#3077 = CARTESIAN_POINT('',(6.758432381301,7.374998741667));
#3078 = CARTESIAN_POINT('',(6.679704242103,7.385142793961));
#3079 = CARTESIAN_POINT('',(6.60131173132,7.397875248933));
#3080 = CARTESIAN_POINT('',(6.523561549564,7.413223656759));
#3081 = CARTESIAN_POINT('',(6.446877836819,7.431045298687));
#3082 = CARTESIAN_POINT('',(6.371704605969,7.451259934821));
#3083 = CARTESIAN_POINT('',(6.298729727496,7.473702421813));
#3084 = CARTESIAN_POINT('',(6.22785978659,7.498484751265));
#3085 = CARTESIAN_POINT('',(6.156326375287,7.526562040033));
#3086 = CARTESIAN_POINT('',(6.085072742686,7.557625639065));
#3087 = CARTESIAN_POINT('',(6.014222777748,7.591664031918));
#3088 = CARTESIAN_POINT('',(5.944151450243,7.628589878483));
#3089 = CARTESIAN_POINT('',(5.875161836427,7.668322000711));
#3090 = CARTESIAN_POINT('',(5.80757339766,7.710830395977));
#3091 = CARTESIAN_POINT('',(5.741531606336,7.755748337425));
#3092 = CARTESIAN_POINT('',(5.677210715242,7.802608047524));
#3093 = CARTESIAN_POINT('',(5.614861865992,7.850968117192));
#3094 = CARTESIAN_POINT('',(5.554778763475,7.900380069514));
#3095 = CARTESIAN_POINT('',(5.516458961828,7.933724910141));
#3096 = CARTESIAN_POINT('',(5.497787143782,7.950423695605));
#3097 = ( GEOMETRIC_REPRESENTATION_CONTEXT(2) 
PARAMETRIC_REPRESENTATION_CONTEXT() REPRESENTATION_CONTEXT('2D SPACE',''
  ) );
#3098 = ORIENTED_EDGE('',*,*,#3099,.T.);
#3099 = EDGE_CURVE('',#3021,#2207,#3100,.T.);
#3100 = SURFACE_CURVE('',#3101,(#3106,#3113),.PCURVE_S1.);
#3101 = CIRCLE('',#3102,3.);
#3102 = AXIS2_PLACEMENT_3D('',#3103,#3104,#3105);
#3103 = CARTESIAN_POINT('',(-14.28941916244,8.25,2.));
#3104 = DIRECTION('',(0.,0.,1.));
#3105 = DIRECTION('',(1.,0.,-0.));
#3106 = PCURVE('',#1513,#3107);
#3107 = DEFINITIONAL_REPRESENTATION('',(#3108),#3112);
#3108 = LINE('',#3109,#3110);
#3109 = CARTESIAN_POINT('',(6.28318530718,0.));
#3110 = VECTOR('',#3111,1.);
#3111 = DIRECTION('',(1.,0.));
#3112 = ( GEOMETRIC_REPRESENTATION_CONTEXT(2) 
PARAMETRIC_REPRESENTATION_CONTEXT() REPRESENTATION_CONTEXT('2D SPACE',''
  ) );
#3113 = PCURVE('',#2222,#3114);
#3114 = DEFINITIONAL_REPRESENTATION('',(#3115),#3123);
#3115 = ( BOUNDED_CURVE() B_SPLINE_CURVE(2,(#3116,#3117,#3118,#3119,
#3120,#3121,#3122),.UNSPECIFIED.,.T.,.F.) B_SPLINE_CURVE_WITH_KNOTS((1,2
    ,2,2,2,1),(-2.094395102393,0.,2.094395102393,4.188790204786,
6.28318530718,8.377580409573),.UNSPECIFIED.) CURVE() 
GEOMETRIC_REPRESENTATION_ITEM() RATIONAL_B_SPLINE_CURVE((1.,0.5,1.,0.5,
1.,0.5,1.)) REPRESENTATION_ITEM('') );
#3116 = CARTESIAN_POINT('',(-11.28941916244,-8.25));
#3117 = CARTESIAN_POINT('',(-11.28941916244,-13.4461524227));
#3118 = CARTESIAN_POINT('',(-15.78941916244,-10.84807621135));
#3119 = CARTESIAN_POINT('',(-20.28941916244,-8.25));
#3120 = CARTESIAN_POINT('',(-15.78941916244,-5.651923788647));
#3121 = CARTESIAN_POINT('',(-11.28941916244,-3.053847577294));
#3122 = CARTESIAN_POINT('',(-11.28941916244,-8.25));
#3123 = ( GEOMETRIC_REPRESENTATION_CONTEXT(2) 
PARAMETRIC_REPRESENTATION_CONTEXT() REPRESENTATION_CONTEXT('2D SPACE',''
  ) );
#3124 = ORIENTED_EDGE('',*,*,#2234,.T.);
#3125 = ADVANCED_FACE('',(#3126),#2222,.T.);
#3126 = FACE_BOUND('',#3127,.T.);
#3127 = EDGE_LOOP('',(#3128,#3129,#3153,#3181,#3214,#3242,#3271,#3300,
    #3333,#3362,#3386,#3407));
#3128 = ORIENTED_EDGE('',*,*,#2206,.F.);
#3129 = ORIENTED_EDGE('',*,*,#3130,.T.);
#3130 = EDGE_CURVE('',#2128,#3131,#3133,.T.);
#3131 = VERTEX_POINT('',#3132);
#3132 = CARTESIAN_POINT('',(16.233687939615,11.681925178635,2.));
#3133 = SURFACE_CURVE('',#3134,(#3139,#3146),.PCURVE_S1.);
#3134 = CIRCLE('',#3135,20.);
#3135 = AXIS2_PLACEMENT_3D('',#3136,#3137,#3138);
#3136 = CARTESIAN_POINT('',(2.22044604925E-15,4.440892098501E-15,2.));
#3137 = DIRECTION('',(0.,0.,-1.));
#3138 = DIRECTION('',(1.,0.,0.));
#3139 = PCURVE('',#2222,#3140);
#3140 = DEFINITIONAL_REPRESENTATION('',(#3141),#3145);
#3141 = CIRCLE('',#3142,20.);
#3142 = AXIS2_PLACEMENT_2D('',#3143,#3144);
#3143 = CARTESIAN_POINT('',(0.,0.));
#3144 = DIRECTION('',(1.,0.));
#3145 = ( GEOMETRIC_REPRESENTATION_CONTEXT(2) 
PARAMETRIC_REPRESENTATION_CONTEXT() REPRESENTATION_CONTEXT('2D SPACE',''
  ) );
#3146 = PCURVE('',#1428,#3147);
#3147 = DEFINITIONAL_REPRESENTATION('',(#3148),#3152);
#3148 = LINE('',#3149,#3150);
#3149 = CARTESIAN_POINT('',(-6.28318530718,12.));
#3150 = VECTOR('',#3151,1.);
#3151 = DIRECTION('',(1.,0.));
#3152 = ( GEOMETRIC_REPRESENTATION_CONTEXT(2) 
PARAMETRIC_REPRESENTATION_CONTEXT() REPRESENTATION_CONTEXT('2D SPACE',''
  ) );
#3153 = ORIENTED_EDGE('',*,*,#3154,.F.);
#3154 = EDGE_CURVE('',#3155,#3131,#3157,.T.);
#3155 = VERTEX_POINT('',#3156);
#3156 = CARTESIAN_POINT('',(15.225910835548,11.100084796318,2.));
#3157 = SURFACE_CURVE('',#3158,(#3162,#3169),.PCURVE_S1.);
#3158 = LINE('',#3159,#3160);
#3159 = CARTESIAN_POINT('',(7.649421946003,6.725796896428,2.));
#3160 = VECTOR('',#3161,1.);
#3161 = DIRECTION('',(0.866025403784,0.5,0.));
#3162 = PCURVE('',#2222,#3163);
#3163 = DEFINITIONAL_REPRESENTATION('',(#3164),#3168);
#3164 = LINE('',#3165,#3166);
#3165 = CARTESIAN_POINT('',(7.649421946003,-6.725796896428));
#3166 = VECTOR('',#3167,1.);
#3167 = DIRECTION('',(0.866025403784,-0.5));
#3168 = ( GEOMETRIC_REPRESENTATION_CONTEXT(2) 
PARAMETRIC_REPRESENTATION_CONTEXT() REPRESENTATION_CONTEXT('2D SPACE',''
  ) );
#3169 = PCURVE('',#3170,#3175);
#3170 = CYLINDRICAL_SURFACE('',#3171,1.);
#3171 = AXIS2_PLACEMENT_3D('',#3172,#3173,#3174);
#3172 = CARTESIAN_POINT('',(7.649421946003,6.725796896428,3.));
#3173 = DIRECTION('',(-0.866025403784,-0.5,0.));
#3174 = DIRECTION('',(0.353553390593,-0.612372435696,-0.707106781187));
#3175 = DEFINITIONAL_REPRESENTATION('',(#3176),#3180);
#3176 = LINE('',#3177,#3178);
#3177 = CARTESIAN_POINT('',(5.497787143782,-1.7763568394E-15));
#3178 = VECTOR('',#3179,1.);
#3179 = DIRECTION('',(1.526498412098E-15,-1.));
#3180 = ( GEOMETRIC_REPRESENTATION_CONTEXT(2) 
PARAMETRIC_REPRESENTATION_CONTEXT() REPRESENTATION_CONTEXT('2D SPACE',''
  ) );
#3181 = ORIENTED_EDGE('',*,*,#3182,.T.);
#3182 = EDGE_CURVE('',#3155,#3183,#3185,.T.);
#3183 = VERTEX_POINT('',#3184);
#3184 = CARTESIAN_POINT('',(11.35292748934,8.864016818819,2.));
#3185 = SURFACE_CURVE('',#3186,(#3191,#3202),.PCURVE_S1.);
#3186 = CIRCLE('',#3187,3.);
#3187 = AXIS2_PLACEMENT_3D('',#3188,#3189,#3190);
#3188 = CARTESIAN_POINT('',(14.289419162443,8.25,2.));
#3189 = DIRECTION('',(0.,0.,1.));
#3190 = DIRECTION('',(1.,0.,-0.));
#3191 = PCURVE('',#2222,#3192);
#3192 = DEFINITIONAL_REPRESENTATION('',(#3193),#3201);
#3193 = ( BOUNDED_CURVE() B_SPLINE_CURVE(2,(#3194,#3195,#3196,#3197,
#3198,#3199,#3200),.UNSPECIFIED.,.T.,.F.) B_SPLINE_CURVE_WITH_KNOTS((1,2
    ,2,2,2,1),(-2.094395102393,0.,2.094395102393,4.188790204786,
6.28318530718,8.377580409573),.UNSPECIFIED.) CURVE() 
GEOMETRIC_REPRESENTATION_ITEM() RATIONAL_B_SPLINE_CURVE((1.,0.5,1.,0.5,
1.,0.5,1.)) REPRESENTATION_ITEM('') );
#3194 = CARTESIAN_POINT('',(17.289419162443,-8.25));
#3195 = CARTESIAN_POINT('',(17.289419162443,-13.4461524227));
#3196 = CARTESIAN_POINT('',(12.789419162443,-10.84807621135));
#3197 = CARTESIAN_POINT('',(8.289419162443,-8.25));
#3198 = CARTESIAN_POINT('',(12.789419162443,-5.651923788646));
#3199 = CARTESIAN_POINT('',(17.289419162443,-3.053847577293));
#3200 = CARTESIAN_POINT('',(17.289419162443,-8.25));
#3201 = ( GEOMETRIC_REPRESENTATION_CONTEXT(2) 
PARAMETRIC_REPRESENTATION_CONTEXT() REPRESENTATION_CONTEXT('2D SPACE',''
  ) );
#3202 = PCURVE('',#3203,#3208);
#3203 = CYLINDRICAL_SURFACE('',#3204,3.);
#3204 = AXIS2_PLACEMENT_3D('',#3205,#3206,#3207);
#3205 = CARTESIAN_POINT('',(14.289419162443,8.25,2.));
#3206 = DIRECTION('',(0.,0.,1.));
#3207 = DIRECTION('',(1.,0.,-0.));
#3208 = DEFINITIONAL_REPRESENTATION('',(#3209),#3213);
#3209 = LINE('',#3210,#3211);
#3210 = CARTESIAN_POINT('',(6.28318530718,0.));
#3211 = VECTOR('',#3212,1.);
#3212 = DIRECTION('',(1.,0.));
#3213 = ( GEOMETRIC_REPRESENTATION_CONTEXT(2) 
PARAMETRIC_REPRESENTATION_CONTEXT() REPRESENTATION_CONTEXT('2D SPACE',''
  ) );
#3214 = ORIENTED_EDGE('',*,*,#3215,.F.);
#3215 = EDGE_CURVE('',#3216,#3183,#3218,.T.);
#3216 = VERTEX_POINT('',#3217);
#3217 = CARTESIAN_POINT('',(10.289419162443,8.25,2.));
#3218 = SURFACE_CURVE('',#3219,(#3223,#3230),.PCURVE_S1.);
#3219 = LINE('',#3220,#3221);
#3220 = CARTESIAN_POINT('',(4.91996470983,5.149944026383,2.));
#3221 = VECTOR('',#3222,1.);
#3222 = DIRECTION('',(0.866025403784,0.5,0.));
#3223 = PCURVE('',#2222,#3224);
#3224 = DEFINITIONAL_REPRESENTATION('',(#3225),#3229);
#3225 = LINE('',#3226,#3227);
#3226 = CARTESIAN_POINT('',(4.91996470983,-5.149944026383));
#3227 = VECTOR('',#3228,1.);
#3228 = DIRECTION('',(0.866025403784,-0.5));
#3229 = ( GEOMETRIC_REPRESENTATION_CONTEXT(2) 
PARAMETRIC_REPRESENTATION_CONTEXT() REPRESENTATION_CONTEXT('2D SPACE',''
  ) );
#3230 = PCURVE('',#3231,#3236);
#3231 = CYLINDRICAL_SURFACE('',#3232,1.);
#3232 = AXIS2_PLACEMENT_3D('',#3233,#3234,#3235);
#3233 = CARTESIAN_POINT('',(4.91996470983,5.149944026383,3.));
#3234 = DIRECTION('',(-0.866025403784,-0.5,0.));
#3235 = DIRECTION('',(0.353553390593,-0.612372435696,-0.707106781187));
#3236 = DEFINITIONAL_REPRESENTATION('',(#3237),#3241);
#3237 = LINE('',#3238,#3239);
#3238 = CARTESIAN_POINT('',(5.497787143782,0.));
#3239 = VECTOR('',#3240,1.);
#3240 = DIRECTION('',(0.,-1.));
#3241 = ( GEOMETRIC_REPRESENTATION_CONTEXT(2) 
PARAMETRIC_REPRESENTATION_CONTEXT() REPRESENTATION_CONTEXT('2D SPACE',''
  ) );
#3242 = ORIENTED_EDGE('',*,*,#3243,.T.);
#3243 = EDGE_CURVE('',#3216,#3244,#3246,.T.);
#3244 = VERTEX_POINT('',#3245);
#3245 = CARTESIAN_POINT('',(11.787645411023,11.371078034382,2.));
#3246 = SURFACE_CURVE('',#3247,(#3252,#3259),.PCURVE_S1.);
#3247 = CIRCLE('',#3248,4.);
#3248 = AXIS2_PLACEMENT_3D('',#3249,#3250,#3251);
#3249 = CARTESIAN_POINT('',(14.289419162443,8.25,2.));
#3250 = DIRECTION('',(0.,0.,-1.));
#3251 = DIRECTION('',(1.,0.,0.));
#3252 = PCURVE('',#2222,#3253);
#3253 = DEFINITIONAL_REPRESENTATION('',(#3254),#3258);
#3254 = CIRCLE('',#3255,4.);
#3255 = AXIS2_PLACEMENT_2D('',#3256,#3257);
#3256 = CARTESIAN_POINT('',(14.289419162443,-8.25));
#3257 = DIRECTION('',(1.,0.));
#3258 = ( GEOMETRIC_REPRESENTATION_CONTEXT(2) 
PARAMETRIC_REPRESENTATION_CONTEXT() REPRESENTATION_CONTEXT('2D SPACE',''
  ) );
#3259 = PCURVE('',#3260,#3265);
#3260 = CYLINDRICAL_SURFACE('',#3261,4.);
#3261 = AXIS2_PLACEMENT_3D('',#3262,#3263,#3264);
#3262 = CARTESIAN_POINT('',(14.289419162443,8.25,14.));
#3263 = DIRECTION('',(0.,0.,-1.));
#3264 = DIRECTION('',(-0.866025403784,-0.5,-0.));
#3265 = DEFINITIONAL_REPRESENTATION('',(#3266),#3270);
#3266 = LINE('',#3267,#3268);
#3267 = CARTESIAN_POINT('',(-2.617993877992,12.));
#3268 = VECTOR('',#3269,1.);
#3269 = DIRECTION('',(1.,0.));
#3270 = ( GEOMETRIC_REPRESENTATION_CONTEXT(2) 
PARAMETRIC_REPRESENTATION_CONTEXT() REPRESENTATION_CONTEXT('2D SPACE',''
  ) );
#3271 = ORIENTED_EDGE('',*,*,#3272,.F.);
#3272 = EDGE_CURVE('',#3273,#3244,#3275,.T.);
#3273 = VERTEX_POINT('',#3274);
#3274 = CARTESIAN_POINT('',(11.83869906245,12.887792848612,2.));
#3275 = SURFACE_CURVE('',#3276,(#3281,#3288),.PCURVE_S1.);
#3276 = CIRCLE('',#3277,1.);
#3277 = AXIS2_PLACEMENT_3D('',#3278,#3279,#3280);
#3278 = CARTESIAN_POINT('',(11.162201973167,12.151347542977,2.));
#3279 = DIRECTION('',(0.,0.,-1.));
#3280 = DIRECTION('',(0.999433960288,-3.364162633265E-02,0.));
#3281 = PCURVE('',#2222,#3282);
#3282 = DEFINITIONAL_REPRESENTATION('',(#3283),#3287);
#3283 = CIRCLE('',#3284,1.);
#3284 = AXIS2_PLACEMENT_2D('',#3285,#3286);
#3285 = CARTESIAN_POINT('',(11.162201973167,-12.15134754297));
#3286 = DIRECTION('',(0.999433960288,3.364162633265E-02));
#3287 = ( GEOMETRIC_REPRESENTATION_CONTEXT(2) 
PARAMETRIC_REPRESENTATION_CONTEXT() REPRESENTATION_CONTEXT('2D SPACE',''
  ) );
#3288 = PCURVE('',#3289,#3294);
#3289 = CYLINDRICAL_SURFACE('',#3290,1.);
#3290 = AXIS2_PLACEMENT_3D('',#3291,#3292,#3293);
#3291 = CARTESIAN_POINT('',(11.162201973167,12.151347542977,14.));
#3292 = DIRECTION('',(0.,0.,-1.));
#3293 = DIRECTION('',(0.999433960288,-3.364162633265E-02,0.));
#3294 = DEFINITIONAL_REPRESENTATION('',(#3295),#3299);
#3295 = LINE('',#3296,#3297);
#3296 = CARTESIAN_POINT('',(-6.28318530718,12.));
#3297 = VECTOR('',#3298,1.);
#3298 = DIRECTION('',(1.,0.));
#3299 = ( GEOMETRIC_REPRESENTATION_CONTEXT(2) 
PARAMETRIC_REPRESENTATION_CONTEXT() REPRESENTATION_CONTEXT('2D SPACE',''
  ) );
#3300 = ORIENTED_EDGE('',*,*,#3301,.T.);
#3301 = EDGE_CURVE('',#3273,#3302,#3304,.T.);
#3302 = VERTEX_POINT('',#3303);
#3303 = CARTESIAN_POINT('',(-11.83869906245,12.887792848613,2.));
#3304 = SURFACE_CURVE('',#3305,(#3310,#3321),.PCURVE_S1.);
#3305 = CIRCLE('',#3306,17.5);
#3306 = AXIS2_PLACEMENT_3D('',#3307,#3308,#3309);
#3307 = CARTESIAN_POINT('',(2.22044604925E-15,4.440892098501E-15,2.));
#3308 = DIRECTION('',(0.,0.,1.));
#3309 = DIRECTION('',(1.,0.,-0.));
#3310 = PCURVE('',#2222,#3311);
#3311 = DEFINITIONAL_REPRESENTATION('',(#3312),#3320);
#3312 = ( BOUNDED_CURVE() B_SPLINE_CURVE(2,(#3313,#3314,#3315,#3316,
#3317,#3318,#3319),.UNSPECIFIED.,.T.,.F.) B_SPLINE_CURVE_WITH_KNOTS((1,2
    ,2,2,2,1),(-2.094395102393,0.,2.094395102393,4.188790204786,
6.28318530718,8.377580409573),.UNSPECIFIED.) CURVE() 
GEOMETRIC_REPRESENTATION_ITEM() RATIONAL_B_SPLINE_CURVE((1.,0.5,1.,0.5,
1.,0.5,1.)) REPRESENTATION_ITEM('') );
#3313 = CARTESIAN_POINT('',(17.5,0.));
#3314 = CARTESIAN_POINT('',(17.5,-30.31088913245));
#3315 = CARTESIAN_POINT('',(-8.75,-15.15544456622));
#3316 = CARTESIAN_POINT('',(-35.,-4.286263797016E-15));
#3317 = CARTESIAN_POINT('',(-8.75,15.155444566228));
#3318 = CARTESIAN_POINT('',(17.5,30.310889132455));
#3319 = CARTESIAN_POINT('',(17.5,0.));
#3320 = ( GEOMETRIC_REPRESENTATION_CONTEXT(2) 
PARAMETRIC_REPRESENTATION_CONTEXT() REPRESENTATION_CONTEXT('2D SPACE',''
  ) );
#3321 = PCURVE('',#3322,#3327);
#3322 = CYLINDRICAL_SURFACE('',#3323,17.5);
#3323 = AXIS2_PLACEMENT_3D('',#3324,#3325,#3326);
#3324 = CARTESIAN_POINT('',(2.22044604925E-15,4.440892098501E-15,14.));
#3325 = DIRECTION('',(0.,0.,-1.));
#3326 = DIRECTION('',(1.,0.,0.));
#3327 = DEFINITIONAL_REPRESENTATION('',(#3328),#3332);
#3328 = LINE('',#3329,#3330);
#3329 = CARTESIAN_POINT('',(6.28318530718,12.));
#3330 = VECTOR('',#3331,1.);
#3331 = DIRECTION('',(-1.,0.));
#3332 = ( GEOMETRIC_REPRESENTATION_CONTEXT(2) 
PARAMETRIC_REPRESENTATION_CONTEXT() REPRESENTATION_CONTEXT('2D SPACE',''
  ) );
#3333 = ORIENTED_EDGE('',*,*,#3334,.F.);
#3334 = EDGE_CURVE('',#3335,#3302,#3337,.T.);
#3335 = VERTEX_POINT('',#3336);
#3336 = CARTESIAN_POINT('',(-11.78764541102,11.371078034382,2.));
#3337 = SURFACE_CURVE('',#3338,(#3343,#3350),.PCURVE_S1.);
#3338 = CIRCLE('',#3339,1.);
#3339 = AXIS2_PLACEMENT_3D('',#3340,#3341,#3342);
#3340 = CARTESIAN_POINT('',(-11.16220197316,12.151347542978,2.));
#3341 = DIRECTION('',(0.,0.,-1.));
#3342 = DIRECTION('',(-0.999433960288,-3.364162633262E-02,-0.));
#3343 = PCURVE('',#2222,#3344);
#3344 = DEFINITIONAL_REPRESENTATION('',(#3345),#3349);
#3345 = CIRCLE('',#3346,1.);
#3346 = AXIS2_PLACEMENT_2D('',#3347,#3348);
#3347 = CARTESIAN_POINT('',(-11.16220197316,-12.15134754297));
#3348 = DIRECTION('',(-0.999433960288,3.364162633262E-02));
#3349 = ( GEOMETRIC_REPRESENTATION_CONTEXT(2) 
PARAMETRIC_REPRESENTATION_CONTEXT() REPRESENTATION_CONTEXT('2D SPACE',''
  ) );
#3350 = PCURVE('',#3351,#3356);
#3351 = CYLINDRICAL_SURFACE('',#3352,1.);
#3352 = AXIS2_PLACEMENT_3D('',#3353,#3354,#3355);
#3353 = CARTESIAN_POINT('',(-11.16220197316,12.151347542978,14.));
#3354 = DIRECTION('',(0.,0.,-1.));
#3355 = DIRECTION('',(-0.999433960288,-3.364162633262E-02,-0.));
#3356 = DEFINITIONAL_REPRESENTATION('',(#3357),#3361);
#3357 = LINE('',#3358,#3359);
#3358 = CARTESIAN_POINT('',(-8.881784197001E-16,12.));
#3359 = VECTOR('',#3360,1.);
#3360 = DIRECTION('',(1.,0.));
#3361 = ( GEOMETRIC_REPRESENTATION_CONTEXT(2) 
PARAMETRIC_REPRESENTATION_CONTEXT() REPRESENTATION_CONTEXT('2D SPACE',''
  ) );
#3362 = ORIENTED_EDGE('',*,*,#3363,.T.);
#3363 = EDGE_CURVE('',#3335,#3364,#3366,.T.);
#3364 = VERTEX_POINT('',#3365);
#3365 = CARTESIAN_POINT('',(-10.28941916244,8.25,2.));
#3366 = SURFACE_CURVE('',#3367,(#3372,#3379),.PCURVE_S1.);
#3367 = CIRCLE('',#3368,4.);
#3368 = AXIS2_PLACEMENT_3D('',#3369,#3370,#3371);
#3369 = CARTESIAN_POINT('',(-14.28941916244,8.25,2.));
#3370 = DIRECTION('',(0.,0.,-1.));
#3371 = DIRECTION('',(1.,0.,0.));
#3372 = PCURVE('',#2222,#3373);
#3373 = DEFINITIONAL_REPRESENTATION('',(#3374),#3378);
#3374 = CIRCLE('',#3375,4.);
#3375 = AXIS2_PLACEMENT_2D('',#3376,#3377);
#3376 = CARTESIAN_POINT('',(-14.28941916244,-8.25));
#3377 = DIRECTION('',(1.,0.));
#3378 = ( GEOMETRIC_REPRESENTATION_CONTEXT(2) 
PARAMETRIC_REPRESENTATION_CONTEXT() REPRESENTATION_CONTEXT('2D SPACE',''
  ) );
#3379 = PCURVE('',#1570,#3380);
#3380 = DEFINITIONAL_REPRESENTATION('',(#3381),#3385);
#3381 = LINE('',#3382,#3383);
#3382 = CARTESIAN_POINT('',(-6.28318530718,12.));
#3383 = VECTOR('',#3384,1.);
#3384 = DIRECTION('',(1.,0.));
#3385 = ( GEOMETRIC_REPRESENTATION_CONTEXT(2) 
PARAMETRIC_REPRESENTATION_CONTEXT() REPRESENTATION_CONTEXT('2D SPACE',''
  ) );
#3386 = ORIENTED_EDGE('',*,*,#3387,.F.);
#3387 = EDGE_CURVE('',#3021,#3364,#3388,.T.);
#3388 = SURFACE_CURVE('',#3389,(#3393,#3400),.PCURVE_S1.);
#3389 = LINE('',#3390,#3391);
#3390 = CARTESIAN_POINT('',(-4.467658598097,4.888804971016,2.));
#3391 = VECTOR('',#3392,1.);
#3392 = DIRECTION('',(0.866025403784,-0.5,0.));
#3393 = PCURVE('',#2222,#3394);
#3394 = DEFINITIONAL_REPRESENTATION('',(#3395),#3399);
#3395 = LINE('',#3396,#3397);
#3396 = CARTESIAN_POINT('',(-4.467658598097,-4.888804971016));
#3397 = VECTOR('',#3398,1.);
#3398 = DIRECTION('',(0.866025403784,0.5));
#3399 = ( GEOMETRIC_REPRESENTATION_CONTEXT(2) 
PARAMETRIC_REPRESENTATION_CONTEXT() REPRESENTATION_CONTEXT('2D SPACE',''
  ) );
#3400 = PCURVE('',#3065,#3401);
#3401 = DEFINITIONAL_REPRESENTATION('',(#3402),#3406);
#3402 = LINE('',#3403,#3404);
#3403 = CARTESIAN_POINT('',(5.497787143782,8.881784197001E-16));
#3404 = VECTOR('',#3405,1.);
#3405 = DIRECTION('',(-7.232525172586E-16,-1.));
#3406 = ( GEOMETRIC_REPRESENTATION_CONTEXT(2) 
PARAMETRIC_REPRESENTATION_CONTEXT() REPRESENTATION_CONTEXT('2D SPACE',''
  ) );
#3407 = ORIENTED_EDGE('',*,*,#3099,.T.);
#3408 = ADVANCED_FACE('',(#3409),#3065,.T.);
#3409 = FACE_BOUND('',#3410,.T.);
#3410 = EDGE_LOOP('',(#3411,#3485,#3506,#3507));
#3411 = ORIENTED_EDGE('',*,*,#3412,.T.);
#3412 = EDGE_CURVE('',#3364,#3413,#3415,.T.);
#3413 = VERTEX_POINT('',#3414);
#3414 = CARTESIAN_POINT('',(-10.43531719619,7.179533730681,3.));
#3415 = SURFACE_CURVE('',#3416,(#3427,#3456),.PCURVE_S1.);
#3416 = B_SPLINE_CURVE_WITH_KNOTS('',3,(#3417,#3418,#3419,#3420,#3421,
    #3422,#3423,#3424,#3425,#3426),.UNSPECIFIED.,.F.,.F.,(4,2,2,2,4),(
    0.172708447742,0.213538475328,0.254368502915,0.292424284048,
    0.330480065182),.UNSPECIFIED.);
#3417 = CARTESIAN_POINT('',(-10.28941916244,8.25,2.));
#3418 = CARTESIAN_POINT('',(-10.28941916244,8.113899908045,2.));
#3419 = CARTESIAN_POINT('',(-10.29710536811,7.967419568833,
    2.022214525756));
#3420 = CARTESIAN_POINT('',(-10.32544211787,7.697454041428,
    2.121759324301));
#3421 = CARTESIAN_POINT('',(-10.34571179385,7.574023470033,
    2.199345600644));
#3422 = CARTESIAN_POINT('',(-10.38261921307,7.386632525124,
    2.380084628986));
#3423 = CARTESIAN_POINT('',(-10.40145808946,7.308399931862,
    2.491685654172));
#3424 = CARTESIAN_POINT('',(-10.42798181083,7.204938532553,
    2.738235245913));
#3425 = CARTESIAN_POINT('',(-10.43531719619,7.179533730681,
    2.873147396221));
#3426 = CARTESIAN_POINT('',(-10.43531719619,7.179533730681,3.));
#3427 = PCURVE('',#3065,#3428);
#3428 = DEFINITIONAL_REPRESENTATION('',(#3429),#3455);
#3429 = B_SPLINE_CURVE_WITH_KNOTS('',3,(#3430,#3431,#3432,#3433,#3434,
    #3435,#3436,#3437,#3438,#3439,#3440,#3441,#3442,#3443,#3444,#3445,
    #3446,#3447,#3448,#3449,#3450,#3451,#3452,#3453,#3454),
  .UNSPECIFIED.,.F.,.F.,(4,1,1,1,1,1,1,1,1,1,1,1,1,1,1,1,1,1,1,1,1,1,4),
  (0.172708447742,0.179879884898,0.187051322054,0.194222759211,
    0.201394196367,0.208565633524,0.21573707068,0.222908507836,
    0.230079944993,0.237251382149,0.244422819305,0.251594256462,
    0.258765693618,0.265937130775,0.273108567931,0.280280005087,
    0.287451442244,0.2946228794,0.301794316557,0.308965753713,
    0.316137190869,0.323308628026,0.330480065182),
  .QUASI_UNIFORM_KNOTS.);
#3430 = CARTESIAN_POINT('',(5.497787143782,6.722390057966));
#3431 = CARTESIAN_POINT('',(5.518490025659,6.710437662706));
#3432 = CARTESIAN_POINT('',(5.560685197499,6.686623321412));
#3433 = CARTESIAN_POINT('',(5.626004385872,6.651495096054));
#3434 = CARTESIAN_POINT('',(5.693000620261,6.617281281555));
#3435 = CARTESIAN_POINT('',(5.761351084393,6.584305853371));
#3436 = CARTESIAN_POINT('',(5.830769441435,6.552882196864));
#3437 = CARTESIAN_POINT('',(5.901044659097,6.523363206587));
#3438 = CARTESIAN_POINT('',(5.971981225345,6.49593034661));
#3439 = CARTESIAN_POINT('',(6.043294604831,6.470586151495));
#3440 = CARTESIAN_POINT('',(6.114671579258,6.447377263059));
#3441 = CARTESIAN_POINT('',(6.185779575926,6.426338787492));
#3442 = CARTESIAN_POINT('',(6.256295514784,6.407507866242));
#3443 = CARTESIAN_POINT('',(6.325920494666,6.390925035344));
#3444 = CARTESIAN_POINT('',(6.397943734083,6.375748303353));
#3445 = CARTESIAN_POINT('',(6.471329009651,6.362182914383));
#3446 = CARTESIAN_POINT('',(6.545815448702,6.350249038429));
#3447 = CARTESIAN_POINT('',(6.620968010013,6.340008053111));
#3448 = CARTESIAN_POINT('',(6.696473262954,6.331541579667));
#3449 = CARTESIAN_POINT('',(6.772082951924,6.324781975651));
#3450 = CARTESIAN_POINT('',(6.847504189307,6.319640828991));
#3451 = CARTESIAN_POINT('',(6.922373793666,6.316056264404));
#3452 = CARTESIAN_POINT('',(6.996294727036,6.31395929365));
#3453 = CARTESIAN_POINT('',(7.0446802721,6.313508326896));
#3454 = CARTESIAN_POINT('',(7.068583470577,6.313508326896));
#3455 = ( GEOMETRIC_REPRESENTATION_CONTEXT(2) 
PARAMETRIC_REPRESENTATION_CONTEXT() REPRESENTATION_CONTEXT('2D SPACE',''
  ) );
#3456 = PCURVE('',#1570,#3457);
#3457 = DEFINITIONAL_REPRESENTATION('',(#3458),#3484);
#3458 = B_SPLINE_CURVE_WITH_KNOTS('',3,(#3459,#3460,#3461,#3462,#3463,
    #3464,#3465,#3466,#3467,#3468,#3469,#3470,#3471,#3472,#3473,#3474,
    #3475,#3476,#3477,#3478,#3479,#3480,#3481,#3482,#3483),
  .UNSPECIFIED.,.F.,.F.,(4,1,1,1,1,1,1,1,1,1,1,1,1,1,1,1,1,1,1,1,1,1,4),
  (0.172708447742,0.179879884898,0.187051322054,0.194222759211,
    0.201394196367,0.208565633524,0.21573707068,0.222908507836,
    0.230079944993,0.237251382149,0.244422819305,0.251594256462,
    0.258765693618,0.265937130775,0.273108567931,0.280280005087,
    0.287451442244,0.2946228794,0.301794316557,0.308965753713,
    0.316137190869,0.323308628026,0.330480065182),
  .QUASI_UNIFORM_KNOTS.);
#3459 = CARTESIAN_POINT('',(0.,12.));
#3460 = CARTESIAN_POINT('',(5.976115136455E-03,12.));
#3461 = CARTESIAN_POINT('',(1.808878797553E-02,11.998629389845));
#3462 = CARTESIAN_POINT('',(3.656708022648E-02,11.992287751857));
#3463 = CARTESIAN_POINT('',(5.518293429441E-02,11.981487196886));
#3464 = CARTESIAN_POINT('',(7.376349664607E-02,11.966052087475));
#3465 = CARTESIAN_POINT('',(9.213691111592E-02,11.945815861014));
#3466 = CARTESIAN_POINT('',(0.110128935731,11.920578098747));
#3467 = CARTESIAN_POINT('',(0.12757816108,11.890267479469));
#3468 = CARTESIAN_POINT('',(0.144367898361,11.855323454013));
#3469 = CARTESIAN_POINT('',(0.160373364718,11.816116812777));
#3470 = CARTESIAN_POINT('',(0.175469932633,11.7730369726));
#3471 = CARTESIAN_POINT('',(0.189532000202,11.726467504993));
#3472 = CARTESIAN_POINT('',(0.202431204691,11.676796736345));
#3473 = CARTESIAN_POINT('',(0.214701022756,11.621895078412));
#3474 = CARTESIAN_POINT('',(0.226076196172,11.562709702638));
#3475 = CARTESIAN_POINT('',(0.236432504563,11.499633857479));
#3476 = CARTESIAN_POINT('',(0.245610717297,11.4332156006));
#3477 = CARTESIAN_POINT('',(0.253446578812,11.363937675817));
#3478 = CARTESIAN_POINT('',(0.259833666685,11.292399514778));
#3479 = CARTESIAN_POINT('',(0.264794930136,11.219421313459));
#3480 = CARTESIAN_POINT('',(0.268331202477,11.145786084925));
#3481 = CARTESIAN_POINT('',(0.270449047949,11.072286808795));
#3482 = CARTESIAN_POINT('',(0.270918513729,11.023904790521));
#3483 = CARTESIAN_POINT('',(0.270918520456,11.));
#3484 = ( GEOMETRIC_REPRESENTATION_CONTEXT(2) 
PARAMETRIC_REPRESENTATION_CONTEXT() REPRESENTATION_CONTEXT('2D SPACE',''
  ) );
#3485 = ORIENTED_EDGE('',*,*,#3486,.T.);
#3486 = EDGE_CURVE('',#3413,#2993,#3487,.T.);
#3487 = SURFACE_CURVE('',#3488,(#3492,#3499),.PCURVE_S1.);
#3488 = LINE('',#3489,#3490);
#3489 = CARTESIAN_POINT('',(-4.967658598097,4.022779567231,3.));
#3490 = VECTOR('',#3491,1.);
#3491 = DIRECTION('',(-0.866025403784,0.5,0.));
#3492 = PCURVE('',#3065,#3493);
#3493 = DEFINITIONAL_REPRESENTATION('',(#3494),#3498);
#3494 = LINE('',#3495,#3496);
#3495 = CARTESIAN_POINT('',(7.068583470577,1.7763568394E-15));
#3496 = VECTOR('',#3497,1.);
#3497 = DIRECTION('',(0.,1.));
#3498 = ( GEOMETRIC_REPRESENTATION_CONTEXT(2) 
PARAMETRIC_REPRESENTATION_CONTEXT() REPRESENTATION_CONTEXT('2D SPACE',''
  ) );
#3499 = PCURVE('',#3008,#3500);
#3500 = DEFINITIONAL_REPRESENTATION('',(#3501),#3505);
#3501 = LINE('',#3502,#3503);
#3502 = CARTESIAN_POINT('',(-6.313508326896,1.));
#3503 = VECTOR('',#3504,1.);
#3504 = DIRECTION('',(1.,0.));
#3505 = ( GEOMETRIC_REPRESENTATION_CONTEXT(2) 
PARAMETRIC_REPRESENTATION_CONTEXT() REPRESENTATION_CONTEXT('2D SPACE',''
  ) );
#3506 = ORIENTED_EDGE('',*,*,#3020,.T.);
#3507 = ORIENTED_EDGE('',*,*,#3387,.T.);
#3508 = ADVANCED_FACE('',(#3509),#2884,.F.);
#3509 = FACE_BOUND('',#3510,.F.);
#3510 = EDGE_LOOP('',(#3511,#3534,#3535,#3536,#3559,#3633));
#3511 = ORIENTED_EDGE('',*,*,#3512,.F.);
#3512 = EDGE_CURVE('',#2919,#3513,#3515,.T.);
#3513 = VERTEX_POINT('',#3514);
#3514 = CARTESIAN_POINT('',(-10.43531719619,7.179533730681,8.));
#3515 = SURFACE_CURVE('',#3516,(#3520,#3527),.PCURVE_S1.);
#3516 = LINE('',#3517,#3518);
#3517 = CARTESIAN_POINT('',(-4.967658598097,4.022779567231,8.));
#3518 = VECTOR('',#3519,1.);
#3519 = DIRECTION('',(0.866025403784,-0.5,0.));
#3520 = PCURVE('',#2884,#3521);
#3521 = DEFINITIONAL_REPRESENTATION('',(#3522),#3526);
#3522 = LINE('',#3523,#3524);
#3523 = CARTESIAN_POINT('',(7.068583470577,0.));
#3524 = VECTOR('',#3525,1.);
#3525 = DIRECTION('',(-6.377194459128E-16,-1.));
#3526 = ( GEOMETRIC_REPRESENTATION_CONTEXT(2) 
PARAMETRIC_REPRESENTATION_CONTEXT() REPRESENTATION_CONTEXT('2D SPACE',''
  ) );
#3527 = PCURVE('',#3008,#3528);
#3528 = DEFINITIONAL_REPRESENTATION('',(#3529),#3533);
#3529 = LINE('',#3530,#3531);
#3530 = CARTESIAN_POINT('',(-6.313508326896,6.));
#3531 = VECTOR('',#3532,1.);
#3532 = DIRECTION('',(-1.,0.));
#3533 = ( GEOMETRIC_REPRESENTATION_CONTEXT(2) 
PARAMETRIC_REPRESENTATION_CONTEXT() REPRESENTATION_CONTEXT('2D SPACE',''
  ) );
#3534 = ORIENTED_EDGE('',*,*,#2918,.F.);
#3535 = ORIENTED_EDGE('',*,*,#2839,.F.);
#3536 = ORIENTED_EDGE('',*,*,#3537,.F.);
#3537 = EDGE_CURVE('',#3538,#2812,#3540,.T.);
#3538 = VERTEX_POINT('',#3539);
#3539 = CARTESIAN_POINT('',(-11.43531719619,5.447482923112,8.));
#3540 = SURFACE_CURVE('',#3541,(#3545,#3552),.PCURVE_S1.);
#3541 = LINE('',#3542,#3543);
#3542 = CARTESIAN_POINT('',(-6.41996470983,2.551867815029,8.));
#3543 = VECTOR('',#3544,1.);
#3544 = DIRECTION('',(-0.866025403784,0.5,0.));
#3545 = PCURVE('',#2884,#3546);
#3546 = DEFINITIONAL_REPRESENTATION('',(#3547),#3551);
#3547 = LINE('',#3548,#3549);
#3548 = CARTESIAN_POINT('',(3.926990816987,0.52227811073));
#3549 = VECTOR('',#3550,1.);
#3550 = DIRECTION('',(0.,1.));
#3551 = ( GEOMETRIC_REPRESENTATION_CONTEXT(2) 
PARAMETRIC_REPRESENTATION_CONTEXT() REPRESENTATION_CONTEXT('2D SPACE',''
  ) );
#3552 = PCURVE('',#2827,#3553);
#3553 = DEFINITIONAL_REPRESENTATION('',(#3554),#3558);
#3554 = LINE('',#3555,#3556);
#3555 = CARTESIAN_POINT('',(6.835786437627,6.));
#3556 = VECTOR('',#3557,1.);
#3557 = DIRECTION('',(-1.,0.));
#3558 = ( GEOMETRIC_REPRESENTATION_CONTEXT(2) 
PARAMETRIC_REPRESENTATION_CONTEXT() REPRESENTATION_CONTEXT('2D SPACE',''
  ) );
#3559 = ORIENTED_EDGE('',*,*,#3560,.F.);
#3560 = EDGE_CURVE('',#3561,#3538,#3563,.T.);
#3561 = VERTEX_POINT('',#3562);
#3562 = CARTESIAN_POINT('',(-10.8253175473,6.25,9.));
#3563 = SURFACE_CURVE('',#3564,(#3575,#3604),.PCURVE_S1.);
#3564 = B_SPLINE_CURVE_WITH_KNOTS('',3,(#3565,#3566,#3567,#3568,#3569,
    #3570,#3571,#3572,#3573,#3574),.UNSPECIFIED.,.F.,.F.,(4,2,2,2,4),(
    -0.151368710053,-0.11352917823,-7.568964640703E-02,
    -3.784482320352E-02,0.),.UNSPECIFIED.);
#3565 = CARTESIAN_POINT('',(-10.8253175473,6.25,9.));
#3566 = CARTESIAN_POINT('',(-10.88838343367,6.14076668058,9.));
#3567 = CARTESIAN_POINT('',(-10.9611569455,6.027846058698,8.97468337103)
  );
#3568 = CARTESIAN_POINT('',(-11.10480538596,5.826462787733,
    8.872461259307));
#3569 = CARTESIAN_POINT('',(-11.17542604706,5.737804196904,
    8.795584735302));
#3570 = CARTESIAN_POINT('',(-11.29143632123,5.600437390864,
    8.618616454547));
#3571 = CARTESIAN_POINT('',(-11.34464919992,5.542401636108,8.50653068503
    ));
#3572 = CARTESIAN_POINT('',(-11.41676317056,5.466008861293,8.26032170801
    ));
#3573 = CARTESIAN_POINT('',(-11.43531719619,5.447482923112,
    8.126149410678));
#3574 = CARTESIAN_POINT('',(-11.43531719619,5.447482923112,8.));
#3575 = PCURVE('',#2884,#3576);
#3576 = DEFINITIONAL_REPRESENTATION('',(#3577),#3603);
#3577 = B_SPLINE_CURVE_WITH_KNOTS('',3,(#3578,#3579,#3580,#3581,#3582,
    #3583,#3584,#3585,#3586,#3587,#3588,#3589,#3590,#3591,#3592,#3593,
    #3594,#3595,#3596,#3597,#3598,#3599,#3600,#3601,#3602),
  .UNSPECIFIED.,.F.,.F.,(4,1,1,1,1,1,1,1,1,1,1,1,1,1,1,1,1,1,1,1,1,1,4),
  (-0.151368710053,-0.144488314141,-0.13760791823,-0.130727522318,
    -0.123847126407,-0.116966730495,-0.110086334584,-0.103205938672,
    -9.632554276098E-02,-8.944514684949E-02,-8.256475093799E-02,
    -7.568435502649E-02,-6.880395911499E-02,-6.192356320349E-02,
    -5.504316729199E-02,-4.816277138049E-02,-4.128237546899E-02,
    -3.440197955749E-02,-2.7521583646E-02,-2.06411877345E-02,
    -1.3760791823E-02,-6.880395911499E-03,0.),.UNSPECIFIED.);
#3578 = CARTESIAN_POINT('',(5.497787143782,6.186491673104));
#3579 = CARTESIAN_POINT('',(5.474853694391,6.186491673104));
#3580 = CARTESIAN_POINT('',(5.428449563546,6.186925659925));
#3581 = CARTESIAN_POINT('',(5.357568844785,6.188832912593));
#3582 = CARTESIAN_POINT('',(5.285750241757,6.191950116088));
#3583 = CARTESIAN_POINT('',(5.213332266799,6.196233166349));
#3584 = CARTESIAN_POINT('',(5.140624937228,6.201629722694));
#3585 = CARTESIAN_POINT('',(5.067886177021,6.208118173379));
#3586 = CARTESIAN_POINT('',(4.995301442071,6.215493837878));
#3587 = CARTESIAN_POINT('',(4.923104391461,6.22353532467));
#3588 = CARTESIAN_POINT('',(4.851637660615,6.23202676198));
#3589 = CARTESIAN_POINT('',(4.781078016179,6.240773293312));
#3590 = CARTESIAN_POINT('',(4.71233669304,6.249490481311));
#3591 = CARTESIAN_POINT('',(4.643594137941,6.258231197519));
#3592 = CARTESIAN_POINT('',(4.573040976886,6.267039890554));
#3593 = CARTESIAN_POINT('',(4.501584184541,6.275625452248));
#3594 = CARTESIAN_POINT('',(4.429400147703,6.283786015905));
#3595 = CARTESIAN_POINT('',(4.356830130243,6.291298305727));
#3596 = CARTESIAN_POINT('',(4.284106998896,6.297935440861));
#3597 = CARTESIAN_POINT('',(4.211414044423,6.303469918014));
#3598 = CARTESIAN_POINT('',(4.139008796827,6.307874024312));
#3599 = CARTESIAN_POINT('',(4.067200449741,6.311087409656));
#3600 = CARTESIAN_POINT('',(3.996326648002,6.313058472069));
#3601 = CARTESIAN_POINT('',(3.949924264219,6.313508326896));
#3602 = CARTESIAN_POINT('',(3.926990816987,6.313508326896));
#3603 = ( GEOMETRIC_REPRESENTATION_CONTEXT(2) 
PARAMETRIC_REPRESENTATION_CONTEXT() REPRESENTATION_CONTEXT('2D SPACE',''
  ) );
#3604 = PCURVE('',#1570,#3605);
#3605 = DEFINITIONAL_REPRESENTATION('',(#3606),#3632);
#3606 = B_SPLINE_CURVE_WITH_KNOTS('',3,(#3607,#3608,#3609,#3610,#3611,
    #3612,#3613,#3614,#3615,#3616,#3617,#3618,#3619,#3620,#3621,#3622,
    #3623,#3624,#3625,#3626,#3627,#3628,#3629,#3630,#3631),
  .UNSPECIFIED.,.F.,.F.,(4,1,1,1,1,1,1,1,1,1,1,1,1,1,1,1,1,1,1,1,1,1,4),
  (-0.151368710053,-0.144488314141,-0.13760791823,-0.130727522318,
    -0.123847126407,-0.116966730495,-0.110086334584,-0.103205938672,
    -9.632554276098E-02,-8.944514684949E-02,-8.256475093799E-02,
    -7.568435502649E-02,-6.880395911499E-02,-6.192356320349E-02,
    -5.504316729199E-02,-4.816277138049E-02,-4.128237546899E-02,
    -3.440197955749E-02,-2.7521583646E-02,-2.06411877345E-02,
    -1.3760791823E-02,-6.880395911499E-03,0.),.UNSPECIFIED.);
#3607 = CARTESIAN_POINT('',(0.523598775598,5.));
#3608 = CARTESIAN_POINT('',(0.529332362126,5.));
#3609 = CARTESIAN_POINT('',(0.540932871179,5.001674021335));
#3610 = CARTESIAN_POINT('',(0.558566188381,5.009224706845));
#3611 = CARTESIAN_POINT('',(0.576264988105,5.021831215332));
#3612 = CARTESIAN_POINT('',(0.593860857833,5.039514686376));
#3613 = CARTESIAN_POINT('',(0.611187308732,5.062277799149));
#3614 = CARTESIAN_POINT('',(0.628071682069,5.09019210435));
#3615 = CARTESIAN_POINT('',(0.644374456351,5.12300164178));
#3616 = CARTESIAN_POINT('',(0.659988508808,5.1601509208));
#3617 = CARTESIAN_POINT('',(0.674789109188,5.201113989181));
#3618 = CARTESIAN_POINT('',(0.688687173633,5.245484707963));
#3619 = CARTESIAN_POINT('',(0.701461819767,5.292348146703));
#3620 = CARTESIAN_POINT('',(0.713378372208,5.342704731844));
#3621 = CARTESIAN_POINT('',(0.724685115027,5.397604797161));
#3622 = CARTESIAN_POINT('',(0.735145638843,5.456191540005));
#3623 = CARTESIAN_POINT('',(0.74465143085,5.518121073203));
#3624 = CARTESIAN_POINT('',(0.753063193593,5.582904984097));
#3625 = CARTESIAN_POINT('',(0.760233883102,5.650120046489));
#3626 = CARTESIAN_POINT('',(0.766088733853,5.71920470078));
#3627 = CARTESIAN_POINT('',(0.770643454588,5.789446456309));
#3628 = CARTESIAN_POINT('',(0.773895150206,5.860163463234));
#3629 = CARTESIAN_POINT('',(0.775845743762,5.930665658711));
#3630 = CARTESIAN_POINT('',(0.776279025482,5.977065346962));
#3631 = CARTESIAN_POINT('',(0.77627903074,6.));
#3632 = ( GEOMETRIC_REPRESENTATION_CONTEXT(2) 
PARAMETRIC_REPRESENTATION_CONTEXT() REPRESENTATION_CONTEXT('2D SPACE',''
  ) );
#3633 = ORIENTED_EDGE('',*,*,#3634,.F.);
#3634 = EDGE_CURVE('',#3513,#3561,#3635,.T.);
#3635 = SURFACE_CURVE('',#3636,(#3647,#3676),.PCURVE_S1.);
#3636 = B_SPLINE_CURVE_WITH_KNOTS('',3,(#3637,#3638,#3639,#3640,#3641,
    #3642,#3643,#3644,#3645,#3646),.UNSPECIFIED.,.F.,.F.,(4,2,2,2,4),(0.
    ,3.784482320352E-02,7.568964640703E-02,0.11352917823,0.151368710053)
  ,.UNSPECIFIED.);
#3637 = CARTESIAN_POINT('',(-10.43531719619,7.179533730681,8.));
#3638 = CARTESIAN_POINT('',(-10.43531719619,7.179533730681,
    8.126149410678));
#3639 = CARTESIAN_POINT('',(-10.44208411647,7.15420250405,8.26032170801)
  );
#3640 = CARTESIAN_POINT('',(-10.4721852148,7.053553586103,8.50653068503)
  );
#3641 = CARTESIAN_POINT('',(-10.49583921341,6.978452003973,
    8.618616454547));
#3642 = CARTESIAN_POINT('',(-10.55679721999,6.809300756419,
    8.795584735302));
#3643 = CARTESIAN_POINT('',(-10.59826748136,6.703812174464,
    8.872461259307));
#3644 = CARTESIAN_POINT('',(-10.70084628968,6.478717340323,8.97468337103
    ));
#3645 = CARTESIAN_POINT('',(-10.76225166093,6.35923331942,9.));
#3646 = CARTESIAN_POINT('',(-10.8253175473,6.25,9.));
#3647 = PCURVE('',#2884,#3648);
#3648 = DEFINITIONAL_REPRESENTATION('',(#3649),#3675);
#3649 = B_SPLINE_CURVE_WITH_KNOTS('',3,(#3650,#3651,#3652,#3653,#3654,
    #3655,#3656,#3657,#3658,#3659,#3660,#3661,#3662,#3663,#3664,#3665,
    #3666,#3667,#3668,#3669,#3670,#3671,#3672,#3673,#3674),
  .UNSPECIFIED.,.F.,.F.,(4,1,1,1,1,1,1,1,1,1,1,1,1,1,1,1,1,1,1,1,1,1,4),
  (0.,6.880395911499E-03,1.3760791823E-02,2.06411877345E-02,
    2.7521583646E-02,3.44019795575E-02,4.128237546899E-02,
    4.816277138049E-02,5.504316729199E-02,6.192356320349E-02,
    6.880395911499E-02,7.568435502649E-02,8.256475093799E-02,
    8.944514684949E-02,9.632554276099E-02,0.103205938672,0.110086334584,
    0.116966730495,0.123847126407,0.130727522318,0.13760791823,
    0.144488314141,0.151368710053),.QUASI_UNIFORM_KNOTS.);
#3650 = CARTESIAN_POINT('',(7.068583470577,6.313508326896));
#3651 = CARTESIAN_POINT('',(7.045650023345,6.313508326896));
#3652 = CARTESIAN_POINT('',(6.999247639562,6.313058472069));
#3653 = CARTESIAN_POINT('',(6.928373837824,6.311087409657));
#3654 = CARTESIAN_POINT('',(6.856565490738,6.307874024313));
#3655 = CARTESIAN_POINT('',(6.784160243141,6.303469918015));
#3656 = CARTESIAN_POINT('',(6.711467288669,6.297935440862));
#3657 = CARTESIAN_POINT('',(6.638744157322,6.291298305728));
#3658 = CARTESIAN_POINT('',(6.566174139861,6.283786015906));
#3659 = CARTESIAN_POINT('',(6.493990103024,6.275625452248));
#3660 = CARTESIAN_POINT('',(6.422533310678,6.267039890554));
#3661 = CARTESIAN_POINT('',(6.351980149623,6.258231197519));
#3662 = CARTESIAN_POINT('',(6.283237594524,6.249490481311));
#3663 = CARTESIAN_POINT('',(6.214496271386,6.240773293312));
#3664 = CARTESIAN_POINT('',(6.143936626949,6.23202676198));
#3665 = CARTESIAN_POINT('',(6.072469896104,6.22353532467));
#3666 = CARTESIAN_POINT('',(6.000272845493,6.215493837878));
#3667 = CARTESIAN_POINT('',(5.927688110543,6.20811817338));
#3668 = CARTESIAN_POINT('',(5.854949350336,6.201629722694));
#3669 = CARTESIAN_POINT('',(5.782242020766,6.196233166349));
#3670 = CARTESIAN_POINT('',(5.709824045808,6.191950116088));
#3671 = CARTESIAN_POINT('',(5.638005442779,6.188832912593));
#3672 = CARTESIAN_POINT('',(5.567124724018,6.186925659925));
#3673 = CARTESIAN_POINT('',(5.520720593174,6.186491673104));
#3674 = CARTESIAN_POINT('',(5.497787143782,6.186491673104));
#3675 = ( GEOMETRIC_REPRESENTATION_CONTEXT(2) 
PARAMETRIC_REPRESENTATION_CONTEXT() REPRESENTATION_CONTEXT('2D SPACE',''
  ) );
#3676 = PCURVE('',#1570,#3677);
#3677 = DEFINITIONAL_REPRESENTATION('',(#3678),#3704);
#3678 = B_SPLINE_CURVE_WITH_KNOTS('',3,(#3679,#3680,#3681,#3682,#3683,
    #3684,#3685,#3686,#3687,#3688,#3689,#3690,#3691,#3692,#3693,#3694,
    #3695,#3696,#3697,#3698,#3699,#3700,#3701,#3702,#3703),
  .UNSPECIFIED.,.F.,.F.,(4,1,1,1,1,1,1,1,1,1,1,1,1,1,1,1,1,1,1,1,1,1,4),
  (0.,6.880395911499E-03,1.3760791823E-02,2.06411877345E-02,
    2.7521583646E-02,3.44019795575E-02,4.128237546899E-02,
    4.816277138049E-02,5.504316729199E-02,6.192356320349E-02,
    6.880395911499E-02,7.568435502649E-02,8.256475093799E-02,
    8.944514684949E-02,9.632554276099E-02,0.103205938672,0.110086334584,
    0.116966730495,0.123847126407,0.130727522318,0.13760791823,
    0.144488314141,0.151368710053),.QUASI_UNIFORM_KNOTS.);
#3679 = CARTESIAN_POINT('',(0.270918520456,6.));
#3680 = CARTESIAN_POINT('',(0.270918525714,5.977065346962));
#3681 = CARTESIAN_POINT('',(0.271351807434,5.930665658711));
#3682 = CARTESIAN_POINT('',(0.273302400991,5.860163463234));
#3683 = CARTESIAN_POINT('',(0.276554096609,5.789446456309));
#3684 = CARTESIAN_POINT('',(0.281108817343,5.71920470078));
#3685 = CARTESIAN_POINT('',(0.286963668094,5.650120046489));
#3686 = CARTESIAN_POINT('',(0.294134357604,5.582904984097));
#3687 = CARTESIAN_POINT('',(0.302546120347,5.518121073203));
#3688 = CARTESIAN_POINT('',(0.312051912354,5.456191540005));
#3689 = CARTESIAN_POINT('',(0.32251243617,5.397604797161));
#3690 = CARTESIAN_POINT('',(0.333819178988,5.342704731844));
#3691 = CARTESIAN_POINT('',(0.34573573143,5.292348146703));
#3692 = CARTESIAN_POINT('',(0.358510377564,5.245484707963));
#3693 = CARTESIAN_POINT('',(0.372408442008,5.201113989181));
#3694 = CARTESIAN_POINT('',(0.387209042389,5.1601509208));
#3695 = CARTESIAN_POINT('',(0.402823094846,5.12300164178));
#3696 = CARTESIAN_POINT('',(0.419125869127,5.09019210435));
#3697 = CARTESIAN_POINT('',(0.436010242465,5.062277799149));
#3698 = CARTESIAN_POINT('',(0.453336693364,5.039514686376));
#3699 = CARTESIAN_POINT('',(0.470932563092,5.021831215332));
#3700 = CARTESIAN_POINT('',(0.488631362815,5.009224706845));
#3701 = CARTESIAN_POINT('',(0.506264680018,5.001674021335));
#3702 = CARTESIAN_POINT('',(0.51786518907,5.));
#3703 = CARTESIAN_POINT('',(0.523598775598,5.));
#3704 = ( GEOMETRIC_REPRESENTATION_CONTEXT(2) 
PARAMETRIC_REPRESENTATION_CONTEXT() REPRESENTATION_CONTEXT('2D SPACE',''
  ) );
#3705 = ADVANCED_FACE('',(#3706),#1541,.T.);
#3706 = FACE_BOUND('',#3707,.T.);
#3707 = EDGE_LOOP('',(#3708,#3782,#3783,#3784));
#3708 = ORIENTED_EDGE('',*,*,#3709,.T.);
#3709 = EDGE_CURVE('',#3710,#1526,#3712,.T.);
#3710 = VERTEX_POINT('',#3711);
#3711 = CARTESIAN_POINT('',(-11.43531719619,5.447482923112,3.));
#3712 = SURFACE_CURVE('',#3713,(#3724,#3753),.PCURVE_S1.);
#3713 = B_SPLINE_CURVE_WITH_KNOTS('',3,(#3714,#3715,#3716,#3717,#3718,
    #3719,#3720,#3721,#3722,#3723),.UNSPECIFIED.,.F.,.F.,(4,2,2,2,4),(
    0.330310841855,0.368366622989,0.406422404123,0.447252431709,
    0.488082459296),.UNSPECIFIED.);
#3714 = CARTESIAN_POINT('',(-11.43531719619,5.447482923112,3.));
#3715 = CARTESIAN_POINT('',(-11.43531719619,5.447482923112,
    2.873147396221));
#3716 = CARTESIAN_POINT('',(-11.45365070731,5.428427892108,
    2.738235245913));
#3717 = CARTESIAN_POINT('',(-11.52998904674,5.353726975944,
    2.491685654172));
#3718 = CARTESIAN_POINT('',(-11.58832102171,5.29829573378,2.380084628986
    ));
#3719 = CARTESIAN_POINT('',(-11.73215263083,5.17263749869,2.199345600644
    ));
#3720 = CARTESIAN_POINT('',(-11.82891180327,5.093368158674,
    2.121759324301));
#3721 = CARTESIAN_POINT('',(-12.04854043327,4.933845049812,
    2.022214525756));
#3722 = CARTESIAN_POINT('',(-12.17155302535,4.85394843084,2.));
#3723 = CARTESIAN_POINT('',(-12.28941916244,4.785898384862,2.));
#3724 = PCURVE('',#1541,#3725);
#3725 = DEFINITIONAL_REPRESENTATION('',(#3726),#3752);
#3726 = B_SPLINE_CURVE_WITH_KNOTS('',3,(#3727,#3728,#3729,#3730,#3731,
    #3732,#3733,#3734,#3735,#3736,#3737,#3738,#3739,#3740,#3741,#3742,
    #3743,#3744,#3745,#3746,#3747,#3748,#3749,#3750,#3751),
  .UNSPECIFIED.,.F.,.F.,(4,1,1,1,1,1,1,1,1,1,1,1,1,1,1,1,1,1,1,1,1,1,4),
  (0.330310841855,0.337482279012,0.344653716168,0.351825153325,
    0.358996590481,0.366168027637,0.373339464794,0.38051090195,
    0.387682339107,0.394853776263,0.402025213419,0.409196650576,
    0.416368087732,0.423539524888,0.430710962045,0.437882399201,
    0.445053836358,0.452225273514,0.45939671067,0.466568147827,
    0.473739584983,0.480911022139,0.488082459296),
  .QUASI_UNIFORM_KNOTS.);
#3727 = CARTESIAN_POINT('',(7.068583470577,-5.791230216166));
#3728 = CARTESIAN_POINT('',(7.0446802721,-5.791230216166));
#3729 = CARTESIAN_POINT('',(6.996294727036,-5.791681182919));
#3730 = CARTESIAN_POINT('',(6.922373793666,-5.793778153673));
#3731 = CARTESIAN_POINT('',(6.847504189307,-5.797362718261));
#3732 = CARTESIAN_POINT('',(6.772082951924,-5.802503864921));
#3733 = CARTESIAN_POINT('',(6.696473262954,-5.809263468937));
#3734 = CARTESIAN_POINT('',(6.620968010013,-5.817729942381));
#3735 = CARTESIAN_POINT('',(6.545815448702,-5.827970927699));
#3736 = CARTESIAN_POINT('',(6.471329009651,-5.839904803653));
#3737 = CARTESIAN_POINT('',(6.397943734083,-5.853470192623));
#3738 = CARTESIAN_POINT('',(6.325920494666,-5.868646924613));
#3739 = CARTESIAN_POINT('',(6.256295514784,-5.885229755512));
#3740 = CARTESIAN_POINT('',(6.185779575926,-5.904060676761));
#3741 = CARTESIAN_POINT('',(6.114671579258,-5.925099152328));
#3742 = CARTESIAN_POINT('',(6.043294604831,-5.948308040764));
#3743 = CARTESIAN_POINT('',(5.971981225345,-5.973652235879));
#3744 = CARTESIAN_POINT('',(5.901044659097,-6.001085095856));
#3745 = CARTESIAN_POINT('',(5.830769441435,-6.030604086133));
#3746 = CARTESIAN_POINT('',(5.761351084393,-6.06202774264));
#3747 = CARTESIAN_POINT('',(5.693000620261,-6.095003170824));
#3748 = CARTESIAN_POINT('',(5.626004385872,-6.129216985323));
#3749 = CARTESIAN_POINT('',(5.560685197499,-6.164345210681));
#3750 = CARTESIAN_POINT('',(5.518490025659,-6.188159551975));
#3751 = CARTESIAN_POINT('',(5.497787143782,-6.200111947235));
#3752 = ( GEOMETRIC_REPRESENTATION_CONTEXT(2) 
PARAMETRIC_REPRESENTATION_CONTEXT() REPRESENTATION_CONTEXT('2D SPACE',''
  ) );
#3753 = PCURVE('',#1570,#3754);
#3754 = DEFINITIONAL_REPRESENTATION('',(#3755),#3781);
#3755 = B_SPLINE_CURVE_WITH_KNOTS('',3,(#3756,#3757,#3758,#3759,#3760,
    #3761,#3762,#3763,#3764,#3765,#3766,#3767,#3768,#3769,#3770,#3771,
    #3772,#3773,#3774,#3775,#3776,#3777,#3778,#3779,#3780),
  .UNSPECIFIED.,.F.,.F.,(4,1,1,1,1,1,1,1,1,1,1,1,1,1,1,1,1,1,1,1,1,1,4),
  (0.330310841855,0.337482279012,0.344653716168,0.351825153325,
    0.358996590481,0.366168027637,0.373339464794,0.38051090195,
    0.387682339107,0.394853776263,0.402025213419,0.409196650576,
    0.416368087732,0.423539524888,0.430710962045,0.437882399201,
    0.445053836358,0.452225273514,0.45939671067,0.466568147827,
    0.473739584983,0.480911022139,0.488082459296),
  .QUASI_UNIFORM_KNOTS.);
#3756 = CARTESIAN_POINT('',(0.77627903074,11.));
#3757 = CARTESIAN_POINT('',(0.776279037468,11.023904790521));
#3758 = CARTESIAN_POINT('',(0.776748503247,11.072286808795));
#3759 = CARTESIAN_POINT('',(0.77886634872,11.145786084925));
#3760 = CARTESIAN_POINT('',(0.782402621061,11.219421313459));
#3761 = CARTESIAN_POINT('',(0.787363884511,11.292399514778));
#3762 = CARTESIAN_POINT('',(0.793750972385,11.363937675817));
#3763 = CARTESIAN_POINT('',(0.801586833899,11.4332156006));
#3764 = CARTESIAN_POINT('',(0.810765046634,11.499633857479));
#3765 = CARTESIAN_POINT('',(0.821121355025,11.562709702638));
#3766 = CARTESIAN_POINT('',(0.832496528441,11.621895078412));
#3767 = CARTESIAN_POINT('',(0.844766346506,11.676796736345));
#3768 = CARTESIAN_POINT('',(0.857665550994,11.726467504993));
#3769 = CARTESIAN_POINT('',(0.871727618564,11.7730369726));
#3770 = CARTESIAN_POINT('',(0.886824186479,11.816116812777));
#3771 = CARTESIAN_POINT('',(0.902829652836,11.855323454013));
#3772 = CARTESIAN_POINT('',(0.919619390117,11.890267479469));
#3773 = CARTESIAN_POINT('',(0.937068615465,11.920578098747));
#3774 = CARTESIAN_POINT('',(0.955060640081,11.945815861014));
#3775 = CARTESIAN_POINT('',(0.973434054551,11.966052087475));
#3776 = CARTESIAN_POINT('',(0.992014616902,11.981487196886));
#3777 = CARTESIAN_POINT('',(1.01063047097,11.992287751857));
#3778 = CARTESIAN_POINT('',(1.029108763221,11.998629389845));
#3779 = CARTESIAN_POINT('',(1.04122143606,12.));
#3780 = CARTESIAN_POINT('',(1.047197551197,12.));
#3781 = ( GEOMETRIC_REPRESENTATION_CONTEXT(2) 
PARAMETRIC_REPRESENTATION_CONTEXT() REPRESENTATION_CONTEXT('2D SPACE',''
  ) );
#3782 = ORIENTED_EDGE('',*,*,#1525,.T.);
#3783 = ORIENTED_EDGE('',*,*,#2737,.T.);
#3784 = ORIENTED_EDGE('',*,*,#3785,.T.);
#3785 = EDGE_CURVE('',#2738,#3710,#3786,.T.);
#3786 = SURFACE_CURVE('',#3787,(#3791,#3798),.PCURVE_S1.);
#3787 = LINE('',#3788,#3789);
#3788 = CARTESIAN_POINT('',(-6.41996470983,2.551867815029,3.));
#3789 = VECTOR('',#3790,1.);
#3790 = DIRECTION('',(0.866025403784,-0.5,0.));
#3791 = PCURVE('',#1541,#3792);
#3792 = DEFINITIONAL_REPRESENTATION('',(#3793),#3797);
#3793 = LINE('',#3794,#3795);
#3794 = CARTESIAN_POINT('',(7.068583470577,0.));
#3795 = VECTOR('',#3796,1.);
#3796 = DIRECTION('',(3.188597229565E-16,1.));
#3797 = ( GEOMETRIC_REPRESENTATION_CONTEXT(2) 
PARAMETRIC_REPRESENTATION_CONTEXT() REPRESENTATION_CONTEXT('2D SPACE',''
  ) );
#3798 = PCURVE('',#2827,#3799);
#3799 = DEFINITIONAL_REPRESENTATION('',(#3800),#3804);
#3800 = LINE('',#3801,#3802);
#3801 = CARTESIAN_POINT('',(6.835786437627,1.));
#3802 = VECTOR('',#3803,1.);
#3803 = DIRECTION('',(1.,0.));
#3804 = ( GEOMETRIC_REPRESENTATION_CONTEXT(2) 
PARAMETRIC_REPRESENTATION_CONTEXT() REPRESENTATION_CONTEXT('2D SPACE',''
  ) );
#3805 = ADVANCED_FACE('',(#3806),#2827,.F.);
#3806 = FACE_BOUND('',#3807,.T.);
#3807 = EDGE_LOOP('',(#3808,#3809,#3830,#3831));
#3808 = ORIENTED_EDGE('',*,*,#3537,.F.);
#3809 = ORIENTED_EDGE('',*,*,#3810,.F.);
#3810 = EDGE_CURVE('',#3710,#3538,#3811,.T.);
#3811 = SURFACE_CURVE('',#3812,(#3816,#3823),.PCURVE_S1.);
#3812 = LINE('',#3813,#3814);
#3813 = CARTESIAN_POINT('',(-11.43531719619,5.447482923112,14.));
#3814 = VECTOR('',#3815,1.);
#3815 = DIRECTION('',(0.,0.,1.));
#3816 = PCURVE('',#2827,#3817);
#3817 = DEFINITIONAL_REPRESENTATION('',(#3818),#3822);
#3818 = LINE('',#3819,#3820);
#3819 = CARTESIAN_POINT('',(1.044556221461,12.));
#3820 = VECTOR('',#3821,1.);
#3821 = DIRECTION('',(0.,1.));
#3822 = ( GEOMETRIC_REPRESENTATION_CONTEXT(2) 
PARAMETRIC_REPRESENTATION_CONTEXT() REPRESENTATION_CONTEXT('2D SPACE',''
  ) );
#3823 = PCURVE('',#1570,#3824);
#3824 = DEFINITIONAL_REPRESENTATION('',(#3825),#3829);
#3825 = LINE('',#3826,#3827);
#3826 = CARTESIAN_POINT('',(0.77627903074,0.));
#3827 = VECTOR('',#3828,1.);
#3828 = DIRECTION('',(0.,-1.));
#3829 = ( GEOMETRIC_REPRESENTATION_CONTEXT(2) 
PARAMETRIC_REPRESENTATION_CONTEXT() REPRESENTATION_CONTEXT('2D SPACE',''
  ) );
#3830 = ORIENTED_EDGE('',*,*,#3785,.F.);
#3831 = ORIENTED_EDGE('',*,*,#2811,.F.);
#3832 = ADVANCED_FACE('',(#3833),#1480,.T.);
#3833 = FACE_BOUND('',#3834,.T.);
#3834 = EDGE_LOOP('',(#3835,#3909,#3930,#3931,#3932));
#3835 = ORIENTED_EDGE('',*,*,#3836,.T.);
#3836 = EDGE_CURVE('',#1441,#3837,#3839,.T.);
#3837 = VERTEX_POINT('',#3838);
#3838 = CARTESIAN_POINT('',(-17.798843892,9.121466773935,3.));
#3839 = SURFACE_CURVE('',#3840,(#3851,#3880),.PCURVE_S1.);
#3840 = B_SPLINE_CURVE_WITH_KNOTS('',3,(#3841,#3842,#3843,#3844,#3845,
    #3846,#3847,#3848,#3849,#3850),.UNSPECIFIED.,.F.,.F.,(4,2,2,2,4),(
    0.151246706792,0.189023211719,0.226799716646,0.264482664665,
    0.302165612683),.UNSPECIFIED.);
#3841 = CARTESIAN_POINT('',(-18.23368793961,8.217823563498,2.));
#3842 = CARTESIAN_POINT('',(-18.18194783089,8.332624397213,2.));
#3843 = CARTESIAN_POINT('',(-18.12554143272,8.454586376339,
    2.024991559515));
#3844 = CARTESIAN_POINT('',(-18.01964098791,8.678007933316,
    2.126961165966));
#3845 = CARTESIAN_POINT('',(-17.97020955829,8.779493901486,
    2.203946409535));
#3846 = CARTESIAN_POINT('',(-17.89134058982,8.939118375497,
    2.381619743328));
#3847 = CARTESIAN_POINT('',(-17.85663328309,9.007955407664,
    2.494036395706));
#3848 = CARTESIAN_POINT('',(-17.81035536072,9.099112855358,
    2.740422256032));
#3849 = CARTESIAN_POINT('',(-17.798843892,9.121466773935,2.874390173271)
  );
#3850 = CARTESIAN_POINT('',(-17.798843892,9.121466773935,3.));
#3851 = PCURVE('',#1480,#3852);
#3852 = DEFINITIONAL_REPRESENTATION('',(#3853),#3879);
#3853 = B_SPLINE_CURVE_WITH_KNOTS('',3,(#3854,#3855,#3856,#3857,#3858,
    #3859,#3860,#3861,#3862,#3863,#3864,#3865,#3866,#3867,#3868,#3869,
    #3870,#3871,#3872,#3873,#3874,#3875,#3876,#3877,#3878),
  .UNSPECIFIED.,.F.,.F.,(4,1,1,1,1,1,1,1,1,1,1,1,1,1,1,1,1,1,1,1,1,1,4),
  (0.151246706792,0.15810665706,0.164966607328,0.171826557595,
    0.178686507863,0.185546458131,0.192406408399,0.199266358666,
    0.206126308934,0.212986259202,0.21984620947,0.226706159738,
    0.233566110005,0.240426060273,0.247286010541,0.254145960809,
    0.261005911076,0.267865861344,0.274725811612,0.28158576188,
    0.288445712148,0.295305662415,0.302165612683),
  .QUASI_UNIFORM_KNOTS.);
#3854 = CARTESIAN_POINT('',(5.497787143782,-9.912256564413));
#3855 = CARTESIAN_POINT('',(5.520538059152,-9.914543214503));
#3856 = CARTESIAN_POINT('',(5.566606984015,-9.919086145515));
#3857 = CARTESIAN_POINT('',(5.637072271228,-9.925749316916));
#3858 = CARTESIAN_POINT('',(5.708559520072,-9.932201333536));
#3859 = CARTESIAN_POINT('',(5.780730737701,-9.938381607856));
#3860 = CARTESIAN_POINT('',(5.853277573379,-9.944231995835));
#3861 = CARTESIAN_POINT('',(5.925948665973,-9.949685237368));
#3862 = CARTESIAN_POINT('',(5.998549116776,-9.954724571423));
#3863 = CARTESIAN_POINT('',(6.070834904101,-9.959350849737));
#3864 = CARTESIAN_POINT('',(6.142458301585,-9.963557302816));
#3865 = CARTESIAN_POINT('',(6.213226301951,-9.967347072896));
#3866 = CARTESIAN_POINT('',(6.282259366501,-9.970691276515));
#3867 = CARTESIAN_POINT('',(6.351239628149,-9.97367922128));
#3868 = CARTESIAN_POINT('',(6.422041697073,-9.976405027347));
#3869 = CARTESIAN_POINT('',(6.493730431247,-9.978833279977));
#3870 = CARTESIAN_POINT('',(6.566123749163,-9.980962941046));
#3871 = CARTESIAN_POINT('',(6.638867746193,-9.982784914899));
#3872 = CARTESIAN_POINT('',(6.711718023674,-9.984287959388));
#3873 = CARTESIAN_POINT('',(6.784478849831,-9.985489765574));
#3874 = CARTESIAN_POINT('',(6.856896228913,-9.986403051813));
#3875 = CARTESIAN_POINT('',(6.928659502839,-9.987039783951));
#3876 = CARTESIAN_POINT('',(6.999428608501,-9.987412129536));
#3877 = CARTESIAN_POINT('',(7.045718025292,-9.987492177719));
#3878 = CARTESIAN_POINT('',(7.068583470577,-9.987492177719));
#3879 = ( GEOMETRIC_REPRESENTATION_CONTEXT(2) 
PARAMETRIC_REPRESENTATION_CONTEXT() REPRESENTATION_CONTEXT('2D SPACE',''
  ) );
#3880 = PCURVE('',#1428,#3881);
#3881 = DEFINITIONAL_REPRESENTATION('',(#3882),#3908);
#3882 = B_SPLINE_CURVE_WITH_KNOTS('',3,(#3883,#3884,#3885,#3886,#3887,
    #3888,#3889,#3890,#3891,#3892,#3893,#3894,#3895,#3896,#3897,#3898,
    #3899,#3900,#3901,#3902,#3903,#3904,#3905,#3906,#3907),
  .UNSPECIFIED.,.F.,.F.,(4,1,1,1,1,1,1,1,1,1,1,1,1,1,1,1,1,1,1,1,1,1,4),
  (0.151246706792,0.15810665706,0.164966607328,0.171826557595,
    0.178686507863,0.185546458131,0.192406408399,0.199266358666,
    0.206126308934,0.212986259202,0.21984620947,0.226706159738,
    0.233566110005,0.240426060273,0.247286010541,0.254145960809,
    0.261005911076,0.267865861344,0.274725811612,0.28158576188,
    0.288445712148,0.295305662415,0.302165612683),
  .QUASI_UNIFORM_KNOTS.);
#3883 = CARTESIAN_POINT('',(-2.718161299153,12.));
#3884 = CARTESIAN_POINT('',(-2.717017974726,12.));
#3885 = CARTESIAN_POINT('',(-2.714703470952,11.998351794479));
#3886 = CARTESIAN_POINT('',(-2.711182632073,11.990898525477));
#3887 = CARTESIAN_POINT('',(-2.707647161319,11.97842936895));
#3888 = CARTESIAN_POINT('',(-2.704131615737,11.960904437372));
#3889 = CARTESIAN_POINT('',(-2.700670184257,11.938302268739));
#3890 = CARTESIAN_POINT('',(-2.69729842075,11.910532659691));
#3891 = CARTESIAN_POINT('',(-2.694045446498,11.87782573114));
#3892 = CARTESIAN_POINT('',(-2.69093310728,11.840733465103));
#3893 = CARTESIAN_POINT('',(-2.687986425865,11.799772806263));
#3894 = CARTESIAN_POINT('',(-2.685223589469,11.755350436));
#3895 = CARTESIAN_POINT('',(-2.682687005584,11.708349126244));
#3896 = CARTESIAN_POINT('',(-2.680329079606,11.657857550033));
#3897 = CARTESIAN_POINT('',(-2.678097513033,11.602788092823));
#3898 = CARTESIAN_POINT('',(-2.67603872262,11.544024933866));
#3899 = CARTESIAN_POINT('',(-2.674172927493,11.481922363658));
#3900 = CARTESIAN_POINT('',(-2.672526517854,11.416983741706));
#3901 = CARTESIAN_POINT('',(-2.671127420948,11.349646040222));
#3902 = CARTESIAN_POINT('',(-2.669987987847,11.280489903278));
#3903 = CARTESIAN_POINT('',(-2.669103945264,11.21023009303));
#3904 = CARTESIAN_POINT('',(-2.668474535336,11.139553233967));
#3905 = CARTESIAN_POINT('',(-2.66809805917,11.069153492634));
#3906 = CARTESIAN_POINT('',(-2.668014734836,11.022866500893));
#3907 = CARTESIAN_POINT('',(-2.668014734797,11.));
#3908 = ( GEOMETRIC_REPRESENTATION_CONTEXT(2) 
PARAMETRIC_REPRESENTATION_CONTEXT() REPRESENTATION_CONTEXT('2D SPACE',''
  ) );
#3909 = ORIENTED_EDGE('',*,*,#3910,.T.);
#3910 = EDGE_CURVE('',#3837,#2514,#3911,.T.);
#3911 = SURFACE_CURVE('',#3912,(#3916,#3923),.PCURVE_S1.);
#3912 = LINE('',#3913,#3914);
#3913 = CARTESIAN_POINT('',(-9.149421946003,4.127720685075,3.));
#3914 = VECTOR('',#3915,1.);
#3915 = DIRECTION('',(0.866025403784,-0.5,0.));
#3916 = PCURVE('',#1480,#3917);
#3917 = DEFINITIONAL_REPRESENTATION('',(#3918),#3922);
#3918 = LINE('',#3919,#3920);
#3919 = CARTESIAN_POINT('',(7.068583470577,-3.552713678801E-15));
#3920 = VECTOR('',#3921,1.);
#3921 = DIRECTION('',(1.373704256234E-15,1.));
#3922 = ( GEOMETRIC_REPRESENTATION_CONTEXT(2) 
PARAMETRIC_REPRESENTATION_CONTEXT() REPRESENTATION_CONTEXT('2D SPACE',''
  ) );
#3923 = PCURVE('',#2529,#3924);
#3924 = DEFINITIONAL_REPRESENTATION('',(#3925),#3929);
#3925 = LINE('',#3926,#3927);
#3926 = CARTESIAN_POINT('',(9.987492177719,1.));
#3927 = VECTOR('',#3928,1.);
#3928 = DIRECTION('',(1.,0.));
#3929 = ( GEOMETRIC_REPRESENTATION_CONTEXT(2) 
PARAMETRIC_REPRESENTATION_CONTEXT() REPRESENTATION_CONTEXT('2D SPACE',''
  ) );
#3930 = ORIENTED_EDGE('',*,*,#2541,.T.);
#3931 = ORIENTED_EDGE('',*,*,#2668,.T.);
#3932 = ORIENTED_EDGE('',*,*,#1464,.T.);
#3933 = ADVANCED_FACE('',(#3934),#2529,.F.);
#3934 = FACE_BOUND('',#3935,.T.);
#3935 = EDGE_LOOP('',(#3936,#3959,#3960,#3961));
#3936 = ORIENTED_EDGE('',*,*,#3937,.F.);
#3937 = EDGE_CURVE('',#2440,#3938,#3940,.T.);
#3938 = VERTEX_POINT('',#3939);
#3939 = CARTESIAN_POINT('',(-17.798843892,9.121466773935,8.));
#3940 = SURFACE_CURVE('',#3941,(#3945,#3952),.PCURVE_S1.);
#3941 = LINE('',#3942,#3943);
#3942 = CARTESIAN_POINT('',(-17.65886014531,9.040647120099,8.));
#3943 = VECTOR('',#3944,1.);
#3944 = DIRECTION('',(-0.866025403784,0.5,0.));
#3945 = PCURVE('',#2529,#3946);
#3946 = DEFINITIONAL_REPRESENTATION('',(#3947),#3951);
#3947 = LINE('',#3948,#3949);
#3948 = CARTESIAN_POINT('',(0.161639307673,6.));
#3949 = VECTOR('',#3950,1.);
#3950 = DIRECTION('',(-1.,0.));
#3951 = ( GEOMETRIC_REPRESENTATION_CONTEXT(2) 
PARAMETRIC_REPRESENTATION_CONTEXT() REPRESENTATION_CONTEXT('2D SPACE',''
  ) );
#3952 = PCURVE('',#2405,#3953);
#3953 = DEFINITIONAL_REPRESENTATION('',(#3954),#3958);
#3954 = LINE('',#3955,#3956);
#3955 = CARTESIAN_POINT('',(3.926990816987,0.323278615346));
#3956 = VECTOR('',#3957,1.);
#3957 = DIRECTION('',(0.,1.));
#3958 = ( GEOMETRIC_REPRESENTATION_CONTEXT(2) 
PARAMETRIC_REPRESENTATION_CONTEXT() REPRESENTATION_CONTEXT('2D SPACE',''
  ) );
#3959 = ORIENTED_EDGE('',*,*,#2513,.F.);
#3960 = ORIENTED_EDGE('',*,*,#3910,.F.);
#3961 = ORIENTED_EDGE('',*,*,#3962,.F.);
#3962 = EDGE_CURVE('',#3938,#3837,#3963,.T.);
#3963 = SURFACE_CURVE('',#3964,(#3968,#3975),.PCURVE_S1.);
#3964 = LINE('',#3965,#3966);
#3965 = CARTESIAN_POINT('',(-17.798843892,9.121466773935,14.));
#3966 = VECTOR('',#3967,1.);
#3967 = DIRECTION('',(0.,0.,-1.));
#3968 = PCURVE('',#2529,#3969);
#3969 = DEFINITIONAL_REPRESENTATION('',(#3970),#3974);
#3970 = LINE('',#3971,#3972);
#3971 = CARTESIAN_POINT('',(4.853097137614E-15,12.));
#3972 = VECTOR('',#3973,1.);
#3973 = DIRECTION('',(0.,-1.));
#3974 = ( GEOMETRIC_REPRESENTATION_CONTEXT(2) 
PARAMETRIC_REPRESENTATION_CONTEXT() REPRESENTATION_CONTEXT('2D SPACE',''
  ) );
#3975 = PCURVE('',#1428,#3976);
#3976 = DEFINITIONAL_REPRESENTATION('',(#3977),#3981);
#3977 = LINE('',#3978,#3979);
#3978 = CARTESIAN_POINT('',(-2.668014734797,0.));
#3979 = VECTOR('',#3980,1.);
#3980 = DIRECTION('',(0.,1.));
#3981 = ( GEOMETRIC_REPRESENTATION_CONTEXT(2) 
PARAMETRIC_REPRESENTATION_CONTEXT() REPRESENTATION_CONTEXT('2D SPACE',''
  ) );
#3982 = ADVANCED_FACE('',(#3983),#2405,.F.);
#3983 = FACE_BOUND('',#3984,.F.);
#3984 = EDGE_LOOP('',(#3985,#4008,#4059,#4108,#4109,#4110));
#3985 = ORIENTED_EDGE('',*,*,#3986,.F.);
#3986 = EDGE_CURVE('',#3987,#2338,#3989,.T.);
#3987 = VERTEX_POINT('',#3988);
#3988 = CARTESIAN_POINT('',(-16.798843892,10.853517581505,8.));
#3989 = SURFACE_CURVE('',#3990,(#3994,#4001),.PCURVE_S1.);
#3990 = LINE('',#3991,#3992);
#3991 = CARTESIAN_POINT('',(-16.37889265192,10.611058619996,8.));
#3992 = VECTOR('',#3993,1.);
#3993 = DIRECTION('',(0.866025403784,-0.5,0.));
#3994 = PCURVE('',#2405,#3995);
#3995 = DEFINITIONAL_REPRESENTATION('',(#3996),#4000);
#3996 = LINE('',#3997,#3998);
#3997 = CARTESIAN_POINT('',(7.068583470577,2.248201624866E-14));
#3998 = VECTOR('',#3999,1.);
#3999 = DIRECTION('',(0.,-1.));
#4000 = ( GEOMETRIC_REPRESENTATION_CONTEXT(2) 
PARAMETRIC_REPRESENTATION_CONTEXT() REPRESENTATION_CONTEXT('2D SPACE',''
  ) );
#4001 = PCURVE('',#2322,#4002);
#4002 = DEFINITIONAL_REPRESENTATION('',(#4003),#4007);
#4003 = LINE('',#4004,#4005);
#4004 = CARTESIAN_POINT('',(0.161639307673,6.));
#4005 = VECTOR('',#4006,1.);
#4006 = DIRECTION('',(-1.,0.));
#4007 = ( GEOMETRIC_REPRESENTATION_CONTEXT(2) 
PARAMETRIC_REPRESENTATION_CONTEXT() REPRESENTATION_CONTEXT('2D SPACE',''
  ) );
#4008 = ORIENTED_EDGE('',*,*,#4009,.F.);
#4009 = EDGE_CURVE('',#4010,#3987,#4012,.T.);
#4010 = VERTEX_POINT('',#4011);
#4011 = CARTESIAN_POINT('',(-17.32050807568,10.000000000002,9.));
#4012 = SURFACE_CURVE('',#4013,(#4024,#4030),.PCURVE_S1.);
#4013 = B_SPLINE_CURVE_WITH_KNOTS('',3,(#4014,#4015,#4016,#4017,#4018,
    #4019,#4020,#4021,#4022,#4023),.UNSPECIFIED.,.F.,.F.,(4,2,2,2,4),(
    -0.150701629577,-0.113026226162,-7.535082274748E-02,
    -3.767541137374E-02,0.),.UNSPECIFIED.);
#4014 = CARTESIAN_POINT('',(-17.32050807568,10.000000000002,9.));
#4015 = CARTESIAN_POINT('',(-17.25771573666,10.108759521519,9.));
#4016 = CARTESIAN_POINT('',(-17.18961550145,10.22410384362,
    8.974897588258));
#4017 = CARTESIAN_POINT('',(-17.06234529012,10.435111580309,
    8.872837402076));
#4018 = CARTESIAN_POINT('',(-17.00323282324,10.530810236915,
    8.795880786396));
#4019 = CARTESIAN_POINT('',(-16.90901913184,10.681430741696,
    8.618332757224));
#4020 = CARTESIAN_POINT('',(-16.86764363389,10.746404416209,
    8.505899064618));
#4021 = CARTESIAN_POINT('',(-16.81252630381,10.832431348648,
    8.259525925572));
#4022 = CARTESIAN_POINT('',(-16.798843892,10.853517581505,8.125584704579
    ));
#4023 = CARTESIAN_POINT('',(-16.798843892,10.853517581505,8.));
#4024 = PCURVE('',#2405,#4025);
#4025 = DEFINITIONAL_REPRESENTATION('',(#4026),#4029);
#4026 = B_SPLINE_CURVE_WITH_KNOTS('',1,(#4027,#4028),.UNSPECIFIED.,.F.,
  .F.,(2,2),(-0.150701629577,0.),.PIECEWISE_BEZIER_KNOTS.);
#4027 = CARTESIAN_POINT('',(5.497787143782,0.509933567581));
#4028 = CARTESIAN_POINT('',(7.068583470577,0.484917923019));
#4029 = ( GEOMETRIC_REPRESENTATION_CONTEXT(2) 
PARAMETRIC_REPRESENTATION_CONTEXT() REPRESENTATION_CONTEXT('2D SPACE',''
  ) );
#4030 = PCURVE('',#1428,#4031);
#4031 = DEFINITIONAL_REPRESENTATION('',(#4032),#4058);
#4032 = B_SPLINE_CURVE_WITH_KNOTS('',3,(#4033,#4034,#4035,#4036,#4037,
    #4038,#4039,#4040,#4041,#4042,#4043,#4044,#4045,#4046,#4047,#4048,
    #4049,#4050,#4051,#4052,#4053,#4054,#4055,#4056,#4057),
  .UNSPECIFIED.,.F.,.F.,(4,1,1,1,1,1,1,1,1,1,1,1,1,1,1,1,1,1,1,1,1,1,4),
  (-0.150701629577,-0.143851555506,-0.137001481434,-0.130151407362,
    -0.123301333291,-0.116451259219,-0.109601185147,-0.102751111076,
    -9.590103700385E-02,-8.905096293215E-02,-8.220088886045E-02,
    -7.535081478874E-02,-6.850074071704E-02,-6.165066664534E-02,
    -5.480059257363E-02,-4.795051850193E-02,-4.110044443022E-02,
    -3.425037035852E-02,-2.740029628682E-02,-2.055022221511E-02,
    -1.370014814341E-02,-6.850074071704E-03,0.),.QUASI_UNIFORM_KNOTS.);
#4033 = CARTESIAN_POINT('',(-2.617993877991,5.));
#4034 = CARTESIAN_POINT('',(-2.616852199595,5.));
#4035 = CARTESIAN_POINT('',(-2.6145412146,5.001659624216));
#4036 = CARTESIAN_POINT('',(-2.611026281115,5.009158052473));
#4037 = CARTESIAN_POINT('',(-2.607497289723,5.021694162004));
#4038 = CARTESIAN_POINT('',(-2.603988745363,5.039301646952));
#4039 = CARTESIAN_POINT('',(-2.600534780556,5.061995612192));
#4040 = CARTESIAN_POINT('',(-2.597170908929,5.089860514873));
#4041 = CARTESIAN_POINT('',(-2.593926069133,5.12265449705));
#4042 = CARTESIAN_POINT('',(-2.590822038415,5.159822324926));
#4043 = CARTESIAN_POINT('',(-2.587883842657,5.200841025358));
#4044 = CARTESIAN_POINT('',(-2.585129353802,5.245304808406));
#4045 = CARTESIAN_POINT('',(-2.582601865544,5.29230689066));
#4046 = CARTESIAN_POINT('',(-2.580250181676,5.342827279392));
#4047 = CARTESIAN_POINT('',(-2.578025305497,5.397889830579));
#4048 = CARTESIAN_POINT('',(-2.575972641662,5.456629623858));
#4049 = CARTESIAN_POINT('',(-2.57411253533,5.518689731254));
#4050 = CARTESIAN_POINT('',(-2.572471198271,5.583570031584));
#4051 = CARTESIAN_POINT('',(-2.571076458782,5.650835184108));
#4052 = CARTESIAN_POINT('',(-2.569940491565,5.719906214776));
#4053 = CARTESIAN_POINT('',(-2.569059087315,5.7900719433));
#4054 = CARTESIAN_POINT('',(-2.568431515528,5.860649049755));
#4055 = CARTESIAN_POINT('',(-2.568056114481,5.93094674649));
#4056 = CARTESIAN_POINT('',(-2.567973021224,5.977166419761));
#4057 = CARTESIAN_POINT('',(-2.567973021186,6.));
#4058 = ( GEOMETRIC_REPRESENTATION_CONTEXT(2) 
PARAMETRIC_REPRESENTATION_CONTEXT() REPRESENTATION_CONTEXT('2D SPACE',''
  ) );
#4059 = ORIENTED_EDGE('',*,*,#4060,.F.);
#4060 = EDGE_CURVE('',#3938,#4010,#4061,.T.);
#4061 = SURFACE_CURVE('',#4062,(#4073,#4079),.PCURVE_S1.);
#4062 = B_SPLINE_CURVE_WITH_KNOTS('',3,(#4063,#4064,#4065,#4066,#4067,
    #4068,#4069,#4070,#4071,#4072),.UNSPECIFIED.,.F.,.F.,(4,2,2,2,4),(0.
    ,3.767541137374E-02,7.535082274748E-02,0.113026226162,0.150701629577
    ),.UNSPECIFIED.);
#4063 = CARTESIAN_POINT('',(-17.798843892,9.121466773935,8.));
#4064 = CARTESIAN_POINT('',(-17.798843892,9.121466773935,8.125584704579)
  );
#4065 = CARTESIAN_POINT('',(-17.78742388458,9.143859206578,
    8.259525925572));
#4066 = CARTESIAN_POINT('',(-17.74048104072,9.234605680836,
    8.505899064618));
#4067 = CARTESIAN_POINT('',(-17.70489993699,9.302924750408,
    8.618332757224));
#4068 = CARTESIAN_POINT('',(-17.62156559922,9.459826452936,
    8.795880786396));
#4069 = CARTESIAN_POINT('',(-17.56824436493,9.558868679238,
    8.872837402076));
#4070 = CARTESIAN_POINT('',(-17.44914141022,9.774591783737,
    8.974897588258));
#4071 = CARTESIAN_POINT('',(-17.38330041471,9.891240478483,9.));
#4072 = CARTESIAN_POINT('',(-17.32050807568,10.000000000001,9.));
#4073 = PCURVE('',#2405,#4074);
#4074 = DEFINITIONAL_REPRESENTATION('',(#4075),#4078);
#4075 = B_SPLINE_CURVE_WITH_KNOTS('',1,(#4076,#4077),.UNSPECIFIED.,.F.,
  .F.,(2,2),(0.,0.150701629577),.PIECEWISE_BEZIER_KNOTS.);
#4076 = CARTESIAN_POINT('',(3.926990816987,0.484917923019));
#4077 = CARTESIAN_POINT('',(5.497787143781,0.509933567581));
#4078 = ( GEOMETRIC_REPRESENTATION_CONTEXT(2) 
PARAMETRIC_REPRESENTATION_CONTEXT() REPRESENTATION_CONTEXT('2D SPACE',''
  ) );
#4079 = PCURVE('',#1428,#4080);
#4080 = DEFINITIONAL_REPRESENTATION('',(#4081),#4107);
#4081 = B_SPLINE_CURVE_WITH_KNOTS('',3,(#4082,#4083,#4084,#4085,#4086,
    #4087,#4088,#4089,#4090,#4091,#4092,#4093,#4094,#4095,#4096,#4097,
    #4098,#4099,#4100,#4101,#4102,#4103,#4104,#4105,#4106),
  .UNSPECIFIED.,.F.,.F.,(4,1,1,1,1,1,1,1,1,1,1,1,1,1,1,1,1,1,1,1,1,1,4),
  (0.,6.850074071704E-03,1.370014814341E-02,2.055022221511E-02,
    2.740029628682E-02,3.425037035852E-02,4.110044443022E-02,
    4.795051850193E-02,5.480059257363E-02,6.165066664534E-02,
    6.850074071704E-02,7.535081478874E-02,8.220088886045E-02,
    8.905096293215E-02,9.590103700385E-02,0.102751111076,0.109601185147,
    0.116451259219,0.123301333291,0.130151407362,0.137001481434,
    0.143851555506,0.150701629577),.QUASI_UNIFORM_KNOTS.);
#4082 = CARTESIAN_POINT('',(-2.668014734797,6.));
#4083 = CARTESIAN_POINT('',(-2.668014734759,5.977166419761));
#4084 = CARTESIAN_POINT('',(-2.667931641502,5.93094674649));
#4085 = CARTESIAN_POINT('',(-2.667556240455,5.860649049755));
#4086 = CARTESIAN_POINT('',(-2.666928668668,5.7900719433));
#4087 = CARTESIAN_POINT('',(-2.666047264417,5.719906214776));
#4088 = CARTESIAN_POINT('',(-2.664911297201,5.650835184108));
#4089 = CARTESIAN_POINT('',(-2.663516557712,5.583570031584));
#4090 = CARTESIAN_POINT('',(-2.661875220653,5.518689731254));
#4091 = CARTESIAN_POINT('',(-2.660015114321,5.456629623858));
#4092 = CARTESIAN_POINT('',(-2.657962450486,5.397889830579));
#4093 = CARTESIAN_POINT('',(-2.655737574307,5.342827279392));
#4094 = CARTESIAN_POINT('',(-2.653385890439,5.29230689066));
#4095 = CARTESIAN_POINT('',(-2.650858402181,5.245304808406));
#4096 = CARTESIAN_POINT('',(-2.648103913326,5.200841025358));
#4097 = CARTESIAN_POINT('',(-2.645165717568,5.159822324926));
#4098 = CARTESIAN_POINT('',(-2.64206168685,5.12265449705));
#4099 = CARTESIAN_POINT('',(-2.638816847054,5.089860514873));
#4100 = CARTESIAN_POINT('',(-2.635452975427,5.061995612192));
#4101 = CARTESIAN_POINT('',(-2.63199901062,5.039301646952));
#4102 = CARTESIAN_POINT('',(-2.62849046626,5.021694162004));
#4103 = CARTESIAN_POINT('',(-2.624961474868,5.009158052473));
#4104 = CARTESIAN_POINT('',(-2.621446541382,5.001659624216));
#4105 = CARTESIAN_POINT('',(-2.619135556387,5.));
#4106 = CARTESIAN_POINT('',(-2.617993877991,5.));
#4107 = ( GEOMETRIC_REPRESENTATION_CONTEXT(2) 
PARAMETRIC_REPRESENTATION_CONTEXT() REPRESENTATION_CONTEXT('2D SPACE',''
  ) );
#4108 = ORIENTED_EDGE('',*,*,#3937,.F.);
#4109 = ORIENTED_EDGE('',*,*,#2439,.F.);
#4110 = ORIENTED_EDGE('',*,*,#2360,.F.);
#4111 = ADVANCED_FACE('',(#4112),#4133,.T.);
#4112 = FACE_BOUND('',#4113,.T.);
#4113 = EDGE_LOOP('',(#4114,#4195,#4218,#4292));
#4114 = ORIENTED_EDGE('',*,*,#4115,.T.);
#4115 = EDGE_CURVE('',#4116,#4118,#4120,.T.);
#4116 = VERTEX_POINT('',#4117);
#4117 = CARTESIAN_POINT('',(17.798843892007,9.121466773933,3.));
#4118 = VERTEX_POINT('',#4119);
#4119 = CARTESIAN_POINT('',(18.233687939615,8.217823563495,2.));
#4120 = SURFACE_CURVE('',#4121,(#4132,#4166),.PCURVE_S1.);
#4121 = B_SPLINE_CURVE_WITH_KNOTS('',3,(#4122,#4123,#4124,#4125,#4126,
    #4127,#4128,#4129,#4130,#4131),.UNSPECIFIED.,.F.,.F.,(4,2,2,2,4),(
    0.302165551815,0.339848499834,0.377531447852,0.415307952779,
    0.453084457706),.UNSPECIFIED.);
#4122 = CARTESIAN_POINT('',(17.798843892007,9.121466773933,3.));
#4123 = CARTESIAN_POINT('',(17.798843892007,9.121466773933,
    2.874390173271));
#4124 = CARTESIAN_POINT('',(17.810355360729,9.099112855355,
    2.740422256032));
#4125 = CARTESIAN_POINT('',(17.856633283092,9.007955407661,
    2.494036395706));
#4126 = CARTESIAN_POINT('',(17.891340589831,8.939118375494,
    2.381619743328));
#4127 = CARTESIAN_POINT('',(17.9702095583,8.779493901484,2.203946409535)
  );
#4128 = CARTESIAN_POINT('',(18.019640987911,8.678007933314,
    2.126961165966));
#4129 = CARTESIAN_POINT('',(18.125541432723,8.454586376337,
    2.024991559515));
#4130 = CARTESIAN_POINT('',(18.181947830892,8.33262439721,2.));
#4131 = CARTESIAN_POINT('',(18.233687939615,8.217823563495,2.));
#4132 = PCURVE('',#4133,#4138);
#4133 = CYLINDRICAL_SURFACE('',#4134,1.);
#4134 = AXIS2_PLACEMENT_3D('',#4135,#4136,#4137);
#4135 = CARTESIAN_POINT('',(9.369454452612,3.100055973618,3.));
#4136 = DIRECTION('',(0.866025403785,0.5,0.));
#4137 = DIRECTION('',(-0.353553390593,0.612372435696,-0.707106781187));
#4138 = DEFINITIONAL_REPRESENTATION('',(#4139),#4165);
#4139 = B_SPLINE_CURVE_WITH_KNOTS('',3,(#4140,#4141,#4142,#4143,#4144,
    #4145,#4146,#4147,#4148,#4149,#4150,#4151,#4152,#4153,#4154,#4155,
    #4156,#4157,#4158,#4159,#4160,#4161,#4162,#4163,#4164),
  .UNSPECIFIED.,.F.,.F.,(4,1,1,1,1,1,1,1,1,1,1,1,1,1,1,1,1,1,1,1,1,1,4),
  (0.302165551815,0.309025502083,0.315885452351,0.322745402618,
    0.329605352886,0.336465303154,0.343325253422,0.350185203689,
    0.357045153957,0.363905104225,0.370765054493,0.377625004761,
    0.384484955028,0.391344905296,0.398204855564,0.405064805832,
    0.411924756099,0.418784706367,0.425644656635,0.432504606903,
    0.439364557171,0.446224507438,0.453084457706),
  .QUASI_UNIFORM_KNOTS.);
#4140 = CARTESIAN_POINT('',(0.785398163397,10.310770793065));
#4141 = CARTESIAN_POINT('',(0.762532718112,10.310770793065));
#4142 = CARTESIAN_POINT('',(0.716243301321,10.310690744882));
#4143 = CARTESIAN_POINT('',(0.645474195659,10.310318399298));
#4144 = CARTESIAN_POINT('',(0.573710921733,10.30968166716));
#4145 = CARTESIAN_POINT('',(0.501293542651,10.30876838092));
#4146 = CARTESIAN_POINT('',(0.428532716495,10.307566574734));
#4147 = CARTESIAN_POINT('',(0.355682439013,10.306063530245));
#4148 = CARTESIAN_POINT('',(0.282938441983,10.304241556393));
#4149 = CARTESIAN_POINT('',(0.210545124067,10.302111895324));
#4150 = CARTESIAN_POINT('',(0.138856389893,10.299683642693));
#4151 = CARTESIAN_POINT('',(6.805432096915E-02,10.296957836626));
#4152 = CARTESIAN_POINT('',(-9.259406787676E-04,10.293969891861));
#4153 = CARTESIAN_POINT('',(-6.995900522832E-02,10.290625688242));
#4154 = CARTESIAN_POINT('',(-0.140727005594,10.286835918162));
#4155 = CARTESIAN_POINT('',(-0.212350403078,10.282629465084));
#4156 = CARTESIAN_POINT('',(-0.284636190403,10.27800318677));
#4157 = CARTESIAN_POINT('',(-0.357236641206,10.272963852714));
#4158 = CARTESIAN_POINT('',(-0.4299077338,10.267510611182));
#4159 = CARTESIAN_POINT('',(-0.502454569479,10.261660223203));
#4160 = CARTESIAN_POINT('',(-0.574625787108,10.255479948883));
#4161 = CARTESIAN_POINT('',(-0.646113035952,10.249027932262));
#4162 = CARTESIAN_POINT('',(-0.716578323165,10.242364760862));
#4163 = CARTESIAN_POINT('',(-0.762647248027,10.237821829849));
#4164 = CARTESIAN_POINT('',(-0.785398163397,10.23553517976));
#4165 = ( GEOMETRIC_REPRESENTATION_CONTEXT(2) 
PARAMETRIC_REPRESENTATION_CONTEXT() REPRESENTATION_CONTEXT('2D SPACE',''
  ) );
#4166 = PCURVE('',#1428,#4167);
#4167 = DEFINITIONAL_REPRESENTATION('',(#4168),#4194);
#4168 = B_SPLINE_CURVE_WITH_KNOTS('',3,(#4169,#4170,#4171,#4172,#4173,
    #4174,#4175,#4176,#4177,#4178,#4179,#4180,#4181,#4182,#4183,#4184,
    #4185,#4186,#4187,#4188,#4189,#4190,#4191,#4192,#4193),
  .UNSPECIFIED.,.F.,.F.,(4,1,1,1,1,1,1,1,1,1,1,1,1,1,1,1,1,1,1,1,1,1,4),
  (0.302165551815,0.309025502083,0.315885452351,0.322745402618,
    0.329605352886,0.336465303154,0.343325253422,0.350185203689,
    0.357045153957,0.363905104225,0.370765054493,0.377625004761,
    0.384484955028,0.391344905296,0.398204855564,0.405064805832,
    0.411924756099,0.418784706367,0.425644656635,0.432504606903,
    0.439364557171,0.446224507438,0.453084457706),
  .QUASI_UNIFORM_KNOTS.);
#4169 = CARTESIAN_POINT('',(-0.473577918792,11.));
#4170 = CARTESIAN_POINT('',(-0.473577918754,11.022866500893));
#4171 = CARTESIAN_POINT('',(-0.47349459442,11.069153492634));
#4172 = CARTESIAN_POINT('',(-0.473118118254,11.139553233967));
#4173 = CARTESIAN_POINT('',(-0.472488708326,11.21023009303));
#4174 = CARTESIAN_POINT('',(-0.471604665743,11.280489903278));
#4175 = CARTESIAN_POINT('',(-0.470465232642,11.349646040222));
#4176 = CARTESIAN_POINT('',(-0.469066135736,11.416983741706));
#4177 = CARTESIAN_POINT('',(-0.467419726097,11.481922363658));
#4178 = CARTESIAN_POINT('',(-0.465553930969,11.544024933866));
#4179 = CARTESIAN_POINT('',(-0.463495140556,11.602788092823));
#4180 = CARTESIAN_POINT('',(-0.461263573984,11.657857550033));
#4181 = CARTESIAN_POINT('',(-0.458905648006,11.708349126244));
#4182 = CARTESIAN_POINT('',(-0.45636906412,11.755350436));
#4183 = CARTESIAN_POINT('',(-0.453606227724,11.799772806263));
#4184 = CARTESIAN_POINT('',(-0.45065954631,11.840733465103));
#4185 = CARTESIAN_POINT('',(-0.447547207091,11.87782573114));
#4186 = CARTESIAN_POINT('',(-0.444294232839,11.910532659691));
#4187 = CARTESIAN_POINT('',(-0.440922469333,11.938302268739));
#4188 = CARTESIAN_POINT('',(-0.437461037852,11.960904437372));
#4189 = CARTESIAN_POINT('',(-0.43394549227,11.97842936895));
#4190 = CARTESIAN_POINT('',(-0.430410021517,11.990898525477));
#4191 = CARTESIAN_POINT('',(-0.426889182638,11.998351794479));
#4192 = CARTESIAN_POINT('',(-0.424574678864,12.));
#4193 = CARTESIAN_POINT('',(-0.423431354437,12.));
#4194 = ( GEOMETRIC_REPRESENTATION_CONTEXT(2) 
PARAMETRIC_REPRESENTATION_CONTEXT() REPRESENTATION_CONTEXT('2D SPACE',''
  ) );
#4195 = ORIENTED_EDGE('',*,*,#4196,.T.);
#4196 = EDGE_CURVE('',#4118,#4197,#4199,.T.);
#4197 = VERTEX_POINT('',#4198);
#4198 = CARTESIAN_POINT('',(17.225910835547,7.635983181179,2.));
#4199 = SURFACE_CURVE('',#4200,(#4204,#4211),.PCURVE_S1.);
#4200 = LINE('',#4201,#4202);
#4201 = CARTESIAN_POINT('',(9.369454452612,3.100055973618,2.));
#4202 = VECTOR('',#4203,1.);
#4203 = DIRECTION('',(-0.866025403785,-0.5,0.));
#4204 = PCURVE('',#4133,#4205);
#4205 = DEFINITIONAL_REPRESENTATION('',(#4206),#4210);
#4206 = LINE('',#4207,#4208);
#4207 = CARTESIAN_POINT('',(-0.785398163397,3.552713678801E-15));
#4208 = VECTOR('',#4209,1.);
#4209 = DIRECTION('',(-1.526498412096E-15,-1.));
#4210 = ( GEOMETRIC_REPRESENTATION_CONTEXT(2) 
PARAMETRIC_REPRESENTATION_CONTEXT() REPRESENTATION_CONTEXT('2D SPACE',''
  ) );
#4211 = PCURVE('',#123,#4212);
#4212 = DEFINITIONAL_REPRESENTATION('',(#4213),#4217);
#4213 = LINE('',#4214,#4215);
#4214 = CARTESIAN_POINT('',(9.369454452612,-3.100055973618));
#4215 = VECTOR('',#4216,1.);
#4216 = DIRECTION('',(-0.866025403785,0.5));
#4217 = ( GEOMETRIC_REPRESENTATION_CONTEXT(2) 
PARAMETRIC_REPRESENTATION_CONTEXT() REPRESENTATION_CONTEXT('2D SPACE',''
  ) );
#4218 = ORIENTED_EDGE('',*,*,#4219,.T.);
#4219 = EDGE_CURVE('',#4197,#4220,#4222,.T.);
#4220 = VERTEX_POINT('',#4221);
#4221 = CARTESIAN_POINT('',(17.238908905227,8.798188158587,3.));
#4222 = SURFACE_CURVE('',#4223,(#4234,#4263),.PCURVE_S1.);
#4223 = B_SPLINE_CURVE_WITH_KNOTS('',3,(#4224,#4225,#4226,#4227,#4228,
    #4229,#4230,#4231,#4232,#4233),.UNSPECIFIED.,.F.,.F.,(4,2,2,2,4),(
    0.259626762536,0.305240567732,0.350854372928,0.387909138549,
    0.424963904169),.UNSPECIFIED.);
#4224 = CARTESIAN_POINT('',(17.225910835547,7.635983181179,2.));
#4225 = CARTESIAN_POINT('',(17.257030439503,7.784810469109,2.));
#4226 = CARTESIAN_POINT('',(17.278102484421,7.94829760775,2.020545125026
    ));
#4227 = CARTESIAN_POINT('',(17.293290585934,8.252892046771,
    2.123368526222));
#4228 = CARTESIAN_POINT('',(17.287994367626,8.393764485631,
    2.206253851096));
#4229 = CARTESIAN_POINT('',(17.271135641532,8.592587403684,
    2.396305404216));
#4230 = CARTESIAN_POINT('',(17.260295384003,8.67023571242,2.50500983757)
  );
#4231 = CARTESIAN_POINT('',(17.243948650611,8.772932976172,
    2.745127544203));
#4232 = CARTESIAN_POINT('',(17.238908905227,8.798188158587,
    2.876484114599));
#4233 = CARTESIAN_POINT('',(17.238908905227,8.798188158587,3.));
#4234 = PCURVE('',#4133,#4235);
#4235 = DEFINITIONAL_REPRESENTATION('',(#4236),#4262);
#4236 = B_SPLINE_CURVE_WITH_KNOTS('',3,(#4237,#4238,#4239,#4240,#4241,
    #4242,#4243,#4244,#4245,#4246,#4247,#4248,#4249,#4250,#4251,#4252,
    #4253,#4254,#4255,#4256,#4257,#4258,#4259,#4260,#4261),
  .UNSPECIFIED.,.F.,.F.,(4,1,1,1,1,1,1,1,1,1,1,1,1,1,1,1,1,1,1,1,1,1,4),
  (0.259626762536,0.267142087155,0.274657411775,0.282172736395,
    0.289688061015,0.297203385634,0.304718710254,0.312234034874,
    0.319749359493,0.327264684113,0.334780008733,0.342295333352,
    0.349810657972,0.357325982592,0.364841307212,0.372356631831,
    0.379871956451,0.387387281071,0.39490260569,0.40241793031,
    0.40993325493,0.417448579549,0.424963904169),.QUASI_UNIFORM_KNOTS.);
#4237 = CARTESIAN_POINT('',(-0.785398163397,9.071854415126));
#4238 = CARTESIAN_POINT('',(-0.76672429349,9.088555136503));
#4239 = CARTESIAN_POINT('',(-0.728421453358,9.121882120716));
#4240 = CARTESIAN_POINT('',(-0.668414392446,9.171222625938));
#4241 = CARTESIAN_POINT('',(-0.606178707531,9.219486683336));
#4242 = CARTESIAN_POINT('',(-0.541997707671,9.266247400566));
#4243 = CARTESIAN_POINT('',(-0.476111301214,9.311079429003));
#4244 = CARTESIAN_POINT('',(-0.408696873532,9.353551660772));
#4245 = CARTESIAN_POINT('',(-0.33986250578,9.39325448127));
#4246 = CARTESIAN_POINT('',(-0.269890454507,9.430160377547));
#4247 = CARTESIAN_POINT('',(-0.199065663461,9.464204532923));
#4248 = CARTESIAN_POINT('',(-0.127711935072,9.495323885946));
#4249 = CARTESIAN_POINT('',(-5.603805356472E-02,9.523484858726));
#4250 = CARTESIAN_POINT('',(1.54076055321E-02,9.548534183902));
#4251 = CARTESIAN_POINT('',(8.752885593189E-02,9.570767868421));
#4252 = CARTESIAN_POINT('',(0.162514055526,9.590962901323));
#4253 = CARTESIAN_POINT('',(0.239109613547,9.60878195543));
#4254 = CARTESIAN_POINT('',(0.316960193757,9.624175410909));
#4255 = CARTESIAN_POINT('',(0.395540910273,9.636999939251));
#4256 = CARTESIAN_POINT('',(0.474504534917,9.647199339301));
#4257 = CARTESIAN_POINT('',(0.553480851265,9.654962581925));
#4258 = CARTESIAN_POINT('',(0.632014228189,9.660370870629));
#4259 = CARTESIAN_POINT('',(0.709597302431,9.663533828999));
#4260 = CARTESIAN_POINT('',(0.760349108167,9.664213562373));
#4261 = CARTESIAN_POINT('',(0.785398163397,9.664213562373));
#4262 = ( GEOMETRIC_REPRESENTATION_CONTEXT(2) 
PARAMETRIC_REPRESENTATION_CONTEXT() REPRESENTATION_CONTEXT('2D SPACE',''
  ) );
#4263 = PCURVE('',#3203,#4264);
#4264 = DEFINITIONAL_REPRESENTATION('',(#4265),#4291);
#4265 = B_SPLINE_CURVE_WITH_KNOTS('',3,(#4266,#4267,#4268,#4269,#4270,
    #4271,#4272,#4273,#4274,#4275,#4276,#4277,#4278,#4279,#4280,#4281,
    #4282,#4283,#4284,#4285,#4286,#4287,#4288,#4289,#4290),
  .UNSPECIFIED.,.F.,.F.,(4,1,1,1,1,1,1,1,1,1,1,1,1,1,1,1,1,1,1,1,1,1,4),
  (0.259626762536,0.267142087155,0.274657411775,0.282172736395,
    0.289688061015,0.297203385634,0.304718710254,0.312234034874,
    0.319749359493,0.327264684113,0.334780008733,0.342295333352,
    0.349810657972,0.357325982592,0.364841307212,0.372356631831,
    0.379871956451,0.387387281071,0.39490260569,0.40241793031,
    0.40993325493,0.417448579549,0.424963904169),.QUASI_UNIFORM_KNOTS.);
#4266 = CARTESIAN_POINT('',(6.07705642655,0.));
#4267 = CARTESIAN_POINT('',(6.085406565531,8.232437277918E-17));
#4268 = CARTESIAN_POINT('',(6.102330185602,1.115441793E-03));
#4269 = CARTESIAN_POINT('',(6.128169149909,6.411787246641E-03));
#4270 = CARTESIAN_POINT('',(6.154245838309,1.560865794718E-02));
#4271 = CARTESIAN_POINT('',(6.180342053642,2.898169853573E-02));
#4272 = CARTESIAN_POINT('',(6.206239210688,4.681285992241E-02));
#4273 = CARTESIAN_POINT('',(6.231722605004,6.936056578291E-02));
#4274 = CARTESIAN_POINT('',(6.256571594736,9.697104246158E-02));
#4275 = CARTESIAN_POINT('',(6.280618336815,0.129491179034));
#4276 = CARTESIAN_POINT('',(6.303705164972,0.166643269465));
#4277 = CARTESIAN_POINT('',(6.325659853226,0.208164095457));
#4278 = CARTESIAN_POINT('',(6.346332634085,0.253855474596));
#4279 = CARTESIAN_POINT('',(6.365478552989,0.303244593189));
#4280 = CARTESIAN_POINT('',(6.383195703467,0.356892126775));
#4281 = CARTESIAN_POINT('',(6.399915410202,0.416221718916));
#4282 = CARTESIAN_POINT('',(6.415214680968,0.480114568888));
#4283 = CARTESIAN_POINT('',(6.42888419463,0.54809895094));
#4284 = CARTESIAN_POINT('',(6.440656733291,0.619527628954));
#4285 = CARTESIAN_POINT('',(6.45027262869,0.693808333306));
#4286 = CARTESIAN_POINT('',(6.457735316316,0.769986707367));
#4287 = CARTESIAN_POINT('',(6.463055394088,0.847103745075));
#4288 = CARTESIAN_POINT('',(6.466241006181,0.92420170953));
#4289 = CARTESIAN_POINT('',(6.466947151222,0.974948917934));
#4290 = CARTESIAN_POINT('',(6.466947173323,1.));
#4291 = ( GEOMETRIC_REPRESENTATION_CONTEXT(2) 
PARAMETRIC_REPRESENTATION_CONTEXT() REPRESENTATION_CONTEXT('2D SPACE',''
  ) );
#4292 = ORIENTED_EDGE('',*,*,#4293,.T.);
#4293 = EDGE_CURVE('',#4220,#4116,#4294,.T.);
#4294 = SURFACE_CURVE('',#4295,(#4299,#4306),.PCURVE_S1.);
#4295 = LINE('',#4296,#4297);
#4296 = CARTESIAN_POINT('',(8.869454452613,3.966081377402,3.));
#4297 = VECTOR('',#4298,1.);
#4298 = DIRECTION('',(0.866025403785,0.5,0.));
#4299 = PCURVE('',#4133,#4300);
#4300 = DEFINITIONAL_REPRESENTATION('',(#4301),#4305);
#4301 = LINE('',#4302,#4303);
#4302 = CARTESIAN_POINT('',(0.785398163397,5.329070518201E-15));
#4303 = VECTOR('',#4304,1.);
#4304 = DIRECTION('',(-3.434260640582E-16,1.));
#4305 = ( GEOMETRIC_REPRESENTATION_CONTEXT(2) 
PARAMETRIC_REPRESENTATION_CONTEXT() REPRESENTATION_CONTEXT('2D SPACE',''
  ) );
#4306 = PCURVE('',#4307,#4312);
#4307 = PLANE('',#4308);
#4308 = AXIS2_PLACEMENT_3D('',#4309,#4310,#4311);
#4309 = CARTESIAN_POINT('',(17.238908905227,8.798188158587,2.));
#4310 = DIRECTION('',(0.5,-0.866025403785,0.));
#4311 = DIRECTION('',(0.866025403785,0.5,0.));
#4312 = DEFINITIONAL_REPRESENTATION('',(#4313),#4317);
#4313 = LINE('',#4314,#4315);
#4314 = CARTESIAN_POINT('',(-9.664213562373,1.));
#4315 = VECTOR('',#4316,1.);
#4316 = DIRECTION('',(1.,0.));
#4317 = ( GEOMETRIC_REPRESENTATION_CONTEXT(2) 
PARAMETRIC_REPRESENTATION_CONTEXT() REPRESENTATION_CONTEXT('2D SPACE',''
  ) );
#4318 = ADVANCED_FACE('',(#4319),#4307,.F.);
#4319 = FACE_BOUND('',#4320,.T.);
#4320 = EDGE_LOOP('',(#4321,#4322,#4345,#4373));
#4321 = ORIENTED_EDGE('',*,*,#4293,.F.);
#4322 = ORIENTED_EDGE('',*,*,#4323,.F.);
#4323 = EDGE_CURVE('',#4324,#4220,#4326,.T.);
#4324 = VERTEX_POINT('',#4325);
#4325 = CARTESIAN_POINT('',(17.238908905227,8.798188158587,8.));
#4326 = SURFACE_CURVE('',#4327,(#4331,#4338),.PCURVE_S1.);
#4327 = LINE('',#4328,#4329);
#4328 = CARTESIAN_POINT('',(17.238908905227,8.798188158587,2.));
#4329 = VECTOR('',#4330,1.);
#4330 = DIRECTION('',(0.,0.,-1.));
#4331 = PCURVE('',#4307,#4332);
#4332 = DEFINITIONAL_REPRESENTATION('',(#4333),#4337);
#4333 = LINE('',#4334,#4335);
#4334 = CARTESIAN_POINT('',(0.,0.));
#4335 = VECTOR('',#4336,1.);
#4336 = DIRECTION('',(0.,-1.));
#4337 = ( GEOMETRIC_REPRESENTATION_CONTEXT(2) 
PARAMETRIC_REPRESENTATION_CONTEXT() REPRESENTATION_CONTEXT('2D SPACE',''
  ) );
#4338 = PCURVE('',#3203,#4339);
#4339 = DEFINITIONAL_REPRESENTATION('',(#4340),#4344);
#4340 = LINE('',#4341,#4342);
#4341 = CARTESIAN_POINT('',(6.466947173323,0.));
#4342 = VECTOR('',#4343,1.);
#4343 = DIRECTION('',(0.,-1.));
#4344 = ( GEOMETRIC_REPRESENTATION_CONTEXT(2) 
PARAMETRIC_REPRESENTATION_CONTEXT() REPRESENTATION_CONTEXT('2D SPACE',''
  ) );
#4345 = ORIENTED_EDGE('',*,*,#4346,.F.);
#4346 = EDGE_CURVE('',#4347,#4324,#4349,.T.);
#4347 = VERTEX_POINT('',#4348);
#4348 = CARTESIAN_POINT('',(17.798843892007,9.121466773933,8.));
#4349 = SURFACE_CURVE('',#4350,(#4354,#4361),.PCURVE_S1.);
#4350 = LINE('',#4351,#4352);
#4351 = CARTESIAN_POINT('',(17.378892651922,8.879007812423,8.));
#4352 = VECTOR('',#4353,1.);
#4353 = DIRECTION('',(-0.866025403785,-0.5,0.));
#4354 = PCURVE('',#4307,#4355);
#4355 = DEFINITIONAL_REPRESENTATION('',(#4356),#4360);
#4356 = LINE('',#4357,#4358);
#4357 = CARTESIAN_POINT('',(0.161639307673,6.));
#4358 = VECTOR('',#4359,1.);
#4359 = DIRECTION('',(-1.,0.));
#4360 = ( GEOMETRIC_REPRESENTATION_CONTEXT(2) 
PARAMETRIC_REPRESENTATION_CONTEXT() REPRESENTATION_CONTEXT('2D SPACE',''
  ) );
#4361 = PCURVE('',#4362,#4367);
#4362 = CYLINDRICAL_SURFACE('',#4363,1.);
#4363 = AXIS2_PLACEMENT_3D('',#4364,#4365,#4366);
#4364 = CARTESIAN_POINT('',(17.158860145312,9.906672523882,8.));
#4365 = DIRECTION('',(-0.866025403784,-0.5,0.));
#4366 = DIRECTION('',(-0.353553390593,0.612372435696,0.707106781187));
#4367 = DEFINITIONAL_REPRESENTATION('',(#4368),#4372);
#4368 = LINE('',#4369,#4370);
#4369 = CARTESIAN_POINT('',(3.926990816987,0.323278615346));
#4370 = VECTOR('',#4371,1.);
#4371 = DIRECTION('',(6.868521281163E-16,1.));
#4372 = ( GEOMETRIC_REPRESENTATION_CONTEXT(2) 
PARAMETRIC_REPRESENTATION_CONTEXT() REPRESENTATION_CONTEXT('2D SPACE',''
  ) );
#4373 = ORIENTED_EDGE('',*,*,#4374,.F.);
#4374 = EDGE_CURVE('',#4116,#4347,#4375,.T.);
#4375 = SURFACE_CURVE('',#4376,(#4380,#4387),.PCURVE_S1.);
#4376 = LINE('',#4377,#4378);
#4377 = CARTESIAN_POINT('',(17.798843892007,9.121466773933,14.));
#4378 = VECTOR('',#4379,1.);
#4379 = DIRECTION('',(0.,0.,1.));
#4380 = PCURVE('',#4307,#4381);
#4381 = DEFINITIONAL_REPRESENTATION('',(#4382),#4386);
#4382 = LINE('',#4383,#4384);
#4383 = CARTESIAN_POINT('',(0.646557230692,12.));
#4384 = VECTOR('',#4385,1.);
#4385 = DIRECTION('',(0.,1.));
#4386 = ( GEOMETRIC_REPRESENTATION_CONTEXT(2) 
PARAMETRIC_REPRESENTATION_CONTEXT() REPRESENTATION_CONTEXT('2D SPACE',''
  ) );
#4387 = PCURVE('',#1428,#4388);
#4388 = DEFINITIONAL_REPRESENTATION('',(#4389),#4393);
#4389 = LINE('',#4390,#4391);
#4390 = CARTESIAN_POINT('',(-0.473577918792,0.));
#4391 = VECTOR('',#4392,1.);
#4392 = DIRECTION('',(0.,-1.));
#4393 = ( GEOMETRIC_REPRESENTATION_CONTEXT(2) 
PARAMETRIC_REPRESENTATION_CONTEXT() REPRESENTATION_CONTEXT('2D SPACE',''
  ) );
#4394 = ADVANCED_FACE('',(#4395),#3203,.F.);
#4395 = FACE_BOUND('',#4396,.F.);
#4396 = EDGE_LOOP('',(#4397,#4398,#4472,#4546,#4574,#4646,#4647,#4717,
    #4740,#4771,#4772,#4844,#4872,#4951,#5025,#5053,#5132,#5158));
#4397 = ORIENTED_EDGE('',*,*,#4323,.F.);
#4398 = ORIENTED_EDGE('',*,*,#4399,.T.);
#4399 = EDGE_CURVE('',#4324,#4400,#4402,.T.);
#4400 = VERTEX_POINT('',#4401);
#4401 = CARTESIAN_POINT('',(16.887495373797,9.749999999999,9.));
#4402 = SURFACE_CURVE('',#4403,(#4414,#4443),.PCURVE_S1.);
#4403 = B_SPLINE_CURVE_WITH_KNOTS('',3,(#4404,#4405,#4406,#4407,#4408,
    #4409,#4410,#4411,#4412,#4413),.UNSPECIFIED.,.F.,.F.,(4,2,2,2,4),(
    0.30388005873,0.341873876853,0.379867694975,0.417843891535,
    0.455820088095),.UNSPECIFIED.);
#4404 = CARTESIAN_POINT('',(17.238908905227,8.798188158587,8.));
#4405 = CARTESIAN_POINT('',(17.238908905227,8.798188158587,
    8.126646060408));
#4406 = CARTESIAN_POINT('',(17.234294417585,8.824980001884,
    8.261001973464));
#4407 = CARTESIAN_POINT('',(17.211794286207,8.93015863239,8.507053179958
    ));
#4408 = CARTESIAN_POINT('',(17.193441552096,9.00822338693,8.618843082373
    ));
#4409 = CARTESIAN_POINT('',(17.142267893104,9.182467272501,
    8.795329543228));
#4410 = CARTESIAN_POINT('',(17.105905652614,9.290576210799,
    8.872143486117));
#4411 = CARTESIAN_POINT('',(17.010359479505,9.519597885355,
    8.974504420803));
#4412 = CARTESIAN_POINT('',(16.950789034731,9.640372163464,9.));
#4413 = CARTESIAN_POINT('',(16.887495373797,9.749999999998,9.));
#4414 = PCURVE('',#3203,#4415);
#4415 = DEFINITIONAL_REPRESENTATION('',(#4416),#4442);
#4416 = B_SPLINE_CURVE_WITH_KNOTS('',3,(#4417,#4418,#4419,#4420,#4421,
    #4422,#4423,#4424,#4425,#4426,#4427,#4428,#4429,#4430,#4431,#4432,
    #4433,#4434,#4435,#4436,#4437,#4438,#4439,#4440,#4441),
  .UNSPECIFIED.,.F.,.F.,(4,1,1,1,1,1,1,1,1,1,1,1,1,1,1,1,1,1,1,1,1,1,4),
  (0.30388005873,0.310786423701,0.317692788673,0.324599153644,
    0.331505518615,0.338411883586,0.345318248557,0.352224613528,
    0.359130978499,0.366037343471,0.372943708442,0.379850073413,
    0.386756438384,0.393662803355,0.400569168326,0.407475533297,
    0.414381898269,0.42128826324,0.428194628211,0.435100993182,
    0.442007358153,0.448913723124,0.455820088095),
  .QUASI_UNIFORM_KNOTS.);
#4417 = CARTESIAN_POINT('',(6.466947173323,6.));
#4418 = CARTESIAN_POINT('',(6.46694718683,6.02302121657));
#4419 = CARTESIAN_POINT('',(6.467545973841,6.069573174556));
#4420 = CARTESIAN_POINT('',(6.470233360858,6.140243345966));
#4421 = CARTESIAN_POINT('',(6.474702233707,6.211070092555));
#4422 = CARTESIAN_POINT('',(6.480947136843,6.281365372087));
#4423 = CARTESIAN_POINT('',(6.488956043215,6.350449993415));
#4424 = CARTESIAN_POINT('',(6.498743038263,6.417611744018));
#4425 = CARTESIAN_POINT('',(6.510192088286,6.48230581503));
#4426 = CARTESIAN_POINT('',(6.523098706894,6.544119376949));
#4427 = CARTESIAN_POINT('',(6.537268191867,6.60257450434));
#4428 = CARTESIAN_POINT('',(6.552548384928,6.657338175614));
#4429 = CARTESIAN_POINT('',(6.568614351848,6.707562849731));
#4430 = CARTESIAN_POINT('',(6.585799227697,6.754314159605));
#4431 = CARTESIAN_POINT('',(6.604469746166,6.798613686165));
#4432 = CARTESIAN_POINT('',(6.624326009576,6.839537728617));
#4433 = CARTESIAN_POINT('',(6.645249825123,6.876679501168));
#4434 = CARTESIAN_POINT('',(6.667075351445,6.909509792853));
#4435 = CARTESIAN_POINT('',(6.689661783507,6.937472178403));
#4436 = CARTESIAN_POINT('',(6.712828759478,6.960298427578));
#4437 = CARTESIAN_POINT('',(6.73635134791,6.978049458233));
#4438 = CARTESIAN_POINT('',(6.76001208856,6.990717608549));
#4439 = CARTESIAN_POINT('',(6.783590894896,6.998313598886));
#4440 = CARTESIAN_POINT('',(6.799110525372,7.));
#4441 = CARTESIAN_POINT('',(6.806784082777,7.));
#4442 = ( GEOMETRIC_REPRESENTATION_CONTEXT(2) 
PARAMETRIC_REPRESENTATION_CONTEXT() REPRESENTATION_CONTEXT('2D SPACE',''
  ) );
#4443 = PCURVE('',#4362,#4444);
#4444 = DEFINITIONAL_REPRESENTATION('',(#4445),#4471);
#4445 = B_SPLINE_CURVE_WITH_KNOTS('',3,(#4446,#4447,#4448,#4449,#4450,
    #4451,#4452,#4453,#4454,#4455,#4456,#4457,#4458,#4459,#4460,#4461,
    #4462,#4463,#4464,#4465,#4466,#4467,#4468,#4469,#4470),
  .UNSPECIFIED.,.F.,.F.,(4,1,1,1,1,1,1,1,1,1,1,1,1,1,1,1,1,1,1,1,1,1,4),
  (0.30388005873,0.310786423701,0.317692788673,0.324599153644,
    0.331505518615,0.338411883586,0.345318248557,0.352224613528,
    0.359130978499,0.366037343471,0.372943708442,0.379850073413,
    0.386756438384,0.393662803355,0.400569168326,0.407475533297,
    0.414381898269,0.42128826324,0.428194628211,0.435100993182,
    0.442007358153,0.448913723124,0.455820088095),
  .QUASI_UNIFORM_KNOTS.);
#4446 = CARTESIAN_POINT('',(3.926990816987,0.484917923019));
#4447 = CARTESIAN_POINT('',(3.950010690096,0.484917923019));
#4448 = CARTESIAN_POINT('',(3.996565593777,0.48429677179));
#4449 = CARTESIAN_POINT('',(4.067610554284,0.481582356659));
#4450 = CARTESIAN_POINT('',(4.139536495564,0.477166939085));
#4451 = CARTESIAN_POINT('',(4.212007442235,0.471128983373));
#4452 = CARTESIAN_POINT('',(4.284715106477,0.463558919533));
#4453 = CARTESIAN_POINT('',(4.357398834951,0.454502536297));
#4454 = CARTESIAN_POINT('',(4.429886116131,0.444283019662));
#4455 = CARTESIAN_POINT('',(4.501952429169,0.433207392355));
#4456 = CARTESIAN_POINT('',(4.573264239044,0.421579922045));
#4457 = CARTESIAN_POINT('',(4.643653030405,0.40967509692));
#4458 = CARTESIAN_POINT('',(4.712216015065,0.39788927816));
#4459 = CARTESIAN_POINT('',(4.780774678589,0.386161114455));
#4460 = CARTESIAN_POINT('',(4.851184654885,0.374406301125));
#4461 = CARTESIAN_POINT('',(4.922529021928,0.36300629594));
#4462 = CARTESIAN_POINT('',(4.994638102396,0.352218843288));
#4463 = CARTESIAN_POINT('',(5.067173887833,0.34233078986));
#4464 = CARTESIAN_POINT('',(5.139909301313,0.333636286519));
#4465 = CARTESIAN_POINT('',(5.21266473361,0.326403514471));
#4466 = CARTESIAN_POINT('',(5.28517812297,0.32066264096));
#4467 = CARTESIAN_POINT('',(5.357138359565,0.316483945426));
#4468 = CARTESIAN_POINT('',(5.428206495992,0.313926955587));
#4469 = CARTESIAN_POINT('',(5.474767264365,0.313345047765));
#4470 = CARTESIAN_POINT('',(5.497787143781,0.313345047765));
#4471 = ( GEOMETRIC_REPRESENTATION_CONTEXT(2) 
PARAMETRIC_REPRESENTATION_CONTEXT() REPRESENTATION_CONTEXT('2D SPACE',''
  ) );
#4472 = ORIENTED_EDGE('',*,*,#4473,.T.);
#4473 = EDGE_CURVE('',#4400,#4474,#4476,.T.);
#4474 = VERTEX_POINT('',#4475);
#4475 = CARTESIAN_POINT('',(16.238908905227,10.530238966157,8.));
#4476 = SURFACE_CURVE('',#4477,(#4488,#4517),.PCURVE_S1.);
#4477 = B_SPLINE_CURVE_WITH_KNOTS('',3,(#4478,#4479,#4480,#4481,#4482,
    #4483,#4484,#4485,#4486,#4487),.UNSPECIFIED.,.F.,.F.,(4,2,2,2,4),(
    0.151940029365,0.189916225925,0.227892422486,0.265886240608,
    0.30388005873),.UNSPECIFIED.);
#4478 = CARTESIAN_POINT('',(16.887495373797,9.749999999999,9.));
#4479 = CARTESIAN_POINT('',(16.824201712863,9.859627836534,9.));
#4480 = CARTESIAN_POINT('',(16.749393342284,9.971604494077,
    8.974504420803));
#4481 = CARTESIAN_POINT('',(16.598827840656,10.168860744502,
    8.872143486117));
#4482 = CARTESIAN_POINT('',(16.523383873958,10.254405837654,
    8.795329543228));
#4483 = CARTESIAN_POINT('',(16.398071072096,10.385845469131,
    8.618843082373));
#4484 = CARTESIAN_POINT('',(16.33964137858,10.44077178037,8.507053179958
    ));
#4485 = CARTESIAN_POINT('',(16.259804078316,10.512846780984,
    8.261001973464));
#4486 = CARTESIAN_POINT('',(16.238908905227,10.530238966157,
    8.126646060408));
#4487 = CARTESIAN_POINT('',(16.238908905227,10.530238966157,8.));
#4488 = PCURVE('',#3203,#4489);
#4489 = DEFINITIONAL_REPRESENTATION('',(#4490),#4516);
#4490 = B_SPLINE_CURVE_WITH_KNOTS('',3,(#4491,#4492,#4493,#4494,#4495,
    #4496,#4497,#4498,#4499,#4500,#4501,#4502,#4503,#4504,#4505,#4506,
    #4507,#4508,#4509,#4510,#4511,#4512,#4513,#4514,#4515),
  .UNSPECIFIED.,.F.,.F.,(4,1,1,1,1,1,1,1,1,1,1,1,1,1,1,1,1,1,1,1,1,1,4),
  (0.151940029365,0.158846394336,0.165752759307,0.172659124279,
    0.17956548925,0.186471854221,0.193378219192,0.200284584163,
    0.207190949134,0.214097314105,0.221003679077,0.227910044048,
    0.234816409019,0.24172277399,0.248629138961,0.255535503932,
    0.262441868903,0.269348233875,0.276254598846,0.283160963817,
    0.290067328788,0.296973693759,0.30388005873),.QUASI_UNIFORM_KNOTS.);
#4491 = CARTESIAN_POINT('',(6.806784082778,7.));
#4492 = CARTESIAN_POINT('',(6.814457640183,7.));
#4493 = CARTESIAN_POINT('',(6.829977270659,6.998313598886));
#4494 = CARTESIAN_POINT('',(6.853556076995,6.990717608549));
#4495 = CARTESIAN_POINT('',(6.877216817645,6.978049458233));
#4496 = CARTESIAN_POINT('',(6.900739406077,6.960298427578));
#4497 = CARTESIAN_POINT('',(6.923906382048,6.937472178403));
#4498 = CARTESIAN_POINT('',(6.94649281411,6.909509792853));
#4499 = CARTESIAN_POINT('',(6.968318340432,6.876679501168));
#4500 = CARTESIAN_POINT('',(6.989242155979,6.839537728617));
#4501 = CARTESIAN_POINT('',(7.009098419389,6.798613686165));
#4502 = CARTESIAN_POINT('',(7.027768937858,6.754314159605));
#4503 = CARTESIAN_POINT('',(7.044953813707,6.707562849731));
#4504 = CARTESIAN_POINT('',(7.061019780628,6.657338175614));
#4505 = CARTESIAN_POINT('',(7.076299973688,6.60257450434));
#4506 = CARTESIAN_POINT('',(7.090469458661,6.544119376949));
#4507 = CARTESIAN_POINT('',(7.103376077269,6.48230581503));
#4508 = CARTESIAN_POINT('',(7.114825127292,6.417611744018));
#4509 = CARTESIAN_POINT('',(7.12461212234,6.350449993415));
#4510 = CARTESIAN_POINT('',(7.132621028712,6.281365372087));
#4511 = CARTESIAN_POINT('',(7.138865931848,6.211070092555));
#4512 = CARTESIAN_POINT('',(7.143334804697,6.140243345966));
#4513 = CARTESIAN_POINT('',(7.146022191714,6.069573174556));
#4514 = CARTESIAN_POINT('',(7.146620978725,6.02302121657));
#4515 = CARTESIAN_POINT('',(7.146620992232,6.));
#4516 = ( GEOMETRIC_REPRESENTATION_CONTEXT(2) 
PARAMETRIC_REPRESENTATION_CONTEXT() REPRESENTATION_CONTEXT('2D SPACE',''
  ) );
#4517 = PCURVE('',#4362,#4518);
#4518 = DEFINITIONAL_REPRESENTATION('',(#4519),#4545);
#4519 = B_SPLINE_CURVE_WITH_KNOTS('',3,(#4520,#4521,#4522,#4523,#4524,
    #4525,#4526,#4527,#4528,#4529,#4530,#4531,#4532,#4533,#4534,#4535,
    #4536,#4537,#4538,#4539,#4540,#4541,#4542,#4543,#4544),
  .UNSPECIFIED.,.F.,.F.,(4,1,1,1,1,1,1,1,1,1,1,1,1,1,1,1,1,1,1,1,1,1,4),
  (0.151940029365,0.158846394336,0.165752759307,0.172659124279,
    0.17956548925,0.186471854221,0.193378219192,0.200284584163,
    0.207190949134,0.214097314105,0.221003679077,0.227910044048,
    0.234816409019,0.24172277399,0.248629138961,0.255535503932,
    0.262441868903,0.269348233875,0.276254598846,0.283160963817,
    0.290067328788,0.296973693759,0.30388005873),.QUASI_UNIFORM_KNOTS.);
#4520 = CARTESIAN_POINT('',(5.497787143782,0.313345047765));
#4521 = CARTESIAN_POINT('',(5.520807023198,0.313345047765));
#4522 = CARTESIAN_POINT('',(5.567367791571,0.313926955586));
#4523 = CARTESIAN_POINT('',(5.638435927998,0.316483945426));
#4524 = CARTESIAN_POINT('',(5.710396164593,0.32066264096));
#4525 = CARTESIAN_POINT('',(5.782909553953,0.326403514471));
#4526 = CARTESIAN_POINT('',(5.85566498625,0.333636286519));
#4527 = CARTESIAN_POINT('',(5.92840039973,0.34233078986));
#4528 = CARTESIAN_POINT('',(6.000936185167,0.352218843288));
#4529 = CARTESIAN_POINT('',(6.073045265635,0.363006295939));
#4530 = CARTESIAN_POINT('',(6.144389632678,0.374406301124));
#4531 = CARTESIAN_POINT('',(6.214799608974,0.386161114455));
#4532 = CARTESIAN_POINT('',(6.283358272499,0.39788927816));
#4533 = CARTESIAN_POINT('',(6.351921257159,0.40967509692));
#4534 = CARTESIAN_POINT('',(6.42231004852,0.421579922045));
#4535 = CARTESIAN_POINT('',(6.493621858395,0.433207392354));
#4536 = CARTESIAN_POINT('',(6.565688171433,0.444283019662));
#4537 = CARTESIAN_POINT('',(6.638175452613,0.454502536297));
#4538 = CARTESIAN_POINT('',(6.710859181087,0.463558919533));
#4539 = CARTESIAN_POINT('',(6.783566845329,0.471128983372));
#4540 = CARTESIAN_POINT('',(6.856037792,0.477166939084));
#4541 = CARTESIAN_POINT('',(6.92796373328,0.481582356659));
#4542 = CARTESIAN_POINT('',(6.999008693787,0.484296771789));
#4543 = CARTESIAN_POINT('',(7.045563597468,0.484917923019));
#4544 = CARTESIAN_POINT('',(7.068583470577,0.484917923019));
#4545 = ( GEOMETRIC_REPRESENTATION_CONTEXT(2) 
PARAMETRIC_REPRESENTATION_CONTEXT() REPRESENTATION_CONTEXT('2D SPACE',''
  ) );
#4546 = ORIENTED_EDGE('',*,*,#4547,.F.);
#4547 = EDGE_CURVE('',#4548,#4474,#4550,.T.);
#4548 = VERTEX_POINT('',#4549);
#4549 = CARTESIAN_POINT('',(16.238908905227,10.530238966157,3.));
#4550 = SURFACE_CURVE('',#4551,(#4555,#4562),.PCURVE_S1.);
#4551 = LINE('',#4552,#4553);
#4552 = CARTESIAN_POINT('',(16.238908905227,10.530238966157,2.));
#4553 = VECTOR('',#4554,1.);
#4554 = DIRECTION('',(0.,0.,1.));
#4555 = PCURVE('',#3203,#4556);
#4556 = DEFINITIONAL_REPRESENTATION('',(#4557),#4561);
#4557 = LINE('',#4558,#4559);
#4558 = CARTESIAN_POINT('',(7.146620992232,0.));
#4559 = VECTOR('',#4560,1.);
#4560 = DIRECTION('',(0.,1.));
#4561 = ( GEOMETRIC_REPRESENTATION_CONTEXT(2) 
PARAMETRIC_REPRESENTATION_CONTEXT() REPRESENTATION_CONTEXT('2D SPACE',''
  ) );
#4562 = PCURVE('',#4563,#4568);
#4563 = PLANE('',#4564);
#4564 = AXIS2_PLACEMENT_3D('',#4565,#4566,#4567);
#4565 = CARTESIAN_POINT('',(16.798843892007,10.853517581503,2.));
#4566 = DIRECTION('',(-0.5,0.866025403784,0.));
#4567 = DIRECTION('',(-0.866025403784,-0.5,0.));
#4568 = DEFINITIONAL_REPRESENTATION('',(#4569),#4573);
#4569 = LINE('',#4570,#4571);
#4570 = CARTESIAN_POINT('',(0.646557230692,0.));
#4571 = VECTOR('',#4572,1.);
#4572 = DIRECTION('',(0.,1.));
#4573 = ( GEOMETRIC_REPRESENTATION_CONTEXT(2) 
PARAMETRIC_REPRESENTATION_CONTEXT() REPRESENTATION_CONTEXT('2D SPACE',''
  ) );
#4574 = ORIENTED_EDGE('',*,*,#4575,.T.);
#4575 = EDGE_CURVE('',#4548,#3155,#4576,.T.);
#4576 = SURFACE_CURVE('',#4577,(#4588,#4617),.PCURVE_S1.);
#4577 = B_SPLINE_CURVE_WITH_KNOTS('',3,(#4578,#4579,#4580,#4581,#4582,
    #4583,#4584,#4585,#4586,#4587),.UNSPECIFIED.,.F.,.F.,(4,2,2,2,4),(
    0.424963904169,0.46201866979,0.49907343541,0.544687240606,
    0.590301045803),.UNSPECIFIED.);
#4578 = CARTESIAN_POINT('',(16.238908905227,10.530238966157,3.));
#4579 = CARTESIAN_POINT('',(16.238908905227,10.530238966157,
    2.876484114599));
#4580 = CARTESIAN_POINT('',(16.219557148371,10.547231104896,
    2.745127544203));
#4581 = CARTESIAN_POINT('',(16.138792075758,10.612736423158,
    2.50500983757));
#4582 = CARTESIAN_POINT('',(16.076966796597,10.660948515929,
    2.396305404216));
#4583 = CARTESIAN_POINT('',(15.913210461755,10.774960060029,
    2.206253851096));
#4584 = CARTESIAN_POINT('',(15.793859460164,10.849982939058,
    2.123368526222));
#4585 = CARTESIAN_POINT('',(15.522478887364,10.989126876823,
    2.020545125026));
#4586 = CARTESIAN_POINT('',(15.37035884965,11.052621519935,2.));
#4587 = CARTESIAN_POINT('',(15.225910835548,11.100084796318,2.));
#4588 = PCURVE('',#3203,#4589);
#4589 = DEFINITIONAL_REPRESENTATION('',(#4590),#4616);
#4590 = B_SPLINE_CURVE_WITH_KNOTS('',3,(#4591,#4592,#4593,#4594,#4595,
    #4596,#4597,#4598,#4599,#4600,#4601,#4602,#4603,#4604,#4605,#4606,
    #4607,#4608,#4609,#4610,#4611,#4612,#4613,#4614,#4615),
  .UNSPECIFIED.,.F.,.F.,(4,1,1,1,1,1,1,1,1,1,1,1,1,1,1,1,1,1,1,1,1,1,4),
  (0.424963904169,0.432479228789,0.439994553409,0.447509878028,
    0.455025202648,0.462540527268,0.470055851887,0.477571176507,
    0.485086501127,0.492601825747,0.500117150366,0.507632474986,
    0.515147799606,0.522663124225,0.530178448845,0.537693773465,
    0.545209098084,0.552724422704,0.560239747324,0.567755071943,
    0.575270396563,0.582785721183,0.590301045803),
  .QUASI_UNIFORM_KNOTS.);
#4591 = CARTESIAN_POINT('',(7.146620992232,1.));
#4592 = CARTESIAN_POINT('',(7.146621014333,0.974948917934));
#4593 = CARTESIAN_POINT('',(7.147327159374,0.92420170953));
#4594 = CARTESIAN_POINT('',(7.150512771467,0.847103745075));
#4595 = CARTESIAN_POINT('',(7.155832849239,0.769986707367));
#4596 = CARTESIAN_POINT('',(7.163295536865,0.693808333306));
#4597 = CARTESIAN_POINT('',(7.172911432264,0.619527628954));
#4598 = CARTESIAN_POINT('',(7.184683970925,0.54809895094));
#4599 = CARTESIAN_POINT('',(7.198353484587,0.480114568888));
#4600 = CARTESIAN_POINT('',(7.213652755353,0.416221718916));
#4601 = CARTESIAN_POINT('',(7.230372462088,0.356892126775));
#4602 = CARTESIAN_POINT('',(7.248089612566,0.303244593189));
#4603 = CARTESIAN_POINT('',(7.26723553147,0.253855474596));
#4604 = CARTESIAN_POINT('',(7.287908312329,0.208164095457));
#4605 = CARTESIAN_POINT('',(7.309863000583,0.166643269466));
#4606 = CARTESIAN_POINT('',(7.33294982874,0.129491179034));
#4607 = CARTESIAN_POINT('',(7.356996570819,9.697104246162E-02));
#4608 = CARTESIAN_POINT('',(7.381845560551,6.936056578295E-02));
#4609 = CARTESIAN_POINT('',(7.407328954867,4.681285992243E-02));
#4610 = CARTESIAN_POINT('',(7.433226111913,2.898169853575E-02));
#4611 = CARTESIAN_POINT('',(7.459322327246,1.56086579472E-02));
#4612 = CARTESIAN_POINT('',(7.485399015646,6.411787246645E-03));
#4613 = CARTESIAN_POINT('',(7.511237979953,1.115441793001E-03));
#4614 = CARTESIAN_POINT('',(7.528161600024,3.515473215975E-16));
#4615 = CARTESIAN_POINT('',(7.536511739005,0.));
#4616 = ( GEOMETRIC_REPRESENTATION_CONTEXT(2) 
PARAMETRIC_REPRESENTATION_CONTEXT() REPRESENTATION_CONTEXT('2D SPACE',''
  ) );
#4617 = PCURVE('',#3170,#4618);
#4618 = DEFINITIONAL_REPRESENTATION('',(#4619),#4645);
#4619 = B_SPLINE_CURVE_WITH_KNOTS('',3,(#4620,#4621,#4622,#4623,#4624,
    #4625,#4626,#4627,#4628,#4629,#4630,#4631,#4632,#4633,#4634,#4635,
    #4636,#4637,#4638,#4639,#4640,#4641,#4642,#4643,#4644),
  .UNSPECIFIED.,.F.,.F.,(4,1,1,1,1,1,1,1,1,1,1,1,1,1,1,1,1,1,1,1,1,1,4),
  (0.424963904169,0.432479228789,0.439994553409,0.447509878028,
    0.455025202648,0.462540527268,0.470055851887,0.477571176507,
    0.485086501127,0.492601825747,0.500117150366,0.507632474986,
    0.515147799606,0.522663124225,0.530178448845,0.537693773465,
    0.545209098084,0.552724422704,0.560239747324,0.567755071943,
    0.575270396563,0.582785721183,0.590301045803),
  .QUASI_UNIFORM_KNOTS.);
#4620 = CARTESIAN_POINT('',(7.068583470577,-9.340934947027));
#4621 = CARTESIAN_POINT('',(7.043534415346,-9.340934947027));
#4622 = CARTESIAN_POINT('',(6.992782609611,-9.340255213653));
#4623 = CARTESIAN_POINT('',(6.915199535369,-9.337092255283));
#4624 = CARTESIAN_POINT('',(6.836666158444,-9.331683966579));
#4625 = CARTESIAN_POINT('',(6.757689842097,-9.323920723955));
#4626 = CARTESIAN_POINT('',(6.678726217453,-9.313721323905));
#4627 = CARTESIAN_POINT('',(6.600145500936,-9.300896795564));
#4628 = CARTESIAN_POINT('',(6.522294920726,-9.285503340085));
#4629 = CARTESIAN_POINT('',(6.445699362706,-9.267684285977));
#4630 = CARTESIAN_POINT('',(6.370714163112,-9.247489253076));
#4631 = CARTESIAN_POINT('',(6.298592912712,-9.225255568556));
#4632 = CARTESIAN_POINT('',(6.227147253615,-9.20020624338));
#4633 = CARTESIAN_POINT('',(6.155473372108,-9.172045270601));
#4634 = CARTESIAN_POINT('',(6.084119643718,-9.140925917577));
#4635 = CARTESIAN_POINT('',(6.013294852673,-9.106881762201));
#4636 = CARTESIAN_POINT('',(5.9433228014,-9.069975865925));
#4637 = CARTESIAN_POINT('',(5.874488433648,-9.030273045427));
#4638 = CARTESIAN_POINT('',(5.807074005966,-8.987800813658));
#4639 = CARTESIAN_POINT('',(5.741187599509,-8.942968785221));
#4640 = CARTESIAN_POINT('',(5.677006599649,-8.896208067991));
#4641 = CARTESIAN_POINT('',(5.614770914734,-8.847944010593));
#4642 = CARTESIAN_POINT('',(5.554763853821,-8.798603505371));
#4643 = CARTESIAN_POINT('',(5.516461013689,-8.765276521158));
#4644 = CARTESIAN_POINT('',(5.497787143782,-8.748575799781));
#4645 = ( GEOMETRIC_REPRESENTATION_CONTEXT(2) 
PARAMETRIC_REPRESENTATION_CONTEXT() REPRESENTATION_CONTEXT('2D SPACE',''
  ) );
#4646 = ORIENTED_EDGE('',*,*,#3182,.T.);
#4647 = ORIENTED_EDGE('',*,*,#4648,.T.);
#4648 = EDGE_CURVE('',#3183,#4649,#4651,.T.);
#4649 = VERTEX_POINT('',#4650);
#4650 = CARTESIAN_POINT('',(11.289419162443,8.250000003458,
    2.133974592757));
#4651 = SURFACE_CURVE('',#4652,(#4659,#4688),.PCURVE_S1.);
#4652 = B_SPLINE_CURVE_WITH_KNOTS('',3,(#4653,#4654,#4655,#4656,#4657,
    #4658),.UNSPECIFIED.,.F.,.F.,(4,2,4),(0.268960830268,0.313212166122,
    0.329834833153),.UNSPECIFIED.);
#4653 = CARTESIAN_POINT('',(11.35292748934,8.864016818819,2.));
#4654 = CARTESIAN_POINT('',(11.322737417707,8.719634952978,2.));
#4655 = CARTESIAN_POINT('',(11.301866020871,8.560941790581,
    2.019312147372));
#4656 = CARTESIAN_POINT('',(11.290787600792,8.356467804219,2.08585115383
    ));
#4657 = CARTESIAN_POINT('',(11.289419162563,8.301973637646,
    2.107987777842));
#4658 = CARTESIAN_POINT('',(11.289419162443,8.250000006917,
    2.133974592757));
#4659 = PCURVE('',#3203,#4660);
#4660 = DEFINITIONAL_REPRESENTATION('',(#4661),#4687);
#4661 = B_SPLINE_CURVE_WITH_KNOTS('',3,(#4662,#4663,#4664,#4665,#4666,
    #4667,#4668,#4669,#4670,#4671,#4672,#4673,#4674,#4675,#4676,#4677,
    #4678,#4679,#4680,#4681,#4682,#4683,#4684,#4685,#4686),
  .UNSPECIFIED.,.F.,.F.,(4,1,1,1,1,1,1,1,1,1,1,1,1,1,1,1,1,1,1,1,1,1,4),
  (0.268960830268,0.271727830399,0.274494830531,0.277261830662,
    0.280028830793,0.282795830924,0.285562831055,0.288329831186,
    0.291096831317,0.293863831448,0.296630831579,0.29939783171,
    0.302164831842,0.304931831973,0.307698832104,0.310465832235,
    0.313232832366,0.315999832497,0.318766832628,0.321533832759,
    0.32430083289,0.327067833022,0.329834833153),.QUASI_UNIFORM_KNOTS.);
#4662 = CARTESIAN_POINT('',(9.218649080141,0.));
#4663 = CARTESIAN_POINT('',(9.221723519433,-3.086067196275E-17));
#4664 = CARTESIAN_POINT('',(9.227903960934,1.510171085049E-04));
#4665 = CARTESIAN_POINT('',(9.23725823334,8.448891852314E-04));
#4666 = CARTESIAN_POINT('',(9.246685060564,2.020402764187E-03));
#4667 = CARTESIAN_POINT('',(9.256173305868,3.69185293431E-03));
#4668 = CARTESIAN_POINT('',(9.26571178954,5.873534782021E-03));
#4669 = CARTESIAN_POINT('',(9.275289290133,8.579743403127E-03));
#4670 = CARTESIAN_POINT('',(9.28489455665,1.182477385842E-02));
#4671 = CARTESIAN_POINT('',(9.294516318506,1.562292133936E-02));
#4672 = CARTESIAN_POINT('',(9.304143296776,1.998848054973E-02));
#4673 = CARTESIAN_POINT('',(9.313764214832,2.493574801338E-02));
#4674 = CARTESIAN_POINT('',(9.323367811407,3.047901346158E-02));
#4675 = CARTESIAN_POINT('',(9.332942844746,3.663259197579E-02));
#4676 = CARTESIAN_POINT('',(9.342478129116,4.341070402937E-02));
#4677 = CARTESIAN_POINT('',(9.351962448867,5.082792317787E-02));
#4678 = CARTESIAN_POINT('',(9.361384926956,5.889750525612E-02));
#4679 = CARTESIAN_POINT('',(9.37073369408,6.763762389967E-02));
#4680 = CARTESIAN_POINT('',(9.38000089676,7.704809555004E-02));
#4681 = CARTESIAN_POINT('',(9.389179562956,8.711193194822E-02));
#4682 = CARTESIAN_POINT('',(9.398258903293,9.782958517303E-02));
#4683 = CARTESIAN_POINT('',(9.407229069984,0.109196834064));
#4684 = CARTESIAN_POINT('',(9.416079897294,0.12121071008));
#4685 = CARTESIAN_POINT('',(9.421894121138,0.129648841652));
#4686 = CARTESIAN_POINT('',(9.424777958464,0.133974592757));
#4687 = ( GEOMETRIC_REPRESENTATION_CONTEXT(2) 
PARAMETRIC_REPRESENTATION_CONTEXT() REPRESENTATION_CONTEXT('2D SPACE',''
  ) );
#4688 = PCURVE('',#3231,#4689);
#4689 = DEFINITIONAL_REPRESENTATION('',(#4690),#4716);
#4690 = B_SPLINE_CURVE_WITH_KNOTS('',3,(#4691,#4692,#4693,#4694,#4695,
    #4696,#4697,#4698,#4699,#4700,#4701,#4702,#4703,#4704,#4705,#4706,
    #4707,#4708,#4709,#4710,#4711,#4712,#4713,#4714,#4715),
  .UNSPECIFIED.,.F.,.F.,(4,1,1,1,1,1,1,1,1,1,1,1,1,1,1,1,1,1,1,1,1,1,4),
  (0.268960830268,0.271727830399,0.274494830531,0.277261830662,
    0.280028830793,0.282795830924,0.285562831055,0.288329831186,
    0.291096831317,0.293863831448,0.296630831579,0.29939783171,
    0.302164831842,0.304931831973,0.307698832104,0.310465832235,
    0.313232832366,0.315999832497,0.318766832628,0.321533832759,
    0.32430083289,0.327067833022,0.329834833153),.QUASI_UNIFORM_KNOTS.);
#4691 = CARTESIAN_POINT('',(5.497787143782,-7.428145584873));
#4692 = CARTESIAN_POINT('',(5.504661835245,-7.421996695693));
#4693 = CARTESIAN_POINT('',(5.518544480463,-7.409706069014));
#4694 = CARTESIAN_POINT('',(5.539750773747,-7.391313900495));
#4695 = CARTESIAN_POINT('',(5.561321801639,-7.372987819927));
#4696 = CARTESIAN_POINT('',(5.583240426296,-7.354750143766));
#4697 = CARTESIAN_POINT('',(5.605489897226,-7.336623188462));
#4698 = CARTESIAN_POINT('',(5.628053969427,-7.318629270478));
#4699 = CARTESIAN_POINT('',(5.650916980915,-7.300790706232));
#4700 = CARTESIAN_POINT('',(5.674063948351,-7.28312981231));
#4701 = CARTESIAN_POINT('',(5.697480663097,-7.265668904673));
#4702 = CARTESIAN_POINT('',(5.721153792343,-7.248430301609));
#4703 = CARTESIAN_POINT('',(5.745070977192,-7.231436312726));
#4704 = CARTESIAN_POINT('',(5.769220948472,-7.214709280026));
#4705 = CARTESIAN_POINT('',(5.793593578606,-7.198271424615));
#4706 = CARTESIAN_POINT('',(5.818180169346,-7.182145418788));
#4707 = CARTESIAN_POINT('',(5.842972852232,-7.166352250981));
#4708 = CARTESIAN_POINT('',(5.867967289683,-7.150919193871));
#4709 = CARTESIAN_POINT('',(5.893153042675,-7.135850062288));
#4710 = CARTESIAN_POINT('',(5.918509420005,-7.121136694894));
#4711 = CARTESIAN_POINT('',(5.944023302716,-7.106793215165));
#4712 = CARTESIAN_POINT('',(5.969680070892,-7.092827775232));
#4713 = CARTESIAN_POINT('',(5.995466109845,-7.079250127791));
#4714 = CARTESIAN_POINT('',(6.012734477261,-7.070463105675));
#4715 = CARTESIAN_POINT('',(6.021385912463,-7.066137354478));
#4716 = ( GEOMETRIC_REPRESENTATION_CONTEXT(2) 
PARAMETRIC_REPRESENTATION_CONTEXT() REPRESENTATION_CONTEXT('2D SPACE',''
  ) );
#4717 = ORIENTED_EDGE('',*,*,#4718,.T.);
#4718 = EDGE_CURVE('',#4649,#4719,#4721,.T.);
#4719 = VERTEX_POINT('',#4720);
#4720 = CARTESIAN_POINT('',(11.289419162443,8.25,11.));
#4721 = SEAM_CURVE('',#4722,(#4726,#4733),.PCURVE_S1.);
#4722 = LINE('',#4723,#4724);
#4723 = CARTESIAN_POINT('',(11.289419162443,8.25,2.));
#4724 = VECTOR('',#4725,1.);
#4725 = DIRECTION('',(0.,0.,1.));
#4726 = PCURVE('',#3203,#4727);
#4727 = DEFINITIONAL_REPRESENTATION('',(#4728),#4732);
#4728 = LINE('',#4729,#4730);
#4729 = CARTESIAN_POINT('',(9.424777960769,0.));
#4730 = VECTOR('',#4731,1.);
#4731 = DIRECTION('',(0.,1.));
#4732 = ( GEOMETRIC_REPRESENTATION_CONTEXT(2) 
PARAMETRIC_REPRESENTATION_CONTEXT() REPRESENTATION_CONTEXT('2D SPACE',''
  ) );
#4733 = PCURVE('',#3203,#4734);
#4734 = DEFINITIONAL_REPRESENTATION('',(#4735),#4739);
#4735 = LINE('',#4736,#4737);
#4736 = CARTESIAN_POINT('',(3.14159265359,0.));
#4737 = VECTOR('',#4738,1.);
#4738 = DIRECTION('',(0.,1.));
#4739 = ( GEOMETRIC_REPRESENTATION_CONTEXT(2) 
PARAMETRIC_REPRESENTATION_CONTEXT() REPRESENTATION_CONTEXT('2D SPACE',''
  ) );
#4740 = ORIENTED_EDGE('',*,*,#4741,.F.);
#4741 = EDGE_CURVE('',#4719,#4719,#4742,.T.);
#4742 = SURFACE_CURVE('',#4743,(#4748,#4755),.PCURVE_S1.);
#4743 = CIRCLE('',#4744,3.);
#4744 = AXIS2_PLACEMENT_3D('',#4745,#4746,#4747);
#4745 = CARTESIAN_POINT('',(14.289419162443,8.25,11.));
#4746 = DIRECTION('',(0.,0.,1.));
#4747 = DIRECTION('',(1.,0.,-0.));
#4748 = PCURVE('',#3203,#4749);
#4749 = DEFINITIONAL_REPRESENTATION('',(#4750),#4754);
#4750 = LINE('',#4751,#4752);
#4751 = CARTESIAN_POINT('',(0.,9.));
#4752 = VECTOR('',#4753,1.);
#4753 = DIRECTION('',(1.,0.));
#4754 = ( GEOMETRIC_REPRESENTATION_CONTEXT(2) 
PARAMETRIC_REPRESENTATION_CONTEXT() REPRESENTATION_CONTEXT('2D SPACE',''
  ) );
#4755 = PCURVE('',#4756,#4761);
#4756 = PLANE('',#4757);
#4757 = AXIS2_PLACEMENT_3D('',#4758,#4759,#4760);
#4758 = CARTESIAN_POINT('',(14.289419162443,8.25,11.));
#4759 = DIRECTION('',(0.,0.,-1.));
#4760 = DIRECTION('',(1.,0.,0.));
#4761 = DEFINITIONAL_REPRESENTATION('',(#4762),#4770);
#4762 = ( BOUNDED_CURVE() B_SPLINE_CURVE(2,(#4763,#4764,#4765,#4766,
#4767,#4768,#4769),.UNSPECIFIED.,.T.,.F.) B_SPLINE_CURVE_WITH_KNOTS((1,2
    ,2,2,2,1),(-2.094395102393,0.,2.094395102393,4.188790204786,
6.28318530718,8.377580409573),.UNSPECIFIED.) CURVE() 
GEOMETRIC_REPRESENTATION_ITEM() RATIONAL_B_SPLINE_CURVE((1.,0.5,1.,0.5,
1.,0.5,1.)) REPRESENTATION_ITEM('') );
#4763 = CARTESIAN_POINT('',(3.,0.));
#4764 = CARTESIAN_POINT('',(3.,-5.196152422707));
#4765 = CARTESIAN_POINT('',(-1.5,-2.598076211353));
#4766 = CARTESIAN_POINT('',(-6.,-7.347880794884E-16));
#4767 = CARTESIAN_POINT('',(-1.5,2.598076211353));
#4768 = CARTESIAN_POINT('',(3.,5.196152422707));
#4769 = CARTESIAN_POINT('',(3.,0.));
#4770 = ( GEOMETRIC_REPRESENTATION_CONTEXT(2) 
PARAMETRIC_REPRESENTATION_CONTEXT() REPRESENTATION_CONTEXT('2D SPACE',''
  ) );
#4771 = ORIENTED_EDGE('',*,*,#4718,.F.);
#4772 = ORIENTED_EDGE('',*,*,#4773,.T.);
#4773 = EDGE_CURVE('',#4649,#4774,#4776,.T.);
#4774 = VERTEX_POINT('',#4775);
#4775 = CARTESIAN_POINT('',(11.33992941966,7.701811841411,3.));
#4776 = SURFACE_CURVE('',#4777,(#4786,#4815),.PCURVE_S1.);
#4777 = B_SPLINE_CURVE_WITH_KNOTS('',3,(#4778,#4779,#4780,#4781,#4782,
    #4783,#4784,#4785),.UNSPECIFIED.,.F.,.F.,(4,2,2,4),(0.329834833153,
    0.357463501975,0.395871154168,0.434278806362),.UNSPECIFIED.);
#4778 = CARTESIAN_POINT('',(11.289419162443,8.250000006917,
    2.133974592757));
#4779 = CARTESIAN_POINT('',(11.289419162244,8.163614216465,
    2.177167487236));
#4780 = CARTESIAN_POINT('',(11.293219025575,8.084290390296,
    2.231195100848));
#4781 = CARTESIAN_POINT('',(11.305959138412,7.921365681149,
    2.378662094291));
#4782 = CARTESIAN_POINT('',(11.317246181101,7.83857769007,2.489488992738
    ));
#4783 = CARTESIAN_POINT('',(11.33449798117,7.728923094115,2.73618109379)
  );
#4784 = CARTESIAN_POINT('',(11.33992941966,7.701811841411,2.871974492689
    ));
#4785 = CARTESIAN_POINT('',(11.33992941966,7.701811841411,3.));
#4786 = PCURVE('',#3203,#4787);
#4787 = DEFINITIONAL_REPRESENTATION('',(#4788),#4814);
#4788 = B_SPLINE_CURVE_WITH_KNOTS('',3,(#4789,#4790,#4791,#4792,#4793,
    #4794,#4795,#4796,#4797,#4798,#4799,#4800,#4801,#4802,#4803,#4804,
    #4805,#4806,#4807,#4808,#4809,#4810,#4811,#4812,#4813),
  .UNSPECIFIED.,.F.,.F.,(4,1,1,1,1,1,1,1,1,1,1,1,1,1,1,1,1,1,1,1,1,1,4),
  (0.329834833153,0.33458228648,0.339329739808,0.344077193136,
    0.348824646463,0.353572099791,0.358319553119,0.363067006446,
    0.367814459774,0.372561913102,0.377309366429,0.382056819757,
    0.386804273085,0.391551726413,0.39629917974,0.401046633068,
    0.405794086396,0.410541539723,0.415288993051,0.420036446379,
    0.424783899706,0.429531353034,0.434278806362),
  .QUASI_UNIFORM_KNOTS.);
#4789 = CARTESIAN_POINT('',(3.141592651284,0.133974592757));
#4790 = CARTESIAN_POINT('',(3.146540502351,0.141396457775));
#4791 = CARTESIAN_POINT('',(3.15629747336,0.156880150993));
#4792 = CARTESIAN_POINT('',(3.170477002308,0.181927856092));
#4793 = CARTESIAN_POINT('',(3.184162883928,0.208705616658));
#4794 = CARTESIAN_POINT('',(3.197310347977,0.237101672247));
#4795 = CARTESIAN_POINT('',(3.209896986085,0.267077250502));
#4796 = CARTESIAN_POINT('',(3.221814641416,0.298321277351));
#4797 = CARTESIAN_POINT('',(3.233301446155,0.331630150103));
#4798 = CARTESIAN_POINT('',(3.244378637696,0.367123816469));
#4799 = CARTESIAN_POINT('',(3.254963101287,0.404589980305));
#4800 = CARTESIAN_POINT('',(3.264999077765,0.443905387554));
#4801 = CARTESIAN_POINT('',(3.274423037817,0.484922859665));
#4802 = CARTESIAN_POINT('',(3.283172950692,0.527501873981));
#4803 = CARTESIAN_POINT('',(3.291186720739,0.571499208759));
#4804 = CARTESIAN_POINT('',(3.298399463498,0.616775782706));
#4805 = CARTESIAN_POINT('',(3.304756327324,0.663178427549));
#4806 = CARTESIAN_POINT('',(3.310263632954,0.710470915866));
#4807 = CARTESIAN_POINT('',(3.314921007981,0.758426101657));
#4808 = CARTESIAN_POINT('',(3.318729816406,0.806814405563));
#4809 = CARTESIAN_POINT('',(3.32169086093,0.855406900242));
#4810 = CARTESIAN_POINT('',(3.323804982606,0.90397448364));
#4811 = CARTESIAN_POINT('',(3.325072909778,0.952288100535));
#4812 = CARTESIAN_POINT('',(3.325354518605,0.984175155574));
#4813 = CARTESIAN_POINT('',(3.325354519734,1.));
#4814 = ( GEOMETRIC_REPRESENTATION_CONTEXT(2) 
PARAMETRIC_REPRESENTATION_CONTEXT() REPRESENTATION_CONTEXT('2D SPACE',''
  ) );
#4815 = PCURVE('',#3231,#4816);
#4816 = DEFINITIONAL_REPRESENTATION('',(#4817),#4843);
#4817 = B_SPLINE_CURVE_WITH_KNOTS('',3,(#4818,#4819,#4820,#4821,#4822,
    #4823,#4824,#4825,#4826,#4827,#4828,#4829,#4830,#4831,#4832,#4833,
    #4834,#4835,#4836,#4837,#4838,#4839,#4840,#4841,#4842),
  .UNSPECIFIED.,.F.,.F.,(4,1,1,1,1,1,1,1,1,1,1,1,1,1,1,1,1,1,1,1,1,1,4),
  (0.329834833153,0.33458228648,0.339329739808,0.344077193136,
    0.348824646463,0.353572099791,0.358319553119,0.363067006446,
    0.367814459774,0.372561913102,0.377309366429,0.382056819757,
    0.386804273085,0.391551726413,0.39629917974,0.401046633068,
    0.405794086396,0.410541539723,0.415288993051,0.420036446379,
    0.424783899706,0.429531353034,0.434278806362),
  .QUASI_UNIFORM_KNOTS.);
#4818 = CARTESIAN_POINT('',(6.021385912463,-7.066137354478));
#4819 = CARTESIAN_POINT('',(6.036229382034,-7.058715489302));
#4820 = CARTESIAN_POINT('',(6.066021877855,-7.044274533867));
#4821 = CARTESIAN_POINT('',(6.110943090044,-7.023824493936));
#4822 = CARTESIAN_POINT('',(6.156020637926,-7.004586727575));
#4823 = CARTESIAN_POINT('',(6.201150147894,-6.986569773558));
#4824 = CARTESIAN_POINT('',(6.246324615905,-6.969753725081));
#4825 = CARTESIAN_POINT('',(6.291182646354,-6.954224799231));
#4826 = CARTESIAN_POINT('',(6.336824075996,-6.939637538845));
#4827 = CARTESIAN_POINT('',(6.383463799469,-6.925916471397));
#4828 = CARTESIAN_POINT('',(6.430876893975,-6.913115313512));
#4829 = CARTESIAN_POINT('',(6.478956359477,-6.901253239897));
#4830 = CARTESIAN_POINT('',(6.527568097679,-6.890358403782));
#4831 = CARTESIAN_POINT('',(6.576594710025,-6.880457586225));
#4832 = CARTESIAN_POINT('',(6.625928178199,-6.871574078454));
#4833 = CARTESIAN_POINT('',(6.675478578265,-6.863746503182));
#4834 = CARTESIAN_POINT('',(6.725169037028,-6.856954303076));
#4835 = CARTESIAN_POINT('',(6.774917047114,-6.851145626428));
#4836 = CARTESIAN_POINT('',(6.824627631891,-6.846302188275));
#4837 = CARTESIAN_POINT('',(6.874193922507,-6.842396709471));
#4838 = CARTESIAN_POINT('',(6.923501713225,-6.839404320857));
#4839 = CARTESIAN_POINT('',(6.972433392515,-6.837299507506));
#4840 = CARTESIAN_POINT('',(7.020871042916,-6.836056927583));
#4841 = CARTESIAN_POINT('',(7.052759184361,-6.835786437627));
#4842 = CARTESIAN_POINT('',(7.068583470577,-6.835786437627));
#4843 = ( GEOMETRIC_REPRESENTATION_CONTEXT(2) 
PARAMETRIC_REPRESENTATION_CONTEXT() REPRESENTATION_CONTEXT('2D SPACE',''
  ) );
#4844 = ORIENTED_EDGE('',*,*,#4845,.F.);
#4845 = EDGE_CURVE('',#4846,#4774,#4848,.T.);
#4846 = VERTEX_POINT('',#4847);
#4847 = CARTESIAN_POINT('',(11.33992941966,7.701811841411,8.));
#4848 = SURFACE_CURVE('',#4849,(#4853,#4860),.PCURVE_S1.);
#4849 = LINE('',#4850,#4851);
#4850 = CARTESIAN_POINT('',(11.33992941966,7.701811841411,2.));
#4851 = VECTOR('',#4852,1.);
#4852 = DIRECTION('',(0.,0.,-1.));
#4853 = PCURVE('',#3203,#4854);
#4854 = DEFINITIONAL_REPRESENTATION('',(#4855),#4859);
#4855 = LINE('',#4856,#4857);
#4856 = CARTESIAN_POINT('',(3.325354519734,0.));
#4857 = VECTOR('',#4858,1.);
#4858 = DIRECTION('',(0.,-1.));
#4859 = ( GEOMETRIC_REPRESENTATION_CONTEXT(2) 
PARAMETRIC_REPRESENTATION_CONTEXT() REPRESENTATION_CONTEXT('2D SPACE',''
  ) );
#4860 = PCURVE('',#4861,#4866);
#4861 = PLANE('',#4862);
#4862 = AXIS2_PLACEMENT_3D('',#4863,#4864,#4865);
#4863 = CARTESIAN_POINT('',(11.33992941966,7.701811841411,2.));
#4864 = DIRECTION('',(-0.5,0.866025403784,0.));
#4865 = DIRECTION('',(-0.866025403784,-0.5,0.));
#4866 = DEFINITIONAL_REPRESENTATION('',(#4867),#4871);
#4867 = LINE('',#4868,#4869);
#4868 = CARTESIAN_POINT('',(0.,0.));
#4869 = VECTOR('',#4870,1.);
#4870 = DIRECTION('',(-0.,-1.));
#4871 = ( GEOMETRIC_REPRESENTATION_CONTEXT(2) 
PARAMETRIC_REPRESENTATION_CONTEXT() REPRESENTATION_CONTEXT('2D SPACE',''
  ) );
#4872 = ORIENTED_EDGE('',*,*,#4873,.T.);
#4873 = EDGE_CURVE('',#4846,#4874,#4876,.T.);
#4874 = VERTEX_POINT('',#4875);
#4875 = CARTESIAN_POINT('',(11.69134295109,6.75,9.));
#4876 = SURFACE_CURVE('',#4877,(#4888,#4917),.PCURVE_S1.);
#4877 = B_SPLINE_CURVE_WITH_KNOTS('',3,(#4878,#4879,#4880,#4881,#4882,
    #4883,#4884,#4885,#4886,#4887),.UNSPECIFIED.,.F.,.F.,(4,2,2,2,4),(
    0.30388005873,0.341873876853,0.379867694975,0.417843891535,
    0.455820088095),.UNSPECIFIED.);
#4878 = CARTESIAN_POINT('',(11.33992941966,7.701811841411,8.));
#4879 = CARTESIAN_POINT('',(11.33992941966,7.701811841411,8.126646060408
    ));
#4880 = CARTESIAN_POINT('',(11.344543907303,7.675019998113,
    8.261001973464));
#4881 = CARTESIAN_POINT('',(11.367044038681,7.569841367607,
    8.507053179958));
#4882 = CARTESIAN_POINT('',(11.385396772792,7.491776613068,
    8.618843082373));
#4883 = CARTESIAN_POINT('',(11.436570431784,7.317532727497,
    8.795329543228));
#4884 = CARTESIAN_POINT('',(11.472932672273,7.209423789199,
    8.872143486117));
#4885 = CARTESIAN_POINT('',(11.568478845382,6.980402114643,
    8.974504420803));
#4886 = CARTESIAN_POINT('',(11.628049290156,6.859627836534,9.));
#4887 = CARTESIAN_POINT('',(11.69134295109,6.75,9.));
#4888 = PCURVE('',#3203,#4889);
#4889 = DEFINITIONAL_REPRESENTATION('',(#4890),#4916);
#4890 = B_SPLINE_CURVE_WITH_KNOTS('',3,(#4891,#4892,#4893,#4894,#4895,
    #4896,#4897,#4898,#4899,#4900,#4901,#4902,#4903,#4904,#4905,#4906,
    #4907,#4908,#4909,#4910,#4911,#4912,#4913,#4914,#4915),
  .UNSPECIFIED.,.F.,.F.,(4,1,1,1,1,1,1,1,1,1,1,1,1,1,1,1,1,1,1,1,1,1,4),
  (0.30388005873,0.310786423701,0.317692788673,0.324599153644,
    0.331505518615,0.338411883586,0.345318248557,0.352224613528,
    0.359130978499,0.366037343471,0.372943708442,0.379850073413,
    0.386756438384,0.393662803355,0.400569168326,0.407475533297,
    0.414381898269,0.42128826324,0.428194628211,0.435100993182,
    0.442007358153,0.448913723124,0.455820088095),
  .QUASI_UNIFORM_KNOTS.);
#4891 = CARTESIAN_POINT('',(3.325354519734,6.));
#4892 = CARTESIAN_POINT('',(3.325354533241,6.02302121657));
#4893 = CARTESIAN_POINT('',(3.325953320252,6.069573174556));
#4894 = CARTESIAN_POINT('',(3.328640707269,6.140243345966));
#4895 = CARTESIAN_POINT('',(3.333109580117,6.211070092555));
#4896 = CARTESIAN_POINT('',(3.339354483254,6.281365372087));
#4897 = CARTESIAN_POINT('',(3.347363389625,6.350449993415));
#4898 = CARTESIAN_POINT('',(3.357150384674,6.417611744018));
#4899 = CARTESIAN_POINT('',(3.368599434697,6.48230581503));
#4900 = CARTESIAN_POINT('',(3.381506053305,6.544119376949));
#4901 = CARTESIAN_POINT('',(3.395675538278,6.60257450434));
#4902 = CARTESIAN_POINT('',(3.410955731338,6.657338175614));
#4903 = CARTESIAN_POINT('',(3.427021698259,6.707562849731));
#4904 = CARTESIAN_POINT('',(3.444206574108,6.754314159605));
#4905 = CARTESIAN_POINT('',(3.462877092577,6.798613686165));
#4906 = CARTESIAN_POINT('',(3.482733355987,6.839537728617));
#4907 = CARTESIAN_POINT('',(3.503657171534,6.876679501168));
#4908 = CARTESIAN_POINT('',(3.525482697855,6.909509792853));
#4909 = CARTESIAN_POINT('',(3.548069129918,6.937472178403));
#4910 = CARTESIAN_POINT('',(3.571236105889,6.960298427578));
#4911 = CARTESIAN_POINT('',(3.594758694321,6.978049458233));
#4912 = CARTESIAN_POINT('',(3.618419434971,6.990717608549));
#4913 = CARTESIAN_POINT('',(3.641998241307,6.998313598886));
#4914 = CARTESIAN_POINT('',(3.657517871782,7.));
#4915 = CARTESIAN_POINT('',(3.665191429188,7.));
#4916 = ( GEOMETRIC_REPRESENTATION_CONTEXT(2) 
PARAMETRIC_REPRESENTATION_CONTEXT() REPRESENTATION_CONTEXT('2D SPACE',''
  ) );
#4917 = PCURVE('',#4918,#4923);
#4918 = CYLINDRICAL_SURFACE('',#4919,1.);
#4919 = AXIS2_PLACEMENT_3D('',#4920,#4921,#4922);
#4920 = CARTESIAN_POINT('',(5.91996470983,3.417893218814,8.));
#4921 = DIRECTION('',(-0.866025403784,-0.5,0.));
#4922 = DIRECTION('',(-0.353553390593,0.612372435696,0.707106781187));
#4923 = DEFINITIONAL_REPRESENTATION('',(#4924),#4950);
#4924 = B_SPLINE_CURVE_WITH_KNOTS('',3,(#4925,#4926,#4927,#4928,#4929,
    #4930,#4931,#4932,#4933,#4934,#4935,#4936,#4937,#4938,#4939,#4940,
    #4941,#4942,#4943,#4944,#4945,#4946,#4947,#4948,#4949),
  .UNSPECIFIED.,.F.,.F.,(4,1,1,1,1,1,1,1,1,1,1,1,1,1,1,1,1,1,1,1,1,1,4),
  (0.30388005873,0.310786423701,0.317692788673,0.324599153644,
    0.331505518615,0.338411883586,0.345318248557,0.352224613528,
    0.359130978499,0.366037343471,0.372943708442,0.379850073413,
    0.386756438384,0.393662803355,0.400569168326,0.407475533297,
    0.414381898269,0.42128826324,0.428194628211,0.435100993182,
    0.442007358153,0.448913723124,0.455820088095),
  .QUASI_UNIFORM_KNOTS.);
#4925 = CARTESIAN_POINT('',(7.068583470577,-6.835786437627));
#4926 = CARTESIAN_POINT('',(7.045563597468,-6.835786437627));
#4927 = CARTESIAN_POINT('',(6.999008693787,-6.835165286397));
#4928 = CARTESIAN_POINT('',(6.92796373328,-6.832450871267));
#4929 = CARTESIAN_POINT('',(6.856037792,-6.828035453692));
#4930 = CARTESIAN_POINT('',(6.783566845329,-6.82199749798));
#4931 = CARTESIAN_POINT('',(6.710859181087,-6.814427434141));
#4932 = CARTESIAN_POINT('',(6.638175452613,-6.805371050905));
#4933 = CARTESIAN_POINT('',(6.565688171433,-6.79515153427));
#4934 = CARTESIAN_POINT('',(6.493621858395,-6.784075906962));
#4935 = CARTESIAN_POINT('',(6.42231004852,-6.772448436653));
#4936 = CARTESIAN_POINT('',(6.351921257159,-6.760543611528));
#4937 = CARTESIAN_POINT('',(6.283358272499,-6.748757792767));
#4938 = CARTESIAN_POINT('',(6.214799608974,-6.737029629062));
#4939 = CARTESIAN_POINT('',(6.144389632678,-6.725274815732));
#4940 = CARTESIAN_POINT('',(6.073045265635,-6.713874810547));
#4941 = CARTESIAN_POINT('',(6.000936185167,-6.703087357895));
#4942 = CARTESIAN_POINT('',(5.92840039973,-6.693199304467));
#4943 = CARTESIAN_POINT('',(5.85566498625,-6.684504801127));
#4944 = CARTESIAN_POINT('',(5.782909553953,-6.677272029079));
#4945 = CARTESIAN_POINT('',(5.710396164593,-6.671531155568));
#4946 = CARTESIAN_POINT('',(5.638435927998,-6.667352460034));
#4947 = CARTESIAN_POINT('',(5.567367791571,-6.664795470194));
#4948 = CARTESIAN_POINT('',(5.520807023198,-6.664213562373));
#4949 = CARTESIAN_POINT('',(5.497787143782,-6.664213562373));
#4950 = ( GEOMETRIC_REPRESENTATION_CONTEXT(2) 
PARAMETRIC_REPRESENTATION_CONTEXT() REPRESENTATION_CONTEXT('2D SPACE',''
  ) );
#4951 = ORIENTED_EDGE('',*,*,#4952,.T.);
#4952 = EDGE_CURVE('',#4874,#4953,#4955,.T.);
#4953 = VERTEX_POINT('',#4954);
#4954 = CARTESIAN_POINT('',(12.33992941966,5.969761033842,8.));
#4955 = SURFACE_CURVE('',#4956,(#4967,#4996),.PCURVE_S1.);
#4956 = B_SPLINE_CURVE_WITH_KNOTS('',3,(#4957,#4958,#4959,#4960,#4961,
    #4962,#4963,#4964,#4965,#4966),.UNSPECIFIED.,.F.,.F.,(4,2,2,2,4),(
    0.151940029365,0.189916225925,0.227892422486,0.265886240608,
    0.30388005873),.UNSPECIFIED.);
#4957 = CARTESIAN_POINT('',(11.69134295109,6.75,9.));
#4958 = CARTESIAN_POINT('',(11.754636612024,6.640372163465,9.));
#4959 = CARTESIAN_POINT('',(11.829444982603,6.528395505922,
    8.974504420803));
#4960 = CARTESIAN_POINT('',(11.980010484231,6.331139255497,
    8.872143486117));
#4961 = CARTESIAN_POINT('',(12.055454450929,6.245594162345,
    8.795329543228));
#4962 = CARTESIAN_POINT('',(12.180767252791,6.114154530868,
    8.618843082373));
#4963 = CARTESIAN_POINT('',(12.239196946307,6.05922821963,8.507053179958
    ));
#4964 = CARTESIAN_POINT('',(12.319034246572,5.987153219015,
    8.261001973464));
#4965 = CARTESIAN_POINT('',(12.33992941966,5.969761033842,8.126646060408
    ));
#4966 = CARTESIAN_POINT('',(12.33992941966,5.969761033842,8.));
#4967 = PCURVE('',#3203,#4968);
#4968 = DEFINITIONAL_REPRESENTATION('',(#4969),#4995);
#4969 = B_SPLINE_CURVE_WITH_KNOTS('',3,(#4970,#4971,#4972,#4973,#4974,
    #4975,#4976,#4977,#4978,#4979,#4980,#4981,#4982,#4983,#4984,#4985,
    #4986,#4987,#4988,#4989,#4990,#4991,#4992,#4993,#4994),
  .UNSPECIFIED.,.F.,.F.,(4,1,1,1,1,1,1,1,1,1,1,1,1,1,1,1,1,1,1,1,1,1,4),
  (0.151940029365,0.158846394336,0.165752759307,0.172659124279,
    0.17956548925,0.186471854221,0.193378219192,0.200284584163,
    0.207190949134,0.214097314105,0.221003679077,0.227910044048,
    0.234816409019,0.24172277399,0.248629138961,0.255535503932,
    0.262441868903,0.269348233875,0.276254598846,0.283160963817,
    0.290067328788,0.296973693759,0.30388005873),.QUASI_UNIFORM_KNOTS.);
#4970 = CARTESIAN_POINT('',(3.665191429188,7.));
#4971 = CARTESIAN_POINT('',(3.672864986594,7.));
#4972 = CARTESIAN_POINT('',(3.68838461707,6.998313598886));
#4973 = CARTESIAN_POINT('',(3.711963423406,6.990717608549));
#4974 = CARTESIAN_POINT('',(3.735624164055,6.978049458233));
#4975 = CARTESIAN_POINT('',(3.759146752487,6.960298427578));
#4976 = CARTESIAN_POINT('',(3.782313728458,6.937472178403));
#4977 = CARTESIAN_POINT('',(3.804900160521,6.909509792853));
#4978 = CARTESIAN_POINT('',(3.826725686842,6.876679501168));
#4979 = CARTESIAN_POINT('',(3.847649502389,6.839537728617));
#4980 = CARTESIAN_POINT('',(3.867505765799,6.798613686165));
#4981 = CARTESIAN_POINT('',(3.886176284269,6.754314159605));
#4982 = CARTESIAN_POINT('',(3.903361160117,6.707562849731));
#4983 = CARTESIAN_POINT('',(3.919427127038,6.657338175614));
#4984 = CARTESIAN_POINT('',(3.934707320099,6.60257450434));
#4985 = CARTESIAN_POINT('',(3.948876805071,6.544119376949));
#4986 = CARTESIAN_POINT('',(3.961783423679,6.48230581503));
#4987 = CARTESIAN_POINT('',(3.973232473703,6.417611744018));
#4988 = CARTESIAN_POINT('',(3.983019468751,6.350449993415));
#4989 = CARTESIAN_POINT('',(3.991028375122,6.281365372087));
#4990 = CARTESIAN_POINT('',(3.997273278259,6.211070092555));
#4991 = CARTESIAN_POINT('',(4.001742151107,6.140243345966));
#4992 = CARTESIAN_POINT('',(4.004429538125,6.069573174556));
#4993 = CARTESIAN_POINT('',(4.005028325135,6.02302121657));
#4994 = CARTESIAN_POINT('',(4.005028338642,6.));
#4995 = ( GEOMETRIC_REPRESENTATION_CONTEXT(2) 
PARAMETRIC_REPRESENTATION_CONTEXT() REPRESENTATION_CONTEXT('2D SPACE',''
  ) );
#4996 = PCURVE('',#4918,#4997);
#4997 = DEFINITIONAL_REPRESENTATION('',(#4998),#5024);
#4998 = B_SPLINE_CURVE_WITH_KNOTS('',3,(#4999,#5000,#5001,#5002,#5003,
    #5004,#5005,#5006,#5007,#5008,#5009,#5010,#5011,#5012,#5013,#5014,
    #5015,#5016,#5017,#5018,#5019,#5020,#5021,#5022,#5023),
  .UNSPECIFIED.,.F.,.F.,(4,1,1,1,1,1,1,1,1,1,1,1,1,1,1,1,1,1,1,1,1,1,4),
  (0.151940029365,0.158846394336,0.165752759307,0.172659124279,
    0.17956548925,0.186471854221,0.193378219192,0.200284584163,
    0.207190949134,0.214097314105,0.221003679077,0.227910044048,
    0.234816409019,0.24172277399,0.248629138961,0.255535503932,
    0.262441868903,0.269348233875,0.276254598846,0.283160963817,
    0.290067328788,0.296973693759,0.30388005873),.QUASI_UNIFORM_KNOTS.);
#4999 = CARTESIAN_POINT('',(5.497787143782,-6.664213562373));
#5000 = CARTESIAN_POINT('',(5.474767264366,-6.664213562373));
#5001 = CARTESIAN_POINT('',(5.428206495993,-6.664795470194));
#5002 = CARTESIAN_POINT('',(5.357138359566,-6.667352460034));
#5003 = CARTESIAN_POINT('',(5.285178122971,-6.671531155568));
#5004 = CARTESIAN_POINT('',(5.212664733611,-6.677272029079));
#5005 = CARTESIAN_POINT('',(5.139909301314,-6.684504801127));
#5006 = CARTESIAN_POINT('',(5.067173887834,-6.693199304468));
#5007 = CARTESIAN_POINT('',(4.994638102397,-6.703087357896));
#5008 = CARTESIAN_POINT('',(4.922529021929,-6.713874810547));
#5009 = CARTESIAN_POINT('',(4.851184654886,-6.725274815732));
#5010 = CARTESIAN_POINT('',(4.78077467859,-6.737029629063));
#5011 = CARTESIAN_POINT('',(4.712216015065,-6.748757792768));
#5012 = CARTESIAN_POINT('',(4.643653030406,-6.760543611528));
#5013 = CARTESIAN_POINT('',(4.573264239045,-6.772448436653));
#5014 = CARTESIAN_POINT('',(4.501952429169,-6.784075906962));
#5015 = CARTESIAN_POINT('',(4.429886116132,-6.79515153427));
#5016 = CARTESIAN_POINT('',(4.357398834952,-6.805371050905));
#5017 = CARTESIAN_POINT('',(4.284715106477,-6.814427434141));
#5018 = CARTESIAN_POINT('',(4.212007442235,-6.82199749798));
#5019 = CARTESIAN_POINT('',(4.139536495564,-6.828035453692));
#5020 = CARTESIAN_POINT('',(4.067610554284,-6.832450871267));
#5021 = CARTESIAN_POINT('',(3.996565593777,-6.835165286397));
#5022 = CARTESIAN_POINT('',(3.950010690096,-6.835786437627));
#5023 = CARTESIAN_POINT('',(3.926990816987,-6.835786437627));
#5024 = ( GEOMETRIC_REPRESENTATION_CONTEXT(2) 
PARAMETRIC_REPRESENTATION_CONTEXT() REPRESENTATION_CONTEXT('2D SPACE',''
  ) );
#5025 = ORIENTED_EDGE('',*,*,#5026,.F.);
#5026 = EDGE_CURVE('',#5027,#4953,#5029,.T.);
#5027 = VERTEX_POINT('',#5028);
#5028 = CARTESIAN_POINT('',(12.33992941966,5.969761033842,3.));
#5029 = SURFACE_CURVE('',#5030,(#5034,#5041),.PCURVE_S1.);
#5030 = LINE('',#5031,#5032);
#5031 = CARTESIAN_POINT('',(12.33992941966,5.969761033842,2.));
#5032 = VECTOR('',#5033,1.);
#5033 = DIRECTION('',(0.,0.,1.));
#5034 = PCURVE('',#3203,#5035);
#5035 = DEFINITIONAL_REPRESENTATION('',(#5036),#5040);
#5036 = LINE('',#5037,#5038);
#5037 = CARTESIAN_POINT('',(4.005028338642,0.));
#5038 = VECTOR('',#5039,1.);
#5039 = DIRECTION('',(0.,1.));
#5040 = ( GEOMETRIC_REPRESENTATION_CONTEXT(2) 
PARAMETRIC_REPRESENTATION_CONTEXT() REPRESENTATION_CONTEXT('2D SPACE',''
  ) );
#5041 = PCURVE('',#5042,#5047);
#5042 = PLANE('',#5043);
#5043 = AXIS2_PLACEMENT_3D('',#5044,#5045,#5046);
#5044 = CARTESIAN_POINT('',(11.435317196194,5.447482923112,2.));
#5045 = DIRECTION('',(0.5,-0.866025403785,0.));
#5046 = DIRECTION('',(0.866025403785,0.5,0.));
#5047 = DEFINITIONAL_REPRESENTATION('',(#5048),#5052);
#5048 = LINE('',#5049,#5050);
#5049 = CARTESIAN_POINT('',(1.044556221461,0.));
#5050 = VECTOR('',#5051,1.);
#5051 = DIRECTION('',(0.,1.));
#5052 = ( GEOMETRIC_REPRESENTATION_CONTEXT(2) 
PARAMETRIC_REPRESENTATION_CONTEXT() REPRESENTATION_CONTEXT('2D SPACE',''
  ) );
#5053 = ORIENTED_EDGE('',*,*,#5054,.T.);
#5054 = EDGE_CURVE('',#5027,#5055,#5057,.T.);
#5055 = VERTEX_POINT('',#5056);
#5056 = CARTESIAN_POINT('',(13.35292748934,5.399915203681,2.));
#5057 = SURFACE_CURVE('',#5058,(#5069,#5098),.PCURVE_S1.);
#5058 = B_SPLINE_CURVE_WITH_KNOTS('',3,(#5059,#5060,#5061,#5062,#5063,
    #5064,#5065,#5066,#5067,#5068),.UNSPECIFIED.,.F.,.F.,(4,2,2,2,4),(
    0.434297971902,0.471352737522,0.508407503142,0.554021308339,
    0.599635113535),.UNSPECIFIED.);
#5059 = CARTESIAN_POINT('',(12.33992941966,5.969761033842,3.));
#5060 = CARTESIAN_POINT('',(12.33992941966,5.969761033842,2.876484114599
    ));
#5061 = CARTESIAN_POINT('',(12.359281176517,5.952768895103,
    2.745127544203));
#5062 = CARTESIAN_POINT('',(12.440046249129,5.887263576841,2.50500983757
    ));
#5063 = CARTESIAN_POINT('',(12.501871528291,5.83905148407,2.396305404216
    ));
#5064 = CARTESIAN_POINT('',(12.665627863133,5.72503993997,2.206253851096
    ));
#5065 = CARTESIAN_POINT('',(12.784978864724,5.650017060941,
    2.123368526222));
#5066 = CARTESIAN_POINT('',(13.056359437524,5.510873123176,
    2.020545125026));
#5067 = CARTESIAN_POINT('',(13.208479475238,5.447378480064,2.));
#5068 = CARTESIAN_POINT('',(13.35292748934,5.399915203681,2.));
#5069 = PCURVE('',#3203,#5070);
#5070 = DEFINITIONAL_REPRESENTATION('',(#5071),#5097);
#5071 = B_SPLINE_CURVE_WITH_KNOTS('',3,(#5072,#5073,#5074,#5075,#5076,
    #5077,#5078,#5079,#5080,#5081,#5082,#5083,#5084,#5085,#5086,#5087,
    #5088,#5089,#5090,#5091,#5092,#5093,#5094,#5095,#5096),
  .UNSPECIFIED.,.F.,.F.,(4,1,1,1,1,1,1,1,1,1,1,1,1,1,1,1,1,1,1,1,1,1,4),
  (0.434297971902,0.441813296521,0.449328621141,0.456843945761,
    0.46435927038,0.471874595,0.47938991962,0.48690524424,0.494420568859
    ,0.501935893479,0.509451218099,0.516966542718,0.524481867338,
    0.531997191958,0.539512516577,0.547027841197,0.554543165817,
    0.562058490437,0.569573815056,0.577089139676,0.584604464296,
    0.592119788915,0.599635113535),.QUASI_UNIFORM_KNOTS.);
#5072 = CARTESIAN_POINT('',(4.005028338642,1.));
#5073 = CARTESIAN_POINT('',(4.005028360743,0.974948917934));
#5074 = CARTESIAN_POINT('',(4.005734505784,0.92420170953));
#5075 = CARTESIAN_POINT('',(4.008920117878,0.847103745075));
#5076 = CARTESIAN_POINT('',(4.01424019565,0.769986707367));
#5077 = CARTESIAN_POINT('',(4.021702883276,0.693808333306));
#5078 = CARTESIAN_POINT('',(4.031318778674,0.619527628954));
#5079 = CARTESIAN_POINT('',(4.043091317335,0.54809895094));
#5080 = CARTESIAN_POINT('',(4.056760830997,0.480114568888));
#5081 = CARTESIAN_POINT('',(4.072060101763,0.416221718916));
#5082 = CARTESIAN_POINT('',(4.088779808498,0.356892126775));
#5083 = CARTESIAN_POINT('',(4.106496958976,0.303244593189));
#5084 = CARTESIAN_POINT('',(4.125642877881,0.253855474596));
#5085 = CARTESIAN_POINT('',(4.14631565874,0.208164095457));
#5086 = CARTESIAN_POINT('',(4.168270346993,0.166643269465));
#5087 = CARTESIAN_POINT('',(4.191357175151,0.129491179034));
#5088 = CARTESIAN_POINT('',(4.215403917229,9.697104246158E-02));
#5089 = CARTESIAN_POINT('',(4.240252906962,6.936056578291E-02));
#5090 = CARTESIAN_POINT('',(4.265736301278,4.681285992241E-02));
#5091 = CARTESIAN_POINT('',(4.291633458323,2.898169853573E-02));
#5092 = CARTESIAN_POINT('',(4.317729673656,1.560865794718E-02));
#5093 = CARTESIAN_POINT('',(4.343806362056,6.411787246641E-03));
#5094 = CARTESIAN_POINT('',(4.369645326364,1.115441793E-03));
#5095 = CARTESIAN_POINT('',(4.386568946434,9.205867361455E-17));
#5096 = CARTESIAN_POINT('',(4.394919085415,0.));
#5097 = ( GEOMETRIC_REPRESENTATION_CONTEXT(2) 
PARAMETRIC_REPRESENTATION_CONTEXT() REPRESENTATION_CONTEXT('2D SPACE',''
  ) );
#5098 = PCURVE('',#5099,#5104);
#5099 = CYLINDRICAL_SURFACE('',#5100,1.);
#5100 = AXIS2_PLACEMENT_3D('',#5101,#5102,#5103);
#5101 = CARTESIAN_POINT('',(6.467658598096,1.42470335588,3.));
#5102 = DIRECTION('',(0.866025403785,0.5,0.));
#5103 = DIRECTION('',(-0.353553390593,0.612372435696,-0.707106781187));
#5104 = DEFINITIONAL_REPRESENTATION('',(#5105),#5131);
#5105 = B_SPLINE_CURVE_WITH_KNOTS('',3,(#5106,#5107,#5108,#5109,#5110,
    #5111,#5112,#5113,#5114,#5115,#5116,#5117,#5118,#5119,#5120,#5121,
    #5122,#5123,#5124,#5125,#5126,#5127,#5128,#5129,#5130),
  .UNSPECIFIED.,.F.,.F.,(4,1,1,1,1,1,1,1,1,1,1,1,1,1,1,1,1,1,1,1,1,1,4),
  (0.434297971902,0.441813296521,0.449328621141,0.456843945761,
    0.46435927038,0.471874595,0.47938991962,0.48690524424,0.494420568859
    ,0.501935893479,0.509451218099,0.516966542718,0.524481867338,
    0.531997191958,0.539512516577,0.547027841197,0.554543165817,
    0.562058490437,0.569573815056,0.577089139676,0.584604464296,
    0.592119788915,0.599635113535),.QUASI_UNIFORM_KNOTS.);
#5106 = CARTESIAN_POINT('',(0.785398163397,7.358064548358));
#5107 = CARTESIAN_POINT('',(0.760349108167,7.358064548358));
#5108 = CARTESIAN_POINT('',(0.709597302431,7.358744281732));
#5109 = CARTESIAN_POINT('',(0.632014228189,7.361907240102));
#5110 = CARTESIAN_POINT('',(0.553480851265,7.367315528806));
#5111 = CARTESIAN_POINT('',(0.474504534917,7.375078771429));
#5112 = CARTESIAN_POINT('',(0.395540910273,7.38527817148));
#5113 = CARTESIAN_POINT('',(0.316960193757,7.398102699821));
#5114 = CARTESIAN_POINT('',(0.239109613547,7.4134961553));
#5115 = CARTESIAN_POINT('',(0.162514055526,7.431315209408));
#5116 = CARTESIAN_POINT('',(8.752885593187E-02,7.451510242309));
#5117 = CARTESIAN_POINT('',(1.540760553209E-02,7.473743926829));
#5118 = CARTESIAN_POINT('',(-5.603805356473E-02,7.498793252005));
#5119 = CARTESIAN_POINT('',(-0.127711935072,7.526954224784));
#5120 = CARTESIAN_POINT('',(-0.199065663461,7.558073577808));
#5121 = CARTESIAN_POINT('',(-0.269890454507,7.592117733184));
#5122 = CARTESIAN_POINT('',(-0.33986250578,7.62902362946));
#5123 = CARTESIAN_POINT('',(-0.408696873532,7.668726449959));
#5124 = CARTESIAN_POINT('',(-0.476111301214,7.711198681728));
#5125 = CARTESIAN_POINT('',(-0.541997707671,7.756030710164));
#5126 = CARTESIAN_POINT('',(-0.60617870753,7.802791427395));
#5127 = CARTESIAN_POINT('',(-0.668414392445,7.851055484792));
#5128 = CARTESIAN_POINT('',(-0.728421453358,7.900395990014));
#5129 = CARTESIAN_POINT('',(-0.76672429349,7.933722974227));
#5130 = CARTESIAN_POINT('',(-0.785398163397,7.950423695605));
#5131 = ( GEOMETRIC_REPRESENTATION_CONTEXT(2) 
PARAMETRIC_REPRESENTATION_CONTEXT() REPRESENTATION_CONTEXT('2D SPACE',''
  ) );
#5132 = ORIENTED_EDGE('',*,*,#5133,.T.);
#5133 = EDGE_CURVE('',#5055,#4197,#5134,.T.);
#5134 = SURFACE_CURVE('',#5135,(#5140,#5147),.PCURVE_S1.);
#5135 = CIRCLE('',#5136,3.);
#5136 = AXIS2_PLACEMENT_3D('',#5137,#5138,#5139);
#5137 = CARTESIAN_POINT('',(14.289419162443,8.25,2.));
#5138 = DIRECTION('',(0.,0.,1.));
#5139 = DIRECTION('',(1.,0.,-0.));
#5140 = PCURVE('',#3203,#5141);
#5141 = DEFINITIONAL_REPRESENTATION('',(#5142),#5146);
#5142 = LINE('',#5143,#5144);
#5143 = CARTESIAN_POINT('',(0.,0.));
#5144 = VECTOR('',#5145,1.);
#5145 = DIRECTION('',(1.,0.));
#5146 = ( GEOMETRIC_REPRESENTATION_CONTEXT(2) 
PARAMETRIC_REPRESENTATION_CONTEXT() REPRESENTATION_CONTEXT('2D SPACE',''
  ) );
#5147 = PCURVE('',#123,#5148);
#5148 = DEFINITIONAL_REPRESENTATION('',(#5149),#5157);
#5149 = ( BOUNDED_CURVE() B_SPLINE_CURVE(2,(#5150,#5151,#5152,#5153,
#5154,#5155,#5156),.UNSPECIFIED.,.T.,.F.) B_SPLINE_CURVE_WITH_KNOTS((1,2
    ,2,2,2,1),(-2.094395102393,0.,2.094395102393,4.188790204786,
6.28318530718,8.377580409573),.UNSPECIFIED.) CURVE() 
GEOMETRIC_REPRESENTATION_ITEM() RATIONAL_B_SPLINE_CURVE((1.,0.5,1.,0.5,
1.,0.5,1.)) REPRESENTATION_ITEM('') );
#5150 = CARTESIAN_POINT('',(17.289419162443,-8.25));
#5151 = CARTESIAN_POINT('',(17.289419162443,-13.4461524227));
#5152 = CARTESIAN_POINT('',(12.789419162443,-10.84807621135));
#5153 = CARTESIAN_POINT('',(8.289419162443,-8.25));
#5154 = CARTESIAN_POINT('',(12.789419162443,-5.651923788646));
#5155 = CARTESIAN_POINT('',(17.289419162443,-3.053847577293));
#5156 = CARTESIAN_POINT('',(17.289419162443,-8.25));
#5157 = ( GEOMETRIC_REPRESENTATION_CONTEXT(2) 
PARAMETRIC_REPRESENTATION_CONTEXT() REPRESENTATION_CONTEXT('2D SPACE',''
  ) );
#5158 = ORIENTED_EDGE('',*,*,#4219,.T.);
#5159 = ADVANCED_FACE('',(#5160),#3170,.T.);
#5160 = FACE_BOUND('',#5161,.T.);
#5161 = EDGE_LOOP('',(#5162,#5236,#5257,#5258));
#5162 = ORIENTED_EDGE('',*,*,#5163,.T.);
#5163 = EDGE_CURVE('',#3131,#5164,#5166,.T.);
#5164 = VERTEX_POINT('',#5165);
#5165 = CARTESIAN_POINT('',(16.798843892007,10.853517581503,3.));
#5166 = SURFACE_CURVE('',#5167,(#5178,#5207),.PCURVE_S1.);
#5167 = B_SPLINE_CURVE_WITH_KNOTS('',3,(#5168,#5169,#5170,#5171,#5172,
    #5173,#5174,#5175,#5176,#5177),.UNSPECIFIED.,.F.,.F.,(4,2,2,2,4),(
    0.151246706792,0.189023211719,0.226799716646,0.264482664665,
    0.302165612683),.UNSPECIFIED.);
#5168 = CARTESIAN_POINT('',(16.233687939615,11.681925178635,2.));
#5169 = CARTESIAN_POINT('',(16.307238323626,11.579716513229,2.));
#5170 = CARTESIAN_POINT('',(16.384657296761,11.469886149915,
    2.024991559515));
#5171 = CARTESIAN_POINT('',(16.52519581845,11.266462895947,
    2.126961165966));
#5172 = CARTESIAN_POINT('',(16.588369530207,11.172911038073,
    2.203946409535));
#5173 = CARTESIAN_POINT('',(16.687173895531,11.024796270804,
    2.381619743328));
#5174 = CARTESIAN_POINT('',(16.72943486074,10.960320345387,
    2.494036395706));
#5175 = CARTESIAN_POINT('',(16.785240565005,10.87466376514,
    2.740422256032));
#5176 = CARTESIAN_POINT('',(16.798843892007,10.853517581503,
    2.874390173271));
#5177 = CARTESIAN_POINT('',(16.798843892007,10.853517581503,3.));
#5178 = PCURVE('',#3170,#5179);
#5179 = DEFINITIONAL_REPRESENTATION('',(#5180),#5206);
#5180 = B_SPLINE_CURVE_WITH_KNOTS('',3,(#5181,#5182,#5183,#5184,#5185,
    #5186,#5187,#5188,#5189,#5190,#5191,#5192,#5193,#5194,#5195,#5196,
    #5197,#5198,#5199,#5200,#5201,#5202,#5203,#5204,#5205),
  .UNSPECIFIED.,.F.,.F.,(4,1,1,1,1,1,1,1,1,1,1,1,1,1,1,1,1,1,1,1,1,1,4),
  (0.151246706792,0.15810665706,0.164966607328,0.171826557595,
    0.178686507863,0.185546458131,0.192406408399,0.199266358666,
    0.206126308934,0.212986259202,0.21984620947,0.226706159738,
    0.233566110005,0.240426060273,0.247286010541,0.254145960809,
    0.261005911076,0.267865861344,0.274725811612,0.28158576188,
    0.288445712148,0.295305662415,0.302165612683),
  .QUASI_UNIFORM_KNOTS.);
#5181 = CARTESIAN_POINT('',(5.497787143782,-9.912256564413));
#5182 = CARTESIAN_POINT('',(5.520538059152,-9.914543214503));
#5183 = CARTESIAN_POINT('',(5.566606984015,-9.919086145515));
#5184 = CARTESIAN_POINT('',(5.637072271228,-9.925749316916));
#5185 = CARTESIAN_POINT('',(5.708559520072,-9.932201333536));
#5186 = CARTESIAN_POINT('',(5.780730737701,-9.938381607856));
#5187 = CARTESIAN_POINT('',(5.853277573379,-9.944231995835));
#5188 = CARTESIAN_POINT('',(5.925948665973,-9.949685237368));
#5189 = CARTESIAN_POINT('',(5.998549116776,-9.954724571423));
#5190 = CARTESIAN_POINT('',(6.070834904101,-9.959350849737));
#5191 = CARTESIAN_POINT('',(6.142458301585,-9.963557302816));
#5192 = CARTESIAN_POINT('',(6.213226301951,-9.967347072896));
#5193 = CARTESIAN_POINT('',(6.282259366501,-9.970691276515));
#5194 = CARTESIAN_POINT('',(6.351239628149,-9.97367922128));
#5195 = CARTESIAN_POINT('',(6.422041697073,-9.976405027347));
#5196 = CARTESIAN_POINT('',(6.493730431247,-9.978833279977));
#5197 = CARTESIAN_POINT('',(6.566123749163,-9.980962941046));
#5198 = CARTESIAN_POINT('',(6.638867746193,-9.982784914899));
#5199 = CARTESIAN_POINT('',(6.711718023674,-9.984287959388));
#5200 = CARTESIAN_POINT('',(6.784478849831,-9.985489765574));
#5201 = CARTESIAN_POINT('',(6.856896228913,-9.986403051813));
#5202 = CARTESIAN_POINT('',(6.928659502839,-9.987039783951));
#5203 = CARTESIAN_POINT('',(6.999428608501,-9.987412129536));
#5204 = CARTESIAN_POINT('',(7.045718025292,-9.987492177719));
#5205 = CARTESIAN_POINT('',(7.068583470577,-9.987492177719));
#5206 = ( GEOMETRIC_REPRESENTATION_CONTEXT(2) 
PARAMETRIC_REPRESENTATION_CONTEXT() REPRESENTATION_CONTEXT('2D SPACE',''
  ) );
#5207 = PCURVE('',#1428,#5208);
#5208 = DEFINITIONAL_REPRESENTATION('',(#5209),#5235);
#5209 = B_SPLINE_CURVE_WITH_KNOTS('',3,(#5210,#5211,#5212,#5213,#5214,
    #5215,#5216,#5217,#5218,#5219,#5220,#5221,#5222,#5223,#5224,#5225,
    #5226,#5227,#5228,#5229,#5230,#5231,#5232,#5233,#5234),
  .UNSPECIFIED.,.F.,.F.,(4,1,1,1,1,1,1,1,1,1,1,1,1,1,1,1,1,1,1,1,1,1,4),
  (0.151246706792,0.15810665706,0.164966607328,0.171826557595,
    0.178686507863,0.185546458131,0.192406408399,0.199266358666,
    0.206126308934,0.212986259202,0.21984620947,0.226706159738,
    0.233566110005,0.240426060273,0.247286010541,0.254145960809,
    0.261005911076,0.267865861344,0.274725811612,0.28158576188,
    0.288445712148,0.295305662415,0.302165612683),
  .QUASI_UNIFORM_KNOTS.);
#5210 = CARTESIAN_POINT('',(-0.62376619676,12.));
#5211 = CARTESIAN_POINT('',(-0.622622872333,12.));
#5212 = CARTESIAN_POINT('',(-0.620308368558,11.998351794479));
#5213 = CARTESIAN_POINT('',(-0.61678752968,11.990898525477));
#5214 = CARTESIAN_POINT('',(-0.613252058926,11.97842936895));
#5215 = CARTESIAN_POINT('',(-0.609736513344,11.960904437372));
#5216 = CARTESIAN_POINT('',(-0.606275081864,11.938302268739));
#5217 = CARTESIAN_POINT('',(-0.602903318357,11.910532659691));
#5218 = CARTESIAN_POINT('',(-0.599650344105,11.87782573114));
#5219 = CARTESIAN_POINT('',(-0.596538004887,11.840733465103));
#5220 = CARTESIAN_POINT('',(-0.593591323472,11.799772806263));
#5221 = CARTESIAN_POINT('',(-0.590828487076,11.755350436));
#5222 = CARTESIAN_POINT('',(-0.58829190319,11.708349126244));
#5223 = CARTESIAN_POINT('',(-0.585933977213,11.657857550033));
#5224 = CARTESIAN_POINT('',(-0.58370241064,11.602788092823));
#5225 = CARTESIAN_POINT('',(-0.581643620227,11.544024933866));
#5226 = CARTESIAN_POINT('',(-0.5797778251,11.481922363658));
#5227 = CARTESIAN_POINT('',(-0.578131415461,11.416983741706));
#5228 = CARTESIAN_POINT('',(-0.576732318554,11.349646040222));
#5229 = CARTESIAN_POINT('',(-0.575592885454,11.280489903278));
#5230 = CARTESIAN_POINT('',(-0.574708842871,11.21023009303));
#5231 = CARTESIAN_POINT('',(-0.574079432943,11.139553233967));
#5232 = CARTESIAN_POINT('',(-0.573702956776,11.069153492634));
#5233 = CARTESIAN_POINT('',(-0.573619632443,11.022866500893));
#5234 = CARTESIAN_POINT('',(-0.573619632404,11.));
#5235 = ( GEOMETRIC_REPRESENTATION_CONTEXT(2) 
PARAMETRIC_REPRESENTATION_CONTEXT() REPRESENTATION_CONTEXT('2D SPACE',''
  ) );
#5236 = ORIENTED_EDGE('',*,*,#5237,.T.);
#5237 = EDGE_CURVE('',#5164,#4548,#5238,.T.);
#5238 = SURFACE_CURVE('',#5239,(#5243,#5250),.PCURVE_S1.);
#5239 = LINE('',#5240,#5241);
#5240 = CARTESIAN_POINT('',(8.149421946003,5.859771492644,3.));
#5241 = VECTOR('',#5242,1.);
#5242 = DIRECTION('',(-0.866025403784,-0.5,0.));
#5243 = PCURVE('',#3170,#5244);
#5244 = DEFINITIONAL_REPRESENTATION('',(#5245),#5249);
#5245 = LINE('',#5246,#5247);
#5246 = CARTESIAN_POINT('',(7.068583470577,5.329070518201E-15));
#5247 = VECTOR('',#5248,1.);
#5248 = DIRECTION('',(-3.434260640584E-16,1.));
#5249 = ( GEOMETRIC_REPRESENTATION_CONTEXT(2) 
PARAMETRIC_REPRESENTATION_CONTEXT() REPRESENTATION_CONTEXT('2D SPACE',''
  ) );
#5250 = PCURVE('',#4563,#5251);
#5251 = DEFINITIONAL_REPRESENTATION('',(#5252),#5256);
#5252 = LINE('',#5253,#5254);
#5253 = CARTESIAN_POINT('',(9.987492177719,1.));
#5254 = VECTOR('',#5255,1.);
#5255 = DIRECTION('',(1.,0.));
#5256 = ( GEOMETRIC_REPRESENTATION_CONTEXT(2) 
PARAMETRIC_REPRESENTATION_CONTEXT() REPRESENTATION_CONTEXT('2D SPACE',''
  ) );
#5257 = ORIENTED_EDGE('',*,*,#4575,.T.);
#5258 = ORIENTED_EDGE('',*,*,#3154,.T.);
#5259 = ADVANCED_FACE('',(#5260),#3231,.T.);
#5260 = FACE_BOUND('',#5261,.T.);
#5261 = EDGE_LOOP('',(#5262,#5336,#5337,#5338,#5339));
#5262 = ORIENTED_EDGE('',*,*,#5263,.T.);
#5263 = EDGE_CURVE('',#5264,#3216,#5266,.T.);
#5264 = VERTEX_POINT('',#5265);
#5265 = CARTESIAN_POINT('',(10.435317196194,7.179533730681,3.));
#5266 = SURFACE_CURVE('',#5267,(#5278,#5307),.PCURVE_S1.);
#5267 = B_SPLINE_CURVE_WITH_KNOTS('',3,(#5268,#5269,#5270,#5271,#5272,
    #5273,#5274,#5275,#5276,#5277),.UNSPECIFIED.,.F.,.F.,(4,2,2,2,4),(
    0.330310841855,0.368366622989,0.406422404123,0.447252431709,
    0.488082459296),.UNSPECIFIED.);
#5268 = CARTESIAN_POINT('',(10.435317196194,7.179533730681,3.));
#5269 = CARTESIAN_POINT('',(10.435317196194,7.179533730681,
    2.873147396221));
#5270 = CARTESIAN_POINT('',(10.427981810834,7.204938532553,
    2.738235245913));
#5271 = CARTESIAN_POINT('',(10.401458089463,7.308399931861,
    2.491685654172));
#5272 = CARTESIAN_POINT('',(10.382619213073,7.386632525123,
    2.380084628986));
#5273 = CARTESIAN_POINT('',(10.34571179385,7.574023470033,2.199345600644
    ));
#5274 = CARTESIAN_POINT('',(10.325442117877,7.697454041428,
    2.121759324301));
#5275 = CARTESIAN_POINT('',(10.29710536811,7.967419568833,2.022214525756
    ));
#5276 = CARTESIAN_POINT('',(10.289419162443,8.113899908045,2.));
#5277 = CARTESIAN_POINT('',(10.289419162443,8.25,2.));
#5278 = PCURVE('',#3231,#5279);
#5279 = DEFINITIONAL_REPRESENTATION('',(#5280),#5306);
#5280 = B_SPLINE_CURVE_WITH_KNOTS('',3,(#5281,#5282,#5283,#5284,#5285,
    #5286,#5287,#5288,#5289,#5290,#5291,#5292,#5293,#5294,#5295,#5296,
    #5297,#5298,#5299,#5300,#5301,#5302,#5303,#5304,#5305),
  .UNSPECIFIED.,.F.,.F.,(4,1,1,1,1,1,1,1,1,1,1,1,1,1,1,1,1,1,1,1,1,1,4),
  (0.330310841855,0.337482279012,0.344653716168,0.351825153325,
    0.358996590481,0.366168027637,0.373339464794,0.38051090195,
    0.387682339107,0.394853776263,0.402025213419,0.409196650576,
    0.416368087732,0.423539524888,0.430710962045,0.437882399201,
    0.445053836358,0.452225273514,0.45939671067,0.466568147827,
    0.473739584983,0.480911022139,0.488082459296),
  .QUASI_UNIFORM_KNOTS.);
#5281 = CARTESIAN_POINT('',(7.068583470577,-5.791230216166));
#5282 = CARTESIAN_POINT('',(7.0446802721,-5.791230216166));
#5283 = CARTESIAN_POINT('',(6.996294727036,-5.791681182919));
#5284 = CARTESIAN_POINT('',(6.922373793666,-5.793778153673));
#5285 = CARTESIAN_POINT('',(6.847504189307,-5.797362718261));
#5286 = CARTESIAN_POINT('',(6.772082951924,-5.802503864921));
#5287 = CARTESIAN_POINT('',(6.696473262954,-5.809263468937));
#5288 = CARTESIAN_POINT('',(6.620968010013,-5.817729942381));
#5289 = CARTESIAN_POINT('',(6.545815448702,-5.827970927699));
#5290 = CARTESIAN_POINT('',(6.471329009651,-5.839904803653));
#5291 = CARTESIAN_POINT('',(6.397943734083,-5.853470192623));
#5292 = CARTESIAN_POINT('',(6.325920494666,-5.868646924613));
#5293 = CARTESIAN_POINT('',(6.256295514784,-5.885229755512));
#5294 = CARTESIAN_POINT('',(6.185779575926,-5.904060676761));
#5295 = CARTESIAN_POINT('',(6.114671579258,-5.925099152328));
#5296 = CARTESIAN_POINT('',(6.043294604831,-5.948308040764));
#5297 = CARTESIAN_POINT('',(5.971981225345,-5.973652235879));
#5298 = CARTESIAN_POINT('',(5.901044659097,-6.001085095856));
#5299 = CARTESIAN_POINT('',(5.830769441435,-6.030604086133));
#5300 = CARTESIAN_POINT('',(5.761351084393,-6.06202774264));
#5301 = CARTESIAN_POINT('',(5.693000620261,-6.095003170824));
#5302 = CARTESIAN_POINT('',(5.626004385872,-6.129216985323));
#5303 = CARTESIAN_POINT('',(5.560685197499,-6.164345210681));
#5304 = CARTESIAN_POINT('',(5.518490025659,-6.188159551975));
#5305 = CARTESIAN_POINT('',(5.497787143782,-6.200111947235));
#5306 = ( GEOMETRIC_REPRESENTATION_CONTEXT(2) 
PARAMETRIC_REPRESENTATION_CONTEXT() REPRESENTATION_CONTEXT('2D SPACE',''
  ) );
#5307 = PCURVE('',#3260,#5308);
#5308 = DEFINITIONAL_REPRESENTATION('',(#5309),#5335);
#5309 = B_SPLINE_CURVE_WITH_KNOTS('',3,(#5310,#5311,#5312,#5313,#5314,
    #5315,#5316,#5317,#5318,#5319,#5320,#5321,#5322,#5323,#5324,#5325,
    #5326,#5327,#5328,#5329,#5330,#5331,#5332,#5333,#5334),
  .UNSPECIFIED.,.F.,.F.,(4,1,1,1,1,1,1,1,1,1,1,1,1,1,1,1,1,1,1,1,1,1,4),
  (0.330310841855,0.337482279012,0.344653716168,0.351825153325,
    0.358996590481,0.366168027637,0.373339464794,0.38051090195,
    0.387682339107,0.394853776263,0.402025213419,0.409196650576,
    0.416368087732,0.423539524888,0.430710962045,0.437882399201,
    0.445053836358,0.452225273514,0.45939671067,0.466568147827,
    0.473739584983,0.480911022139,0.488082459296),
  .QUASI_UNIFORM_KNOTS.);
#5310 = CARTESIAN_POINT('',(0.252680255142,11.));
#5311 = CARTESIAN_POINT('',(0.252680261869,11.023904790521));
#5312 = CARTESIAN_POINT('',(0.253149727649,11.072286808795));
#5313 = CARTESIAN_POINT('',(0.255267573121,11.145786084925));
#5314 = CARTESIAN_POINT('',(0.258803845462,11.219421313459));
#5315 = CARTESIAN_POINT('',(0.263765108913,11.292399514778));
#5316 = CARTESIAN_POINT('',(0.270152196786,11.363937675817));
#5317 = CARTESIAN_POINT('',(0.277988058301,11.4332156006));
#5318 = CARTESIAN_POINT('',(0.287166271036,11.499633857479));
#5319 = CARTESIAN_POINT('',(0.297522579427,11.562709702638));
#5320 = CARTESIAN_POINT('',(0.308897752842,11.621895078412));
#5321 = CARTESIAN_POINT('',(0.321167570908,11.676796736345));
#5322 = CARTESIAN_POINT('',(0.334066775396,11.726467504993));
#5323 = CARTESIAN_POINT('',(0.348128842966,11.7730369726));
#5324 = CARTESIAN_POINT('',(0.36322541088,11.816116812777));
#5325 = CARTESIAN_POINT('',(0.379230877237,11.855323454013));
#5326 = CARTESIAN_POINT('',(0.396020614519,11.890267479469));
#5327 = CARTESIAN_POINT('',(0.413469839867,11.920578098747));
#5328 = CARTESIAN_POINT('',(0.431461864482,11.945815861014));
#5329 = CARTESIAN_POINT('',(0.449835278952,11.966052087475));
#5330 = CARTESIAN_POINT('',(0.468415841304,11.981487196886));
#5331 = CARTESIAN_POINT('',(0.487031695372,11.992287751857));
#5332 = CARTESIAN_POINT('',(0.505509987623,11.998629389845));
#5333 = CARTESIAN_POINT('',(0.517622660462,12.));
#5334 = CARTESIAN_POINT('',(0.523598775598,12.));
#5335 = ( GEOMETRIC_REPRESENTATION_CONTEXT(2) 
PARAMETRIC_REPRESENTATION_CONTEXT() REPRESENTATION_CONTEXT('2D SPACE',''
  ) );
#5336 = ORIENTED_EDGE('',*,*,#3215,.T.);
#5337 = ORIENTED_EDGE('',*,*,#4648,.T.);
#5338 = ORIENTED_EDGE('',*,*,#4773,.T.);
#5339 = ORIENTED_EDGE('',*,*,#5340,.T.);
#5340 = EDGE_CURVE('',#4774,#5264,#5341,.T.);
#5341 = SURFACE_CURVE('',#5342,(#5346,#5353),.PCURVE_S1.);
#5342 = LINE('',#5343,#5344);
#5343 = CARTESIAN_POINT('',(5.41996470983,4.283918622598,3.));
#5344 = VECTOR('',#5345,1.);
#5345 = DIRECTION('',(-0.866025403784,-0.5,0.));
#5346 = PCURVE('',#3231,#5347);
#5347 = DEFINITIONAL_REPRESENTATION('',(#5348),#5352);
#5348 = LINE('',#5349,#5350);
#5349 = CARTESIAN_POINT('',(7.068583470577,-1.7763568394E-15));
#5350 = VECTOR('',#5351,1.);
#5351 = DIRECTION('',(3.188597229564E-16,1.));
#5352 = ( GEOMETRIC_REPRESENTATION_CONTEXT(2) 
PARAMETRIC_REPRESENTATION_CONTEXT() REPRESENTATION_CONTEXT('2D SPACE',''
  ) );
#5353 = PCURVE('',#4861,#5354);
#5354 = DEFINITIONAL_REPRESENTATION('',(#5355),#5359);
#5355 = LINE('',#5356,#5357);
#5356 = CARTESIAN_POINT('',(6.835786437627,1.));
#5357 = VECTOR('',#5358,1.);
#5358 = DIRECTION('',(1.,0.));
#5359 = ( GEOMETRIC_REPRESENTATION_CONTEXT(2) 
PARAMETRIC_REPRESENTATION_CONTEXT() REPRESENTATION_CONTEXT('2D SPACE',''
  ) );
#5360 = ADVANCED_FACE('',(#5361),#4861,.F.);
#5361 = FACE_BOUND('',#5362,.T.);
#5362 = EDGE_LOOP('',(#5363,#5364,#5365,#5388));
#5363 = ORIENTED_EDGE('',*,*,#5340,.F.);
#5364 = ORIENTED_EDGE('',*,*,#4845,.F.);
#5365 = ORIENTED_EDGE('',*,*,#5366,.F.);
#5366 = EDGE_CURVE('',#5367,#4846,#5369,.T.);
#5367 = VERTEX_POINT('',#5368);
#5368 = CARTESIAN_POINT('',(10.435317196194,7.179533730681,8.));
#5369 = SURFACE_CURVE('',#5370,(#5374,#5381),.PCURVE_S1.);
#5370 = LINE('',#5371,#5372);
#5371 = CARTESIAN_POINT('',(5.41996470983,4.283918622598,8.));
#5372 = VECTOR('',#5373,1.);
#5373 = DIRECTION('',(0.866025403784,0.5,0.));
#5374 = PCURVE('',#4861,#5375);
#5375 = DEFINITIONAL_REPRESENTATION('',(#5376),#5380);
#5376 = LINE('',#5377,#5378);
#5377 = CARTESIAN_POINT('',(6.835786437627,6.));
#5378 = VECTOR('',#5379,1.);
#5379 = DIRECTION('',(-1.,0.));
#5380 = ( GEOMETRIC_REPRESENTATION_CONTEXT(2) 
PARAMETRIC_REPRESENTATION_CONTEXT() REPRESENTATION_CONTEXT('2D SPACE',''
  ) );
#5381 = PCURVE('',#4918,#5382);
#5382 = DEFINITIONAL_REPRESENTATION('',(#5383),#5387);
#5383 = LINE('',#5384,#5385);
#5384 = CARTESIAN_POINT('',(7.068583470577,8.881784197001E-16));
#5385 = VECTOR('',#5386,1.);
#5386 = DIRECTION('',(-6.377194459129E-16,-1.));
#5387 = ( GEOMETRIC_REPRESENTATION_CONTEXT(2) 
PARAMETRIC_REPRESENTATION_CONTEXT() REPRESENTATION_CONTEXT('2D SPACE',''
  ) );
#5388 = ORIENTED_EDGE('',*,*,#5389,.F.);
#5389 = EDGE_CURVE('',#5264,#5367,#5390,.T.);
#5390 = SURFACE_CURVE('',#5391,(#5395,#5402),.PCURVE_S1.);
#5391 = LINE('',#5392,#5393);
#5392 = CARTESIAN_POINT('',(10.435317196194,7.179533730681,14.));
#5393 = VECTOR('',#5394,1.);
#5394 = DIRECTION('',(0.,0.,1.));
#5395 = PCURVE('',#4861,#5396);
#5396 = DEFINITIONAL_REPRESENTATION('',(#5397),#5401);
#5397 = LINE('',#5398,#5399);
#5398 = CARTESIAN_POINT('',(1.044556221461,12.));
#5399 = VECTOR('',#5400,1.);
#5400 = DIRECTION('',(0.,1.));
#5401 = ( GEOMETRIC_REPRESENTATION_CONTEXT(2) 
PARAMETRIC_REPRESENTATION_CONTEXT() REPRESENTATION_CONTEXT('2D SPACE',''
  ) );
#5402 = PCURVE('',#3260,#5403);
#5403 = DEFINITIONAL_REPRESENTATION('',(#5404),#5408);
#5404 = LINE('',#5405,#5406);
#5405 = CARTESIAN_POINT('',(0.252680255142,0.));
#5406 = VECTOR('',#5407,1.);
#5407 = DIRECTION('',(0.,-1.));
#5408 = ( GEOMETRIC_REPRESENTATION_CONTEXT(2) 
PARAMETRIC_REPRESENTATION_CONTEXT() REPRESENTATION_CONTEXT('2D SPACE',''
  ) );
#5409 = ADVANCED_FACE('',(#5410),#5099,.T.);
#5410 = FACE_BOUND('',#5411,.T.);
#5411 = EDGE_LOOP('',(#5412,#5488,#5509,#5510));
#5412 = ORIENTED_EDGE('',*,*,#5413,.T.);
#5413 = EDGE_CURVE('',#5414,#5416,#5418,.T.);
#5414 = VERTEX_POINT('',#5415);
#5415 = CARTESIAN_POINT('',(12.289419162443,4.785898384862,2.));
#5416 = VERTEX_POINT('',#5417);
#5417 = CARTESIAN_POINT('',(11.435317196194,5.447482923112,3.));
#5418 = SURFACE_CURVE('',#5419,(#5430,#5459),.PCURVE_S1.);
#5419 = B_SPLINE_CURVE_WITH_KNOTS('',3,(#5420,#5421,#5422,#5423,#5424,
    #5425,#5426,#5427,#5428,#5429),.UNSPECIFIED.,.F.,.F.,(4,2,2,2,4),(
    0.172708447742,0.213538475328,0.254368502915,0.292424284048,
    0.330480065182),.UNSPECIFIED.);
#5420 = CARTESIAN_POINT('',(12.289419162443,4.785898384862,2.));
#5421 = CARTESIAN_POINT('',(12.171553025353,4.85394843084,2.));
#5422 = CARTESIAN_POINT('',(12.048540433273,4.933845049811,
    2.022214525756));
#5423 = CARTESIAN_POINT('',(11.828911803278,5.093368158673,
    2.121759324301));
#5424 = CARTESIAN_POINT('',(11.732152630833,5.172637498689,
    2.199345600644));
#5425 = CARTESIAN_POINT('',(11.588321021714,5.298295733779,
    2.380084628986));
#5426 = CARTESIAN_POINT('',(11.52998904674,5.353726975943,2.491685654172
    ));
#5427 = CARTESIAN_POINT('',(11.453650707313,5.428427892108,
    2.738235245913));
#5428 = CARTESIAN_POINT('',(11.435317196194,5.447482923112,
    2.873147396221));
#5429 = CARTESIAN_POINT('',(11.435317196194,5.447482923112,3.));
#5430 = PCURVE('',#5099,#5431);
#5431 = DEFINITIONAL_REPRESENTATION('',(#5432),#5458);
#5432 = B_SPLINE_CURVE_WITH_KNOTS('',3,(#5433,#5434,#5435,#5436,#5437,
    #5438,#5439,#5440,#5441,#5442,#5443,#5444,#5445,#5446,#5447,#5448,
    #5449,#5450,#5451,#5452,#5453,#5454,#5455,#5456,#5457),
  .UNSPECIFIED.,.F.,.F.,(4,1,1,1,1,1,1,1,1,1,1,1,1,1,1,1,1,1,1,1,1,1,4),
  (0.172708447742,0.179879884898,0.187051322054,0.194222759211,
    0.201394196367,0.208565633524,0.21573707068,0.222908507836,
    0.230079944993,0.237251382149,0.244422819305,0.251594256462,
    0.258765693618,0.265937130775,0.273108567931,0.280280005087,
    0.287451442244,0.2946228794,0.301794316557,0.308965753713,
    0.316137190869,0.323308628026,0.330480065182),
  .QUASI_UNIFORM_KNOTS.);
#5433 = CARTESIAN_POINT('',(-0.785398163397,6.722390057966));
#5434 = CARTESIAN_POINT('',(-0.764695281521,6.710437662706));
#5435 = CARTESIAN_POINT('',(-0.722500109681,6.686623321412));
#5436 = CARTESIAN_POINT('',(-0.657180921308,6.651495096054));
#5437 = CARTESIAN_POINT('',(-0.590184686918,6.617281281555));
#5438 = CARTESIAN_POINT('',(-0.521834222786,6.584305853371));
#5439 = CARTESIAN_POINT('',(-0.452415865744,6.552882196864));
#5440 = CARTESIAN_POINT('',(-0.382140648083,6.523363206587));
#5441 = CARTESIAN_POINT('',(-0.311204081835,6.49593034661));
#5442 = CARTESIAN_POINT('',(-0.239890702349,6.470586151495));
#5443 = CARTESIAN_POINT('',(-0.168513727921,6.447377263059));
#5444 = CARTESIAN_POINT('',(-9.74057312532E-02,6.426338787492));
#5445 = CARTESIAN_POINT('',(-2.688979239557E-02,6.407507866242));
#5446 = CARTESIAN_POINT('',(4.273518748668E-02,6.390925035344));
#5447 = CARTESIAN_POINT('',(0.114758426903,6.375748303353));
#5448 = CARTESIAN_POINT('',(0.188143702472,6.362182914383));
#5449 = CARTESIAN_POINT('',(0.262630141522,6.350249038429));
#5450 = CARTESIAN_POINT('',(0.337782702834,6.340008053112));
#5451 = CARTESIAN_POINT('',(0.413287955775,6.331541579667));
#5452 = CARTESIAN_POINT('',(0.488897644745,6.324781975651));
#5453 = CARTESIAN_POINT('',(0.564318882128,6.319640828992));
#5454 = CARTESIAN_POINT('',(0.639188486486,6.316056264404));
#5455 = CARTESIAN_POINT('',(0.713109419857,6.31395929365));
#5456 = CARTESIAN_POINT('',(0.76149496492,6.313508326896));
#5457 = CARTESIAN_POINT('',(0.785398163397,6.313508326896));
#5458 = ( GEOMETRIC_REPRESENTATION_CONTEXT(2) 
PARAMETRIC_REPRESENTATION_CONTEXT() REPRESENTATION_CONTEXT('2D SPACE',''
  ) );
#5459 = PCURVE('',#3260,#5460);
#5460 = DEFINITIONAL_REPRESENTATION('',(#5461),#5487);
#5461 = B_SPLINE_CURVE_WITH_KNOTS('',3,(#5462,#5463,#5464,#5465,#5466,
    #5467,#5468,#5469,#5470,#5471,#5472,#5473,#5474,#5475,#5476,#5477,
    #5478,#5479,#5480,#5481,#5482,#5483,#5484,#5485,#5486),
  .UNSPECIFIED.,.F.,.F.,(4,1,1,1,1,1,1,1,1,1,1,1,1,1,1,1,1,1,1,1,1,1,4),
  (0.172708447742,0.179879884898,0.187051322054,0.194222759211,
    0.201394196367,0.208565633524,0.21573707068,0.222908507836,
    0.230079944993,0.237251382149,0.244422819305,0.251594256462,
    0.258765693618,0.265937130775,0.273108567931,0.280280005087,
    0.287451442244,0.2946228794,0.301794316557,0.308965753713,
    0.316137190869,0.323308628026,0.330480065182),
  .QUASI_UNIFORM_KNOTS.);
#5462 = CARTESIAN_POINT('',(-0.523598775598,12.));
#5463 = CARTESIAN_POINT('',(-0.517622660462,12.));
#5464 = CARTESIAN_POINT('',(-0.505509987623,11.998629389845));
#5465 = CARTESIAN_POINT('',(-0.487031695372,11.992287751857));
#5466 = CARTESIAN_POINT('',(-0.468415841304,11.981487196886));
#5467 = CARTESIAN_POINT('',(-0.449835278952,11.966052087475));
#5468 = CARTESIAN_POINT('',(-0.431461864482,11.945815861014));
#5469 = CARTESIAN_POINT('',(-0.413469839867,11.920578098747));
#5470 = CARTESIAN_POINT('',(-0.396020614519,11.890267479469));
#5471 = CARTESIAN_POINT('',(-0.379230877237,11.855323454013));
#5472 = CARTESIAN_POINT('',(-0.36322541088,11.816116812777));
#5473 = CARTESIAN_POINT('',(-0.348128842966,11.7730369726));
#5474 = CARTESIAN_POINT('',(-0.334066775396,11.726467504993));
#5475 = CARTESIAN_POINT('',(-0.321167570908,11.676796736345));
#5476 = CARTESIAN_POINT('',(-0.308897752842,11.621895078412));
#5477 = CARTESIAN_POINT('',(-0.297522579427,11.562709702638));
#5478 = CARTESIAN_POINT('',(-0.287166271036,11.499633857479));
#5479 = CARTESIAN_POINT('',(-0.277988058301,11.4332156006));
#5480 = CARTESIAN_POINT('',(-0.270152196786,11.363937675817));
#5481 = CARTESIAN_POINT('',(-0.263765108913,11.292399514778));
#5482 = CARTESIAN_POINT('',(-0.258803845462,11.219421313459));
#5483 = CARTESIAN_POINT('',(-0.255267573121,11.145786084925));
#5484 = CARTESIAN_POINT('',(-0.253149727649,11.072286808795));
#5485 = CARTESIAN_POINT('',(-0.252680261869,11.023904790521));
#5486 = CARTESIAN_POINT('',(-0.252680255142,11.));
#5487 = ( GEOMETRIC_REPRESENTATION_CONTEXT(2) 
PARAMETRIC_REPRESENTATION_CONTEXT() REPRESENTATION_CONTEXT('2D SPACE',''
  ) );
#5488 = ORIENTED_EDGE('',*,*,#5489,.T.);
#5489 = EDGE_CURVE('',#5416,#5027,#5490,.T.);
#5490 = SURFACE_CURVE('',#5491,(#5495,#5502),.PCURVE_S1.);
#5491 = LINE('',#5492,#5493);
#5492 = CARTESIAN_POINT('',(5.967658598096,2.290728759665,3.));
#5493 = VECTOR('',#5494,1.);
#5494 = DIRECTION('',(0.866025403785,0.5,0.));
#5495 = PCURVE('',#5099,#5496);
#5496 = DEFINITIONAL_REPRESENTATION('',(#5497),#5501);
#5497 = LINE('',#5498,#5499);
#5498 = CARTESIAN_POINT('',(0.785398163397,-2.6645352591E-15));
#5499 = VECTOR('',#5500,1.);
#5500 = DIRECTION('',(-3.188597229564E-16,1.));
#5501 = ( GEOMETRIC_REPRESENTATION_CONTEXT(2) 
PARAMETRIC_REPRESENTATION_CONTEXT() REPRESENTATION_CONTEXT('2D SPACE',''
  ) );
#5502 = PCURVE('',#5042,#5503);
#5503 = DEFINITIONAL_REPRESENTATION('',(#5504),#5508);
#5504 = LINE('',#5505,#5506);
#5505 = CARTESIAN_POINT('',(-6.313508326896,1.));
#5506 = VECTOR('',#5507,1.);
#5507 = DIRECTION('',(1.,0.));
#5508 = ( GEOMETRIC_REPRESENTATION_CONTEXT(2) 
PARAMETRIC_REPRESENTATION_CONTEXT() REPRESENTATION_CONTEXT('2D SPACE',''
  ) );
#5509 = ORIENTED_EDGE('',*,*,#5054,.T.);
#5510 = ORIENTED_EDGE('',*,*,#5511,.T.);
#5511 = EDGE_CURVE('',#5055,#5414,#5512,.T.);
#5512 = SURFACE_CURVE('',#5513,(#5517,#5524),.PCURVE_S1.);
#5513 = LINE('',#5514,#5515);
#5514 = CARTESIAN_POINT('',(6.467658598096,1.42470335588,2.));
#5515 = VECTOR('',#5516,1.);
#5516 = DIRECTION('',(-0.866025403785,-0.5,0.));
#5517 = PCURVE('',#5099,#5518);
#5518 = DEFINITIONAL_REPRESENTATION('',(#5519),#5523);
#5519 = LINE('',#5520,#5521);
#5520 = CARTESIAN_POINT('',(-0.785398163397,-8.881784197001E-16));
#5521 = VECTOR('',#5522,1.);
#5522 = DIRECTION('',(0.,-1.));
#5523 = ( GEOMETRIC_REPRESENTATION_CONTEXT(2) 
PARAMETRIC_REPRESENTATION_CONTEXT() REPRESENTATION_CONTEXT('2D SPACE',''
  ) );
#5524 = PCURVE('',#123,#5525);
#5525 = DEFINITIONAL_REPRESENTATION('',(#5526),#5530);
#5526 = LINE('',#5527,#5528);
#5527 = CARTESIAN_POINT('',(6.467658598096,-1.42470335588));
#5528 = VECTOR('',#5529,1.);
#5529 = DIRECTION('',(-0.866025403785,0.5));
#5530 = ( GEOMETRIC_REPRESENTATION_CONTEXT(2) 
PARAMETRIC_REPRESENTATION_CONTEXT() REPRESENTATION_CONTEXT('2D SPACE',''
  ) );
#5531 = ADVANCED_FACE('',(#5532),#5042,.F.);
#5532 = FACE_BOUND('',#5533,.T.);
#5533 = EDGE_LOOP('',(#5534,#5535,#5558,#5579));
#5534 = ORIENTED_EDGE('',*,*,#5489,.F.);
#5535 = ORIENTED_EDGE('',*,*,#5536,.F.);
#5536 = EDGE_CURVE('',#5537,#5416,#5539,.T.);
#5537 = VERTEX_POINT('',#5538);
#5538 = CARTESIAN_POINT('',(11.435317196194,5.447482923112,8.));
#5539 = SURFACE_CURVE('',#5540,(#5544,#5551),.PCURVE_S1.);
#5540 = LINE('',#5541,#5542);
#5541 = CARTESIAN_POINT('',(11.435317196194,5.447482923112,14.));
#5542 = VECTOR('',#5543,1.);
#5543 = DIRECTION('',(0.,0.,-1.));
#5544 = PCURVE('',#5042,#5545);
#5545 = DEFINITIONAL_REPRESENTATION('',(#5546),#5550);
#5546 = LINE('',#5547,#5548);
#5547 = CARTESIAN_POINT('',(0.,12.));
#5548 = VECTOR('',#5549,1.);
#5549 = DIRECTION('',(0.,-1.));
#5550 = ( GEOMETRIC_REPRESENTATION_CONTEXT(2) 
PARAMETRIC_REPRESENTATION_CONTEXT() REPRESENTATION_CONTEXT('2D SPACE',''
  ) );
#5551 = PCURVE('',#3260,#5552);
#5552 = DEFINITIONAL_REPRESENTATION('',(#5553),#5557);
#5553 = LINE('',#5554,#5555);
#5554 = CARTESIAN_POINT('',(-0.252680255142,0.));
#5555 = VECTOR('',#5556,1.);
#5556 = DIRECTION('',(0.,1.));
#5557 = ( GEOMETRIC_REPRESENTATION_CONTEXT(2) 
PARAMETRIC_REPRESENTATION_CONTEXT() REPRESENTATION_CONTEXT('2D SPACE',''
  ) );
#5558 = ORIENTED_EDGE('',*,*,#5559,.F.);
#5559 = EDGE_CURVE('',#4953,#5537,#5560,.T.);
#5560 = SURFACE_CURVE('',#5561,(#5565,#5572),.PCURVE_S1.);
#5561 = LINE('',#5562,#5563);
#5562 = CARTESIAN_POINT('',(5.967658598096,2.290728759665,8.));
#5563 = VECTOR('',#5564,1.);
#5564 = DIRECTION('',(-0.866025403785,-0.5,0.));
#5565 = PCURVE('',#5042,#5566);
#5566 = DEFINITIONAL_REPRESENTATION('',(#5567),#5571);
#5567 = LINE('',#5568,#5569);
#5568 = CARTESIAN_POINT('',(-6.313508326896,6.));
#5569 = VECTOR('',#5570,1.);
#5570 = DIRECTION('',(-1.,0.));
#5571 = ( GEOMETRIC_REPRESENTATION_CONTEXT(2) 
PARAMETRIC_REPRESENTATION_CONTEXT() REPRESENTATION_CONTEXT('2D SPACE',''
  ) );
#5572 = PCURVE('',#4918,#5573);
#5573 = DEFINITIONAL_REPRESENTATION('',(#5574),#5578);
#5574 = LINE('',#5575,#5576);
#5575 = CARTESIAN_POINT('',(3.926990816987,0.522278110731));
#5576 = VECTOR('',#5577,1.);
#5577 = DIRECTION('',(-1.275438891826E-15,1.));
#5578 = ( GEOMETRIC_REPRESENTATION_CONTEXT(2) 
PARAMETRIC_REPRESENTATION_CONTEXT() REPRESENTATION_CONTEXT('2D SPACE',''
  ) );
#5579 = ORIENTED_EDGE('',*,*,#5026,.F.);
#5580 = ADVANCED_FACE('',(#5581),#4918,.F.);
#5581 = FACE_BOUND('',#5582,.F.);
#5582 = EDGE_LOOP('',(#5583,#5584,#5658,#5730,#5731,#5732));
#5583 = ORIENTED_EDGE('',*,*,#5366,.F.);
#5584 = ORIENTED_EDGE('',*,*,#5585,.F.);
#5585 = EDGE_CURVE('',#5586,#5367,#5588,.T.);
#5586 = VERTEX_POINT('',#5587);
#5587 = CARTESIAN_POINT('',(10.825317547306,6.25,9.));
#5588 = SURFACE_CURVE('',#5589,(#5600,#5629),.PCURVE_S1.);
#5589 = B_SPLINE_CURVE_WITH_KNOTS('',3,(#5590,#5591,#5592,#5593,#5594,
    #5595,#5596,#5597,#5598,#5599),.UNSPECIFIED.,.F.,.F.,(4,2,2,2,4),(
    -0.151368710053,-0.11352917823,-7.568964640703E-02,
    -3.784482320352E-02,0.),.UNSPECIFIED.);
#5590 = CARTESIAN_POINT('',(10.825317547306,6.25,9.));
#5591 = CARTESIAN_POINT('',(10.762251660934,6.35923331942,9.));
#5592 = CARTESIAN_POINT('',(10.700846289684,6.478717340323,8.97468337103
    ));
#5593 = CARTESIAN_POINT('',(10.598267481366,6.703812174463,
    8.872461259307));
#5594 = CARTESIAN_POINT('',(10.556797219991,6.809300756418,
    8.795584735302));
#5595 = CARTESIAN_POINT('',(10.49583921341,6.978452003973,8.618616454547
    ));
#5596 = CARTESIAN_POINT('',(10.472185214808,7.053553586103,8.50653068503
    ));
#5597 = CARTESIAN_POINT('',(10.442084116471,7.15420250405,8.26032170801)
  );
#5598 = CARTESIAN_POINT('',(10.435317196194,7.179533730681,
    8.126149410678));
#5599 = CARTESIAN_POINT('',(10.435317196194,7.179533730681,8.));
#5600 = PCURVE('',#4918,#5601);
#5601 = DEFINITIONAL_REPRESENTATION('',(#5602),#5628);
#5602 = B_SPLINE_CURVE_WITH_KNOTS('',3,(#5603,#5604,#5605,#5606,#5607,
    #5608,#5609,#5610,#5611,#5612,#5613,#5614,#5615,#5616,#5617,#5618,
    #5619,#5620,#5621,#5622,#5623,#5624,#5625,#5626,#5627),
  .UNSPECIFIED.,.F.,.F.,(4,1,1,1,1,1,1,1,1,1,1,1,1,1,1,1,1,1,1,1,1,1,4),
  (-0.151368710053,-0.144488314141,-0.13760791823,-0.130727522318,
    -0.123847126407,-0.116966730495,-0.110086334584,-0.103205938672,
    -9.632554276098E-02,-8.944514684949E-02,-8.256475093799E-02,
    -7.568435502649E-02,-6.880395911499E-02,-6.192356320349E-02,
    -5.504316729199E-02,-4.816277138049E-02,-4.128237546899E-02,
    -3.440197955749E-02,-2.7521583646E-02,-2.06411877345E-02,
    -1.3760791823E-02,-6.880395911499E-03,0.),.UNSPECIFIED.);
#5603 = CARTESIAN_POINT('',(5.497787143782,-5.664213562373));
#5604 = CARTESIAN_POINT('',(5.520720593174,-5.664213562373));
#5605 = CARTESIAN_POINT('',(5.567124724018,-5.664647549194));
#5606 = CARTESIAN_POINT('',(5.638005442779,-5.666554801863));
#5607 = CARTESIAN_POINT('',(5.709824045807,-5.669672005358));
#5608 = CARTESIAN_POINT('',(5.782242020766,-5.673955055619));
#5609 = CARTESIAN_POINT('',(5.854949350336,-5.679351611964));
#5610 = CARTESIAN_POINT('',(5.927688110543,-5.685840062649));
#5611 = CARTESIAN_POINT('',(6.000272845493,-5.693215727148));
#5612 = CARTESIAN_POINT('',(6.072469896104,-5.70125721394));
#5613 = CARTESIAN_POINT('',(6.143936626949,-5.70974865125));
#5614 = CARTESIAN_POINT('',(6.214496271386,-5.718495182582));
#5615 = CARTESIAN_POINT('',(6.283237594524,-5.727212370581));
#5616 = CARTESIAN_POINT('',(6.351980149623,-5.735953086789));
#5617 = CARTESIAN_POINT('',(6.422533310678,-5.744761779823));
#5618 = CARTESIAN_POINT('',(6.493990103024,-5.753347341517));
#5619 = CARTESIAN_POINT('',(6.566174139861,-5.761507905175));
#5620 = CARTESIAN_POINT('',(6.638744157322,-5.769020194997));
#5621 = CARTESIAN_POINT('',(6.711467288669,-5.775657330131));
#5622 = CARTESIAN_POINT('',(6.784160243141,-5.781191807284));
#5623 = CARTESIAN_POINT('',(6.856565490738,-5.785595913582));
#5624 = CARTESIAN_POINT('',(6.928373837824,-5.788809298926));
#5625 = CARTESIAN_POINT('',(6.999247639562,-5.790780361339));
#5626 = CARTESIAN_POINT('',(7.045650023345,-5.791230216166));
#5627 = CARTESIAN_POINT('',(7.068583470577,-5.791230216166));
#5628 = ( GEOMETRIC_REPRESENTATION_CONTEXT(2) 
PARAMETRIC_REPRESENTATION_CONTEXT() REPRESENTATION_CONTEXT('2D SPACE',''
  ) );
#5629 = PCURVE('',#3260,#5630);
#5630 = DEFINITIONAL_REPRESENTATION('',(#5631),#5657);
#5631 = B_SPLINE_CURVE_WITH_KNOTS('',3,(#5632,#5633,#5634,#5635,#5636,
    #5637,#5638,#5639,#5640,#5641,#5642,#5643,#5644,#5645,#5646,#5647,
    #5648,#5649,#5650,#5651,#5652,#5653,#5654,#5655,#5656),
  .UNSPECIFIED.,.F.,.F.,(4,1,1,1,1,1,1,1,1,1,1,1,1,1,1,1,1,1,1,1,1,1,4),
  (-0.151368710053,-0.144488314141,-0.13760791823,-0.130727522318,
    -0.123847126407,-0.116966730495,-0.110086334584,-0.103205938672,
    -9.632554276098E-02,-8.944514684949E-02,-8.256475093799E-02,
    -7.568435502649E-02,-6.880395911499E-02,-6.192356320349E-02,
    -5.504316729199E-02,-4.816277138049E-02,-4.128237546899E-02,
    -3.440197955749E-02,-2.7521583646E-02,-2.06411877345E-02,
    -1.3760791823E-02,-6.880395911499E-03,0.),.UNSPECIFIED.);
#5632 = CARTESIAN_POINT('',(0.,5.));
#5633 = CARTESIAN_POINT('',(5.733586528081E-03,5.));
#5634 = CARTESIAN_POINT('',(1.733409558032E-02,5.001674021335));
#5635 = CARTESIAN_POINT('',(3.496741278287E-02,5.009224706845));
#5636 = CARTESIAN_POINT('',(5.266621250646E-02,5.021831215332));
#5637 = CARTESIAN_POINT('',(7.026208223474E-02,5.039514686376));
#5638 = CARTESIAN_POINT('',(8.758853313376E-02,5.062277799149));
#5639 = CARTESIAN_POINT('',(0.104472906471,5.09019210435));
#5640 = CARTESIAN_POINT('',(0.120775680753,5.12300164178));
#5641 = CARTESIAN_POINT('',(0.136389733209,5.1601509208));
#5642 = CARTESIAN_POINT('',(0.15119033359,5.201113989181));
#5643 = CARTESIAN_POINT('',(0.165088398035,5.245484707963));
#5644 = CARTESIAN_POINT('',(0.177863044169,5.292348146703));
#5645 = CARTESIAN_POINT('',(0.18977959661,5.342704731844));
#5646 = CARTESIAN_POINT('',(0.201086339429,5.397604797161));
#5647 = CARTESIAN_POINT('',(0.211546863245,5.456191540005));
#5648 = CARTESIAN_POINT('',(0.221052655252,5.518121073203));
#5649 = CARTESIAN_POINT('',(0.229464417994,5.582904984097));
#5650 = CARTESIAN_POINT('',(0.236635107504,5.650120046489));
#5651 = CARTESIAN_POINT('',(0.242489958255,5.71920470078));
#5652 = CARTESIAN_POINT('',(0.24704467899,5.789446456309));
#5653 = CARTESIAN_POINT('',(0.250296374608,5.860163463234));
#5654 = CARTESIAN_POINT('',(0.252246968164,5.930665658711));
#5655 = CARTESIAN_POINT('',(0.252680249884,5.977065346962));
#5656 = CARTESIAN_POINT('',(0.252680255142,6.));
#5657 = ( GEOMETRIC_REPRESENTATION_CONTEXT(2) 
PARAMETRIC_REPRESENTATION_CONTEXT() REPRESENTATION_CONTEXT('2D SPACE',''
  ) );
#5658 = ORIENTED_EDGE('',*,*,#5659,.F.);
#5659 = EDGE_CURVE('',#5537,#5586,#5660,.T.);
#5660 = SURFACE_CURVE('',#5661,(#5672,#5701),.PCURVE_S1.);
#5661 = B_SPLINE_CURVE_WITH_KNOTS('',3,(#5662,#5663,#5664,#5665,#5666,
    #5667,#5668,#5669,#5670,#5671),.UNSPECIFIED.,.F.,.F.,(4,2,2,2,4),(0.
    ,3.784482320352E-02,7.568964640704E-02,0.11352917823,0.151368710053)
  ,.UNSPECIFIED.);
#5662 = CARTESIAN_POINT('',(11.435317196194,5.447482923112,8.));
#5663 = CARTESIAN_POINT('',(11.435317196194,5.447482923112,
    8.126149410678));
#5664 = CARTESIAN_POINT('',(11.416763170561,5.466008861293,8.26032170801
    ));
#5665 = CARTESIAN_POINT('',(11.344649199924,5.542401636108,8.50653068503
    ));
#5666 = CARTESIAN_POINT('',(11.291436321236,5.600437390864,
    8.618616454547));
#5667 = CARTESIAN_POINT('',(11.175426047063,5.737804196904,
    8.795584735302));
#5668 = CARTESIAN_POINT('',(11.104805385968,5.826462787733,
    8.872461259307));
#5669 = CARTESIAN_POINT('',(10.961156945501,6.027846058697,8.97468337103
    ));
#5670 = CARTESIAN_POINT('',(10.888383433677,6.14076668058,9.));
#5671 = CARTESIAN_POINT('',(10.825317547306,6.25,9.));
#5672 = PCURVE('',#4918,#5673);
#5673 = DEFINITIONAL_REPRESENTATION('',(#5674),#5700);
#5674 = B_SPLINE_CURVE_WITH_KNOTS('',3,(#5675,#5676,#5677,#5678,#5679,
    #5680,#5681,#5682,#5683,#5684,#5685,#5686,#5687,#5688,#5689,#5690,
    #5691,#5692,#5693,#5694,#5695,#5696,#5697,#5698,#5699),
  .UNSPECIFIED.,.F.,.F.,(4,1,1,1,1,1,1,1,1,1,1,1,1,1,1,1,1,1,1,1,1,1,4),
  (0.,6.880395911499E-03,1.3760791823E-02,2.06411877345E-02,
    2.7521583646E-02,3.44019795575E-02,4.128237546899E-02,
    4.816277138049E-02,5.504316729199E-02,6.192356320349E-02,
    6.880395911499E-02,7.568435502649E-02,8.256475093799E-02,
    8.944514684949E-02,9.632554276099E-02,0.103205938672,0.110086334584,
    0.116966730495,0.123847126407,0.130727522318,0.13760791823,
    0.144488314141,0.151368710053),.QUASI_UNIFORM_KNOTS.);
#5675 = CARTESIAN_POINT('',(3.926990816987,-5.791230216166));
#5676 = CARTESIAN_POINT('',(3.949924264219,-5.791230216166));
#5677 = CARTESIAN_POINT('',(3.996326648002,-5.790780361339));
#5678 = CARTESIAN_POINT('',(4.067200449741,-5.788809298926));
#5679 = CARTESIAN_POINT('',(4.139008796827,-5.785595913582));
#5680 = CARTESIAN_POINT('',(4.211414044423,-5.781191807284));
#5681 = CARTESIAN_POINT('',(4.284106998896,-5.775657330131));
#5682 = CARTESIAN_POINT('',(4.356830130243,-5.769020194997));
#5683 = CARTESIAN_POINT('',(4.429400147703,-5.761507905175));
#5684 = CARTESIAN_POINT('',(4.501584184541,-5.753347341517));
#5685 = CARTESIAN_POINT('',(4.573040976886,-5.744761779824));
#5686 = CARTESIAN_POINT('',(4.643594137941,-5.735953086789));
#5687 = CARTESIAN_POINT('',(4.71233669304,-5.727212370581));
#5688 = CARTESIAN_POINT('',(4.781078016179,-5.718495182582));
#5689 = CARTESIAN_POINT('',(4.851637660615,-5.70974865125));
#5690 = CARTESIAN_POINT('',(4.923104391461,-5.70125721394));
#5691 = CARTESIAN_POINT('',(4.995301442071,-5.693215727148));
#5692 = CARTESIAN_POINT('',(5.067886177021,-5.685840062649));
#5693 = CARTESIAN_POINT('',(5.140624937228,-5.679351611964));
#5694 = CARTESIAN_POINT('',(5.213332266799,-5.673955055619));
#5695 = CARTESIAN_POINT('',(5.285750241757,-5.669672005358));
#5696 = CARTESIAN_POINT('',(5.357568844785,-5.666554801863));
#5697 = CARTESIAN_POINT('',(5.428449563546,-5.664647549194));
#5698 = CARTESIAN_POINT('',(5.474853694391,-5.664213562373));
#5699 = CARTESIAN_POINT('',(5.497787143782,-5.664213562373));
#5700 = ( GEOMETRIC_REPRESENTATION_CONTEXT(2) 
PARAMETRIC_REPRESENTATION_CONTEXT() REPRESENTATION_CONTEXT('2D SPACE',''
  ) );
#5701 = PCURVE('',#3260,#5702);
#5702 = DEFINITIONAL_REPRESENTATION('',(#5703),#5729);
#5703 = B_SPLINE_CURVE_WITH_KNOTS('',3,(#5704,#5705,#5706,#5707,#5708,
    #5709,#5710,#5711,#5712,#5713,#5714,#5715,#5716,#5717,#5718,#5719,
    #5720,#5721,#5722,#5723,#5724,#5725,#5726,#5727,#5728),
  .UNSPECIFIED.,.F.,.F.,(4,1,1,1,1,1,1,1,1,1,1,1,1,1,1,1,1,1,1,1,1,1,4),
  (0.,6.880395911499E-03,1.3760791823E-02,2.06411877345E-02,
    2.7521583646E-02,3.44019795575E-02,4.128237546899E-02,
    4.816277138049E-02,5.504316729199E-02,6.192356320349E-02,
    6.880395911499E-02,7.568435502649E-02,8.256475093799E-02,
    8.944514684949E-02,9.632554276099E-02,0.103205938672,0.110086334584,
    0.116966730495,0.123847126407,0.130727522318,0.13760791823,
    0.144488314141,0.151368710053),.QUASI_UNIFORM_KNOTS.);
#5704 = CARTESIAN_POINT('',(-0.252680255142,6.));
#5705 = CARTESIAN_POINT('',(-0.252680249884,5.977065346962));
#5706 = CARTESIAN_POINT('',(-0.252246968164,5.930665658711));
#5707 = CARTESIAN_POINT('',(-0.250296374608,5.860163463234));
#5708 = CARTESIAN_POINT('',(-0.24704467899,5.789446456309));
#5709 = CARTESIAN_POINT('',(-0.242489958255,5.71920470078));
#5710 = CARTESIAN_POINT('',(-0.236635107504,5.650120046489));
#5711 = CARTESIAN_POINT('',(-0.229464417994,5.582904984097));
#5712 = CARTESIAN_POINT('',(-0.221052655252,5.518121073203));
#5713 = CARTESIAN_POINT('',(-0.211546863245,5.456191540005));
#5714 = CARTESIAN_POINT('',(-0.201086339429,5.397604797161));
#5715 = CARTESIAN_POINT('',(-0.18977959661,5.342704731844));
#5716 = CARTESIAN_POINT('',(-0.177863044169,5.292348146703));
#5717 = CARTESIAN_POINT('',(-0.165088398035,5.245484707963));
#5718 = CARTESIAN_POINT('',(-0.15119033359,5.201113989181));
#5719 = CARTESIAN_POINT('',(-0.136389733209,5.1601509208));
#5720 = CARTESIAN_POINT('',(-0.120775680753,5.12300164178));
#5721 = CARTESIAN_POINT('',(-0.104472906471,5.09019210435));
#5722 = CARTESIAN_POINT('',(-8.758853313374E-02,5.062277799149));
#5723 = CARTESIAN_POINT('',(-7.026208223473E-02,5.039514686376));
#5724 = CARTESIAN_POINT('',(-5.266621250645E-02,5.021831215332));
#5725 = CARTESIAN_POINT('',(-3.496741278286E-02,5.009224706845));
#5726 = CARTESIAN_POINT('',(-1.733409558031E-02,5.001674021335));
#5727 = CARTESIAN_POINT('',(-5.733586528074E-03,5.));
#5728 = CARTESIAN_POINT('',(0.,5.));
#5729 = ( GEOMETRIC_REPRESENTATION_CONTEXT(2) 
PARAMETRIC_REPRESENTATION_CONTEXT() REPRESENTATION_CONTEXT('2D SPACE',''
  ) );
#5730 = ORIENTED_EDGE('',*,*,#5559,.F.);
#5731 = ORIENTED_EDGE('',*,*,#4952,.F.);
#5732 = ORIENTED_EDGE('',*,*,#4873,.F.);
#5733 = ADVANCED_FACE('',(#5734),#4362,.F.);
#5734 = FACE_BOUND('',#5735,.F.);
#5735 = EDGE_LOOP('',(#5736,#5759,#5760,#5761,#5762,#5813));
#5736 = ORIENTED_EDGE('',*,*,#5737,.F.);
#5737 = EDGE_CURVE('',#4474,#5738,#5740,.T.);
#5738 = VERTEX_POINT('',#5739);
#5739 = CARTESIAN_POINT('',(16.798843892007,10.853517581503,8.));
#5740 = SURFACE_CURVE('',#5741,(#5745,#5752),.PCURVE_S1.);
#5741 = LINE('',#5742,#5743);
#5742 = CARTESIAN_POINT('',(16.658860145312,10.772697927666,8.));
#5743 = VECTOR('',#5744,1.);
#5744 = DIRECTION('',(0.866025403784,0.5,0.));
#5745 = PCURVE('',#4362,#5746);
#5746 = DEFINITIONAL_REPRESENTATION('',(#5747),#5751);
#5747 = LINE('',#5748,#5749);
#5748 = CARTESIAN_POINT('',(7.068583470577,3.136380044566E-14));
#5749 = VECTOR('',#5750,1.);
#5750 = DIRECTION('',(1.030278192175E-15,-1.));
#5751 = ( GEOMETRIC_REPRESENTATION_CONTEXT(2) 
PARAMETRIC_REPRESENTATION_CONTEXT() REPRESENTATION_CONTEXT('2D SPACE',''
  ) );
#5752 = PCURVE('',#4563,#5753);
#5753 = DEFINITIONAL_REPRESENTATION('',(#5754),#5758);
#5754 = LINE('',#5755,#5756);
#5755 = CARTESIAN_POINT('',(0.161639307673,6.));
#5756 = VECTOR('',#5757,1.);
#5757 = DIRECTION('',(-1.,0.));
#5758 = ( GEOMETRIC_REPRESENTATION_CONTEXT(2) 
PARAMETRIC_REPRESENTATION_CONTEXT() REPRESENTATION_CONTEXT('2D SPACE',''
  ) );
#5759 = ORIENTED_EDGE('',*,*,#4473,.F.);
#5760 = ORIENTED_EDGE('',*,*,#4399,.F.);
#5761 = ORIENTED_EDGE('',*,*,#4346,.F.);
#5762 = ORIENTED_EDGE('',*,*,#5763,.F.);
#5763 = EDGE_CURVE('',#5764,#4347,#5766,.T.);
#5764 = VERTEX_POINT('',#5765);
#5765 = CARTESIAN_POINT('',(17.320508075689,9.999999999999,9.));
#5766 = SURFACE_CURVE('',#5767,(#5778,#5784),.PCURVE_S1.);
#5767 = B_SPLINE_CURVE_WITH_KNOTS('',3,(#5768,#5769,#5770,#5771,#5772,
    #5773,#5774,#5775,#5776,#5777),.UNSPECIFIED.,.F.,.F.,(4,2,2,2,4),(
    -0.150701629577,-0.113026226162,-7.535082274748E-02,
    -3.767541137374E-02,0.),.UNSPECIFIED.);
#5768 = CARTESIAN_POINT('',(17.32050807569,9.999999999998,9.));
#5769 = CARTESIAN_POINT('',(17.383300414715,9.891240478481,9.));
#5770 = CARTESIAN_POINT('',(17.44914141023,9.774591783734,8.974897588258
    ));
#5771 = CARTESIAN_POINT('',(17.568244364935,9.558868679235,
    8.872837402076));
#5772 = CARTESIAN_POINT('',(17.621565599224,9.459826452933,
    8.795880786396));
#5773 = CARTESIAN_POINT('',(17.704899936994,9.302924750406,
    8.618332757224));
#5774 = CARTESIAN_POINT('',(17.740481040727,9.234605680834,
    8.505899064618));
#5775 = CARTESIAN_POINT('',(17.787423884589,9.143859206575,
    8.259525925572));
#5776 = CARTESIAN_POINT('',(17.798843892007,9.121466773933,
    8.125584704579));
#5777 = CARTESIAN_POINT('',(17.798843892007,9.121466773933,8.));
#5778 = PCURVE('',#4362,#5779);
#5779 = DEFINITIONAL_REPRESENTATION('',(#5780),#5783);
#5780 = B_SPLINE_CURVE_WITH_KNOTS('',1,(#5781,#5782),.UNSPECIFIED.,.F.,
  .F.,(2,2),(-0.150701629577,0.),.PIECEWISE_BEZIER_KNOTS.);
#5781 = CARTESIAN_POINT('',(5.497787143781,-0.186654952235));
#5782 = CARTESIAN_POINT('',(3.926990816987,-0.161639307673));
#5783 = ( GEOMETRIC_REPRESENTATION_CONTEXT(2) 
PARAMETRIC_REPRESENTATION_CONTEXT() REPRESENTATION_CONTEXT('2D SPACE',''
  ) );
#5784 = PCURVE('',#1428,#5785);
#5785 = DEFINITIONAL_REPRESENTATION('',(#5786),#5812);
#5786 = B_SPLINE_CURVE_WITH_KNOTS('',3,(#5787,#5788,#5789,#5790,#5791,
    #5792,#5793,#5794,#5795,#5796,#5797,#5798,#5799,#5800,#5801,#5802,
    #5803,#5804,#5805,#5806,#5807,#5808,#5809,#5810,#5811),
  .UNSPECIFIED.,.F.,.F.,(4,1,1,1,1,1,1,1,1,1,1,1,1,1,1,1,1,1,1,1,1,1,4),
  (-0.150701629577,-0.143851555506,-0.137001481434,-0.130151407362,
    -0.123301333291,-0.116451259219,-0.109601185147,-0.102751111076,
    -9.590103700385E-02,-8.905096293215E-02,-8.220088886045E-02,
    -7.535081478874E-02,-6.850074071704E-02,-6.165066664534E-02,
    -5.480059257363E-02,-4.795051850193E-02,-4.110044443022E-02,
    -3.425037035852E-02,-2.740029628682E-02,-2.055022221511E-02,
    -1.370014814341E-02,-6.850074071704E-03,0.),.QUASI_UNIFORM_KNOTS.);
#5787 = CARTESIAN_POINT('',(-0.523598775598,5.));
#5788 = CARTESIAN_POINT('',(-0.522457097202,5.));
#5789 = CARTESIAN_POINT('',(-0.520146112207,5.001659624216));
#5790 = CARTESIAN_POINT('',(-0.516631178722,5.009158052473));
#5791 = CARTESIAN_POINT('',(-0.513102187329,5.021694162004));
#5792 = CARTESIAN_POINT('',(-0.50959364297,5.039301646952));
#5793 = CARTESIAN_POINT('',(-0.506139678163,5.061995612192));
#5794 = CARTESIAN_POINT('',(-0.502775806536,5.089860514873));
#5795 = CARTESIAN_POINT('',(-0.49953096674,5.12265449705));
#5796 = CARTESIAN_POINT('',(-0.496426936022,5.159822324926));
#5797 = CARTESIAN_POINT('',(-0.493488740263,5.200841025358));
#5798 = CARTESIAN_POINT('',(-0.490734251409,5.245304808406));
#5799 = CARTESIAN_POINT('',(-0.48820676315,5.29230689066));
#5800 = CARTESIAN_POINT('',(-0.485855079283,5.342827279392));
#5801 = CARTESIAN_POINT('',(-0.483630203104,5.397889830579));
#5802 = CARTESIAN_POINT('',(-0.481577539269,5.456629623858));
#5803 = CARTESIAN_POINT('',(-0.479717432937,5.518689731254));
#5804 = CARTESIAN_POINT('',(-0.478076095877,5.583570031584));
#5805 = CARTESIAN_POINT('',(-0.476681356389,5.650835184108));
#5806 = CARTESIAN_POINT('',(-0.475545389172,5.719906214776));
#5807 = CARTESIAN_POINT('',(-0.474663984921,5.7900719433));
#5808 = CARTESIAN_POINT('',(-0.474036413134,5.860649049755));
#5809 = CARTESIAN_POINT('',(-0.473661012088,5.93094674649));
#5810 = CARTESIAN_POINT('',(-0.473577918831,5.977166419761));
#5811 = CARTESIAN_POINT('',(-0.473577918792,6.));
#5812 = ( GEOMETRIC_REPRESENTATION_CONTEXT(2) 
PARAMETRIC_REPRESENTATION_CONTEXT() REPRESENTATION_CONTEXT('2D SPACE',''
  ) );
#5813 = ORIENTED_EDGE('',*,*,#5814,.F.);
#5814 = EDGE_CURVE('',#5738,#5764,#5815,.T.);
#5815 = SURFACE_CURVE('',#5816,(#5827,#5833),.PCURVE_S1.);
#5816 = B_SPLINE_CURVE_WITH_KNOTS('',3,(#5817,#5818,#5819,#5820,#5821,
    #5822,#5823,#5824,#5825,#5826),.UNSPECIFIED.,.F.,.F.,(4,2,2,2,4),(0.
    ,3.767541137374E-02,7.535082274748E-02,0.113026226162,0.150701629577
    ),.UNSPECIFIED.);
#5817 = CARTESIAN_POINT('',(16.798843892007,10.853517581503,8.));
#5818 = CARTESIAN_POINT('',(16.798843892007,10.853517581503,
    8.125584704579));
#5819 = CARTESIAN_POINT('',(16.812526303818,10.832431348646,
    8.259525925572));
#5820 = CARTESIAN_POINT('',(16.867643633899,10.746404416207,
    8.505899064618));
#5821 = CARTESIAN_POINT('',(16.909019131845,10.681430741693,
    8.618332757224));
#5822 = CARTESIAN_POINT('',(17.003232823246,10.530810236913,
    8.795880786396));
#5823 = CARTESIAN_POINT('',(17.062345290126,10.435111580307,
    8.872837402076));
#5824 = CARTESIAN_POINT('',(17.189615501453,10.224103843617,
    8.974897588258));
#5825 = CARTESIAN_POINT('',(17.257715736664,10.108759521517,9.));
#5826 = CARTESIAN_POINT('',(17.320508075689,9.999999999999,9.));
#5827 = PCURVE('',#4362,#5828);
#5828 = DEFINITIONAL_REPRESENTATION('',(#5829),#5832);
#5829 = B_SPLINE_CURVE_WITH_KNOTS('',1,(#5830,#5831),.UNSPECIFIED.,.F.,
  .F.,(2,2),(0.,0.150701629577),.PIECEWISE_BEZIER_KNOTS.);
#5830 = CARTESIAN_POINT('',(7.068583470577,-0.161639307673));
#5831 = CARTESIAN_POINT('',(5.497787143782,-0.186654952235));
#5832 = ( GEOMETRIC_REPRESENTATION_CONTEXT(2) 
PARAMETRIC_REPRESENTATION_CONTEXT() REPRESENTATION_CONTEXT('2D SPACE',''
  ) );
#5833 = PCURVE('',#1428,#5834);
#5834 = DEFINITIONAL_REPRESENTATION('',(#5835),#5861);
#5835 = B_SPLINE_CURVE_WITH_KNOTS('',3,(#5836,#5837,#5838,#5839,#5840,
    #5841,#5842,#5843,#5844,#5845,#5846,#5847,#5848,#5849,#5850,#5851,
    #5852,#5853,#5854,#5855,#5856,#5857,#5858,#5859,#5860),
  .UNSPECIFIED.,.F.,.F.,(4,1,1,1,1,1,1,1,1,1,1,1,1,1,1,1,1,1,1,1,1,1,4),
  (0.,6.850074071704E-03,1.370014814341E-02,2.055022221511E-02,
    2.740029628682E-02,3.425037035852E-02,4.110044443022E-02,
    4.795051850193E-02,5.480059257363E-02,6.165066664534E-02,
    6.850074071704E-02,7.535081478874E-02,8.220088886045E-02,
    8.905096293215E-02,9.590103700385E-02,0.102751111076,0.109601185147,
    0.116451259219,0.123301333291,0.130151407362,0.137001481434,
    0.143851555506,0.150701629577),.QUASI_UNIFORM_KNOTS.);
#5836 = CARTESIAN_POINT('',(-0.573619632404,6.));
#5837 = CARTESIAN_POINT('',(-0.573619632366,5.977166419761));
#5838 = CARTESIAN_POINT('',(-0.573536539109,5.93094674649));
#5839 = CARTESIAN_POINT('',(-0.573161138062,5.860649049755));
#5840 = CARTESIAN_POINT('',(-0.572533566275,5.7900719433));
#5841 = CARTESIAN_POINT('',(-0.571652162024,5.719906214776));
#5842 = CARTESIAN_POINT('',(-0.570516194807,5.650835184108));
#5843 = CARTESIAN_POINT('',(-0.569121455319,5.583570031584));
#5844 = CARTESIAN_POINT('',(-0.56748011826,5.518689731254));
#5845 = CARTESIAN_POINT('',(-0.565620011928,5.456629623858));
#5846 = CARTESIAN_POINT('',(-0.563567348093,5.397889830579));
#5847 = CARTESIAN_POINT('',(-0.561342471914,5.342827279392));
#5848 = CARTESIAN_POINT('',(-0.558990788046,5.29230689066));
#5849 = CARTESIAN_POINT('',(-0.556463299788,5.245304808406));
#5850 = CARTESIAN_POINT('',(-0.553708810933,5.200841025358));
#5851 = CARTESIAN_POINT('',(-0.550770615174,5.159822324926));
#5852 = CARTESIAN_POINT('',(-0.547666584456,5.12265449705));
#5853 = CARTESIAN_POINT('',(-0.544421744661,5.089860514873));
#5854 = CARTESIAN_POINT('',(-0.541057873034,5.061995612192));
#5855 = CARTESIAN_POINT('',(-0.537603908227,5.039301646952));
#5856 = CARTESIAN_POINT('',(-0.534095363867,5.021694162004));
#5857 = CARTESIAN_POINT('',(-0.530566372475,5.009158052473));
#5858 = CARTESIAN_POINT('',(-0.527051438989,5.001659624216));
#5859 = CARTESIAN_POINT('',(-0.524740453994,5.));
#5860 = CARTESIAN_POINT('',(-0.523598775598,5.));
#5861 = ( GEOMETRIC_REPRESENTATION_CONTEXT(2) 
PARAMETRIC_REPRESENTATION_CONTEXT() REPRESENTATION_CONTEXT('2D SPACE',''
  ) );
#5862 = ADVANCED_FACE('',(#5863),#484,.F.);
#5863 = FACE_BOUND('',#5864,.T.);
#5864 = EDGE_LOOP('',(#5865,#5866,#5867,#5868));
#5865 = ORIENTED_EDGE('',*,*,#1088,.F.);
#5866 = ORIENTED_EDGE('',*,*,#468,.F.);
#5867 = ORIENTED_EDGE('',*,*,#1339,.F.);
#5868 = ORIENTED_EDGE('',*,*,#5869,.F.);
#5869 = EDGE_CURVE('',#1089,#1266,#5870,.T.);
#5870 = SURFACE_CURVE('',#5871,(#5875,#5882),.PCURVE_S1.);
#5871 = LINE('',#5872,#5873);
#5872 = CARTESIAN_POINT('',(-1.,-12.62701665379,14.));
#5873 = VECTOR('',#5874,1.);
#5874 = DIRECTION('',(0.,0.,-1.));
#5875 = PCURVE('',#484,#5876);
#5876 = DEFINITIONAL_REPRESENTATION('',(#5877),#5881);
#5877 = LINE('',#5878,#5879);
#5878 = CARTESIAN_POINT('',(0.,12.));
#5879 = VECTOR('',#5880,1.);
#5880 = DIRECTION('',(-0.,-1.));
#5881 = ( GEOMETRIC_REPRESENTATION_CONTEXT(2) 
PARAMETRIC_REPRESENTATION_CONTEXT() REPRESENTATION_CONTEXT('2D SPACE',''
  ) );
#5882 = PCURVE('',#73,#5883);
#5883 = DEFINITIONAL_REPRESENTATION('',(#5884),#5888);
#5884 = LINE('',#5885,#5886);
#5885 = CARTESIAN_POINT('',(4.459708725243,0.));
#5886 = VECTOR('',#5887,1.);
#5887 = DIRECTION('',(0.,1.));
#5888 = ( GEOMETRIC_REPRESENTATION_CONTEXT(2) 
PARAMETRIC_REPRESENTATION_CONTEXT() REPRESENTATION_CONTEXT('2D SPACE',''
  ) );
#5889 = ADVANCED_FACE('',(#5890),#3008,.F.);
#5890 = FACE_BOUND('',#5891,.T.);
#5891 = EDGE_LOOP('',(#5892,#5893,#5914,#5915));
#5892 = ORIENTED_EDGE('',*,*,#3486,.F.);
#5893 = ORIENTED_EDGE('',*,*,#5894,.F.);
#5894 = EDGE_CURVE('',#3513,#3413,#5895,.T.);
#5895 = SURFACE_CURVE('',#5896,(#5900,#5907),.PCURVE_S1.);
#5896 = LINE('',#5897,#5898);
#5897 = CARTESIAN_POINT('',(-10.43531719619,7.179533730681,14.));
#5898 = VECTOR('',#5899,1.);
#5899 = DIRECTION('',(0.,0.,-1.));
#5900 = PCURVE('',#3008,#5901);
#5901 = DEFINITIONAL_REPRESENTATION('',(#5902),#5906);
#5902 = LINE('',#5903,#5904);
#5903 = CARTESIAN_POINT('',(0.,12.));
#5904 = VECTOR('',#5905,1.);
#5905 = DIRECTION('',(0.,-1.));
#5906 = ( GEOMETRIC_REPRESENTATION_CONTEXT(2) 
PARAMETRIC_REPRESENTATION_CONTEXT() REPRESENTATION_CONTEXT('2D SPACE',''
  ) );
#5907 = PCURVE('',#1570,#5908);
#5908 = DEFINITIONAL_REPRESENTATION('',(#5909),#5913);
#5909 = LINE('',#5910,#5911);
#5910 = CARTESIAN_POINT('',(0.270918520456,0.));
#5911 = VECTOR('',#5912,1.);
#5912 = DIRECTION('',(0.,1.));
#5913 = ( GEOMETRIC_REPRESENTATION_CONTEXT(2) 
PARAMETRIC_REPRESENTATION_CONTEXT() REPRESENTATION_CONTEXT('2D SPACE',''
  ) );
#5914 = ORIENTED_EDGE('',*,*,#3512,.F.);
#5915 = ORIENTED_EDGE('',*,*,#2992,.F.);
#5916 = ADVANCED_FACE('',(#5917),#2322,.F.);
#5917 = FACE_BOUND('',#5918,.T.);
#5918 = EDGE_LOOP('',(#5919,#5920,#5921,#5922));
#5919 = ORIENTED_EDGE('',*,*,#2308,.F.);
#5920 = ORIENTED_EDGE('',*,*,#2337,.F.);
#5921 = ORIENTED_EDGE('',*,*,#3986,.F.);
#5922 = ORIENTED_EDGE('',*,*,#5923,.F.);
#5923 = EDGE_CURVE('',#2126,#3987,#5924,.T.);
#5924 = SURFACE_CURVE('',#5925,(#5929,#5936),.PCURVE_S1.);
#5925 = LINE('',#5926,#5927);
#5926 = CARTESIAN_POINT('',(-16.798843892,10.853517581505,14.));
#5927 = VECTOR('',#5928,1.);
#5928 = DIRECTION('',(0.,0.,1.));
#5929 = PCURVE('',#2322,#5930);
#5930 = DEFINITIONAL_REPRESENTATION('',(#5931),#5935);
#5931 = LINE('',#5932,#5933);
#5932 = CARTESIAN_POINT('',(0.646557230692,12.));
#5933 = VECTOR('',#5934,1.);
#5934 = DIRECTION('',(0.,1.));
#5935 = ( GEOMETRIC_REPRESENTATION_CONTEXT(2) 
PARAMETRIC_REPRESENTATION_CONTEXT() REPRESENTATION_CONTEXT('2D SPACE',''
  ) );
#5936 = PCURVE('',#1428,#5937);
#5937 = DEFINITIONAL_REPRESENTATION('',(#5938),#5942);
#5938 = LINE('',#5939,#5940);
#5939 = CARTESIAN_POINT('',(-2.567973021186,0.));
#5940 = VECTOR('',#5941,1.);
#5941 = DIRECTION('',(0.,-1.));
#5942 = ( GEOMETRIC_REPRESENTATION_CONTEXT(2) 
PARAMETRIC_REPRESENTATION_CONTEXT() REPRESENTATION_CONTEXT('2D SPACE',''
  ) );
#5943 = ADVANCED_FACE('',(#5944),#123,.T.);
#5944 = FACE_BOUND('',#5945,.T.);
#5945 = EDGE_LOOP('',(#5946,#5947,#5971,#6000,#6033,#6062,#6084,#6085,
    #6086,#6087,#6109,#6110));
#5946 = ORIENTED_EDGE('',*,*,#107,.F.);
#5947 = ORIENTED_EDGE('',*,*,#5948,.T.);
#5948 = EDGE_CURVE('',#24,#5949,#5951,.T.);
#5949 = VERTEX_POINT('',#5950);
#5950 = CARTESIAN_POINT('',(3.953819740679,-15.89393939393,2.));
#5951 = SURFACE_CURVE('',#5952,(#5957,#5964),.PCURVE_S1.);
#5952 = CIRCLE('',#5953,4.);
#5953 = AXIS2_PLACEMENT_3D('',#5954,#5955,#5956);
#5954 = CARTESIAN_POINT('',(-2.620126338115E-13,-16.5,2.));
#5955 = DIRECTION('',(0.,0.,-1.));
#5956 = DIRECTION('',(1.,0.,0.));
#5957 = PCURVE('',#123,#5958);
#5958 = DEFINITIONAL_REPRESENTATION('',(#5959),#5963);
#5959 = CIRCLE('',#5960,4.);
#5960 = AXIS2_PLACEMENT_2D('',#5961,#5962);
#5961 = CARTESIAN_POINT('',(-2.642330798608E-13,16.5));
#5962 = DIRECTION('',(1.,0.));
#5963 = ( GEOMETRIC_REPRESENTATION_CONTEXT(2) 
PARAMETRIC_REPRESENTATION_CONTEXT() REPRESENTATION_CONTEXT('2D SPACE',''
  ) );
#5964 = PCURVE('',#73,#5965);
#5965 = DEFINITIONAL_REPRESENTATION('',(#5966),#5970);
#5966 = LINE('',#5967,#5968);
#5967 = CARTESIAN_POINT('',(0.,12.));
#5968 = VECTOR('',#5969,1.);
#5969 = DIRECTION('',(1.,0.));
#5970 = ( GEOMETRIC_REPRESENTATION_CONTEXT(2) 
PARAMETRIC_REPRESENTATION_CONTEXT() REPRESENTATION_CONTEXT('2D SPACE',''
  ) );
#5971 = ORIENTED_EDGE('',*,*,#5972,.F.);
#5972 = EDGE_CURVE('',#5973,#5949,#5975,.T.);
#5973 = VERTEX_POINT('',#5974);
#5974 = CARTESIAN_POINT('',(5.241806474385,-16.69651056014,2.));
#5975 = SURFACE_CURVE('',#5976,(#5981,#5988),.PCURVE_S1.);
#5976 = CIRCLE('',#5977,1.);
#5977 = AXIS2_PLACEMENT_3D('',#5978,#5979,#5980);
#5978 = CARTESIAN_POINT('',(4.942274675848,-15.74242424242,2.));
#5979 = DIRECTION('',(0.,0.,-1.));
#5980 = DIRECTION('',(-0.528851483173,-0.848714385848,-0.));
#5981 = PCURVE('',#123,#5982);
#5982 = DEFINITIONAL_REPRESENTATION('',(#5983),#5987);
#5983 = CIRCLE('',#5984,1.);
#5984 = AXIS2_PLACEMENT_2D('',#5985,#5986);
#5985 = CARTESIAN_POINT('',(4.942274675848,15.742424242424));
#5986 = DIRECTION('',(-0.528851483173,0.848714385848));
#5987 = ( GEOMETRIC_REPRESENTATION_CONTEXT(2) 
PARAMETRIC_REPRESENTATION_CONTEXT() REPRESENTATION_CONTEXT('2D SPACE',''
  ) );
#5988 = PCURVE('',#5989,#5994);
#5989 = CYLINDRICAL_SURFACE('',#5990,1.);
#5990 = AXIS2_PLACEMENT_3D('',#5991,#5992,#5993);
#5991 = CARTESIAN_POINT('',(4.942274675848,-15.74242424242,14.));
#5992 = DIRECTION('',(0.,0.,-1.));
#5993 = DIRECTION('',(-0.528851483173,-0.848714385848,-0.));
#5994 = DEFINITIONAL_REPRESENTATION('',(#5995),#5999);
#5995 = LINE('',#5996,#5997);
#5996 = CARTESIAN_POINT('',(0.,12.));
#5997 = VECTOR('',#5998,1.);
#5998 = DIRECTION('',(1.,0.));
#5999 = ( GEOMETRIC_REPRESENTATION_CONTEXT(2) 
PARAMETRIC_REPRESENTATION_CONTEXT() REPRESENTATION_CONTEXT('2D SPACE',''
  ) );
#6000 = ORIENTED_EDGE('',*,*,#6001,.T.);
#6001 = EDGE_CURVE('',#5973,#6002,#6004,.T.);
#6002 = VERTEX_POINT('',#6003);
#6003 = CARTESIAN_POINT('',(17.080505536835,3.808717711534,2.));
#6004 = SURFACE_CURVE('',#6005,(#6010,#6021),.PCURVE_S1.);
#6005 = CIRCLE('',#6006,17.5);
#6006 = AXIS2_PLACEMENT_3D('',#6007,#6008,#6009);
#6007 = CARTESIAN_POINT('',(2.22044604925E-15,4.440892098501E-15,2.));
#6008 = DIRECTION('',(0.,0.,1.));
#6009 = DIRECTION('',(1.,0.,-0.));
#6010 = PCURVE('',#123,#6011);
#6011 = DEFINITIONAL_REPRESENTATION('',(#6012),#6020);
#6012 = ( BOUNDED_CURVE() B_SPLINE_CURVE(2,(#6013,#6014,#6015,#6016,
#6017,#6018,#6019),.UNSPECIFIED.,.T.,.F.) B_SPLINE_CURVE_WITH_KNOTS((1,2
    ,2,2,2,1),(-2.094395102393,0.,2.094395102393,4.188790204786,
6.28318530718,8.377580409573),.UNSPECIFIED.) CURVE() 
GEOMETRIC_REPRESENTATION_ITEM() RATIONAL_B_SPLINE_CURVE((1.,0.5,1.,0.5,
1.,0.5,1.)) REPRESENTATION_ITEM('') );
#6013 = CARTESIAN_POINT('',(17.5,0.));
#6014 = CARTESIAN_POINT('',(17.5,-30.31088913245));
#6015 = CARTESIAN_POINT('',(-8.75,-15.15544456622));
#6016 = CARTESIAN_POINT('',(-35.,-4.286263797016E-15));
#6017 = CARTESIAN_POINT('',(-8.75,15.155444566228));
#6018 = CARTESIAN_POINT('',(17.5,30.310889132455));
#6019 = CARTESIAN_POINT('',(17.5,0.));
#6020 = ( GEOMETRIC_REPRESENTATION_CONTEXT(2) 
PARAMETRIC_REPRESENTATION_CONTEXT() REPRESENTATION_CONTEXT('2D SPACE',''
  ) );
#6021 = PCURVE('',#6022,#6027);
#6022 = CYLINDRICAL_SURFACE('',#6023,17.5);
#6023 = AXIS2_PLACEMENT_3D('',#6024,#6025,#6026);
#6024 = CARTESIAN_POINT('',(2.22044604925E-15,4.440892098501E-15,14.));
#6025 = DIRECTION('',(0.,0.,-1.));
#6026 = DIRECTION('',(1.,0.,0.));
#6027 = DEFINITIONAL_REPRESENTATION('',(#6028),#6032);
#6028 = LINE('',#6029,#6030);
#6029 = CARTESIAN_POINT('',(6.28318530718,12.));
#6030 = VECTOR('',#6031,1.);
#6031 = DIRECTION('',(-1.,0.));
#6032 = ( GEOMETRIC_REPRESENTATION_CONTEXT(2) 
PARAMETRIC_REPRESENTATION_CONTEXT() REPRESENTATION_CONTEXT('2D SPACE',''
  ) );
#6033 = ORIENTED_EDGE('',*,*,#6034,.F.);
#6034 = EDGE_CURVE('',#6035,#6002,#6037,.T.);
#6035 = VERTEX_POINT('',#6036);
#6036 = CARTESIAN_POINT('',(15.741465151701,4.522861359557,2.));
#6037 = SURFACE_CURVE('',#6038,(#6043,#6050),.PCURVE_S1.);
#6038 = CIRCLE('',#6039,1.);
#6039 = AXIS2_PLACEMENT_3D('',#6040,#6041,#6042);
#6040 = CARTESIAN_POINT('',(16.104476649016,3.591076699447,2.));
#6041 = DIRECTION('',(0.,0.,-1.));
#6042 = DIRECTION('',(0.470582477116,0.882356012181,0.));
#6043 = PCURVE('',#123,#6044);
#6044 = DEFINITIONAL_REPRESENTATION('',(#6045),#6049);
#6045 = CIRCLE('',#6046,1.);
#6046 = AXIS2_PLACEMENT_2D('',#6047,#6048);
#6047 = CARTESIAN_POINT('',(16.104476649016,-3.591076699447));
#6048 = DIRECTION('',(0.470582477116,-0.882356012181));
#6049 = ( GEOMETRIC_REPRESENTATION_CONTEXT(2) 
PARAMETRIC_REPRESENTATION_CONTEXT() REPRESENTATION_CONTEXT('2D SPACE',''
  ) );
#6050 = PCURVE('',#6051,#6056);
#6051 = CYLINDRICAL_SURFACE('',#6052,1.);
#6052 = AXIS2_PLACEMENT_3D('',#6053,#6054,#6055);
#6053 = CARTESIAN_POINT('',(16.104476649016,3.591076699447,14.));
#6054 = DIRECTION('',(0.,0.,-1.));
#6055 = DIRECTION('',(0.470582477116,0.882356012181,0.));
#6056 = DEFINITIONAL_REPRESENTATION('',(#6057),#6061);
#6057 = LINE('',#6058,#6059);
#6058 = CARTESIAN_POINT('',(0.,12.));
#6059 = VECTOR('',#6060,1.);
#6060 = DIRECTION('',(1.,0.));
#6061 = ( GEOMETRIC_REPRESENTATION_CONTEXT(2) 
PARAMETRIC_REPRESENTATION_CONTEXT() REPRESENTATION_CONTEXT('2D SPACE',''
  ) );
#6062 = ORIENTED_EDGE('',*,*,#6063,.T.);
#6063 = EDGE_CURVE('',#6035,#5414,#6064,.T.);
#6064 = SURFACE_CURVE('',#6065,(#6070,#6077),.PCURVE_S1.);
#6065 = CIRCLE('',#6066,4.);
#6066 = AXIS2_PLACEMENT_3D('',#6067,#6068,#6069);
#6067 = CARTESIAN_POINT('',(14.289419162443,8.25,2.));
#6068 = DIRECTION('',(0.,0.,-1.));
#6069 = DIRECTION('',(1.,0.,0.));
#6070 = PCURVE('',#123,#6071);
#6071 = DEFINITIONAL_REPRESENTATION('',(#6072),#6076);
#6072 = CIRCLE('',#6073,4.);
#6073 = AXIS2_PLACEMENT_2D('',#6074,#6075);
#6074 = CARTESIAN_POINT('',(14.289419162443,-8.25));
#6075 = DIRECTION('',(1.,0.));
#6076 = ( GEOMETRIC_REPRESENTATION_CONTEXT(2) 
PARAMETRIC_REPRESENTATION_CONTEXT() REPRESENTATION_CONTEXT('2D SPACE',''
  ) );
#6077 = PCURVE('',#3260,#6078);
#6078 = DEFINITIONAL_REPRESENTATION('',(#6079),#6083);
#6079 = LINE('',#6080,#6081);
#6080 = CARTESIAN_POINT('',(-2.617993877992,12.));
#6081 = VECTOR('',#6082,1.);
#6082 = DIRECTION('',(1.,0.));
#6083 = ( GEOMETRIC_REPRESENTATION_CONTEXT(2) 
PARAMETRIC_REPRESENTATION_CONTEXT() REPRESENTATION_CONTEXT('2D SPACE',''
  ) );
#6084 = ORIENTED_EDGE('',*,*,#5511,.F.);
#6085 = ORIENTED_EDGE('',*,*,#5133,.T.);
#6086 = ORIENTED_EDGE('',*,*,#4196,.F.);
#6087 = ORIENTED_EDGE('',*,*,#6088,.T.);
#6088 = EDGE_CURVE('',#4118,#1848,#6089,.T.);
#6089 = SURFACE_CURVE('',#6090,(#6095,#6102),.PCURVE_S1.);
#6090 = CIRCLE('',#6091,20.);
#6091 = AXIS2_PLACEMENT_3D('',#6092,#6093,#6094);
#6092 = CARTESIAN_POINT('',(2.22044604925E-15,4.440892098501E-15,2.));
#6093 = DIRECTION('',(0.,0.,-1.));
#6094 = DIRECTION('',(1.,0.,0.));
#6095 = PCURVE('',#123,#6096);
#6096 = DEFINITIONAL_REPRESENTATION('',(#6097),#6101);
#6097 = CIRCLE('',#6098,20.);
#6098 = AXIS2_PLACEMENT_2D('',#6099,#6100);
#6099 = CARTESIAN_POINT('',(0.,0.));
#6100 = DIRECTION('',(1.,0.));
#6101 = ( GEOMETRIC_REPRESENTATION_CONTEXT(2) 
PARAMETRIC_REPRESENTATION_CONTEXT() REPRESENTATION_CONTEXT('2D SPACE',''
  ) );
#6102 = PCURVE('',#1428,#6103);
#6103 = DEFINITIONAL_REPRESENTATION('',(#6104),#6108);
#6104 = LINE('',#6105,#6106);
#6105 = CARTESIAN_POINT('',(-6.28318530718,12.));
#6106 = VECTOR('',#6107,1.);
#6107 = DIRECTION('',(1.,0.));
#6108 = ( GEOMETRIC_REPRESENTATION_CONTEXT(2) 
PARAMETRIC_REPRESENTATION_CONTEXT() REPRESENTATION_CONTEXT('2D SPACE',''
  ) );
#6109 = ORIENTED_EDGE('',*,*,#1945,.F.);
#6110 = ORIENTED_EDGE('',*,*,#1058,.T.);
#6111 = ADVANCED_FACE('',(#6112),#1428,.T.);
#6112 = FACE_BOUND('',#6113,.T.);
#6113 = EDGE_LOOP('',(#6114,#6115,#6116,#6117,#6118,#6119,#6120,#6121,
    #6122,#6123,#6124,#6125,#6146,#6147,#6148,#6149,#6150,#6151,#6152,
    #6153,#6154,#6155,#6178,#6205,#6206));
#6114 = ORIENTED_EDGE('',*,*,#1698,.F.);
#6115 = ORIENTED_EDGE('',*,*,#1823,.T.);
#6116 = ORIENTED_EDGE('',*,*,#2019,.F.);
#6117 = ORIENTED_EDGE('',*,*,#2070,.F.);
#6118 = ORIENTED_EDGE('',*,*,#1970,.T.);
#6119 = ORIENTED_EDGE('',*,*,#1847,.F.);
#6120 = ORIENTED_EDGE('',*,*,#6088,.F.);
#6121 = ORIENTED_EDGE('',*,*,#4115,.F.);
#6122 = ORIENTED_EDGE('',*,*,#4374,.T.);
#6123 = ORIENTED_EDGE('',*,*,#5763,.F.);
#6124 = ORIENTED_EDGE('',*,*,#5814,.F.);
#6125 = ORIENTED_EDGE('',*,*,#6126,.T.);
#6126 = EDGE_CURVE('',#5738,#5164,#6127,.T.);
#6127 = SURFACE_CURVE('',#6128,(#6132,#6139),.PCURVE_S1.);
#6128 = LINE('',#6129,#6130);
#6129 = CARTESIAN_POINT('',(16.798843892007,10.853517581503,14.));
#6130 = VECTOR('',#6131,1.);
#6131 = DIRECTION('',(0.,0.,-1.));
#6132 = PCURVE('',#1428,#6133);
#6133 = DEFINITIONAL_REPRESENTATION('',(#6134),#6138);
#6134 = LINE('',#6135,#6136);
#6135 = CARTESIAN_POINT('',(-0.573619632404,0.));
#6136 = VECTOR('',#6137,1.);
#6137 = DIRECTION('',(0.,1.));
#6138 = ( GEOMETRIC_REPRESENTATION_CONTEXT(2) 
PARAMETRIC_REPRESENTATION_CONTEXT() REPRESENTATION_CONTEXT('2D SPACE',''
  ) );
#6139 = PCURVE('',#4563,#6140);
#6140 = DEFINITIONAL_REPRESENTATION('',(#6141),#6145);
#6141 = LINE('',#6142,#6143);
#6142 = CARTESIAN_POINT('',(4.935538145437E-14,12.));
#6143 = VECTOR('',#6144,1.);
#6144 = DIRECTION('',(-0.,-1.));
#6145 = ( GEOMETRIC_REPRESENTATION_CONTEXT(2) 
PARAMETRIC_REPRESENTATION_CONTEXT() REPRESENTATION_CONTEXT('2D SPACE',''
  ) );
#6146 = ORIENTED_EDGE('',*,*,#5163,.F.);
#6147 = ORIENTED_EDGE('',*,*,#3130,.F.);
#6148 = ORIENTED_EDGE('',*,*,#2125,.F.);
#6149 = ORIENTED_EDGE('',*,*,#5923,.T.);
#6150 = ORIENTED_EDGE('',*,*,#4009,.F.);
#6151 = ORIENTED_EDGE('',*,*,#4060,.F.);
#6152 = ORIENTED_EDGE('',*,*,#3962,.T.);
#6153 = ORIENTED_EDGE('',*,*,#3836,.F.);
#6154 = ORIENTED_EDGE('',*,*,#1440,.F.);
#6155 = ORIENTED_EDGE('',*,*,#6156,.T.);
#6156 = EDGE_CURVE('',#1412,#6157,#6159,.T.);
#6157 = VERTEX_POINT('',#6158);
#6158 = CARTESIAN_POINT('',(-20.,6.890185696795E-15,14.));
#6159 = SEAM_CURVE('',#6160,(#6164,#6171),.PCURVE_S1.);
#6160 = LINE('',#6161,#6162);
#6161 = CARTESIAN_POINT('',(-20.,6.890185696795E-15,14.));
#6162 = VECTOR('',#6163,1.);
#6163 = DIRECTION('',(0.,0.,1.));
#6164 = PCURVE('',#1428,#6165);
#6165 = DEFINITIONAL_REPRESENTATION('',(#6166),#6170);
#6166 = LINE('',#6167,#6168);
#6167 = CARTESIAN_POINT('',(-3.14159265359,0.));
#6168 = VECTOR('',#6169,1.);
#6169 = DIRECTION('',(0.,-1.));
#6170 = ( GEOMETRIC_REPRESENTATION_CONTEXT(2) 
PARAMETRIC_REPRESENTATION_CONTEXT() REPRESENTATION_CONTEXT('2D SPACE',''
  ) );
#6171 = PCURVE('',#1428,#6172);
#6172 = DEFINITIONAL_REPRESENTATION('',(#6173),#6177);
#6173 = LINE('',#6174,#6175);
#6174 = CARTESIAN_POINT('',(3.14159265359,0.));
#6175 = VECTOR('',#6176,1.);
#6176 = DIRECTION('',(0.,-1.));
#6177 = ( GEOMETRIC_REPRESENTATION_CONTEXT(2) 
PARAMETRIC_REPRESENTATION_CONTEXT() REPRESENTATION_CONTEXT('2D SPACE',''
  ) );
#6178 = ORIENTED_EDGE('',*,*,#6179,.T.);
#6179 = EDGE_CURVE('',#6157,#6157,#6180,.T.);
#6180 = SURFACE_CURVE('',#6181,(#6186,#6193),.PCURVE_S1.);
#6181 = CIRCLE('',#6182,20.);
#6182 = AXIS2_PLACEMENT_3D('',#6183,#6184,#6185);
#6183 = CARTESIAN_POINT('',(2.22044604925E-15,4.440892098501E-15,14.));
#6184 = DIRECTION('',(0.,0.,-1.));
#6185 = DIRECTION('',(1.,0.,0.));
#6186 = PCURVE('',#1428,#6187);
#6187 = DEFINITIONAL_REPRESENTATION('',(#6188),#6192);
#6188 = LINE('',#6189,#6190);
#6189 = CARTESIAN_POINT('',(-6.28318530718,0.));
#6190 = VECTOR('',#6191,1.);
#6191 = DIRECTION('',(1.,0.));
#6192 = ( GEOMETRIC_REPRESENTATION_CONTEXT(2) 
PARAMETRIC_REPRESENTATION_CONTEXT() REPRESENTATION_CONTEXT('2D SPACE',''
  ) );
#6193 = PCURVE('',#6194,#6199);
#6194 = PLANE('',#6195);
#6195 = AXIS2_PLACEMENT_3D('',#6196,#6197,#6198);
#6196 = CARTESIAN_POINT('',(2.22044604925E-15,4.440892098501E-15,14.));
#6197 = DIRECTION('',(0.,0.,-1.));
#6198 = DIRECTION('',(1.,0.,0.));
#6199 = DEFINITIONAL_REPRESENTATION('',(#6200),#6204);
#6200 = CIRCLE('',#6201,20.);
#6201 = AXIS2_PLACEMENT_2D('',#6202,#6203);
#6202 = CARTESIAN_POINT('',(0.,0.));
#6203 = DIRECTION('',(1.,0.));
#6204 = ( GEOMETRIC_REPRESENTATION_CONTEXT(2) 
PARAMETRIC_REPRESENTATION_CONTEXT() REPRESENTATION_CONTEXT('2D SPACE',''
  ) );
#6205 = ORIENTED_EDGE('',*,*,#6156,.F.);
#6206 = ORIENTED_EDGE('',*,*,#1411,.F.);
#6207 = ADVANCED_FACE('',(#6208),#4563,.F.);
#6208 = FACE_BOUND('',#6209,.T.);
#6209 = EDGE_LOOP('',(#6210,#6211,#6212,#6213));
#6210 = ORIENTED_EDGE('',*,*,#5237,.F.);
#6211 = ORIENTED_EDGE('',*,*,#6126,.F.);
#6212 = ORIENTED_EDGE('',*,*,#5737,.F.);
#6213 = ORIENTED_EDGE('',*,*,#4547,.F.);
#6214 = ADVANCED_FACE('',(#6215,#6218),#4756,.T.);
#6215 = FACE_BOUND('',#6216,.T.);
#6216 = EDGE_LOOP('',(#6217));
#6217 = ORIENTED_EDGE('',*,*,#4741,.F.);
#6218 = FACE_BOUND('',#6219,.T.);
#6219 = EDGE_LOOP('',(#6220));
#6220 = ORIENTED_EDGE('',*,*,#6221,.F.);
#6221 = EDGE_CURVE('',#6222,#6222,#6224,.T.);
#6222 = VERTEX_POINT('',#6223);
#6223 = CARTESIAN_POINT('',(15.989419162443,8.25,11.));
#6224 = SURFACE_CURVE('',#6225,(#6230,#6237),.PCURVE_S1.);
#6225 = CIRCLE('',#6226,1.7);
#6226 = AXIS2_PLACEMENT_3D('',#6227,#6228,#6229);
#6227 = CARTESIAN_POINT('',(14.289419162443,8.25,11.));
#6228 = DIRECTION('',(0.,0.,-1.));
#6229 = DIRECTION('',(-1.,0.,0.));
#6230 = PCURVE('',#4756,#6231);
#6231 = DEFINITIONAL_REPRESENTATION('',(#6232),#6236);
#6232 = CIRCLE('',#6233,1.7);
#6233 = AXIS2_PLACEMENT_2D('',#6234,#6235);
#6234 = CARTESIAN_POINT('',(0.,0.));
#6235 = DIRECTION('',(-1.,0.));
#6236 = ( GEOMETRIC_REPRESENTATION_CONTEXT(2) 
PARAMETRIC_REPRESENTATION_CONTEXT() REPRESENTATION_CONTEXT('2D SPACE',''
  ) );
#6237 = PCURVE('',#6238,#6243);
#6238 = CYLINDRICAL_SURFACE('',#6239,1.7);
#6239 = AXIS2_PLACEMENT_3D('',#6240,#6241,#6242);
#6240 = CARTESIAN_POINT('',(14.289419162443,8.25,8.6));
#6241 = DIRECTION('',(0.,0.,1.));
#6242 = DIRECTION('',(-1.,0.,0.));
#6243 = DEFINITIONAL_REPRESENTATION('',(#6244),#6248);
#6244 = LINE('',#6245,#6246);
#6245 = CARTESIAN_POINT('',(6.28318530718,2.4));
#6246 = VECTOR('',#6247,1.);
#6247 = DIRECTION('',(-1.,0.));
#6248 = ( GEOMETRIC_REPRESENTATION_CONTEXT(2) 
PARAMETRIC_REPRESENTATION_CONTEXT() REPRESENTATION_CONTEXT('2D SPACE',''
  ) );
#6249 = ADVANCED_FACE('',(#6250,#6253),#646,.T.);
#6250 = FACE_BOUND('',#6251,.T.);
#6251 = EDGE_LOOP('',(#6252));
#6252 = ORIENTED_EDGE('',*,*,#631,.F.);
#6253 = FACE_BOUND('',#6254,.T.);
#6254 = EDGE_LOOP('',(#6255));
#6255 = ORIENTED_EDGE('',*,*,#6256,.F.);
#6256 = EDGE_CURVE('',#6257,#6257,#6259,.T.);
#6257 = VERTEX_POINT('',#6258);
#6258 = CARTESIAN_POINT('',(1.7,-16.5,11.));
#6259 = SURFACE_CURVE('',#6260,(#6265,#6272),.PCURVE_S1.);
#6260 = CIRCLE('',#6261,1.7);
#6261 = AXIS2_PLACEMENT_3D('',#6262,#6263,#6264);
#6262 = CARTESIAN_POINT('',(-2.423380209587E-13,-16.5,11.));
#6263 = DIRECTION('',(0.,0.,-1.));
#6264 = DIRECTION('',(-1.,0.,0.));
#6265 = PCURVE('',#646,#6266);
#6266 = DEFINITIONAL_REPRESENTATION('',(#6267),#6271);
#6267 = CIRCLE('',#6268,1.7);
#6268 = AXIS2_PLACEMENT_2D('',#6269,#6270);
#6269 = CARTESIAN_POINT('',(2.45709921923E-16,0.));
#6270 = DIRECTION('',(-1.,0.));
#6271 = ( GEOMETRIC_REPRESENTATION_CONTEXT(2) 
PARAMETRIC_REPRESENTATION_CONTEXT() REPRESENTATION_CONTEXT('2D SPACE',''
  ) );
#6272 = PCURVE('',#6273,#6278);
#6273 = CYLINDRICAL_SURFACE('',#6274,1.7);
#6274 = AXIS2_PLACEMENT_3D('',#6275,#6276,#6277);
#6275 = CARTESIAN_POINT('',(-2.423380209587E-13,-16.5,8.6));
#6276 = DIRECTION('',(0.,0.,1.));
#6277 = DIRECTION('',(-1.,0.,0.));
#6278 = DEFINITIONAL_REPRESENTATION('',(#6279),#6283);
#6279 = LINE('',#6280,#6281);
#6280 = CARTESIAN_POINT('',(6.28318530718,2.4));
#6281 = VECTOR('',#6282,1.);
#6282 = DIRECTION('',(-1.,0.));
#6283 = ( GEOMETRIC_REPRESENTATION_CONTEXT(2) 
PARAMETRIC_REPRESENTATION_CONTEXT() REPRESENTATION_CONTEXT('2D SPACE',''
  ) );
#6284 = ADVANCED_FACE('',(#6285,#6288),#2651,.T.);
#6285 = FACE_BOUND('',#6286,.T.);
#6286 = EDGE_LOOP('',(#6287));
#6287 = ORIENTED_EDGE('',*,*,#2636,.F.);
#6288 = FACE_BOUND('',#6289,.T.);
#6289 = EDGE_LOOP('',(#6290));
#6290 = ORIENTED_EDGE('',*,*,#6291,.F.);
#6291 = EDGE_CURVE('',#6292,#6292,#6294,.T.);
#6292 = VERTEX_POINT('',#6293);
#6293 = CARTESIAN_POINT('',(-12.58941916244,8.25,11.));
#6294 = SURFACE_CURVE('',#6295,(#6300,#6307),.PCURVE_S1.);
#6295 = CIRCLE('',#6296,1.7);
#6296 = AXIS2_PLACEMENT_3D('',#6297,#6298,#6299);
#6297 = CARTESIAN_POINT('',(-14.28941916244,8.25,11.));
#6298 = DIRECTION('',(0.,0.,-1.));
#6299 = DIRECTION('',(-1.,0.,0.));
#6300 = PCURVE('',#2651,#6301);
#6301 = DEFINITIONAL_REPRESENTATION('',(#6302),#6306);
#6302 = CIRCLE('',#6303,1.7);
#6303 = AXIS2_PLACEMENT_2D('',#6304,#6305);
#6304 = CARTESIAN_POINT('',(0.,0.));
#6305 = DIRECTION('',(-1.,0.));
#6306 = ( GEOMETRIC_REPRESENTATION_CONTEXT(2) 
PARAMETRIC_REPRESENTATION_CONTEXT() REPRESENTATION_CONTEXT('2D SPACE',''
  ) );
#6307 = PCURVE('',#6308,#6313);
#6308 = CYLINDRICAL_SURFACE('',#6309,1.7);
#6309 = AXIS2_PLACEMENT_3D('',#6310,#6311,#6312);
#6310 = CARTESIAN_POINT('',(-14.28941916244,8.25,8.6));
#6311 = DIRECTION('',(0.,0.,1.));
#6312 = DIRECTION('',(-1.,0.,0.));
#6313 = DEFINITIONAL_REPRESENTATION('',(#6314),#6318);
#6314 = LINE('',#6315,#6316);
#6315 = CARTESIAN_POINT('',(6.28318530718,2.4));
#6316 = VECTOR('',#6317,1.);
#6317 = DIRECTION('',(-1.,0.));
#6318 = ( GEOMETRIC_REPRESENTATION_CONTEXT(2) 
PARAMETRIC_REPRESENTATION_CONTEXT() REPRESENTATION_CONTEXT('2D SPACE',''
  ) );
#6319 = ADVANCED_FACE('',(#6320),#6238,.F.);
#6320 = FACE_BOUND('',#6321,.F.);
#6321 = EDGE_LOOP('',(#6322,#6345,#6367,#6368));
#6322 = ORIENTED_EDGE('',*,*,#6323,.T.);
#6323 = EDGE_CURVE('',#6222,#6324,#6326,.T.);
#6324 = VERTEX_POINT('',#6325);
#6325 = CARTESIAN_POINT('',(15.989419162443,8.25,14.));
#6326 = SEAM_CURVE('',#6327,(#6331,#6338),.PCURVE_S1.);
#6327 = LINE('',#6328,#6329);
#6328 = CARTESIAN_POINT('',(15.989419162443,8.25,8.6));
#6329 = VECTOR('',#6330,1.);
#6330 = DIRECTION('',(0.,0.,1.));
#6331 = PCURVE('',#6238,#6332);
#6332 = DEFINITIONAL_REPRESENTATION('',(#6333),#6337);
#6333 = LINE('',#6334,#6335);
#6334 = CARTESIAN_POINT('',(3.14159265359,0.));
#6335 = VECTOR('',#6336,1.);
#6336 = DIRECTION('',(0.,1.));
#6337 = ( GEOMETRIC_REPRESENTATION_CONTEXT(2) 
PARAMETRIC_REPRESENTATION_CONTEXT() REPRESENTATION_CONTEXT('2D SPACE',''
  ) );
#6338 = PCURVE('',#6238,#6339);
#6339 = DEFINITIONAL_REPRESENTATION('',(#6340),#6344);
#6340 = LINE('',#6341,#6342);
#6341 = CARTESIAN_POINT('',(-3.14159265359,0.));
#6342 = VECTOR('',#6343,1.);
#6343 = DIRECTION('',(0.,1.));
#6344 = ( GEOMETRIC_REPRESENTATION_CONTEXT(2) 
PARAMETRIC_REPRESENTATION_CONTEXT() REPRESENTATION_CONTEXT('2D SPACE',''
  ) );
#6345 = ORIENTED_EDGE('',*,*,#6346,.T.);
#6346 = EDGE_CURVE('',#6324,#6324,#6347,.T.);
#6347 = SURFACE_CURVE('',#6348,(#6353,#6360),.PCURVE_S1.);
#6348 = CIRCLE('',#6349,1.7);
#6349 = AXIS2_PLACEMENT_3D('',#6350,#6351,#6352);
#6350 = CARTESIAN_POINT('',(14.289419162443,8.25,14.));
#6351 = DIRECTION('',(0.,0.,-1.));
#6352 = DIRECTION('',(-1.,0.,0.));
#6353 = PCURVE('',#6238,#6354);
#6354 = DEFINITIONAL_REPRESENTATION('',(#6355),#6359);
#6355 = LINE('',#6356,#6357);
#6356 = CARTESIAN_POINT('',(6.28318530718,5.4));
#6357 = VECTOR('',#6358,1.);
#6358 = DIRECTION('',(-1.,0.));
#6359 = ( GEOMETRIC_REPRESENTATION_CONTEXT(2) 
PARAMETRIC_REPRESENTATION_CONTEXT() REPRESENTATION_CONTEXT('2D SPACE',''
  ) );
#6360 = PCURVE('',#6194,#6361);
#6361 = DEFINITIONAL_REPRESENTATION('',(#6362),#6366);
#6362 = CIRCLE('',#6363,1.7);
#6363 = AXIS2_PLACEMENT_2D('',#6364,#6365);
#6364 = CARTESIAN_POINT('',(14.289419162443,-8.25));
#6365 = DIRECTION('',(-1.,0.));
#6366 = ( GEOMETRIC_REPRESENTATION_CONTEXT(2) 
PARAMETRIC_REPRESENTATION_CONTEXT() REPRESENTATION_CONTEXT('2D SPACE',''
  ) );
#6367 = ORIENTED_EDGE('',*,*,#6323,.F.);
#6368 = ORIENTED_EDGE('',*,*,#6221,.F.);
#6369 = ADVANCED_FACE('',(#6370),#6308,.F.);
#6370 = FACE_BOUND('',#6371,.F.);
#6371 = EDGE_LOOP('',(#6372,#6395,#6417,#6418));
#6372 = ORIENTED_EDGE('',*,*,#6373,.T.);
#6373 = EDGE_CURVE('',#6292,#6374,#6376,.T.);
#6374 = VERTEX_POINT('',#6375);
#6375 = CARTESIAN_POINT('',(-12.58941916244,8.25,14.));
#6376 = SEAM_CURVE('',#6377,(#6381,#6388),.PCURVE_S1.);
#6377 = LINE('',#6378,#6379);
#6378 = CARTESIAN_POINT('',(-12.58941916244,8.25,8.6));
#6379 = VECTOR('',#6380,1.);
#6380 = DIRECTION('',(0.,0.,1.));
#6381 = PCURVE('',#6308,#6382);
#6382 = DEFINITIONAL_REPRESENTATION('',(#6383),#6387);
#6383 = LINE('',#6384,#6385);
#6384 = CARTESIAN_POINT('',(3.14159265359,0.));
#6385 = VECTOR('',#6386,1.);
#6386 = DIRECTION('',(0.,1.));
#6387 = ( GEOMETRIC_REPRESENTATION_CONTEXT(2) 
PARAMETRIC_REPRESENTATION_CONTEXT() REPRESENTATION_CONTEXT('2D SPACE',''
  ) );
#6388 = PCURVE('',#6308,#6389);
#6389 = DEFINITIONAL_REPRESENTATION('',(#6390),#6394);
#6390 = LINE('',#6391,#6392);
#6391 = CARTESIAN_POINT('',(-3.14159265359,0.));
#6392 = VECTOR('',#6393,1.);
#6393 = DIRECTION('',(0.,1.));
#6394 = ( GEOMETRIC_REPRESENTATION_CONTEXT(2) 
PARAMETRIC_REPRESENTATION_CONTEXT() REPRESENTATION_CONTEXT('2D SPACE',''
  ) );
#6395 = ORIENTED_EDGE('',*,*,#6396,.T.);
#6396 = EDGE_CURVE('',#6374,#6374,#6397,.T.);
#6397 = SURFACE_CURVE('',#6398,(#6403,#6410),.PCURVE_S1.);
#6398 = CIRCLE('',#6399,1.7);
#6399 = AXIS2_PLACEMENT_3D('',#6400,#6401,#6402);
#6400 = CARTESIAN_POINT('',(-14.28941916244,8.25,14.));
#6401 = DIRECTION('',(0.,0.,-1.));
#6402 = DIRECTION('',(-1.,0.,0.));
#6403 = PCURVE('',#6308,#6404);
#6404 = DEFINITIONAL_REPRESENTATION('',(#6405),#6409);
#6405 = LINE('',#6406,#6407);
#6406 = CARTESIAN_POINT('',(6.28318530718,5.4));
#6407 = VECTOR('',#6408,1.);
#6408 = DIRECTION('',(-1.,0.));
#6409 = ( GEOMETRIC_REPRESENTATION_CONTEXT(2) 
PARAMETRIC_REPRESENTATION_CONTEXT() REPRESENTATION_CONTEXT('2D SPACE',''
  ) );
#6410 = PCURVE('',#6194,#6411);
#6411 = DEFINITIONAL_REPRESENTATION('',(#6412),#6416);
#6412 = CIRCLE('',#6413,1.7);
#6413 = AXIS2_PLACEMENT_2D('',#6414,#6415);
#6414 = CARTESIAN_POINT('',(-14.28941916244,-8.25));
#6415 = DIRECTION('',(-1.,0.));
#6416 = ( GEOMETRIC_REPRESENTATION_CONTEXT(2) 
PARAMETRIC_REPRESENTATION_CONTEXT() REPRESENTATION_CONTEXT('2D SPACE',''
  ) );
#6417 = ORIENTED_EDGE('',*,*,#6373,.F.);
#6418 = ORIENTED_EDGE('',*,*,#6291,.F.);
#6419 = ADVANCED_FACE('',(#6420),#6273,.F.);
#6420 = FACE_BOUND('',#6421,.F.);
#6421 = EDGE_LOOP('',(#6422,#6445,#6467,#6468));
#6422 = ORIENTED_EDGE('',*,*,#6423,.T.);
#6423 = EDGE_CURVE('',#6257,#6424,#6426,.T.);
#6424 = VERTEX_POINT('',#6425);
#6425 = CARTESIAN_POINT('',(1.7,-16.5,14.));
#6426 = SEAM_CURVE('',#6427,(#6431,#6438),.PCURVE_S1.);
#6427 = LINE('',#6428,#6429);
#6428 = CARTESIAN_POINT('',(1.7,-16.5,8.6));
#6429 = VECTOR('',#6430,1.);
#6430 = DIRECTION('',(0.,0.,1.));
#6431 = PCURVE('',#6273,#6432);
#6432 = DEFINITIONAL_REPRESENTATION('',(#6433),#6437);
#6433 = LINE('',#6434,#6435);
#6434 = CARTESIAN_POINT('',(3.14159265359,0.));
#6435 = VECTOR('',#6436,1.);
#6436 = DIRECTION('',(0.,1.));
#6437 = ( GEOMETRIC_REPRESENTATION_CONTEXT(2) 
PARAMETRIC_REPRESENTATION_CONTEXT() REPRESENTATION_CONTEXT('2D SPACE',''
  ) );
#6438 = PCURVE('',#6273,#6439);
#6439 = DEFINITIONAL_REPRESENTATION('',(#6440),#6444);
#6440 = LINE('',#6441,#6442);
#6441 = CARTESIAN_POINT('',(-3.14159265359,0.));
#6442 = VECTOR('',#6443,1.);
#6443 = DIRECTION('',(0.,1.));
#6444 = ( GEOMETRIC_REPRESENTATION_CONTEXT(2) 
PARAMETRIC_REPRESENTATION_CONTEXT() REPRESENTATION_CONTEXT('2D SPACE',''
  ) );
#6445 = ORIENTED_EDGE('',*,*,#6446,.T.);
#6446 = EDGE_CURVE('',#6424,#6424,#6447,.T.);
#6447 = SURFACE_CURVE('',#6448,(#6453,#6460),.PCURVE_S1.);
#6448 = CIRCLE('',#6449,1.7);
#6449 = AXIS2_PLACEMENT_3D('',#6450,#6451,#6452);
#6450 = CARTESIAN_POINT('',(-2.423380209587E-13,-16.5,14.));
#6451 = DIRECTION('',(0.,0.,-1.));
#6452 = DIRECTION('',(-1.,0.,0.));
#6453 = PCURVE('',#6273,#6454);
#6454 = DEFINITIONAL_REPRESENTATION('',(#6455),#6459);
#6455 = LINE('',#6456,#6457);
#6456 = CARTESIAN_POINT('',(6.28318530718,5.4));
#6457 = VECTOR('',#6458,1.);
#6458 = DIRECTION('',(-1.,0.));
#6459 = ( GEOMETRIC_REPRESENTATION_CONTEXT(2) 
PARAMETRIC_REPRESENTATION_CONTEXT() REPRESENTATION_CONTEXT('2D SPACE',''
  ) );
#6460 = PCURVE('',#6194,#6461);
#6461 = DEFINITIONAL_REPRESENTATION('',(#6462),#6466);
#6462 = CIRCLE('',#6463,1.7);
#6463 = AXIS2_PLACEMENT_2D('',#6464,#6465);
#6464 = CARTESIAN_POINT('',(-2.445584670079E-13,16.5));
#6465 = DIRECTION('',(-1.,0.));
#6466 = ( GEOMETRIC_REPRESENTATION_CONTEXT(2) 
PARAMETRIC_REPRESENTATION_CONTEXT() REPRESENTATION_CONTEXT('2D SPACE',''
  ) );
#6467 = ORIENTED_EDGE('',*,*,#6423,.F.);
#6468 = ORIENTED_EDGE('',*,*,#6256,.F.);
#6469 = ADVANCED_FACE('',(#6470),#1661,.F.);
#6470 = FACE_BOUND('',#6471,.F.);
#6471 = EDGE_LOOP('',(#6472,#6495,#6496,#6519));
#6472 = ORIENTED_EDGE('',*,*,#6473,.F.);
#6473 = EDGE_CURVE('',#1612,#6474,#6476,.T.);
#6474 = VERTEX_POINT('',#6475);
#6475 = CARTESIAN_POINT('',(-5.241806474385,-16.69651056014,14.));
#6476 = SURFACE_CURVE('',#6477,(#6481,#6488),.PCURVE_S1.);
#6477 = LINE('',#6478,#6479);
#6478 = CARTESIAN_POINT('',(-5.241806474385,-16.69651056014,14.));
#6479 = VECTOR('',#6480,1.);
#6480 = DIRECTION('',(0.,0.,1.));
#6481 = PCURVE('',#1661,#6482);
#6482 = DEFINITIONAL_REPRESENTATION('',(#6483),#6487);
#6483 = LINE('',#6484,#6485);
#6484 = CARTESIAN_POINT('',(7.14463394142,0.));
#6485 = VECTOR('',#6486,1.);
#6486 = DIRECTION('',(0.,-1.));
#6487 = ( GEOMETRIC_REPRESENTATION_CONTEXT(2) 
PARAMETRIC_REPRESENTATION_CONTEXT() REPRESENTATION_CONTEXT('2D SPACE',''
  ) );
#6488 = PCURVE('',#1632,#6489);
#6489 = DEFINITIONAL_REPRESENTATION('',(#6490),#6494);
#6490 = LINE('',#6491,#6492);
#6491 = CARTESIAN_POINT('',(-0.742995667823,0.));
#6492 = VECTOR('',#6493,1.);
#6493 = DIRECTION('',(0.,-1.));
#6494 = ( GEOMETRIC_REPRESENTATION_CONTEXT(2) 
PARAMETRIC_REPRESENTATION_CONTEXT() REPRESENTATION_CONTEXT('2D SPACE',''
  ) );
#6495 = ORIENTED_EDGE('',*,*,#1644,.F.);
#6496 = ORIENTED_EDGE('',*,*,#6497,.F.);
#6497 = EDGE_CURVE('',#6498,#1645,#6500,.T.);
#6498 = VERTEX_POINT('',#6499);
#6499 = CARTESIAN_POINT('',(-3.953819740679,-15.89393939393,14.));
#6500 = SURFACE_CURVE('',#6501,(#6505,#6512),.PCURVE_S1.);
#6501 = LINE('',#6502,#6503);
#6502 = CARTESIAN_POINT('',(-3.953819740679,-15.89393939393,14.));
#6503 = VECTOR('',#6504,1.);
#6504 = DIRECTION('',(0.,0.,-1.));
#6505 = PCURVE('',#1661,#6506);
#6506 = DEFINITIONAL_REPRESENTATION('',(#6507),#6511);
#6507 = LINE('',#6508,#6509);
#6508 = CARTESIAN_POINT('',(5.421736672939,0.));
#6509 = VECTOR('',#6510,1.);
#6510 = DIRECTION('',(0.,1.));
#6511 = ( GEOMETRIC_REPRESENTATION_CONTEXT(2) 
PARAMETRIC_REPRESENTATION_CONTEXT() REPRESENTATION_CONTEXT('2D SPACE',''
  ) );
#6512 = PCURVE('',#73,#6513);
#6513 = DEFINITIONAL_REPRESENTATION('',(#6514),#6518);
#6514 = LINE('',#6515,#6516);
#6515 = CARTESIAN_POINT('',(3.293693595277,0.));
#6516 = VECTOR('',#6517,1.);
#6517 = DIRECTION('',(0.,1.));
#6518 = ( GEOMETRIC_REPRESENTATION_CONTEXT(2) 
PARAMETRIC_REPRESENTATION_CONTEXT() REPRESENTATION_CONTEXT('2D SPACE',''
  ) );
#6519 = ORIENTED_EDGE('',*,*,#6520,.F.);
#6520 = EDGE_CURVE('',#6474,#6498,#6521,.T.);
#6521 = SURFACE_CURVE('',#6522,(#6527,#6534),.PCURVE_S1.);
#6522 = CIRCLE('',#6523,1.);
#6523 = AXIS2_PLACEMENT_3D('',#6524,#6525,#6526);
#6524 = CARTESIAN_POINT('',(-4.942274675849,-15.74242424242,14.));
#6525 = DIRECTION('',(0.,0.,1.));
#6526 = DIRECTION('',(0.528851483173,-0.848714385848,0.));
#6527 = PCURVE('',#1661,#6528);
#6528 = DEFINITIONAL_REPRESENTATION('',(#6529),#6533);
#6529 = LINE('',#6530,#6531);
#6530 = CARTESIAN_POINT('',(12.566370614359,0.));
#6531 = VECTOR('',#6532,1.);
#6532 = DIRECTION('',(-1.,0.));
#6533 = ( GEOMETRIC_REPRESENTATION_CONTEXT(2) 
PARAMETRIC_REPRESENTATION_CONTEXT() REPRESENTATION_CONTEXT('2D SPACE',''
  ) );
#6534 = PCURVE('',#6194,#6535);
#6535 = DEFINITIONAL_REPRESENTATION('',(#6536),#6544);
#6536 = ( BOUNDED_CURVE() B_SPLINE_CURVE(2,(#6537,#6538,#6539,#6540,
#6541,#6542,#6543),.UNSPECIFIED.,.T.,.F.) B_SPLINE_CURVE_WITH_KNOTS((1,2
    ,2,2,2,1),(-2.094395102393,0.,2.094395102393,4.188790204786,
6.28318530718,8.377580409573),.UNSPECIFIED.) CURVE() 
GEOMETRIC_REPRESENTATION_ITEM() RATIONAL_B_SPLINE_CURVE((1.,0.5,1.,0.5,
1.,0.5,1.)) REPRESENTATION_ITEM('') );
#6537 = CARTESIAN_POINT('',(-4.413423192676,16.591138628273));
#6538 = CARTESIAN_POINT('',(-2.943406755272,15.675140989759));
#6539 = CARTESIAN_POINT('',(-4.471692198733,14.860068230243));
#6540 = CARTESIAN_POINT('',(-5.999977642194,14.044995470728));
#6541 = CARTESIAN_POINT('',(-5.941708636137,15.776065868757));
#6542 = CARTESIAN_POINT('',(-5.88343963008,17.507136266786));
#6543 = CARTESIAN_POINT('',(-4.413423192676,16.591138628273));
#6544 = ( GEOMETRIC_REPRESENTATION_CONTEXT(2) 
PARAMETRIC_REPRESENTATION_CONTEXT() REPRESENTATION_CONTEXT('2D SPACE',''
  ) );
#6545 = ADVANCED_FACE('',(#6546),#73,.T.);
#6546 = FACE_BOUND('',#6547,.T.);
#6547 = EDGE_LOOP('',(#6548,#6549,#6550,#6551,#6552,#6553,#6554,#6555,
    #6556,#6580,#6601));
#6548 = ORIENTED_EDGE('',*,*,#21,.F.);
#6549 = ORIENTED_EDGE('',*,*,#295,.T.);
#6550 = ORIENTED_EDGE('',*,*,#1114,.F.);
#6551 = ORIENTED_EDGE('',*,*,#1188,.F.);
#6552 = ORIENTED_EDGE('',*,*,#5869,.T.);
#6553 = ORIENTED_EDGE('',*,*,#1263,.F.);
#6554 = ORIENTED_EDGE('',*,*,#1673,.F.);
#6555 = ORIENTED_EDGE('',*,*,#6497,.F.);
#6556 = ORIENTED_EDGE('',*,*,#6557,.T.);
#6557 = EDGE_CURVE('',#6498,#6558,#6560,.T.);
#6558 = VERTEX_POINT('',#6559);
#6559 = CARTESIAN_POINT('',(3.953819740679,-15.89393939393,14.));
#6560 = SURFACE_CURVE('',#6561,(#6566,#6573),.PCURVE_S1.);
#6561 = CIRCLE('',#6562,4.);
#6562 = AXIS2_PLACEMENT_3D('',#6563,#6564,#6565);
#6563 = CARTESIAN_POINT('',(-2.620126338115E-13,-16.5,14.));
#6564 = DIRECTION('',(0.,0.,-1.));
#6565 = DIRECTION('',(1.,0.,0.));
#6566 = PCURVE('',#73,#6567);
#6567 = DEFINITIONAL_REPRESENTATION('',(#6568),#6572);
#6568 = LINE('',#6569,#6570);
#6569 = CARTESIAN_POINT('',(-4.440892098501E-16,0.));
#6570 = VECTOR('',#6571,1.);
#6571 = DIRECTION('',(1.,0.));
#6572 = ( GEOMETRIC_REPRESENTATION_CONTEXT(2) 
PARAMETRIC_REPRESENTATION_CONTEXT() REPRESENTATION_CONTEXT('2D SPACE',''
  ) );
#6573 = PCURVE('',#6194,#6574);
#6574 = DEFINITIONAL_REPRESENTATION('',(#6575),#6579);
#6575 = CIRCLE('',#6576,4.);
#6576 = AXIS2_PLACEMENT_2D('',#6577,#6578);
#6577 = CARTESIAN_POINT('',(-2.642330798608E-13,16.5));
#6578 = DIRECTION('',(1.,0.));
#6579 = ( GEOMETRIC_REPRESENTATION_CONTEXT(2) 
PARAMETRIC_REPRESENTATION_CONTEXT() REPRESENTATION_CONTEXT('2D SPACE',''
  ) );
#6580 = ORIENTED_EDGE('',*,*,#6581,.F.);
#6581 = EDGE_CURVE('',#5949,#6558,#6582,.T.);
#6582 = SURFACE_CURVE('',#6583,(#6587,#6594),.PCURVE_S1.);
#6583 = LINE('',#6584,#6585);
#6584 = CARTESIAN_POINT('',(3.953819740679,-15.89393939393,14.));
#6585 = VECTOR('',#6586,1.);
#6586 = DIRECTION('',(0.,0.,1.));
#6587 = PCURVE('',#73,#6588);
#6588 = DEFINITIONAL_REPRESENTATION('',(#6589),#6593);
#6589 = LINE('',#6590,#6591);
#6590 = CARTESIAN_POINT('',(6.131084365493,0.));
#6591 = VECTOR('',#6592,1.);
#6592 = DIRECTION('',(0.,-1.));
#6593 = ( GEOMETRIC_REPRESENTATION_CONTEXT(2) 
PARAMETRIC_REPRESENTATION_CONTEXT() REPRESENTATION_CONTEXT('2D SPACE',''
  ) );
#6594 = PCURVE('',#5989,#6595);
#6595 = DEFINITIONAL_REPRESENTATION('',(#6596),#6600);
#6596 = LINE('',#6597,#6598);
#6597 = CARTESIAN_POINT('',(7.14463394142,0.));
#6598 = VECTOR('',#6599,1.);
#6599 = DIRECTION('',(0.,-1.));
#6600 = ( GEOMETRIC_REPRESENTATION_CONTEXT(2) 
PARAMETRIC_REPRESENTATION_CONTEXT() REPRESENTATION_CONTEXT('2D SPACE',''
  ) );
#6601 = ORIENTED_EDGE('',*,*,#5948,.F.);
#6602 = ADVANCED_FACE('',(#6603),#5989,.F.);
#6603 = FACE_BOUND('',#6604,.F.);
#6604 = EDGE_LOOP('',(#6605,#6606,#6607,#6630));
#6605 = ORIENTED_EDGE('',*,*,#6581,.F.);
#6606 = ORIENTED_EDGE('',*,*,#5972,.F.);
#6607 = ORIENTED_EDGE('',*,*,#6608,.F.);
#6608 = EDGE_CURVE('',#6609,#5973,#6611,.T.);
#6609 = VERTEX_POINT('',#6610);
#6610 = CARTESIAN_POINT('',(5.241806474385,-16.69651056014,14.));
#6611 = SURFACE_CURVE('',#6612,(#6616,#6623),.PCURVE_S1.);
#6612 = LINE('',#6613,#6614);
#6613 = CARTESIAN_POINT('',(5.241806474385,-16.69651056014,14.));
#6614 = VECTOR('',#6615,1.);
#6615 = DIRECTION('',(0.,0.,-1.));
#6616 = PCURVE('',#5989,#6617);
#6617 = DEFINITIONAL_REPRESENTATION('',(#6618),#6622);
#6618 = LINE('',#6619,#6620);
#6619 = CARTESIAN_POINT('',(5.421736672939,0.));
#6620 = VECTOR('',#6621,1.);
#6621 = DIRECTION('',(0.,1.));
#6622 = ( GEOMETRIC_REPRESENTATION_CONTEXT(2) 
PARAMETRIC_REPRESENTATION_CONTEXT() REPRESENTATION_CONTEXT('2D SPACE',''
  ) );
#6623 = PCURVE('',#6022,#6624);
#6624 = DEFINITIONAL_REPRESENTATION('',(#6625),#6629);
#6625 = LINE('',#6626,#6627);
#6626 = CARTESIAN_POINT('',(1.266594443421,0.));
#6627 = VECTOR('',#6628,1.);
#6628 = DIRECTION('',(0.,1.));
#6629 = ( GEOMETRIC_REPRESENTATION_CONTEXT(2) 
PARAMETRIC_REPRESENTATION_CONTEXT() REPRESENTATION_CONTEXT('2D SPACE',''
  ) );
#6630 = ORIENTED_EDGE('',*,*,#6631,.F.);
#6631 = EDGE_CURVE('',#6558,#6609,#6632,.T.);
#6632 = SURFACE_CURVE('',#6633,(#6638,#6645),.PCURVE_S1.);
#6633 = CIRCLE('',#6634,1.);
#6634 = AXIS2_PLACEMENT_3D('',#6635,#6636,#6637);
#6635 = CARTESIAN_POINT('',(4.942274675848,-15.74242424242,14.));
#6636 = DIRECTION('',(0.,0.,1.));
#6637 = DIRECTION('',(-0.528851483173,-0.848714385848,0.));
#6638 = PCURVE('',#5989,#6639);
#6639 = DEFINITIONAL_REPRESENTATION('',(#6640),#6644);
#6640 = LINE('',#6641,#6642);
#6641 = CARTESIAN_POINT('',(12.566370614359,0.));
#6642 = VECTOR('',#6643,1.);
#6643 = DIRECTION('',(-1.,0.));
#6644 = ( GEOMETRIC_REPRESENTATION_CONTEXT(2) 
PARAMETRIC_REPRESENTATION_CONTEXT() REPRESENTATION_CONTEXT('2D SPACE',''
  ) );
#6645 = PCURVE('',#6194,#6646);
#6646 = DEFINITIONAL_REPRESENTATION('',(#6647),#6655);
#6647 = ( BOUNDED_CURVE() B_SPLINE_CURVE(2,(#6648,#6649,#6650,#6651,
#6652,#6653,#6654),.UNSPECIFIED.,.T.,.F.) B_SPLINE_CURVE_WITH_KNOTS((1,2
    ,2,2,2,1),(-2.094395102393,0.,2.094395102393,4.188790204786,
6.28318530718,8.377580409573),.UNSPECIFIED.) CURVE() 
GEOMETRIC_REPRESENTATION_ITEM() RATIONAL_B_SPLINE_CURVE((1.,0.5,1.,0.5,
1.,0.5,1.)) REPRESENTATION_ITEM('') );
#6648 = CARTESIAN_POINT('',(4.413423192675,16.591138628273));
#6649 = CARTESIAN_POINT('',(5.883439630079,17.507136266786));
#6650 = CARTESIAN_POINT('',(5.941708636137,15.776065868757));
#6651 = CARTESIAN_POINT('',(5.999977642194,14.044995470728));
#6652 = CARTESIAN_POINT('',(4.471692198733,14.860068230243));
#6653 = CARTESIAN_POINT('',(2.943406755272,15.675140989759));
#6654 = CARTESIAN_POINT('',(4.413423192675,16.591138628273));
#6655 = ( GEOMETRIC_REPRESENTATION_CONTEXT(2) 
PARAMETRIC_REPRESENTATION_CONTEXT() REPRESENTATION_CONTEXT('2D SPACE',''
  ) );
#6656 = ADVANCED_FACE('',(#6657),#6022,.F.);
#6657 = FACE_BOUND('',#6658,.F.);
#6658 = EDGE_LOOP('',(#6659,#6660,#6683,#6709));
#6659 = ORIENTED_EDGE('',*,*,#6001,.T.);
#6660 = ORIENTED_EDGE('',*,*,#6661,.T.);
#6661 = EDGE_CURVE('',#6002,#6662,#6664,.T.);
#6662 = VERTEX_POINT('',#6663);
#6663 = CARTESIAN_POINT('',(17.080505536835,3.808717711534,14.));
#6664 = SURFACE_CURVE('',#6665,(#6669,#6676),.PCURVE_S1.);
#6665 = LINE('',#6666,#6667);
#6666 = CARTESIAN_POINT('',(17.080505536835,3.808717711534,14.));
#6667 = VECTOR('',#6668,1.);
#6668 = DIRECTION('',(0.,0.,1.));
#6669 = PCURVE('',#6022,#6670);
#6670 = DEFINITIONAL_REPRESENTATION('',(#6671),#6675);
#6671 = LINE('',#6672,#6673);
#6672 = CARTESIAN_POINT('',(-0.219396892225,0.));
#6673 = VECTOR('',#6674,1.);
#6674 = DIRECTION('',(0.,-1.));
#6675 = ( GEOMETRIC_REPRESENTATION_CONTEXT(2) 
PARAMETRIC_REPRESENTATION_CONTEXT() REPRESENTATION_CONTEXT('2D SPACE',''
  ) );
#6676 = PCURVE('',#6051,#6677);
#6677 = DEFINITIONAL_REPRESENTATION('',(#6678),#6682);
#6678 = LINE('',#6679,#6680);
#6679 = CARTESIAN_POINT('',(7.14463394142,0.));
#6680 = VECTOR('',#6681,1.);
#6681 = DIRECTION('',(0.,-1.));
#6682 = ( GEOMETRIC_REPRESENTATION_CONTEXT(2) 
PARAMETRIC_REPRESENTATION_CONTEXT() REPRESENTATION_CONTEXT('2D SPACE',''
  ) );
#6683 = ORIENTED_EDGE('',*,*,#6684,.F.);
#6684 = EDGE_CURVE('',#6609,#6662,#6685,.T.);
#6685 = SURFACE_CURVE('',#6686,(#6691,#6698),.PCURVE_S1.);
#6686 = CIRCLE('',#6687,17.5);
#6687 = AXIS2_PLACEMENT_3D('',#6688,#6689,#6690);
#6688 = CARTESIAN_POINT('',(2.22044604925E-15,4.440892098501E-15,14.));
#6689 = DIRECTION('',(0.,0.,1.));
#6690 = DIRECTION('',(1.,0.,-0.));
#6691 = PCURVE('',#6022,#6692);
#6692 = DEFINITIONAL_REPRESENTATION('',(#6693),#6697);
#6693 = LINE('',#6694,#6695);
#6694 = CARTESIAN_POINT('',(6.28318530718,0.));
#6695 = VECTOR('',#6696,1.);
#6696 = DIRECTION('',(-1.,0.));
#6697 = ( GEOMETRIC_REPRESENTATION_CONTEXT(2) 
PARAMETRIC_REPRESENTATION_CONTEXT() REPRESENTATION_CONTEXT('2D SPACE',''
  ) );
#6698 = PCURVE('',#6194,#6699);
#6699 = DEFINITIONAL_REPRESENTATION('',(#6700),#6708);
#6700 = ( BOUNDED_CURVE() B_SPLINE_CURVE(2,(#6701,#6702,#6703,#6704,
#6705,#6706,#6707),.UNSPECIFIED.,.T.,.F.) B_SPLINE_CURVE_WITH_KNOTS((1,2
    ,2,2,2,1),(-2.094395102393,0.,2.094395102393,4.188790204786,
6.28318530718,8.377580409573),.UNSPECIFIED.) CURVE() 
GEOMETRIC_REPRESENTATION_ITEM() RATIONAL_B_SPLINE_CURVE((1.,0.5,1.,0.5,
1.,0.5,1.)) REPRESENTATION_ITEM('') );
#6701 = CARTESIAN_POINT('',(17.5,0.));
#6702 = CARTESIAN_POINT('',(17.5,-30.31088913245));
#6703 = CARTESIAN_POINT('',(-8.75,-15.15544456622));
#6704 = CARTESIAN_POINT('',(-35.,-4.286263797016E-15));
#6705 = CARTESIAN_POINT('',(-8.75,15.155444566228));
#6706 = CARTESIAN_POINT('',(17.5,30.310889132455));
#6707 = CARTESIAN_POINT('',(17.5,0.));
#6708 = ( GEOMETRIC_REPRESENTATION_CONTEXT(2) 
PARAMETRIC_REPRESENTATION_CONTEXT() REPRESENTATION_CONTEXT('2D SPACE',''
  ) );
#6709 = ORIENTED_EDGE('',*,*,#6608,.T.);
#6710 = ADVANCED_FACE('',(#6711),#6051,.F.);
#6711 = FACE_BOUND('',#6712,.F.);
#6712 = EDGE_LOOP('',(#6713,#6714,#6715,#6738));
#6713 = ORIENTED_EDGE('',*,*,#6661,.F.);
#6714 = ORIENTED_EDGE('',*,*,#6034,.F.);
#6715 = ORIENTED_EDGE('',*,*,#6716,.F.);
#6716 = EDGE_CURVE('',#6717,#6035,#6719,.T.);
#6717 = VERTEX_POINT('',#6718);
#6718 = CARTESIAN_POINT('',(15.741465151701,4.522861359557,14.));
#6719 = SURFACE_CURVE('',#6720,(#6724,#6731),.PCURVE_S1.);
#6720 = LINE('',#6721,#6722);
#6721 = CARTESIAN_POINT('',(15.741465151701,4.522861359557,14.));
#6722 = VECTOR('',#6723,1.);
#6723 = DIRECTION('',(0.,0.,-1.));
#6724 = PCURVE('',#6051,#6725);
#6725 = DEFINITIONAL_REPRESENTATION('',(#6726),#6730);
#6726 = LINE('',#6727,#6728);
#6727 = CARTESIAN_POINT('',(5.421736672939,0.));
#6728 = VECTOR('',#6729,1.);
#6729 = DIRECTION('',(0.,1.));
#6730 = ( GEOMETRIC_REPRESENTATION_CONTEXT(2) 
PARAMETRIC_REPRESENTATION_CONTEXT() REPRESENTATION_CONTEXT('2D SPACE',''
  ) );
#6731 = PCURVE('',#3260,#6732);
#6732 = DEFINITIONAL_REPRESENTATION('',(#6733),#6737);
#6733 = LINE('',#6734,#6735);
#6734 = CARTESIAN_POINT('',(-1.418695385108,0.));
#6735 = VECTOR('',#6736,1.);
#6736 = DIRECTION('',(0.,1.));
#6737 = ( GEOMETRIC_REPRESENTATION_CONTEXT(2) 
PARAMETRIC_REPRESENTATION_CONTEXT() REPRESENTATION_CONTEXT('2D SPACE',''
  ) );
#6738 = ORIENTED_EDGE('',*,*,#6739,.F.);
#6739 = EDGE_CURVE('',#6662,#6717,#6740,.T.);
#6740 = SURFACE_CURVE('',#6741,(#6746,#6753),.PCURVE_S1.);
#6741 = CIRCLE('',#6742,1.);
#6742 = AXIS2_PLACEMENT_3D('',#6743,#6744,#6745);
#6743 = CARTESIAN_POINT('',(16.104476649016,3.591076699447,14.));
#6744 = DIRECTION('',(0.,0.,1.));
#6745 = DIRECTION('',(0.470582477116,0.882356012181,-0.));
#6746 = PCURVE('',#6051,#6747);
#6747 = DEFINITIONAL_REPRESENTATION('',(#6748),#6752);
#6748 = LINE('',#6749,#6750);
#6749 = CARTESIAN_POINT('',(12.566370614359,0.));
#6750 = VECTOR('',#6751,1.);
#6751 = DIRECTION('',(-1.,0.));
#6752 = ( GEOMETRIC_REPRESENTATION_CONTEXT(2) 
PARAMETRIC_REPRESENTATION_CONTEXT() REPRESENTATION_CONTEXT('2D SPACE',''
  ) );
#6753 = PCURVE('',#6194,#6754);
#6754 = DEFINITIONAL_REPRESENTATION('',(#6755),#6763);
#6755 = ( BOUNDED_CURVE() B_SPLINE_CURVE(2,(#6756,#6757,#6758,#6759,
#6760,#6761,#6762),.UNSPECIFIED.,.T.,.F.) B_SPLINE_CURVE_WITH_KNOTS((1,2
    ,2,2,2,1),(-2.094395102393,0.,2.094395102393,4.188790204786,
6.28318530718,8.377580409573),.UNSPECIFIED.) CURVE() 
GEOMETRIC_REPRESENTATION_ITEM() RATIONAL_B_SPLINE_CURVE((1.,0.5,1.,0.5,
1.,0.5,1.)) REPRESENTATION_ITEM('') );
#6756 = CARTESIAN_POINT('',(16.575059126131,-4.473432711627));
#6757 = CARTESIAN_POINT('',(15.04677368267,-5.288505471143));
#6758 = CARTESIAN_POINT('',(15.105042688727,-3.557435073114));
#6759 = CARTESIAN_POINT('',(15.163311694785,-1.826364675085));
#6760 = CARTESIAN_POINT('',(16.633328132189,-2.742362313598));
#6761 = CARTESIAN_POINT('',(18.103344569592,-3.658359952112));
#6762 = CARTESIAN_POINT('',(16.575059126131,-4.473432711627));
#6763 = ( GEOMETRIC_REPRESENTATION_CONTEXT(2) 
PARAMETRIC_REPRESENTATION_CONTEXT() REPRESENTATION_CONTEXT('2D SPACE',''
  ) );
#6764 = ADVANCED_FACE('',(#6765),#3260,.T.);
#6765 = FACE_BOUND('',#6766,.T.);
#6766 = EDGE_LOOP('',(#6767,#6768,#6769,#6770,#6771,#6772,#6773,#6774,
    #6775,#6799,#6820));
#6767 = ORIENTED_EDGE('',*,*,#5263,.F.);
#6768 = ORIENTED_EDGE('',*,*,#5389,.T.);
#6769 = ORIENTED_EDGE('',*,*,#5585,.F.);
#6770 = ORIENTED_EDGE('',*,*,#5659,.F.);
#6771 = ORIENTED_EDGE('',*,*,#5536,.T.);
#6772 = ORIENTED_EDGE('',*,*,#5413,.F.);
#6773 = ORIENTED_EDGE('',*,*,#6063,.F.);
#6774 = ORIENTED_EDGE('',*,*,#6716,.F.);
#6775 = ORIENTED_EDGE('',*,*,#6776,.T.);
#6776 = EDGE_CURVE('',#6717,#6777,#6779,.T.);
#6777 = VERTEX_POINT('',#6778);
#6778 = CARTESIAN_POINT('',(11.787645411023,11.371078034382,14.));
#6779 = SURFACE_CURVE('',#6780,(#6785,#6792),.PCURVE_S1.);
#6780 = CIRCLE('',#6781,4.);
#6781 = AXIS2_PLACEMENT_3D('',#6782,#6783,#6784);
#6782 = CARTESIAN_POINT('',(14.289419162443,8.25,14.));
#6783 = DIRECTION('',(0.,0.,-1.));
#6784 = DIRECTION('',(1.,0.,0.));
#6785 = PCURVE('',#3260,#6786);
#6786 = DEFINITIONAL_REPRESENTATION('',(#6787),#6791);
#6787 = LINE('',#6788,#6789);
#6788 = CARTESIAN_POINT('',(-2.617993877992,0.));
#6789 = VECTOR('',#6790,1.);
#6790 = DIRECTION('',(1.,0.));
#6791 = ( GEOMETRIC_REPRESENTATION_CONTEXT(2) 
PARAMETRIC_REPRESENTATION_CONTEXT() REPRESENTATION_CONTEXT('2D SPACE',''
  ) );
#6792 = PCURVE('',#6194,#6793);
#6793 = DEFINITIONAL_REPRESENTATION('',(#6794),#6798);
#6794 = CIRCLE('',#6795,4.);
#6795 = AXIS2_PLACEMENT_2D('',#6796,#6797);
#6796 = CARTESIAN_POINT('',(14.289419162443,-8.25));
#6797 = DIRECTION('',(1.,0.));
#6798 = ( GEOMETRIC_REPRESENTATION_CONTEXT(2) 
PARAMETRIC_REPRESENTATION_CONTEXT() REPRESENTATION_CONTEXT('2D SPACE',''
  ) );
#6799 = ORIENTED_EDGE('',*,*,#6800,.F.);
#6800 = EDGE_CURVE('',#3244,#6777,#6801,.T.);
#6801 = SURFACE_CURVE('',#6802,(#6806,#6813),.PCURVE_S1.);
#6802 = LINE('',#6803,#6804);
#6803 = CARTESIAN_POINT('',(11.787645411023,11.371078034382,14.));
#6804 = VECTOR('',#6805,1.);
#6805 = DIRECTION('',(0.,0.,1.));
#6806 = PCURVE('',#3260,#6807);
#6807 = DEFINITIONAL_REPRESENTATION('',(#6808),#6812);
#6808 = LINE('',#6809,#6810);
#6809 = CARTESIAN_POINT('',(1.418695385108,0.));
#6810 = VECTOR('',#6811,1.);
#6811 = DIRECTION('',(0.,-1.));
#6812 = ( GEOMETRIC_REPRESENTATION_CONTEXT(2) 
PARAMETRIC_REPRESENTATION_CONTEXT() REPRESENTATION_CONTEXT('2D SPACE',''
  ) );
#6813 = PCURVE('',#3289,#6814);
#6814 = DEFINITIONAL_REPRESENTATION('',(#6815),#6819);
#6815 = LINE('',#6816,#6817);
#6816 = CARTESIAN_POINT('',(0.861448634241,0.));
#6817 = VECTOR('',#6818,1.);
#6818 = DIRECTION('',(0.,-1.));
#6819 = ( GEOMETRIC_REPRESENTATION_CONTEXT(2) 
PARAMETRIC_REPRESENTATION_CONTEXT() REPRESENTATION_CONTEXT('2D SPACE',''
  ) );
#6820 = ORIENTED_EDGE('',*,*,#3243,.F.);
#6821 = ADVANCED_FACE('',(#6822),#3289,.F.);
#6822 = FACE_BOUND('',#6823,.F.);
#6823 = EDGE_LOOP('',(#6824,#6825,#6826,#6849));
#6824 = ORIENTED_EDGE('',*,*,#6800,.F.);
#6825 = ORIENTED_EDGE('',*,*,#3272,.F.);
#6826 = ORIENTED_EDGE('',*,*,#6827,.F.);
#6827 = EDGE_CURVE('',#6828,#3273,#6830,.T.);
#6828 = VERTEX_POINT('',#6829);
#6829 = CARTESIAN_POINT('',(11.83869906245,12.887792848612,14.));
#6830 = SURFACE_CURVE('',#6831,(#6835,#6842),.PCURVE_S1.);
#6831 = LINE('',#6832,#6833);
#6832 = CARTESIAN_POINT('',(11.83869906245,12.887792848612,14.));
#6833 = VECTOR('',#6834,1.);
#6834 = DIRECTION('',(0.,0.,-1.));
#6835 = PCURVE('',#3289,#6836);
#6836 = DEFINITIONAL_REPRESENTATION('',(#6837),#6841);
#6837 = LINE('',#6838,#6839);
#6838 = CARTESIAN_POINT('',(-0.861448634241,0.));
#6839 = VECTOR('',#6840,1.);
#6840 = DIRECTION('',(0.,1.));
#6841 = ( GEOMETRIC_REPRESENTATION_CONTEXT(2) 
PARAMETRIC_REPRESENTATION_CONTEXT() REPRESENTATION_CONTEXT('2D SPACE',''
  ) );
#6842 = PCURVE('',#3322,#6843);
#6843 = DEFINITIONAL_REPRESENTATION('',(#6844),#6848);
#6844 = LINE('',#6845,#6846);
#6845 = CARTESIAN_POINT('',(5.455384648208,0.));
#6846 = VECTOR('',#6847,1.);
#6847 = DIRECTION('',(0.,1.));
#6848 = ( GEOMETRIC_REPRESENTATION_CONTEXT(2) 
PARAMETRIC_REPRESENTATION_CONTEXT() REPRESENTATION_CONTEXT('2D SPACE',''
  ) );
#6849 = ORIENTED_EDGE('',*,*,#6850,.F.);
#6850 = EDGE_CURVE('',#6777,#6828,#6851,.T.);
#6851 = SURFACE_CURVE('',#6852,(#6857,#6864),.PCURVE_S1.);
#6852 = CIRCLE('',#6853,1.);
#6853 = AXIS2_PLACEMENT_3D('',#6854,#6855,#6856);
#6854 = CARTESIAN_POINT('',(11.162201973167,12.151347542977,14.));
#6855 = DIRECTION('',(0.,0.,1.));
#6856 = DIRECTION('',(0.999433960288,-3.364162633265E-02,0.));
#6857 = PCURVE('',#3289,#6858);
#6858 = DEFINITIONAL_REPRESENTATION('',(#6859),#6863);
#6859 = LINE('',#6860,#6861);
#6860 = CARTESIAN_POINT('',(6.28318530718,0.));
#6861 = VECTOR('',#6862,1.);
#6862 = DIRECTION('',(-1.,0.));
#6863 = ( GEOMETRIC_REPRESENTATION_CONTEXT(2) 
PARAMETRIC_REPRESENTATION_CONTEXT() REPRESENTATION_CONTEXT('2D SPACE',''
  ) );
#6864 = PCURVE('',#6194,#6865);
#6865 = DEFINITIONAL_REPRESENTATION('',(#6866),#6874);
#6866 = ( BOUNDED_CURVE() B_SPLINE_CURVE(2,(#6867,#6868,#6869,#6870,
#6871,#6872,#6873),.UNSPECIFIED.,.T.,.F.) B_SPLINE_CURVE_WITH_KNOTS((1,2
    ,2,2,2,1),(-2.094395102393,0.,2.094395102393,4.188790204786,
6.28318530718,8.377580409573),.UNSPECIFIED.) CURVE() 
GEOMETRIC_REPRESENTATION_ITEM() RATIONAL_B_SPLINE_CURVE((1.,0.5,1.,0.5,
1.,0.5,1.)) REPRESENTATION_ITEM('') );
#6867 = CARTESIAN_POINT('',(12.161635933456,-12.11770591664));
#6868 = CARTESIAN_POINT('',(12.219904939513,-13.84877631467));
#6869 = CARTESIAN_POINT('',(10.691619496052,-13.03370355515));
#6870 = CARTESIAN_POINT('',(9.163334052591,-12.21863079564));
#6871 = CARTESIAN_POINT('',(10.633350489994,-11.30263315712));
#6872 = CARTESIAN_POINT('',(12.103366927398,-10.38663551861));
#6873 = CARTESIAN_POINT('',(12.161635933456,-12.11770591664));
#6874 = ( GEOMETRIC_REPRESENTATION_CONTEXT(2) 
PARAMETRIC_REPRESENTATION_CONTEXT() REPRESENTATION_CONTEXT('2D SPACE',''
  ) );
#6875 = ADVANCED_FACE('',(#6876),#3322,.F.);
#6876 = FACE_BOUND('',#6877,.F.);
#6877 = EDGE_LOOP('',(#6878,#6879,#6902,#6928));
#6878 = ORIENTED_EDGE('',*,*,#3301,.T.);
#6879 = ORIENTED_EDGE('',*,*,#6880,.T.);
#6880 = EDGE_CURVE('',#3302,#6881,#6883,.T.);
#6881 = VERTEX_POINT('',#6882);
#6882 = CARTESIAN_POINT('',(-11.83869906245,12.887792848613,14.));
#6883 = SURFACE_CURVE('',#6884,(#6888,#6895),.PCURVE_S1.);
#6884 = LINE('',#6885,#6886);
#6885 = CARTESIAN_POINT('',(-11.83869906245,12.887792848613,14.));
#6886 = VECTOR('',#6887,1.);
#6887 = DIRECTION('',(0.,0.,1.));
#6888 = PCURVE('',#3322,#6889);
#6889 = DEFINITIONAL_REPRESENTATION('',(#6890),#6894);
#6890 = LINE('',#6891,#6892);
#6891 = CARTESIAN_POINT('',(3.969393312562,0.));
#6892 = VECTOR('',#6893,1.);
#6893 = DIRECTION('',(0.,-1.));
#6894 = ( GEOMETRIC_REPRESENTATION_CONTEXT(2) 
PARAMETRIC_REPRESENTATION_CONTEXT() REPRESENTATION_CONTEXT('2D SPACE',''
  ) );
#6895 = PCURVE('',#3351,#6896);
#6896 = DEFINITIONAL_REPRESENTATION('',(#6897),#6901);
#6897 = LINE('',#6898,#6899);
#6898 = CARTESIAN_POINT('',(7.14463394142,0.));
#6899 = VECTOR('',#6900,1.);
#6900 = DIRECTION('',(0.,-1.));
#6901 = ( GEOMETRIC_REPRESENTATION_CONTEXT(2) 
PARAMETRIC_REPRESENTATION_CONTEXT() REPRESENTATION_CONTEXT('2D SPACE',''
  ) );
#6902 = ORIENTED_EDGE('',*,*,#6903,.F.);
#6903 = EDGE_CURVE('',#6828,#6881,#6904,.T.);
#6904 = SURFACE_CURVE('',#6905,(#6910,#6917),.PCURVE_S1.);
#6905 = CIRCLE('',#6906,17.5);
#6906 = AXIS2_PLACEMENT_3D('',#6907,#6908,#6909);
#6907 = CARTESIAN_POINT('',(2.22044604925E-15,4.440892098501E-15,14.));
#6908 = DIRECTION('',(0.,0.,1.));
#6909 = DIRECTION('',(1.,0.,-0.));
#6910 = PCURVE('',#3322,#6911);
#6911 = DEFINITIONAL_REPRESENTATION('',(#6912),#6916);
#6912 = LINE('',#6913,#6914);
#6913 = CARTESIAN_POINT('',(6.28318530718,0.));
#6914 = VECTOR('',#6915,1.);
#6915 = DIRECTION('',(-1.,0.));
#6916 = ( GEOMETRIC_REPRESENTATION_CONTEXT(2) 
PARAMETRIC_REPRESENTATION_CONTEXT() REPRESENTATION_CONTEXT('2D SPACE',''
  ) );
#6917 = PCURVE('',#6194,#6918);
#6918 = DEFINITIONAL_REPRESENTATION('',(#6919),#6927);
#6919 = ( BOUNDED_CURVE() B_SPLINE_CURVE(2,(#6920,#6921,#6922,#6923,
#6924,#6925,#6926),.UNSPECIFIED.,.T.,.F.) B_SPLINE_CURVE_WITH_KNOTS((1,2
    ,2,2,2,1),(-2.094395102393,0.,2.094395102393,4.188790204786,
6.28318530718,8.377580409573),.UNSPECIFIED.) CURVE() 
GEOMETRIC_REPRESENTATION_ITEM() RATIONAL_B_SPLINE_CURVE((1.,0.5,1.,0.5,
1.,0.5,1.)) REPRESENTATION_ITEM('') );
#6920 = CARTESIAN_POINT('',(17.5,0.));
#6921 = CARTESIAN_POINT('',(17.5,-30.31088913245));
#6922 = CARTESIAN_POINT('',(-8.75,-15.15544456622));
#6923 = CARTESIAN_POINT('',(-35.,-4.286263797016E-15));
#6924 = CARTESIAN_POINT('',(-8.75,15.155444566228));
#6925 = CARTESIAN_POINT('',(17.5,30.310889132455));
#6926 = CARTESIAN_POINT('',(17.5,0.));
#6927 = ( GEOMETRIC_REPRESENTATION_CONTEXT(2) 
PARAMETRIC_REPRESENTATION_CONTEXT() REPRESENTATION_CONTEXT('2D SPACE',''
  ) );
#6928 = ORIENTED_EDGE('',*,*,#6827,.T.);
#6929 = ADVANCED_FACE('',(#6930),#3351,.F.);
#6930 = FACE_BOUND('',#6931,.F.);
#6931 = EDGE_LOOP('',(#6932,#6933,#6934,#6957));
#6932 = ORIENTED_EDGE('',*,*,#6880,.F.);
#6933 = ORIENTED_EDGE('',*,*,#3334,.F.);
#6934 = ORIENTED_EDGE('',*,*,#6935,.F.);
#6935 = EDGE_CURVE('',#6936,#3335,#6938,.T.);
#6936 = VERTEX_POINT('',#6937);
#6937 = CARTESIAN_POINT('',(-11.78764541102,11.371078034382,14.));
#6938 = SURFACE_CURVE('',#6939,(#6943,#6950),.PCURVE_S1.);
#6939 = LINE('',#6940,#6941);
#6940 = CARTESIAN_POINT('',(-11.78764541102,11.371078034382,14.));
#6941 = VECTOR('',#6942,1.);
#6942 = DIRECTION('',(0.,0.,-1.));
#6943 = PCURVE('',#3351,#6944);
#6944 = DEFINITIONAL_REPRESENTATION('',(#6945),#6949);
#6945 = LINE('',#6946,#6947);
#6946 = CARTESIAN_POINT('',(5.421736672939,0.));
#6947 = VECTOR('',#6948,1.);
#6948 = DIRECTION('',(0.,1.));
#6949 = ( GEOMETRIC_REPRESENTATION_CONTEXT(2) 
PARAMETRIC_REPRESENTATION_CONTEXT() REPRESENTATION_CONTEXT('2D SPACE',''
  ) );
#6950 = PCURVE('',#1570,#6951);
#6951 = DEFINITIONAL_REPRESENTATION('',(#6952),#6956);
#6952 = LINE('',#6953,#6954);
#6953 = CARTESIAN_POINT('',(-0.89509660951,0.));
#6954 = VECTOR('',#6955,1.);
#6955 = DIRECTION('',(0.,1.));
#6956 = ( GEOMETRIC_REPRESENTATION_CONTEXT(2) 
PARAMETRIC_REPRESENTATION_CONTEXT() REPRESENTATION_CONTEXT('2D SPACE',''
  ) );
#6957 = ORIENTED_EDGE('',*,*,#6958,.F.);
#6958 = EDGE_CURVE('',#6881,#6936,#6959,.T.);
#6959 = SURFACE_CURVE('',#6960,(#6965,#6972),.PCURVE_S1.);
#6960 = CIRCLE('',#6961,1.);
#6961 = AXIS2_PLACEMENT_3D('',#6962,#6963,#6964);
#6962 = CARTESIAN_POINT('',(-11.16220197316,12.151347542978,14.));
#6963 = DIRECTION('',(0.,0.,1.));
#6964 = DIRECTION('',(-0.999433960288,-3.364162633262E-02,0.));
#6965 = PCURVE('',#3351,#6966);
#6966 = DEFINITIONAL_REPRESENTATION('',(#6967),#6971);
#6967 = LINE('',#6968,#6969);
#6968 = CARTESIAN_POINT('',(12.566370614359,0.));
#6969 = VECTOR('',#6970,1.);
#6970 = DIRECTION('',(-1.,0.));
#6971 = ( GEOMETRIC_REPRESENTATION_CONTEXT(2) 
PARAMETRIC_REPRESENTATION_CONTEXT() REPRESENTATION_CONTEXT('2D SPACE',''
  ) );
#6972 = PCURVE('',#6194,#6973);
#6973 = DEFINITIONAL_REPRESENTATION('',(#6974),#6982);
#6974 = ( BOUNDED_CURVE() B_SPLINE_CURVE(2,(#6975,#6976,#6977,#6978,
#6979,#6980,#6981),.UNSPECIFIED.,.T.,.F.) B_SPLINE_CURVE_WITH_KNOTS((1,2
    ,2,2,2,1),(-2.094395102393,0.,2.094395102393,4.188790204786,
6.28318530718,8.377580409573),.UNSPECIFIED.) CURVE() 
GEOMETRIC_REPRESENTATION_ITEM() RATIONAL_B_SPLINE_CURVE((1.,0.5,1.,0.5,
1.,0.5,1.)) REPRESENTATION_ITEM('') );
#6975 = CARTESIAN_POINT('',(-12.16163593345,-12.11770591664));
#6976 = CARTESIAN_POINT('',(-12.10336692739,-10.38663551861));
#6977 = CARTESIAN_POINT('',(-10.63335048999,-11.30263315712));
#6978 = CARTESIAN_POINT('',(-9.16333405259,-12.21863079564));
#6979 = CARTESIAN_POINT('',(-10.69161949605,-13.03370355515));
#6980 = CARTESIAN_POINT('',(-12.21990493951,-13.84877631467));
#6981 = CARTESIAN_POINT('',(-12.16163593345,-12.11770591664));
#6982 = ( GEOMETRIC_REPRESENTATION_CONTEXT(2) 
PARAMETRIC_REPRESENTATION_CONTEXT() REPRESENTATION_CONTEXT('2D SPACE',''
  ) );
#6983 = ADVANCED_FACE('',(#6984),#1570,.T.);
#6984 = FACE_BOUND('',#6985,.T.);
#6985 = EDGE_LOOP('',(#6986,#6987,#6988,#6989,#7013,#7034,#7035,#7036,
    #7037,#7038,#7039));
#6986 = ORIENTED_EDGE('',*,*,#3412,.F.);
#6987 = ORIENTED_EDGE('',*,*,#3363,.F.);
#6988 = ORIENTED_EDGE('',*,*,#6935,.F.);
#6989 = ORIENTED_EDGE('',*,*,#6990,.T.);
#6990 = EDGE_CURVE('',#6936,#6991,#6993,.T.);
#6991 = VERTEX_POINT('',#6992);
#6992 = CARTESIAN_POINT('',(-15.7414651517,4.522861359558,14.));
#6993 = SURFACE_CURVE('',#6994,(#6999,#7006),.PCURVE_S1.);
#6994 = CIRCLE('',#6995,4.);
#6995 = AXIS2_PLACEMENT_3D('',#6996,#6997,#6998);
#6996 = CARTESIAN_POINT('',(-14.28941916244,8.25,14.));
#6997 = DIRECTION('',(0.,0.,-1.));
#6998 = DIRECTION('',(1.,0.,0.));
#6999 = PCURVE('',#1570,#7000);
#7000 = DEFINITIONAL_REPRESENTATION('',(#7001),#7005);
#7001 = LINE('',#7002,#7003);
#7002 = CARTESIAN_POINT('',(-6.28318530718,0.));
#7003 = VECTOR('',#7004,1.);
#7004 = DIRECTION('',(1.,0.));
#7005 = ( GEOMETRIC_REPRESENTATION_CONTEXT(2) 
PARAMETRIC_REPRESENTATION_CONTEXT() REPRESENTATION_CONTEXT('2D SPACE',''
  ) );
#7006 = PCURVE('',#6194,#7007);
#7007 = DEFINITIONAL_REPRESENTATION('',(#7008),#7012);
#7008 = CIRCLE('',#7009,4.);
#7009 = AXIS2_PLACEMENT_2D('',#7010,#7011);
#7010 = CARTESIAN_POINT('',(-14.28941916244,-8.25));
#7011 = DIRECTION('',(1.,0.));
#7012 = ( GEOMETRIC_REPRESENTATION_CONTEXT(2) 
PARAMETRIC_REPRESENTATION_CONTEXT() REPRESENTATION_CONTEXT('2D SPACE',''
  ) );
#7013 = ORIENTED_EDGE('',*,*,#7014,.F.);
#7014 = EDGE_CURVE('',#1554,#6991,#7015,.T.);
#7015 = SURFACE_CURVE('',#7016,(#7020,#7027),.PCURVE_S1.);
#7016 = LINE('',#7017,#7018);
#7017 = CARTESIAN_POINT('',(-15.7414651517,4.522861359558,14.));
#7018 = VECTOR('',#7019,1.);
#7019 = DIRECTION('',(0.,0.,1.));
#7020 = PCURVE('',#1570,#7021);
#7021 = DEFINITIONAL_REPRESENTATION('',(#7022),#7026);
#7022 = LINE('',#7023,#7024);
#7023 = CARTESIAN_POINT('',(1.942294160706,0.));
#7024 = VECTOR('',#7025,1.);
#7025 = DIRECTION('',(0.,-1.));
#7026 = ( GEOMETRIC_REPRESENTATION_CONTEXT(2) 
PARAMETRIC_REPRESENTATION_CONTEXT() REPRESENTATION_CONTEXT('2D SPACE',''
  ) );
#7027 = PCURVE('',#1599,#7028);
#7028 = DEFINITIONAL_REPRESENTATION('',(#7029),#7033);
#7029 = LINE('',#7030,#7031);
#7030 = CARTESIAN_POINT('',(0.861448634241,0.));
#7031 = VECTOR('',#7032,1.);
#7032 = DIRECTION('',(0.,-1.));
#7033 = ( GEOMETRIC_REPRESENTATION_CONTEXT(2) 
PARAMETRIC_REPRESENTATION_CONTEXT() REPRESENTATION_CONTEXT('2D SPACE',''
  ) );
#7034 = ORIENTED_EDGE('',*,*,#1553,.F.);
#7035 = ORIENTED_EDGE('',*,*,#3709,.F.);
#7036 = ORIENTED_EDGE('',*,*,#3810,.T.);
#7037 = ORIENTED_EDGE('',*,*,#3560,.F.);
#7038 = ORIENTED_EDGE('',*,*,#3634,.F.);
#7039 = ORIENTED_EDGE('',*,*,#5894,.T.);
#7040 = ADVANCED_FACE('',(#7041),#1599,.F.);
#7041 = FACE_BOUND('',#7042,.F.);
#7042 = EDGE_LOOP('',(#7043,#7044,#7045,#7068));
#7043 = ORIENTED_EDGE('',*,*,#7014,.F.);
#7044 = ORIENTED_EDGE('',*,*,#1582,.F.);
#7045 = ORIENTED_EDGE('',*,*,#7046,.F.);
#7046 = EDGE_CURVE('',#7047,#1583,#7049,.T.);
#7047 = VERTEX_POINT('',#7048);
#7048 = CARTESIAN_POINT('',(-17.08050553683,3.808717711535,14.));
#7049 = SURFACE_CURVE('',#7050,(#7054,#7061),.PCURVE_S1.);
#7050 = LINE('',#7051,#7052);
#7051 = CARTESIAN_POINT('',(-17.08050553683,3.808717711535,14.));
#7052 = VECTOR('',#7053,1.);
#7053 = DIRECTION('',(0.,0.,-1.));
#7054 = PCURVE('',#1599,#7055);
#7055 = DEFINITIONAL_REPRESENTATION('',(#7056),#7060);
#7056 = LINE('',#7057,#7058);
#7057 = CARTESIAN_POINT('',(-0.861448634241,0.));
#7058 = VECTOR('',#7059,1.);
#7059 = DIRECTION('',(0.,1.));
#7060 = ( GEOMETRIC_REPRESENTATION_CONTEXT(2) 
PARAMETRIC_REPRESENTATION_CONTEXT() REPRESENTATION_CONTEXT('2D SPACE',''
  ) );
#7061 = PCURVE('',#1632,#7062);
#7062 = DEFINITIONAL_REPRESENTATION('',(#7063),#7067);
#7063 = LINE('',#7064,#7065);
#7064 = CARTESIAN_POINT('',(0.742995667823,0.));
#7065 = VECTOR('',#7066,1.);
#7066 = DIRECTION('',(0.,1.));
#7067 = ( GEOMETRIC_REPRESENTATION_CONTEXT(2) 
PARAMETRIC_REPRESENTATION_CONTEXT() REPRESENTATION_CONTEXT('2D SPACE',''
  ) );
#7068 = ORIENTED_EDGE('',*,*,#7069,.F.);
#7069 = EDGE_CURVE('',#6991,#7047,#7070,.T.);
#7070 = SURFACE_CURVE('',#7071,(#7076,#7083),.PCURVE_S1.);
#7071 = CIRCLE('',#7072,1.);
#7072 = AXIS2_PLACEMENT_3D('',#7073,#7074,#7075);
#7073 = CARTESIAN_POINT('',(-16.10447664901,3.591076699447,14.));
#7074 = DIRECTION('',(0.,0.,1.));
#7075 = DIRECTION('',(-0.470582477115,0.882356012181,0.));
#7076 = PCURVE('',#1599,#7077);
#7077 = DEFINITIONAL_REPRESENTATION('',(#7078),#7082);
#7078 = LINE('',#7079,#7080);
#7079 = CARTESIAN_POINT('',(6.28318530718,0.));
#7080 = VECTOR('',#7081,1.);
#7081 = DIRECTION('',(-1.,0.));
#7082 = ( GEOMETRIC_REPRESENTATION_CONTEXT(2) 
PARAMETRIC_REPRESENTATION_CONTEXT() REPRESENTATION_CONTEXT('2D SPACE',''
  ) );
#7083 = PCURVE('',#6194,#7084);
#7084 = DEFINITIONAL_REPRESENTATION('',(#7085),#7093);
#7085 = ( BOUNDED_CURVE() B_SPLINE_CURVE(2,(#7086,#7087,#7088,#7089,
#7090,#7091,#7092),.UNSPECIFIED.,.T.,.F.) B_SPLINE_CURVE_WITH_KNOTS((1,2
    ,2,2,2,1),(-2.094395102393,0.,2.094395102393,4.188790204786,
6.28318530718,8.377580409573),.UNSPECIFIED.) CURVE() 
GEOMETRIC_REPRESENTATION_ITEM() RATIONAL_B_SPLINE_CURVE((1.,0.5,1.,0.5,
1.,0.5,1.)) REPRESENTATION_ITEM('') );
#7086 = CARTESIAN_POINT('',(-16.57505912613,-4.473432711628));
#7087 = CARTESIAN_POINT('',(-18.10334456959,-3.658359952112));
#7088 = CARTESIAN_POINT('',(-16.63332813218,-2.742362313599));
#7089 = CARTESIAN_POINT('',(-15.16331169478,-1.826364675085));
#7090 = CARTESIAN_POINT('',(-15.10504268872,-3.557435073114));
#7091 = CARTESIAN_POINT('',(-15.04677368267,-5.288505471144));
#7092 = CARTESIAN_POINT('',(-16.57505912613,-4.473432711628));
#7093 = ( GEOMETRIC_REPRESENTATION_CONTEXT(2) 
PARAMETRIC_REPRESENTATION_CONTEXT() REPRESENTATION_CONTEXT('2D SPACE',''
  ) );
#7094 = ADVANCED_FACE('',(#7095),#1632,.F.);
#7095 = FACE_BOUND('',#7096,.F.);
#7096 = EDGE_LOOP('',(#7097,#7123,#7124,#7125));
#7097 = ORIENTED_EDGE('',*,*,#7098,.F.);
#7098 = EDGE_CURVE('',#7047,#6474,#7099,.T.);
#7099 = SURFACE_CURVE('',#7100,(#7105,#7112),.PCURVE_S1.);
#7100 = CIRCLE('',#7101,17.5);
#7101 = AXIS2_PLACEMENT_3D('',#7102,#7103,#7104);
#7102 = CARTESIAN_POINT('',(2.22044604925E-15,4.440892098501E-15,14.));
#7103 = DIRECTION('',(0.,0.,1.));
#7104 = DIRECTION('',(1.,0.,-0.));
#7105 = PCURVE('',#1632,#7106);
#7106 = DEFINITIONAL_REPRESENTATION('',(#7107),#7111);
#7107 = LINE('',#7108,#7109);
#7108 = CARTESIAN_POINT('',(3.665191429188,0.));
#7109 = VECTOR('',#7110,1.);
#7110 = DIRECTION('',(-1.,0.));
#7111 = ( GEOMETRIC_REPRESENTATION_CONTEXT(2) 
PARAMETRIC_REPRESENTATION_CONTEXT() REPRESENTATION_CONTEXT('2D SPACE',''
  ) );
#7112 = PCURVE('',#6194,#7113);
#7113 = DEFINITIONAL_REPRESENTATION('',(#7114),#7122);
#7114 = ( BOUNDED_CURVE() B_SPLINE_CURVE(2,(#7115,#7116,#7117,#7118,
#7119,#7120,#7121),.UNSPECIFIED.,.T.,.F.) B_SPLINE_CURVE_WITH_KNOTS((1,2
    ,2,2,2,1),(-2.094395102393,0.,2.094395102393,4.188790204786,
6.28318530718,8.377580409573),.UNSPECIFIED.) CURVE() 
GEOMETRIC_REPRESENTATION_ITEM() RATIONAL_B_SPLINE_CURVE((1.,0.5,1.,0.5,
1.,0.5,1.)) REPRESENTATION_ITEM('') );
#7115 = CARTESIAN_POINT('',(17.5,0.));
#7116 = CARTESIAN_POINT('',(17.5,-30.31088913245));
#7117 = CARTESIAN_POINT('',(-8.75,-15.15544456622));
#7118 = CARTESIAN_POINT('',(-35.,-4.286263797016E-15));
#7119 = CARTESIAN_POINT('',(-8.75,15.155444566228));
#7120 = CARTESIAN_POINT('',(17.5,30.310889132455));
#7121 = CARTESIAN_POINT('',(17.5,0.));
#7122 = ( GEOMETRIC_REPRESENTATION_CONTEXT(2) 
PARAMETRIC_REPRESENTATION_CONTEXT() REPRESENTATION_CONTEXT('2D SPACE',''
  ) );
#7123 = ORIENTED_EDGE('',*,*,#7046,.T.);
#7124 = ORIENTED_EDGE('',*,*,#1611,.T.);
#7125 = ORIENTED_EDGE('',*,*,#6473,.T.);
#7126 = ADVANCED_FACE('',(#7127,#7130,#7133,#7136,#7139),#6194,.F.);
#7127 = FACE_BOUND('',#7128,.T.);
#7128 = EDGE_LOOP('',(#7129));
#7129 = ORIENTED_EDGE('',*,*,#6179,.F.);
#7130 = FACE_BOUND('',#7131,.T.);
#7131 = EDGE_LOOP('',(#7132));
#7132 = ORIENTED_EDGE('',*,*,#6346,.T.);
#7133 = FACE_BOUND('',#7134,.T.);
#7134 = EDGE_LOOP('',(#7135));
#7135 = ORIENTED_EDGE('',*,*,#6396,.T.);
#7136 = FACE_BOUND('',#7137,.T.);
#7137 = EDGE_LOOP('',(#7138));
#7138 = ORIENTED_EDGE('',*,*,#6446,.T.);
#7139 = FACE_BOUND('',#7140,.T.);
#7140 = EDGE_LOOP('',(#7141,#7142,#7143,#7144,#7145,#7146,#7147,#7148,
    #7149,#7150,#7151,#7152));
#7141 = ORIENTED_EDGE('',*,*,#6850,.F.);
#7142 = ORIENTED_EDGE('',*,*,#6776,.F.);
#7143 = ORIENTED_EDGE('',*,*,#6739,.F.);
#7144 = ORIENTED_EDGE('',*,*,#6684,.F.);
#7145 = ORIENTED_EDGE('',*,*,#6631,.F.);
#7146 = ORIENTED_EDGE('',*,*,#6557,.F.);
#7147 = ORIENTED_EDGE('',*,*,#6520,.F.);
#7148 = ORIENTED_EDGE('',*,*,#7098,.F.);
#7149 = ORIENTED_EDGE('',*,*,#7069,.F.);
#7150 = ORIENTED_EDGE('',*,*,#6990,.F.);
#7151 = ORIENTED_EDGE('',*,*,#6958,.F.);
#7152 = ORIENTED_EDGE('',*,*,#6903,.F.);
#7153 = ( GEOMETRIC_REPRESENTATION_CONTEXT(3) 
GLOBAL_UNCERTAINTY_ASSIGNED_CONTEXT((#7157)) 
GLOBAL_UNIT_ASSIGNED_CONTEXT((#7154,#7155,#7156)) REPRESENTATION_CONTEXT
('Context #1','3D Context with UNIT and UNCERTAINTY') );
#7154 = ( LENGTH_UNIT() NAMED_UNIT(*) SI_UNIT(.MILLI.,.METRE.) );
#7155 = ( NAMED_UNIT(*) PLANE_ANGLE_UNIT() SI_UNIT($,.RADIAN.) );
#7156 = ( NAMED_UNIT(*) SI_UNIT($,.STERADIAN.) SOLID_ANGLE_UNIT() );
#7157 = UNCERTAINTY_MEASURE_WITH_UNIT(LENGTH_MEASURE(2.E-04),#7154,
  'distance_accuracy_value','confusion accuracy');
#7158 = PRODUCT_RELATED_PRODUCT_CATEGORY('part',$,(#7));
#7159 = MECHANICAL_DESIGN_GEOMETRIC_PRESENTATION_REPRESENTATION('',(
    #7160),#7153);
#7160 = STYLED_ITEM('color',(#7161),#15);
#7161 = PRESENTATION_STYLE_ASSIGNMENT((#7162,#7168));
#7162 = SURFACE_STYLE_USAGE(.BOTH.,#7163);
#7163 = SURFACE_SIDE_STYLE('',(#7164));
#7164 = SURFACE_STYLE_FILL_AREA(#7165);
#7165 = FILL_AREA_STYLE('',(#7166));
#7166 = FILL_AREA_STYLE_COLOUR('',#7167);
#7167 = DRAUGHTING_PRE_DEFINED_COLOUR('black');
#7168 = CURVE_STYLE('',#7169,POSITIVE_LENGTH_MEASURE(0.1),#7170);
#7169 = DRAUGHTING_PRE_DEFINED_CURVE_FONT('continuous');
#7170 = COLOUR_RGB('',9.803921802644E-02,9.803921802644E-02,
  9.803921802644E-02);
ENDSEC;
END-ISO-10303-21;
