ISO-10303-21;
HEADER;
FILE_DESCRIPTION(('FreeCAD Model'),'2;1');
FILE_NAME('Open CASCADE Shape Model','2026-07-06T10:41:51',(''),(''),
  'Open CASCADE STEP processor 7.8','FreeCAD','Unknown');
FILE_SCHEMA(('AUTOMOTIVE_DESIGN { 1 0 10303 214 1 1 1 1 }'));
ENDSEC;
DATA;
#1 = APPLICATION_PROTOCOL_DEFINITION('international standard',
  'automotive_design',2000,#2);
#2 = APPLICATION_CONTEXT(
  'core data for automotive mechanical design processes');
#3 = SHAPE_DEFINITION_REPRESENTATION(#4,#10);
#4 = PRODUCT_DEFINITION_SHAPE('','',#5);
#5 = PRODUCT_DEFINITION('design','',#6,#9);
#6 = PRODUCT_DEFINITION_FORMATION('','',#7);
#7 = PRODUCT('Spring v6','Spring v6','',(#8));
#8 = PRODUCT_CONTEXT('',#2,'mechanical');
#9 = PRODUCT_DEFINITION_CONTEXT('part definition',#2,'design');
#10 = ADVANCED_BREP_SHAPE_REPRESENTATION('',(#11,#15),#6221);
#11 = AXIS2_PLACEMENT_3D('',#12,#13,#14);
#12 = CARTESIAN_POINT('',(0.,0.,0.));
#13 = DIRECTION('',(0.,0.,1.));
#14 = DIRECTION('',(1.,0.,-0.));
#15 = MANIFOLD_SOLID_BREP('',#16);
#16 = CLOSED_SHELL('',(#17,#143,#221,#337,#415,#531,#609,#725,#807,#923,
    #1001,#1117,#1195,#1272,#1388,#1470,#1552,#1663,#1745,#1827,#1938,
    #2016,#2098,#2180,#2262,#2344,#2426,#2508,#2594,#2651,#2758,#2836,
    #2914,#3000,#3086,#3193,#3279,#3365,#3446,#3527,#3584,#3637,#3686,
    #4651,#4683,#4737,#4769,#4841,#4891,#4941,#4995,#5049,#5099,#5153,
    #5207,#5261,#5315,#5347,#5379,#5407,#5439,#5511,#5561,#5611,#5665,
    #5719,#5769,#5823,#5877,#5931,#5985,#6017,#6049,#6077,#6127));
#17 = ADVANCED_FACE('',(#18),#32,.F.);
#18 = FACE_BOUND('',#19,.F.);
#19 = EDGE_LOOP('',(#20,#55,#88,#116));
#20 = ORIENTED_EDGE('',*,*,#21,.F.);
#21 = EDGE_CURVE('',#22,#24,#26,.T.);
#22 = VERTEX_POINT('',#23);
#23 = CARTESIAN_POINT('',(6.85668640811,1.409202434301,0.));
#24 = VERTEX_POINT('',#25);
#25 = CARTESIAN_POINT('',(6.85668640811,1.409202434301,4.));
#26 = SURFACE_CURVE('',#27,(#31,#43),.PCURVE_S1.);
#27 = LINE('',#28,#29);
#28 = CARTESIAN_POINT('',(6.85668640811,1.409202434301,0.));
#29 = VECTOR('',#30,1.);
#30 = DIRECTION('',(0.,0.,1.));
#31 = PCURVE('',#32,#37);
#32 = CYLINDRICAL_SURFACE('',#33,1.);
#33 = AXIS2_PLACEMENT_3D('',#34,#35,#36);
#34 = CARTESIAN_POINT('',(7.83621303784,1.610517067772,0.));
#35 = DIRECTION('',(0.,0.,-1.));
#36 = DIRECTION('',(-0.626462553518,-0.779451518081,-0.));
#37 = DEFINITIONAL_REPRESENTATION('',(#38),#42);
#38 = LINE('',#39,#40);
#39 = CARTESIAN_POINT('',(6.974275277489,0.));
#40 = VECTOR('',#41,1.);
#41 = DIRECTION('',(0.,-1.));
#42 = ( GEOMETRIC_REPRESENTATION_CONTEXT(2) 
PARAMETRIC_REPRESENTATION_CONTEXT() REPRESENTATION_CONTEXT('2D SPACE',''
  ) );
#43 = PCURVE('',#44,#49);
#44 = CYLINDRICAL_SURFACE('',#45,7.);
#45 = AXIS2_PLACEMENT_3D('',#46,#47,#48);
#46 = CARTESIAN_POINT('',(0.,0.,0.));
#47 = DIRECTION('',(0.,0.,1.));
#48 = DIRECTION('',(1.,0.,-0.));
#49 = DEFINITIONAL_REPRESENTATION('',(#50),#54);
#50 = LINE('',#51,#52);
#51 = CARTESIAN_POINT('',(0.202699847151,0.));
#52 = VECTOR('',#53,1.);
#53 = DIRECTION('',(0.,1.));
#54 = ( GEOMETRIC_REPRESENTATION_CONTEXT(2) 
PARAMETRIC_REPRESENTATION_CONTEXT() REPRESENTATION_CONTEXT('2D SPACE',''
  ) );
#55 = ORIENTED_EDGE('',*,*,#56,.F.);
#56 = EDGE_CURVE('',#57,#22,#59,.T.);
#57 = VERTEX_POINT('',#58);
#58 = CARTESIAN_POINT('',(7.850296033259,0.61061623807,0.));
#59 = SURFACE_CURVE('',#60,(#65,#72),.PCURVE_S1.);
#60 = CIRCLE('',#61,1.);
#61 = AXIS2_PLACEMENT_3D('',#62,#63,#64);
#62 = CARTESIAN_POINT('',(7.83621303784,1.610517067772,0.));
#63 = DIRECTION('',(0.,0.,-1.));
#64 = DIRECTION('',(-0.626462553518,-0.779451518081,-0.));
#65 = PCURVE('',#32,#66);
#66 = DEFINITIONAL_REPRESENTATION('',(#67),#71);
#67 = LINE('',#68,#69);
#68 = CARTESIAN_POINT('',(0.,0.));
#69 = VECTOR('',#70,1.);
#70 = DIRECTION('',(1.,0.));
#71 = ( GEOMETRIC_REPRESENTATION_CONTEXT(2) 
PARAMETRIC_REPRESENTATION_CONTEXT() REPRESENTATION_CONTEXT('2D SPACE',''
  ) );
#72 = PCURVE('',#73,#78);
#73 = PLANE('',#74);
#74 = AXIS2_PLACEMENT_3D('',#75,#76,#77);
#75 = CARTESIAN_POINT('',(0.,0.,0.));
#76 = DIRECTION('',(0.,0.,1.));
#77 = DIRECTION('',(1.,0.,-0.));
#78 = DEFINITIONAL_REPRESENTATION('',(#79),#87);
#79 = ( BOUNDED_CURVE() B_SPLINE_CURVE(2,(#80,#81,#82,#83,#84,#85,#86),
.UNSPECIFIED.,.T.,.F.) B_SPLINE_CURVE_WITH_KNOTS((1,2,2,2,2,1),(
    -2.094395102393,0.,2.094395102393,4.188790204786,6.28318530718,
8.377580409573),.UNSPECIFIED.) CURVE() GEOMETRIC_REPRESENTATION_ITEM() 
RATIONAL_B_SPLINE_CURVE((1.,0.5,1.,0.5,1.,0.5,1.)) REPRESENTATION_ITEM(
  '') );
#80 = CARTESIAN_POINT('',(7.209750484322,0.831065549691));
#81 = CARTESIAN_POINT('',(5.859700852968,1.916130521424));
#82 = CARTESIAN_POINT('',(7.474419498922,2.54277531268));
#83 = CARTESIAN_POINT('',(9.089138144876,3.169420103935));
#84 = CARTESIAN_POINT('',(8.824469130276,1.457710340947));
#85 = CARTESIAN_POINT('',(8.559800115676,-0.253999422042));
#86 = CARTESIAN_POINT('',(7.209750484322,0.831065549691));
#87 = ( GEOMETRIC_REPRESENTATION_CONTEXT(2) 
PARAMETRIC_REPRESENTATION_CONTEXT() REPRESENTATION_CONTEXT('2D SPACE',''
  ) );
#88 = ORIENTED_EDGE('',*,*,#89,.F.);
#89 = EDGE_CURVE('',#90,#57,#92,.T.);
#90 = VERTEX_POINT('',#91);
#91 = CARTESIAN_POINT('',(7.850296033259,0.61061623807,4.));
#92 = SURFACE_CURVE('',#93,(#97,#104),.PCURVE_S1.);
#93 = LINE('',#94,#95);
#94 = CARTESIAN_POINT('',(7.850296033259,0.61061623807,0.));
#95 = VECTOR('',#96,1.);
#96 = DIRECTION('',(0.,0.,-1.));
#97 = PCURVE('',#32,#98);
#98 = DEFINITIONAL_REPRESENTATION('',(#99),#103);
#99 = LINE('',#100,#101);
#100 = CARTESIAN_POINT('',(5.59209533687,0.));
#101 = VECTOR('',#102,1.);
#102 = DIRECTION('',(0.,1.));
#103 = ( GEOMETRIC_REPRESENTATION_CONTEXT(2) 
PARAMETRIC_REPRESENTATION_CONTEXT() REPRESENTATION_CONTEXT('2D SPACE',''
  ) );
#104 = PCURVE('',#105,#110);
#105 = CYLINDRICAL_SURFACE('',#106,2.);
#106 = AXIS2_PLACEMENT_3D('',#107,#108,#109);
#107 = CARTESIAN_POINT('',(7.878462024098,-1.389185421336,2.));
#108 = DIRECTION('',(0.,0.,1.));
#109 = DIRECTION('',(0.984807753012,-0.173648177667,0.));
#110 = DEFINITIONAL_REPRESENTATION('',(#111),#115);
#111 = LINE('',#112,#113);
#112 = CARTESIAN_POINT('',(1.75941271297,-2.));
#113 = VECTOR('',#114,1.);
#114 = DIRECTION('',(0.,-1.));
#115 = ( GEOMETRIC_REPRESENTATION_CONTEXT(2) 
PARAMETRIC_REPRESENTATION_CONTEXT() REPRESENTATION_CONTEXT('2D SPACE',''
  ) );
#116 = ORIENTED_EDGE('',*,*,#117,.F.);
#117 = EDGE_CURVE('',#24,#90,#118,.T.);
#118 = SURFACE_CURVE('',#119,(#124,#131),.PCURVE_S1.);
#119 = CIRCLE('',#120,1.);
#120 = AXIS2_PLACEMENT_3D('',#121,#122,#123);
#121 = CARTESIAN_POINT('',(7.83621303784,1.610517067772,4.));
#122 = DIRECTION('',(0.,0.,1.));
#123 = DIRECTION('',(-0.626462553518,-0.779451518081,0.));
#124 = PCURVE('',#32,#125);
#125 = DEFINITIONAL_REPRESENTATION('',(#126),#130);
#126 = LINE('',#127,#128);
#127 = CARTESIAN_POINT('',(12.566370614359,-4.));
#128 = VECTOR('',#129,1.);
#129 = DIRECTION('',(-1.,0.));
#130 = ( GEOMETRIC_REPRESENTATION_CONTEXT(2) 
PARAMETRIC_REPRESENTATION_CONTEXT() REPRESENTATION_CONTEXT('2D SPACE',''
  ) );
#131 = PCURVE('',#132,#137);
#132 = PLANE('',#133);
#133 = AXIS2_PLACEMENT_3D('',#134,#135,#136);
#134 = CARTESIAN_POINT('',(0.,0.,4.));
#135 = DIRECTION('',(0.,0.,1.));
#136 = DIRECTION('',(1.,0.,-0.));
#137 = DEFINITIONAL_REPRESENTATION('',(#138),#142);
#138 = CIRCLE('',#139,1.);
#139 = AXIS2_PLACEMENT_2D('',#140,#141);
#140 = CARTESIAN_POINT('',(7.83621303784,1.610517067772));
#141 = DIRECTION('',(-0.626462553518,-0.779451518081));
#142 = ( GEOMETRIC_REPRESENTATION_CONTEXT(2) 
PARAMETRIC_REPRESENTATION_CONTEXT() REPRESENTATION_CONTEXT('2D SPACE',''
  ) );
#143 = ADVANCED_FACE('',(#144),#105,.T.);
#144 = FACE_BOUND('',#145,.T.);
#145 = EDGE_LOOP('',(#146,#147,#171,#199));
#146 = ORIENTED_EDGE('',*,*,#89,.F.);
#147 = ORIENTED_EDGE('',*,*,#148,.F.);
#148 = EDGE_CURVE('',#149,#90,#151,.T.);
#149 = VERTEX_POINT('',#150);
#150 = CARTESIAN_POINT('',(9.848077527535,-1.736481791344,4.));
#151 = SURFACE_CURVE('',#152,(#157,#164),.PCURVE_S1.);
#152 = CIRCLE('',#153,2.);
#153 = AXIS2_PLACEMENT_3D('',#154,#155,#156);
#154 = CARTESIAN_POINT('',(7.878462024098,-1.389185421336,4.));
#155 = DIRECTION('',(0.,0.,1.));
#156 = DIRECTION('',(0.984807751718,-0.173648185004,0.));
#157 = PCURVE('',#105,#158);
#158 = DEFINITIONAL_REPRESENTATION('',(#159),#163);
#159 = LINE('',#160,#161);
#160 = CARTESIAN_POINT('',(-7.450570826961E-09,2.));
#161 = VECTOR('',#162,1.);
#162 = DIRECTION('',(1.,0.));
#163 = ( GEOMETRIC_REPRESENTATION_CONTEXT(2) 
PARAMETRIC_REPRESENTATION_CONTEXT() REPRESENTATION_CONTEXT('2D SPACE',''
  ) );
#164 = PCURVE('',#132,#165);
#165 = DEFINITIONAL_REPRESENTATION('',(#166),#170);
#166 = CIRCLE('',#167,2.);
#167 = AXIS2_PLACEMENT_2D('',#168,#169);
#168 = CARTESIAN_POINT('',(7.878462024098,-1.389185421336));
#169 = DIRECTION('',(0.984807751718,-0.173648185004));
#170 = ( GEOMETRIC_REPRESENTATION_CONTEXT(2) 
PARAMETRIC_REPRESENTATION_CONTEXT() REPRESENTATION_CONTEXT('2D SPACE',''
  ) );
#171 = ORIENTED_EDGE('',*,*,#172,.T.);
#172 = EDGE_CURVE('',#149,#173,#175,.T.);
#173 = VERTEX_POINT('',#174);
#174 = CARTESIAN_POINT('',(9.848077527535,-1.736481791344,0.));
#175 = SURFACE_CURVE('',#176,(#180,#187),.PCURVE_S1.);
#176 = LINE('',#177,#178);
#177 = CARTESIAN_POINT('',(9.848077527535,-1.736481791344,0.));
#178 = VECTOR('',#179,1.);
#179 = DIRECTION('',(-1.640034367644E-15,2.891822831067E-16,-1.));
#180 = PCURVE('',#105,#181);
#181 = DEFINITIONAL_REPRESENTATION('',(#182),#186);
#182 = LINE('',#183,#184);
#183 = CARTESIAN_POINT('',(-7.450568162426E-09,-2.));
#184 = VECTOR('',#185,1.);
#185 = DIRECTION('',(0.,-1.));
#186 = ( GEOMETRIC_REPRESENTATION_CONTEXT(2) 
PARAMETRIC_REPRESENTATION_CONTEXT() REPRESENTATION_CONTEXT('2D SPACE',''
  ) );
#187 = PCURVE('',#188,#193);
#188 = CYLINDRICAL_SURFACE('',#189,10.);
#189 = AXIS2_PLACEMENT_3D('',#190,#191,#192);
#190 = CARTESIAN_POINT('',(-5.471404696284E-15,8.286817471268E-15,2.));
#191 = DIRECTION('',(0.,0.,1.));
#192 = DIRECTION('',(0.642787609687,-0.766044443119,0.));
#193 = DEFINITIONAL_REPRESENTATION('',(#194),#198);
#194 = LINE('',#195,#196);
#195 = CARTESIAN_POINT('',(0.698131699308,-2.));
#196 = VECTOR('',#197,1.);
#197 = DIRECTION('',(0.,-1.));
#198 = ( GEOMETRIC_REPRESENTATION_CONTEXT(2) 
PARAMETRIC_REPRESENTATION_CONTEXT() REPRESENTATION_CONTEXT('2D SPACE',''
  ) );
#199 = ORIENTED_EDGE('',*,*,#200,.T.);
#200 = EDGE_CURVE('',#173,#57,#201,.T.);
#201 = SURFACE_CURVE('',#202,(#207,#214),.PCURVE_S1.);
#202 = CIRCLE('',#203,2.);
#203 = AXIS2_PLACEMENT_3D('',#204,#205,#206);
#204 = CARTESIAN_POINT('',(7.878462024098,-1.389185421336,0.));
#205 = DIRECTION('',(0.,0.,1.));
#206 = DIRECTION('',(0.984807751718,-0.173648185004,0.));
#207 = PCURVE('',#105,#208);
#208 = DEFINITIONAL_REPRESENTATION('',(#209),#213);
#209 = LINE('',#210,#211);
#210 = CARTESIAN_POINT('',(-7.450570826961E-09,-2.));
#211 = VECTOR('',#212,1.);
#212 = DIRECTION('',(1.,0.));
#213 = ( GEOMETRIC_REPRESENTATION_CONTEXT(2) 
PARAMETRIC_REPRESENTATION_CONTEXT() REPRESENTATION_CONTEXT('2D SPACE',''
  ) );
#214 = PCURVE('',#73,#215);
#215 = DEFINITIONAL_REPRESENTATION('',(#216),#220);
#216 = CIRCLE('',#217,2.);
#217 = AXIS2_PLACEMENT_2D('',#218,#219);
#218 = CARTESIAN_POINT('',(7.878462024098,-1.389185421336));
#219 = DIRECTION('',(0.984807751718,-0.173648185004));
#220 = ( GEOMETRIC_REPRESENTATION_CONTEXT(2) 
PARAMETRIC_REPRESENTATION_CONTEXT() REPRESENTATION_CONTEXT('2D SPACE',''
  ) );
#221 = ADVANCED_FACE('',(#222),#236,.F.);
#222 = FACE_BOUND('',#223,.F.);
#223 = EDGE_LOOP('',(#224,#259,#287,#315));
#224 = ORIENTED_EDGE('',*,*,#225,.F.);
#225 = EDGE_CURVE('',#226,#228,#230,.T.);
#226 = VERTEX_POINT('',#227);
#227 = CARTESIAN_POINT('',(-2.207938096876,-6.642665832357,0.));
#228 = VERTEX_POINT('',#229);
#229 = CARTESIAN_POINT('',(-2.207938096876,-6.642665832357,4.));
#230 = SURFACE_CURVE('',#231,(#235,#247),.PCURVE_S1.);
#231 = LINE('',#232,#233);
#232 = CARTESIAN_POINT('',(-2.207938096876,-6.642665832357,0.));
#233 = VECTOR('',#234,1.);
#234 = DIRECTION('',(0.,0.,1.));
#235 = PCURVE('',#236,#241);
#236 = CYLINDRICAL_SURFACE('',#237,1.);
#237 = AXIS2_PLACEMENT_3D('',#238,#239,#240);
#238 = CARTESIAN_POINT('',(-2.523357825001,-7.591618094122,0.));
#239 = DIRECTION('',(0.,0.,-1.));
#240 = DIRECTION('',(-0.361793538918,0.932258244907,0.));
#241 = DEFINITIONAL_REPRESENTATION('',(#242),#246);
#242 = LINE('',#243,#244);
#243 = CARTESIAN_POINT('',(0.69108997031,0.));
#244 = VECTOR('',#245,1.);
#245 = DIRECTION('',(0.,-1.));
#246 = ( GEOMETRIC_REPRESENTATION_CONTEXT(2) 
PARAMETRIC_REPRESENTATION_CONTEXT() REPRESENTATION_CONTEXT('2D SPACE',''
  ) );
#247 = PCURVE('',#248,#253);
#248 = CYLINDRICAL_SURFACE('',#249,7.);
#249 = AXIS2_PLACEMENT_3D('',#250,#251,#252);
#250 = CARTESIAN_POINT('',(0.,0.,0.));
#251 = DIRECTION('',(0.,0.,1.));
#252 = DIRECTION('',(1.,0.,-0.));
#253 = DEFINITIONAL_REPRESENTATION('',(#254),#258);
#254 = LINE('',#255,#256);
#255 = CARTESIAN_POINT('',(4.391490051938,0.));
#256 = VECTOR('',#257,1.);
#257 = DIRECTION('',(0.,1.));
#258 = ( GEOMETRIC_REPRESENTATION_CONTEXT(2) 
PARAMETRIC_REPRESENTATION_CONTEXT() REPRESENTATION_CONTEXT('2D SPACE',''
  ) );
#259 = ORIENTED_EDGE('',*,*,#260,.F.);
#260 = EDGE_CURVE('',#261,#226,#263,.T.);
#261 = VERTEX_POINT('',#262);
#262 = CARTESIAN_POINT('',(-3.396338842498,-7.103863911066,0.));
#263 = SURFACE_CURVE('',#264,(#269,#276),.PCURVE_S1.);
#264 = CIRCLE('',#265,1.);
#265 = AXIS2_PLACEMENT_3D('',#266,#267,#268);
#266 = CARTESIAN_POINT('',(-2.523357825001,-7.591618094122,0.));
#267 = DIRECTION('',(0.,0.,-1.));
#268 = DIRECTION('',(-0.361793538918,0.932258244907,0.));
#269 = PCURVE('',#236,#270);
#270 = DEFINITIONAL_REPRESENTATION('',(#271),#275);
#271 = LINE('',#272,#273);
#272 = CARTESIAN_POINT('',(-6.28318530718,0.));
#273 = VECTOR('',#274,1.);
#274 = DIRECTION('',(1.,0.));
#275 = ( GEOMETRIC_REPRESENTATION_CONTEXT(2) 
PARAMETRIC_REPRESENTATION_CONTEXT() REPRESENTATION_CONTEXT('2D SPACE',''
  ) );
#276 = PCURVE('',#73,#277);
#277 = DEFINITIONAL_REPRESENTATION('',(#278),#286);
#278 = ( BOUNDED_CURVE() B_SPLINE_CURVE(2,(#279,#280,#281,#282,#283,#284
,#285),.UNSPECIFIED.,.T.,.F.) B_SPLINE_CURVE_WITH_KNOTS((1,2,2,2,2,1),(
    -2.094395102393,0.,2.094395102393,4.188790204786,6.28318530718,
8.377580409573),.UNSPECIFIED.) CURVE() GEOMETRIC_REPRESENTATION_ITEM() 
RATIONAL_B_SPLINE_CURVE((1.,0.5,1.,0.5,1.,0.5,1.)) REPRESENTATION_ITEM(
  '') );
#279 = CARTESIAN_POINT('',(-2.885151363918,-6.659359849215));
#280 = CARTESIAN_POINT('',(-1.270432717964,-6.03271505796));
#281 = CARTESIAN_POINT('',(-1.535101732565,-7.744424820948));
#282 = CARTESIAN_POINT('',(-1.799770747165,-9.456134583937));
#283 = CARTESIAN_POINT('',(-3.149820378519,-8.371069612204));
#284 = CARTESIAN_POINT('',(-4.499870009873,-7.286004640471));
#285 = CARTESIAN_POINT('',(-2.885151363918,-6.659359849215));
#286 = ( GEOMETRIC_REPRESENTATION_CONTEXT(2) 
PARAMETRIC_REPRESENTATION_CONTEXT() REPRESENTATION_CONTEXT('2D SPACE',''
  ) );
#287 = ORIENTED_EDGE('',*,*,#288,.F.);
#288 = EDGE_CURVE('',#289,#261,#291,.T.);
#289 = VERTEX_POINT('',#290);
#290 = CARTESIAN_POINT('',(-3.396338842498,-7.103863911066,4.));
#291 = SURFACE_CURVE('',#292,(#296,#303),.PCURVE_S1.);
#292 = LINE('',#293,#294);
#293 = CARTESIAN_POINT('',(-3.396338842498,-7.103863911066,0.));
#294 = VECTOR('',#295,1.);
#295 = DIRECTION('',(0.,0.,-1.));
#296 = PCURVE('',#236,#297);
#297 = DEFINITIONAL_REPRESENTATION('',(#298),#302);
#298 = LINE('',#299,#300);
#299 = CARTESIAN_POINT('',(-0.69108997031,0.));
#300 = VECTOR('',#301,1.);
#301 = DIRECTION('',(0.,1.));
#302 = ( GEOMETRIC_REPRESENTATION_CONTEXT(2) 
PARAMETRIC_REPRESENTATION_CONTEXT() REPRESENTATION_CONTEXT('2D SPACE',''
  ) );
#303 = PCURVE('',#304,#309);
#304 = CYLINDRICAL_SURFACE('',#305,2.);
#305 = AXIS2_PLACEMENT_3D('',#306,#307,#308);
#306 = CARTESIAN_POINT('',(-5.142300877492,-6.128355544952,2.));
#307 = DIRECTION('',(0.,0.,1.));
#308 = DIRECTION('',(-0.642787609687,-0.766044443119,0.));
#309 = DEFINITIONAL_REPRESENTATION('',(#310),#314);
#310 = LINE('',#311,#312);
#311 = CARTESIAN_POINT('',(1.75941271297,-2.));
#312 = VECTOR('',#313,1.);
#313 = DIRECTION('',(0.,-1.));
#314 = ( GEOMETRIC_REPRESENTATION_CONTEXT(2) 
PARAMETRIC_REPRESENTATION_CONTEXT() REPRESENTATION_CONTEXT('2D SPACE',''
  ) );
#315 = ORIENTED_EDGE('',*,*,#316,.F.);
#316 = EDGE_CURVE('',#228,#289,#317,.T.);
#317 = SURFACE_CURVE('',#318,(#323,#330),.PCURVE_S1.);
#318 = CIRCLE('',#319,1.);
#319 = AXIS2_PLACEMENT_3D('',#320,#321,#322);
#320 = CARTESIAN_POINT('',(-2.523357825001,-7.591618094122,4.));
#321 = DIRECTION('',(0.,0.,1.));
#322 = DIRECTION('',(-0.361793538918,0.932258244907,0.));
#323 = PCURVE('',#236,#324);
#324 = DEFINITIONAL_REPRESENTATION('',(#325),#329);
#325 = LINE('',#326,#327);
#326 = CARTESIAN_POINT('',(6.28318530718,-4.));
#327 = VECTOR('',#328,1.);
#328 = DIRECTION('',(-1.,0.));
#329 = ( GEOMETRIC_REPRESENTATION_CONTEXT(2) 
PARAMETRIC_REPRESENTATION_CONTEXT() REPRESENTATION_CONTEXT('2D SPACE',''
  ) );
#330 = PCURVE('',#132,#331);
#331 = DEFINITIONAL_REPRESENTATION('',(#332),#336);
#332 = CIRCLE('',#333,1.);
#333 = AXIS2_PLACEMENT_2D('',#334,#335);
#334 = CARTESIAN_POINT('',(-2.523357825001,-7.591618094122));
#335 = DIRECTION('',(-0.361793538918,0.932258244907));
#336 = ( GEOMETRIC_REPRESENTATION_CONTEXT(2) 
PARAMETRIC_REPRESENTATION_CONTEXT() REPRESENTATION_CONTEXT('2D SPACE',''
  ) );
#337 = ADVANCED_FACE('',(#338),#304,.T.);
#338 = FACE_BOUND('',#339,.T.);
#339 = EDGE_LOOP('',(#340,#341,#365,#393));
#340 = ORIENTED_EDGE('',*,*,#288,.F.);
#341 = ORIENTED_EDGE('',*,*,#342,.F.);
#342 = EDGE_CURVE('',#343,#289,#345,.T.);
#343 = VERTEX_POINT('',#344);
#344 = CARTESIAN_POINT('',(-6.42787610828,-7.660444421611,4.));
#345 = SURFACE_CURVE('',#346,(#351,#358),.PCURVE_S1.);
#346 = CIRCLE('',#347,2.);
#347 = AXIS2_PLACEMENT_3D('',#348,#349,#350);
#348 = CARTESIAN_POINT('',(-5.142300877492,-6.128355544952,4.));
#349 = DIRECTION('',(0.,0.,1.));
#350 = DIRECTION('',(-0.642787615394,-0.76604443833,0.));
#351 = PCURVE('',#304,#352);
#352 = DEFINITIONAL_REPRESENTATION('',(#353),#357);
#353 = LINE('',#354,#355);
#354 = CARTESIAN_POINT('',(-7.45057171514E-09,2.));
#355 = VECTOR('',#356,1.);
#356 = DIRECTION('',(1.,0.));
#357 = ( GEOMETRIC_REPRESENTATION_CONTEXT(2) 
PARAMETRIC_REPRESENTATION_CONTEXT() REPRESENTATION_CONTEXT('2D SPACE',''
  ) );
#358 = PCURVE('',#132,#359);
#359 = DEFINITIONAL_REPRESENTATION('',(#360),#364);
#360 = CIRCLE('',#361,2.);
#361 = AXIS2_PLACEMENT_2D('',#362,#363);
#362 = CARTESIAN_POINT('',(-5.142300877492,-6.128355544952));
#363 = DIRECTION('',(-0.642787615394,-0.76604443833));
#364 = ( GEOMETRIC_REPRESENTATION_CONTEXT(2) 
PARAMETRIC_REPRESENTATION_CONTEXT() REPRESENTATION_CONTEXT('2D SPACE',''
  ) );
#365 = ORIENTED_EDGE('',*,*,#366,.T.);
#366 = EDGE_CURVE('',#343,#367,#369,.T.);
#367 = VERTEX_POINT('',#368);
#368 = CARTESIAN_POINT('',(-6.42787610828,-7.660444421611,0.));
#369 = SURFACE_CURVE('',#370,(#374,#381),.PCURVE_S1.);
#370 = LINE('',#371,#372);
#371 = CARTESIAN_POINT('',(-6.42787610828,-7.660444421611,0.));
#372 = VECTOR('',#373,1.);
#373 = DIRECTION('',(1.070456387317E-15,1.275720283906E-15,-1.));
#374 = PCURVE('',#304,#375);
#375 = DEFINITIONAL_REPRESENTATION('',(#376),#380);
#376 = LINE('',#377,#378);
#377 = CARTESIAN_POINT('',(-7.450572603318E-09,-2.));
#378 = VECTOR('',#379,1.);
#379 = DIRECTION('',(0.,-1.));
#380 = ( GEOMETRIC_REPRESENTATION_CONTEXT(2) 
PARAMETRIC_REPRESENTATION_CONTEXT() REPRESENTATION_CONTEXT('2D SPACE',''
  ) );
#381 = PCURVE('',#382,#387);
#382 = CYLINDRICAL_SURFACE('',#383,10.);
#383 = AXIS2_PLACEMENT_3D('',#384,#385,#386);
#384 = CARTESIAN_POINT('',(9.912296794785E-15,5.949667257335E-16,2.));
#385 = DIRECTION('',(0.,0.,1.));
#386 = DIRECTION('',(-0.984807753012,-0.173648177667,0.));
#387 = DEFINITIONAL_REPRESENTATION('',(#388),#392);
#388 = LINE('',#389,#390);
#389 = CARTESIAN_POINT('',(0.698131699308,-2.));
#390 = VECTOR('',#391,1.);
#391 = DIRECTION('',(0.,-1.));
#392 = ( GEOMETRIC_REPRESENTATION_CONTEXT(2) 
PARAMETRIC_REPRESENTATION_CONTEXT() REPRESENTATION_CONTEXT('2D SPACE',''
  ) );
#393 = ORIENTED_EDGE('',*,*,#394,.T.);
#394 = EDGE_CURVE('',#367,#261,#395,.T.);
#395 = SURFACE_CURVE('',#396,(#401,#408),.PCURVE_S1.);
#396 = CIRCLE('',#397,2.);
#397 = AXIS2_PLACEMENT_3D('',#398,#399,#400);
#398 = CARTESIAN_POINT('',(-5.142300877492,-6.128355544952,0.));
#399 = DIRECTION('',(0.,0.,1.));
#400 = DIRECTION('',(-0.642787615394,-0.76604443833,0.));
#401 = PCURVE('',#304,#402);
#402 = DEFINITIONAL_REPRESENTATION('',(#403),#407);
#403 = LINE('',#404,#405);
#404 = CARTESIAN_POINT('',(-7.45057171514E-09,-2.));
#405 = VECTOR('',#406,1.);
#406 = DIRECTION('',(1.,0.));
#407 = ( GEOMETRIC_REPRESENTATION_CONTEXT(2) 
PARAMETRIC_REPRESENTATION_CONTEXT() REPRESENTATION_CONTEXT('2D SPACE',''
  ) );
#408 = PCURVE('',#73,#409);
#409 = DEFINITIONAL_REPRESENTATION('',(#410),#414);
#410 = CIRCLE('',#411,2.);
#411 = AXIS2_PLACEMENT_2D('',#412,#413);
#412 = CARTESIAN_POINT('',(-5.142300877492,-6.128355544952));
#413 = DIRECTION('',(-0.642787615394,-0.76604443833));
#414 = ( GEOMETRIC_REPRESENTATION_CONTEXT(2) 
PARAMETRIC_REPRESENTATION_CONTEXT() REPRESENTATION_CONTEXT('2D SPACE',''
  ) );
#415 = ADVANCED_FACE('',(#416),#430,.F.);
#416 = FACE_BOUND('',#417,.F.);
#417 = EDGE_LOOP('',(#418,#453,#481,#509));
#418 = ORIENTED_EDGE('',*,*,#419,.F.);
#419 = EDGE_CURVE('',#420,#422,#424,.T.);
#420 = VERTEX_POINT('',#421);
#421 = CARTESIAN_POINT('',(-4.648748311234,5.233463398056,0.));
#422 = VERTEX_POINT('',#423);
#423 = CARTESIAN_POINT('',(-4.648748311234,5.233463398056,4.));
#424 = SURFACE_CURVE('',#425,(#429,#441),.PCURVE_S1.);
#425 = LINE('',#426,#427);
#426 = CARTESIAN_POINT('',(-4.648748311234,5.233463398056,0.));
#427 = VECTOR('',#428,1.);
#428 = DIRECTION('',(0.,0.,1.));
#429 = PCURVE('',#430,#435);
#430 = CYLINDRICAL_SURFACE('',#431,1.);
#431 = AXIS2_PLACEMENT_3D('',#432,#433,#434);
#432 = CARTESIAN_POINT('',(-5.312855212839,5.98110102635,0.));
#433 = DIRECTION('',(0.,0.,-1.));
#434 = DIRECTION('',(0.988256092436,-0.152806726826,0.));
#435 = DEFINITIONAL_REPRESENTATION('',(#436),#440);
#436 = LINE('',#437,#438);
#437 = CARTESIAN_POINT('',(6.974275277489,0.));
#438 = VECTOR('',#439,1.);
#439 = DIRECTION('',(0.,-1.));
#440 = ( GEOMETRIC_REPRESENTATION_CONTEXT(2) 
PARAMETRIC_REPRESENTATION_CONTEXT() REPRESENTATION_CONTEXT('2D SPACE',''
  ) );
#441 = PCURVE('',#442,#447);
#442 = CYLINDRICAL_SURFACE('',#443,7.);
#443 = AXIS2_PLACEMENT_3D('',#444,#445,#446);
#444 = CARTESIAN_POINT('',(0.,0.,0.));
#445 = DIRECTION('',(0.,0.,1.));
#446 = DIRECTION('',(-0.999900829647,-1.408299939109E-02,0.));
#447 = DEFINITIONAL_REPRESENTATION('',(#448),#452);
#448 = LINE('',#449,#450);
#449 = CARTESIAN_POINT('',(-0.858581168993,0.));
#450 = VECTOR('',#451,1.);
#451 = DIRECTION('',(0.,1.));
#452 = ( GEOMETRIC_REPRESENTATION_CONTEXT(2) 
PARAMETRIC_REPRESENTATION_CONTEXT() REPRESENTATION_CONTEXT('2D SPACE',''
  ) );
#453 = ORIENTED_EDGE('',*,*,#454,.F.);
#454 = EDGE_CURVE('',#455,#420,#457,.T.);
#455 = VERTEX_POINT('',#456);
#456 = CARTESIAN_POINT('',(-4.453957190761,6.493247672996,0.));
#457 = SURFACE_CURVE('',#458,(#463,#470),.PCURVE_S1.);
#458 = CIRCLE('',#459,1.);
#459 = AXIS2_PLACEMENT_3D('',#460,#461,#462);
#460 = CARTESIAN_POINT('',(-5.312855212839,5.98110102635,0.));
#461 = DIRECTION('',(0.,0.,-1.));
#462 = DIRECTION('',(0.988256092436,-0.152806726826,0.));
#463 = PCURVE('',#430,#464);
#464 = DEFINITIONAL_REPRESENTATION('',(#465),#469);
#465 = LINE('',#466,#467);
#466 = CARTESIAN_POINT('',(-8.881784197001E-16,0.));
#467 = VECTOR('',#468,1.);
#468 = DIRECTION('',(1.,0.));
#469 = ( GEOMETRIC_REPRESENTATION_CONTEXT(2) 
PARAMETRIC_REPRESENTATION_CONTEXT() REPRESENTATION_CONTEXT('2D SPACE',''
  ) );
#470 = PCURVE('',#73,#471);
#471 = DEFINITIONAL_REPRESENTATION('',(#472),#480);
#472 = ( BOUNDED_CURVE() B_SPLINE_CURVE(2,(#473,#474,#475,#476,#477,#478
,#479),.UNSPECIFIED.,.T.,.F.) B_SPLINE_CURVE_WITH_KNOTS((1,2,2,2,2,1),(
    -2.094395102393,0.,2.094395102393,4.188790204786,6.28318530718,
8.377580409573),.UNSPECIFIED.) CURVE() GEOMETRIC_REPRESENTATION_ITEM() 
RATIONAL_B_SPLINE_CURVE((1.,0.5,1.,0.5,1.,0.5,1.)) REPRESENTATION_ITEM(
  '') );
#473 = CARTESIAN_POINT('',(-4.324599120403,5.828294299524));
#474 = CARTESIAN_POINT('',(-4.589268135004,4.116584536536));
#475 = CARTESIAN_POINT('',(-5.939317766358,5.201649508269));
#476 = CARTESIAN_POINT('',(-7.289367397711,6.286714480001));
#477 = CARTESIAN_POINT('',(-5.674648751757,6.913359271257));
#478 = CARTESIAN_POINT('',(-4.059930105803,7.540004062513));
#479 = CARTESIAN_POINT('',(-4.324599120403,5.828294299524));
#480 = ( GEOMETRIC_REPRESENTATION_CONTEXT(2) 
PARAMETRIC_REPRESENTATION_CONTEXT() REPRESENTATION_CONTEXT('2D SPACE',''
  ) );
#481 = ORIENTED_EDGE('',*,*,#482,.F.);
#482 = EDGE_CURVE('',#483,#455,#485,.T.);
#483 = VERTEX_POINT('',#484);
#484 = CARTESIAN_POINT('',(-4.453957190761,6.493247672996,4.));
#485 = SURFACE_CURVE('',#486,(#490,#497),.PCURVE_S1.);
#486 = LINE('',#487,#488);
#487 = CARTESIAN_POINT('',(-4.453957190761,6.493247672996,0.));
#488 = VECTOR('',#489,1.);
#489 = DIRECTION('',(0.,0.,-1.));
#490 = PCURVE('',#430,#491);
#491 = DEFINITIONAL_REPRESENTATION('',(#492),#496);
#492 = LINE('',#493,#494);
#493 = CARTESIAN_POINT('',(5.59209533687,0.));
#494 = VECTOR('',#495,1.);
#495 = DIRECTION('',(0.,1.));
#496 = ( GEOMETRIC_REPRESENTATION_CONTEXT(2) 
PARAMETRIC_REPRESENTATION_CONTEXT() REPRESENTATION_CONTEXT('2D SPACE',''
  ) );
#497 = PCURVE('',#498,#503);
#498 = CYLINDRICAL_SURFACE('',#499,2.);
#499 = AXIS2_PLACEMENT_3D('',#500,#501,#502);
#500 = CARTESIAN_POINT('',(-2.736161146605,7.517540966287,2.));
#501 = DIRECTION('',(0.,0.,1.));
#502 = DIRECTION('',(-0.342020143326,0.939692620786,0.));
#503 = DEFINITIONAL_REPRESENTATION('',(#504),#508);
#504 = LINE('',#505,#506);
#505 = CARTESIAN_POINT('',(1.75941271297,-2.));
#506 = VECTOR('',#507,1.);
#507 = DIRECTION('',(0.,-1.));
#508 = ( GEOMETRIC_REPRESENTATION_CONTEXT(2) 
PARAMETRIC_REPRESENTATION_CONTEXT() REPRESENTATION_CONTEXT('2D SPACE',''
  ) );
#509 = ORIENTED_EDGE('',*,*,#510,.F.);
#510 = EDGE_CURVE('',#422,#483,#511,.T.);
#511 = SURFACE_CURVE('',#512,(#517,#524),.PCURVE_S1.);
#512 = CIRCLE('',#513,1.);
#513 = AXIS2_PLACEMENT_3D('',#514,#515,#516);
#514 = CARTESIAN_POINT('',(-5.312855212839,5.98110102635,4.));
#515 = DIRECTION('',(0.,0.,1.));
#516 = DIRECTION('',(0.988256092436,-0.152806726826,0.));
#517 = PCURVE('',#430,#518);
#518 = DEFINITIONAL_REPRESENTATION('',(#519),#523);
#519 = LINE('',#520,#521);
#520 = CARTESIAN_POINT('',(12.566370614359,-4.));
#521 = VECTOR('',#522,1.);
#522 = DIRECTION('',(-1.,0.));
#523 = ( GEOMETRIC_REPRESENTATION_CONTEXT(2) 
PARAMETRIC_REPRESENTATION_CONTEXT() REPRESENTATION_CONTEXT('2D SPACE',''
  ) );
#524 = PCURVE('',#132,#525);
#525 = DEFINITIONAL_REPRESENTATION('',(#526),#530);
#526 = CIRCLE('',#527,1.);
#527 = AXIS2_PLACEMENT_2D('',#528,#529);
#528 = CARTESIAN_POINT('',(-5.312855212839,5.98110102635));
#529 = DIRECTION('',(0.988256092436,-0.152806726826));
#530 = ( GEOMETRIC_REPRESENTATION_CONTEXT(2) 
PARAMETRIC_REPRESENTATION_CONTEXT() REPRESENTATION_CONTEXT('2D SPACE',''
  ) );
#531 = ADVANCED_FACE('',(#532),#498,.T.);
#532 = FACE_BOUND('',#533,.T.);
#533 = EDGE_LOOP('',(#534,#535,#559,#587));
#534 = ORIENTED_EDGE('',*,*,#482,.F.);
#535 = ORIENTED_EDGE('',*,*,#536,.F.);
#536 = EDGE_CURVE('',#537,#483,#539,.T.);
#537 = VERTEX_POINT('',#538);
#538 = CARTESIAN_POINT('',(-3.420201419254,9.396926212956,4.));
#539 = SURFACE_CURVE('',#540,(#545,#552),.PCURVE_S1.);
#540 = CIRCLE('',#541,2.);
#541 = AXIS2_PLACEMENT_3D('',#542,#543,#544);
#542 = CARTESIAN_POINT('',(-2.736161146605,7.517540966287,4.));
#543 = DIRECTION('',(0.,0.,1.));
#544 = DIRECTION('',(-0.342020136324,0.939692623334,0.));
#545 = PCURVE('',#498,#546);
#546 = DEFINITIONAL_REPRESENTATION('',(#547),#551);
#547 = LINE('',#548,#549);
#548 = CARTESIAN_POINT('',(-7.45057171514E-09,2.));
#549 = VECTOR('',#550,1.);
#550 = DIRECTION('',(1.,0.));
#551 = ( GEOMETRIC_REPRESENTATION_CONTEXT(2) 
PARAMETRIC_REPRESENTATION_CONTEXT() REPRESENTATION_CONTEXT('2D SPACE',''
  ) );
#552 = PCURVE('',#132,#553);
#553 = DEFINITIONAL_REPRESENTATION('',(#554),#558);
#554 = CIRCLE('',#555,2.);
#555 = AXIS2_PLACEMENT_2D('',#556,#557);
#556 = CARTESIAN_POINT('',(-2.736161146605,7.517540966287));
#557 = DIRECTION('',(-0.342020136324,0.939692623334));
#558 = ( GEOMETRIC_REPRESENTATION_CONTEXT(2) 
PARAMETRIC_REPRESENTATION_CONTEXT() REPRESENTATION_CONTEXT('2D SPACE',''
  ) );
#559 = ORIENTED_EDGE('',*,*,#560,.T.);
#560 = EDGE_CURVE('',#537,#561,#563,.T.);
#561 = VERTEX_POINT('',#562);
#562 = CARTESIAN_POINT('',(-3.420201419254,9.396926212956,0.));
#563 = SURFACE_CURVE('',#564,(#568,#575),.PCURVE_S1.);
#564 = LINE('',#565,#566);
#565 = CARTESIAN_POINT('',(-3.420201419254,9.396926212956,0.));
#566 = VECTOR('',#567,1.);
#567 = DIRECTION('',(5.695779803275E-16,-1.564902567013E-15,-1.));
#568 = PCURVE('',#498,#569);
#569 = DEFINITIONAL_REPRESENTATION('',(#570),#574);
#570 = LINE('',#571,#572);
#571 = CARTESIAN_POINT('',(-7.45057171514E-09,-2.));
#572 = VECTOR('',#573,1.);
#573 = DIRECTION('',(0.,-1.));
#574 = ( GEOMETRIC_REPRESENTATION_CONTEXT(2) 
PARAMETRIC_REPRESENTATION_CONTEXT() REPRESENTATION_CONTEXT('2D SPACE',''
  ) );
#575 = PCURVE('',#576,#581);
#576 = CYLINDRICAL_SURFACE('',#577,10.);
#577 = AXIS2_PLACEMENT_3D('',#578,#579,#580);
#578 = CARTESIAN_POINT('',(-4.440892098501E-15,-8.881784197001E-15,2.));
#579 = DIRECTION('',(0.,0.,1.));
#580 = DIRECTION('',(0.342020143326,0.939692620786,-0.));
#581 = DEFINITIONAL_REPRESENTATION('',(#582),#586);
#582 = LINE('',#583,#584);
#583 = CARTESIAN_POINT('',(0.698131699308,-2.));
#584 = VECTOR('',#585,1.);
#585 = DIRECTION('',(0.,-1.));
#586 = ( GEOMETRIC_REPRESENTATION_CONTEXT(2) 
PARAMETRIC_REPRESENTATION_CONTEXT() REPRESENTATION_CONTEXT('2D SPACE',''
  ) );
#587 = ORIENTED_EDGE('',*,*,#588,.T.);
#588 = EDGE_CURVE('',#561,#455,#589,.T.);
#589 = SURFACE_CURVE('',#590,(#595,#602),.PCURVE_S1.);
#590 = CIRCLE('',#591,2.);
#591 = AXIS2_PLACEMENT_3D('',#592,#593,#594);
#592 = CARTESIAN_POINT('',(-2.736161146605,7.517540966287,0.));
#593 = DIRECTION('',(0.,0.,1.));
#594 = DIRECTION('',(-0.342020136324,0.939692623334,0.));
#595 = PCURVE('',#498,#596);
#596 = DEFINITIONAL_REPRESENTATION('',(#597),#601);
#597 = LINE('',#598,#599);
#598 = CARTESIAN_POINT('',(-7.45057171514E-09,-2.));
#599 = VECTOR('',#600,1.);
#600 = DIRECTION('',(1.,0.));
#601 = ( GEOMETRIC_REPRESENTATION_CONTEXT(2) 
PARAMETRIC_REPRESENTATION_CONTEXT() REPRESENTATION_CONTEXT('2D SPACE',''
  ) );
#602 = PCURVE('',#73,#603);
#603 = DEFINITIONAL_REPRESENTATION('',(#604),#608);
#604 = CIRCLE('',#605,2.);
#605 = AXIS2_PLACEMENT_2D('',#606,#607);
#606 = CARTESIAN_POINT('',(-2.736161146605,7.517540966287));
#607 = DIRECTION('',(-0.342020136324,0.939692623334));
#608 = ( GEOMETRIC_REPRESENTATION_CONTEXT(2) 
PARAMETRIC_REPRESENTATION_CONTEXT() REPRESENTATION_CONTEXT('2D SPACE',''
  ) );
#609 = ADVANCED_FACE('',(#610),#624,.F.);
#610 = FACE_BOUND('',#611,.F.);
#611 = EDGE_LOOP('',(#612,#647,#675,#703));
#612 = ORIENTED_EDGE('',*,*,#613,.F.);
#613 = EDGE_CURVE('',#614,#616,#618,.T.);
#614 = VERTEX_POINT('',#615);
#615 = CARTESIAN_POINT('',(-4.763382304145,-17.35828877005,0.));
#616 = VERTEX_POINT('',#617);
#617 = CARTESIAN_POINT('',(-4.763382304145,-17.35828877005,4.));
#618 = SURFACE_CURVE('',#619,(#623,#635),.PCURVE_S1.);
#619 = LINE('',#620,#621);
#620 = CARTESIAN_POINT('',(-4.763382304145,-17.35828877005,0.));
#621 = VECTOR('',#622,1.);
#622 = DIRECTION('',(0.,0.,1.));
#623 = PCURVE('',#624,#629);
#624 = CYLINDRICAL_SURFACE('',#625,1.);
#625 = AXIS2_PLACEMENT_3D('',#626,#627,#628);
#626 = CARTESIAN_POINT('',(-4.498749953914,-16.39393939393,0.));
#627 = DIRECTION('',(0.,0.,-1.));
#628 = DIRECTION('',(0.596955772353,-0.80227414632,0.));
#629 = DEFINITIONAL_REPRESENTATION('',(#630),#634);
#630 = LINE('',#631,#632);
#631 = CARTESIAN_POINT('',(0.907523890847,0.));
#632 = VECTOR('',#633,1.);
#633 = DIRECTION('',(0.,-1.));
#634 = ( GEOMETRIC_REPRESENTATION_CONTEXT(2) 
PARAMETRIC_REPRESENTATION_CONTEXT() REPRESENTATION_CONTEXT('2D SPACE',''
  ) );
#635 = PCURVE('',#636,#641);
#636 = CYLINDRICAL_SURFACE('',#637,18.);
#637 = AXIS2_PLACEMENT_3D('',#638,#639,#640);
#638 = CARTESIAN_POINT('',(0.,0.,0.));
#639 = DIRECTION('',(0.,0.,1.));
#640 = DIRECTION('',(1.,0.,-0.));
#641 = DEFINITIONAL_REPRESENTATION('',(#642),#646);
#642 = LINE('',#643,#644);
#643 = CARTESIAN_POINT('',(4.444566319277,0.));
#644 = VECTOR('',#645,1.);
#645 = DIRECTION('',(0.,1.));
#646 = ( GEOMETRIC_REPRESENTATION_CONTEXT(2) 
PARAMETRIC_REPRESENTATION_CONTEXT() REPRESENTATION_CONTEXT('2D SPACE',''
  ) );
#647 = ORIENTED_EDGE('',*,*,#648,.F.);
#648 = EDGE_CURVE('',#649,#614,#651,.T.);
#649 = VERTEX_POINT('',#650);
#650 = CARTESIAN_POINT('',(-3.499027741933,-16.4175084175,0.));
#651 = SURFACE_CURVE('',#652,(#657,#664),.PCURVE_S1.);
#652 = CIRCLE('',#653,1.);
#653 = AXIS2_PLACEMENT_3D('',#654,#655,#656);
#654 = CARTESIAN_POINT('',(-4.498749953914,-16.39393939393,0.));
#655 = DIRECTION('',(0.,0.,-1.));
#656 = DIRECTION('',(0.596955772353,-0.80227414632,0.));
#657 = PCURVE('',#624,#658);
#658 = DEFINITIONAL_REPRESENTATION('',(#659),#663);
#659 = LINE('',#660,#661);
#660 = CARTESIAN_POINT('',(-6.28318530718,0.));
#661 = VECTOR('',#662,1.);
#662 = DIRECTION('',(1.,0.));
#663 = ( GEOMETRIC_REPRESENTATION_CONTEXT(2) 
PARAMETRIC_REPRESENTATION_CONTEXT() REPRESENTATION_CONTEXT('2D SPACE',''
  ) );
#664 = PCURVE('',#73,#665);
#665 = DEFINITIONAL_REPRESENTATION('',(#666),#674);
#666 = ( BOUNDED_CURVE() B_SPLINE_CURVE(2,(#667,#668,#669,#670,#671,#672
,#673),.UNSPECIFIED.,.T.,.F.) B_SPLINE_CURVE_WITH_KNOTS((1,2,2,2,2,1),(
    -2.094395102393,0.,2.094395102393,4.188790204786,6.28318530718,
8.377580409573),.UNSPECIFIED.) CURVE() GEOMETRIC_REPRESENTATION_ITEM() 
RATIONAL_B_SPLINE_CURVE((1.,0.5,1.,0.5,1.,0.5,1.)) REPRESENTATION_ITEM(
  '') );
#667 = CARTESIAN_POINT('',(-3.901794181561,-17.19621354026));
#668 = CARTESIAN_POINT('',(-5.291373764587,-18.23017126784));
#669 = CARTESIAN_POINT('',(-5.492017631604,-16.50978118457));
#670 = CARTESIAN_POINT('',(-5.692661498621,-14.78939110129));
#671 = CARTESIAN_POINT('',(-4.102438048578,-15.47582345698));
#672 = CARTESIAN_POINT('',(-2.512214598535,-16.16225581267));
#673 = CARTESIAN_POINT('',(-3.901794181561,-17.19621354026));
#674 = ( GEOMETRIC_REPRESENTATION_CONTEXT(2) 
PARAMETRIC_REPRESENTATION_CONTEXT() REPRESENTATION_CONTEXT('2D SPACE',''
  ) );
#675 = ORIENTED_EDGE('',*,*,#676,.F.);
#676 = EDGE_CURVE('',#677,#649,#679,.T.);
#677 = VERTEX_POINT('',#678);
#678 = CARTESIAN_POINT('',(-3.499027741933,-16.4175084175,4.));
#679 = SURFACE_CURVE('',#680,(#684,#691),.PCURVE_S1.);
#680 = LINE('',#681,#682);
#681 = CARTESIAN_POINT('',(-3.499027741933,-16.4175084175,0.));
#682 = VECTOR('',#683,1.);
#683 = DIRECTION('',(0.,0.,-1.));
#684 = PCURVE('',#624,#685);
#685 = DEFINITIONAL_REPRESENTATION('',(#686),#690);
#686 = LINE('',#687,#688);
#687 = CARTESIAN_POINT('',(-0.907523890847,0.));
#688 = VECTOR('',#689,1.);
#689 = DIRECTION('',(0.,1.));
#690 = ( GEOMETRIC_REPRESENTATION_CONTEXT(2) 
PARAMETRIC_REPRESENTATION_CONTEXT() REPRESENTATION_CONTEXT('2D SPACE',''
  ) );
#691 = PCURVE('',#692,#697);
#692 = CYLINDRICAL_SURFACE('',#693,3.5);
#693 = AXIS2_PLACEMENT_3D('',#694,#695,#696);
#694 = CARTESIAN_POINT('',(-2.620126338115E-13,-16.5,0.));
#695 = DIRECTION('',(0.,0.,1.));
#696 = DIRECTION('',(1.53052174109E-14,1.,-0.));
#697 = DEFINITIONAL_REPRESENTATION('',(#698),#702);
#698 = LINE('',#699,#700);
#699 = CARTESIAN_POINT('',(1.547225120586,0.));
#700 = VECTOR('',#701,1.);
#701 = DIRECTION('',(0.,-1.));
#702 = ( GEOMETRIC_REPRESENTATION_CONTEXT(2) 
PARAMETRIC_REPRESENTATION_CONTEXT() REPRESENTATION_CONTEXT('2D SPACE',''
  ) );
#703 = ORIENTED_EDGE('',*,*,#704,.F.);
#704 = EDGE_CURVE('',#616,#677,#705,.T.);
#705 = SURFACE_CURVE('',#706,(#711,#718),.PCURVE_S1.);
#706 = CIRCLE('',#707,1.);
#707 = AXIS2_PLACEMENT_3D('',#708,#709,#710);
#708 = CARTESIAN_POINT('',(-4.498749953914,-16.39393939393,4.));
#709 = DIRECTION('',(0.,0.,1.));
#710 = DIRECTION('',(0.596955772353,-0.80227414632,0.));
#711 = PCURVE('',#624,#712);
#712 = DEFINITIONAL_REPRESENTATION('',(#713),#717);
#713 = LINE('',#714,#715);
#714 = CARTESIAN_POINT('',(6.28318530718,-4.));
#715 = VECTOR('',#716,1.);
#716 = DIRECTION('',(-1.,0.));
#717 = ( GEOMETRIC_REPRESENTATION_CONTEXT(2) 
PARAMETRIC_REPRESENTATION_CONTEXT() REPRESENTATION_CONTEXT('2D SPACE',''
  ) );
#718 = PCURVE('',#132,#719);
#719 = DEFINITIONAL_REPRESENTATION('',(#720),#724);
#720 = CIRCLE('',#721,1.);
#721 = AXIS2_PLACEMENT_2D('',#722,#723);
#722 = CARTESIAN_POINT('',(-4.498749953914,-16.39393939393));
#723 = DIRECTION('',(0.596955772353,-0.80227414632));
#724 = ( GEOMETRIC_REPRESENTATION_CONTEXT(2) 
PARAMETRIC_REPRESENTATION_CONTEXT() REPRESENTATION_CONTEXT('2D SPACE',''
  ) );
#725 = ADVANCED_FACE('',(#726),#692,.T.);
#726 = FACE_BOUND('',#727,.T.);
#727 = EDGE_LOOP('',(#728,#729,#757,#785));
#728 = ORIENTED_EDGE('',*,*,#676,.F.);
#729 = ORIENTED_EDGE('',*,*,#730,.T.);
#730 = EDGE_CURVE('',#677,#731,#733,.T.);
#731 = VERTEX_POINT('',#732);
#732 = CARTESIAN_POINT('',(3.499027741933,-16.4175084175,4.));
#733 = SURFACE_CURVE('',#734,(#739,#746),.PCURVE_S1.);
#734 = CIRCLE('',#735,3.5);
#735 = AXIS2_PLACEMENT_3D('',#736,#737,#738);
#736 = CARTESIAN_POINT('',(-2.620126338115E-13,-16.5,4.));
#737 = DIRECTION('',(0.,0.,-1.));
#738 = DIRECTION('',(-0.5,-0.866025403784,-0.));
#739 = PCURVE('',#692,#740);
#740 = DEFINITIONAL_REPRESENTATION('',(#741),#745);
#741 = LINE('',#742,#743);
#742 = CARTESIAN_POINT('',(2.617993877992,4.));
#743 = VECTOR('',#744,1.);
#744 = DIRECTION('',(-1.,0.));
#745 = ( GEOMETRIC_REPRESENTATION_CONTEXT(2) 
PARAMETRIC_REPRESENTATION_CONTEXT() REPRESENTATION_CONTEXT('2D SPACE',''
  ) );
#746 = PCURVE('',#132,#747);
#747 = DEFINITIONAL_REPRESENTATION('',(#748),#756);
#748 = ( BOUNDED_CURVE() B_SPLINE_CURVE(2,(#749,#750,#751,#752,#753,#754
,#755),.UNSPECIFIED.,.T.,.F.) B_SPLINE_CURVE_WITH_KNOTS((1,2,2,2,2,1),(
    -2.094395102393,0.,2.094395102393,4.188790204786,6.28318530718,
8.377580409573),.UNSPECIFIED.) CURVE() GEOMETRIC_REPRESENTATION_ITEM() 
RATIONAL_B_SPLINE_CURVE((1.,0.5,1.,0.5,1.,0.5,1.)) REPRESENTATION_ITEM(
  '') );
#749 = CARTESIAN_POINT('',(-1.75,-19.53108891324));
#750 = CARTESIAN_POINT('',(-7.,-16.5));
#751 = CARTESIAN_POINT('',(-1.75,-13.46891108675));
#752 = CARTESIAN_POINT('',(3.5,-10.4378221735));
#753 = CARTESIAN_POINT('',(3.5,-16.5));
#754 = CARTESIAN_POINT('',(3.5,-22.56217782649));
#755 = CARTESIAN_POINT('',(-1.75,-19.53108891324));
#756 = ( GEOMETRIC_REPRESENTATION_CONTEXT(2) 
PARAMETRIC_REPRESENTATION_CONTEXT() REPRESENTATION_CONTEXT('2D SPACE',''
  ) );
#757 = ORIENTED_EDGE('',*,*,#758,.F.);
#758 = EDGE_CURVE('',#759,#731,#761,.T.);
#759 = VERTEX_POINT('',#760);
#760 = CARTESIAN_POINT('',(3.499027741933,-16.4175084175,0.));
#761 = SURFACE_CURVE('',#762,(#766,#773),.PCURVE_S1.);
#762 = LINE('',#763,#764);
#763 = CARTESIAN_POINT('',(3.499027741933,-16.4175084175,0.));
#764 = VECTOR('',#765,1.);
#765 = DIRECTION('',(0.,0.,1.));
#766 = PCURVE('',#692,#767);
#767 = DEFINITIONAL_REPRESENTATION('',(#768),#772);
#768 = LINE('',#769,#770);
#769 = CARTESIAN_POINT('',(-1.547225120586,0.));
#770 = VECTOR('',#771,1.);
#771 = DIRECTION('',(0.,1.));
#772 = ( GEOMETRIC_REPRESENTATION_CONTEXT(2) 
PARAMETRIC_REPRESENTATION_CONTEXT() REPRESENTATION_CONTEXT('2D SPACE',''
  ) );
#773 = PCURVE('',#774,#779);
#774 = CYLINDRICAL_SURFACE('',#775,1.);
#775 = AXIS2_PLACEMENT_3D('',#776,#777,#778);
#776 = CARTESIAN_POINT('',(4.498749953914,-16.39393939394,0.));
#777 = DIRECTION('',(0.,0.,1.));
#778 = DIRECTION('',(-0.596955772353,-0.80227414632,0.));
#779 = DEFINITIONAL_REPRESENTATION('',(#780),#784);
#780 = LINE('',#781,#782);
#781 = CARTESIAN_POINT('',(5.375661416333,0.));
#782 = VECTOR('',#783,1.);
#783 = DIRECTION('',(0.,1.));
#784 = ( GEOMETRIC_REPRESENTATION_CONTEXT(2) 
PARAMETRIC_REPRESENTATION_CONTEXT() REPRESENTATION_CONTEXT('2D SPACE',''
  ) );
#785 = ORIENTED_EDGE('',*,*,#786,.T.);
#786 = EDGE_CURVE('',#759,#649,#787,.T.);
#787 = SURFACE_CURVE('',#788,(#793,#800),.PCURVE_S1.);
#788 = CIRCLE('',#789,3.5);
#789 = AXIS2_PLACEMENT_3D('',#790,#791,#792);
#790 = CARTESIAN_POINT('',(-2.620126338115E-13,-16.5,0.));
#791 = DIRECTION('',(0.,0.,1.));
#792 = DIRECTION('',(-0.5,-0.866025403784,0.));
#793 = PCURVE('',#692,#794);
#794 = DEFINITIONAL_REPRESENTATION('',(#795),#799);
#795 = LINE('',#796,#797);
#796 = CARTESIAN_POINT('',(-3.665191429188,0.));
#797 = VECTOR('',#798,1.);
#798 = DIRECTION('',(1.,0.));
#799 = ( GEOMETRIC_REPRESENTATION_CONTEXT(2) 
PARAMETRIC_REPRESENTATION_CONTEXT() REPRESENTATION_CONTEXT('2D SPACE',''
  ) );
#800 = PCURVE('',#73,#801);
#801 = DEFINITIONAL_REPRESENTATION('',(#802),#806);
#802 = CIRCLE('',#803,3.5);
#803 = AXIS2_PLACEMENT_2D('',#804,#805);
#804 = CARTESIAN_POINT('',(-2.620126338115E-13,-16.5));
#805 = DIRECTION('',(-0.5,-0.866025403784));
#806 = ( GEOMETRIC_REPRESENTATION_CONTEXT(2) 
PARAMETRIC_REPRESENTATION_CONTEXT() REPRESENTATION_CONTEXT('2D SPACE',''
  ) );
#807 = ADVANCED_FACE('',(#808),#822,.F.);
#808 = FACE_BOUND('',#809,.F.);
#809 = EDGE_LOOP('',(#810,#845,#873,#901));
#810 = ORIENTED_EDGE('',*,*,#811,.F.);
#811 = EDGE_CURVE('',#812,#814,#816,.T.);
#812 = VERTEX_POINT('',#813);
#813 = CARTESIAN_POINT('',(-17.99995771933,3.901412953989E-02,0.));
#814 = VERTEX_POINT('',#815);
#815 = CARTESIAN_POINT('',(-17.99995771933,3.901412953989E-02,4.));
#816 = SURFACE_CURVE('',#817,(#821,#833),.PCURVE_S1.);
#817 = LINE('',#818,#819);
#818 = CARTESIAN_POINT('',(-17.99995771933,3.901412953989E-02,0.));
#819 = VECTOR('',#820,1.);
#820 = DIRECTION('',(0.,0.,1.));
#821 = PCURVE('',#822,#827);
#822 = CYLINDRICAL_SURFACE('',#823,1.);
#823 = AXIS2_PLACEMENT_3D('',#824,#825,#826);
#824 = CARTESIAN_POINT('',(-16.99996006825,3.684667789878E-02,0.));
#825 = DIRECTION('',(0.,0.,-1.));
#826 = DIRECTION('',(-0.676787825119,-0.736178130462,-0.));
#827 = DEFINITIONAL_REPRESENTATION('',(#828),#832);
#828 = LINE('',#829,#830);
#829 = CARTESIAN_POINT('',(7.112758565211,0.));
#830 = VECTOR('',#831,1.);
#831 = DIRECTION('',(0.,-1.));
#832 = ( GEOMETRIC_REPRESENTATION_CONTEXT(2) 
PARAMETRIC_REPRESENTATION_CONTEXT() REPRESENTATION_CONTEXT('2D SPACE',''
  ) );
#833 = PCURVE('',#834,#839);
#834 = CYLINDRICAL_SURFACE('',#835,18.);
#835 = AXIS2_PLACEMENT_3D('',#836,#837,#838);
#836 = CARTESIAN_POINT('',(0.,0.,0.));
#837 = DIRECTION('',(0.,0.,1.));
#838 = DIRECTION('',(1.,0.,-0.));
#839 = DEFINITIONAL_REPRESENTATION('',(#840),#844);
#840 = LINE('',#841,#842);
#841 = CARTESIAN_POINT('',(3.139425200252,0.));
#842 = VECTOR('',#843,1.);
#843 = DIRECTION('',(0.,1.));
#844 = ( GEOMETRIC_REPRESENTATION_CONTEXT(2) 
PARAMETRIC_REPRESENTATION_CONTEXT() REPRESENTATION_CONTEXT('2D SPACE',''
  ) );
#845 = ORIENTED_EDGE('',*,*,#846,.F.);
#846 = EDGE_CURVE('',#847,#812,#849,.T.);
#847 = VERTEX_POINT('',#848);
#848 = CARTESIAN_POINT('',(-16.91388397924,-0.95944188818,0.));
#849 = SURFACE_CURVE('',#850,(#855,#862),.PCURVE_S1.);
#850 = CIRCLE('',#851,1.);
#851 = AXIS2_PLACEMENT_3D('',#852,#853,#854);
#852 = CARTESIAN_POINT('',(-16.99996006825,3.684667789878E-02,0.));
#853 = DIRECTION('',(0.,0.,-1.));
#854 = DIRECTION('',(-0.676787825119,-0.736178130462,-0.));
#855 = PCURVE('',#822,#856);
#856 = DEFINITIONAL_REPRESENTATION('',(#857),#861);
#857 = LINE('',#858,#859);
#858 = CARTESIAN_POINT('',(0.,0.));
#859 = VECTOR('',#860,1.);
#860 = DIRECTION('',(1.,0.));
#861 = ( GEOMETRIC_REPRESENTATION_CONTEXT(2) 
PARAMETRIC_REPRESENTATION_CONTEXT() REPRESENTATION_CONTEXT('2D SPACE',''
  ) );
#862 = PCURVE('',#73,#863);
#863 = DEFINITIONAL_REPRESENTATION('',(#864),#872);
#864 = ( BOUNDED_CURVE() B_SPLINE_CURVE(2,(#865,#866,#867,#868,#869,#870
,#871),.UNSPECIFIED.,.T.,.F.) B_SPLINE_CURVE_WITH_KNOTS((1,2,2,2,2,1),(
    -2.094395102393,0.,2.094395102393,4.188790204786,6.28318530718,
8.377580409573),.UNSPECIFIED.) CURVE() GEOMETRIC_REPRESENTATION_ITEM() 
RATIONAL_B_SPLINE_CURVE((1.,0.5,1.,0.5,1.,0.5,1.)) REPRESENTATION_ITEM(
  '') );
#865 = CARTESIAN_POINT('',(-17.67674789337,-0.699331452564));
#866 = CARTESIAN_POINT('',(-18.95184581875,0.472899446486));
#867 = CARTESIAN_POINT('',(-17.29911511838,0.991051192655));
#868 = CARTESIAN_POINT('',(-15.64638441802,1.509202938824));
#869 = CARTESIAN_POINT('',(-16.024017193,-0.181179706395));
#870 = CARTESIAN_POINT('',(-16.40164996799,-1.871562351613));
#871 = CARTESIAN_POINT('',(-17.67674789337,-0.699331452564));
#872 = ( GEOMETRIC_REPRESENTATION_CONTEXT(2) 
PARAMETRIC_REPRESENTATION_CONTEXT() REPRESENTATION_CONTEXT('2D SPACE',''
  ) );
#873 = ORIENTED_EDGE('',*,*,#874,.F.);
#874 = EDGE_CURVE('',#875,#847,#877,.T.);
#875 = VERTEX_POINT('',#876);
#876 = CARTESIAN_POINT('',(-16.91388397924,-0.95944188818,4.));
#877 = SURFACE_CURVE('',#878,(#882,#889),.PCURVE_S1.);
#878 = LINE('',#879,#880);
#879 = CARTESIAN_POINT('',(-16.91388397924,-0.95944188818,0.));
#880 = VECTOR('',#881,1.);
#881 = DIRECTION('',(0.,0.,-1.));
#882 = PCURVE('',#822,#883);
#883 = DEFINITIONAL_REPRESENTATION('',(#884),#888);
#884 = LINE('',#885,#886);
#885 = CARTESIAN_POINT('',(5.453612049148,0.));
#886 = VECTOR('',#887,1.);
#887 = DIRECTION('',(0.,1.));
#888 = ( GEOMETRIC_REPRESENTATION_CONTEXT(2) 
PARAMETRIC_REPRESENTATION_CONTEXT() REPRESENTATION_CONTEXT('2D SPACE',''
  ) );
#889 = PCURVE('',#890,#895);
#890 = CYLINDRICAL_SURFACE('',#891,2.);
#891 = AXIS2_PLACEMENT_3D('',#892,#893,#894);
#892 = CARTESIAN_POINT('',(-16.7417318012,-2.952019020338,2.));
#893 = DIRECTION('',(0.,0.,1.));
#894 = DIRECTION('',(0.984807753012,0.173648177667,-0.));
#895 = DEFINITIONAL_REPRESENTATION('',(#896),#900);
#896 = LINE('',#897,#898);
#897 = CARTESIAN_POINT('',(1.482446137526,-2.));
#898 = VECTOR('',#899,1.);
#899 = DIRECTION('',(0.,-1.));
#900 = ( GEOMETRIC_REPRESENTATION_CONTEXT(2) 
PARAMETRIC_REPRESENTATION_CONTEXT() REPRESENTATION_CONTEXT('2D SPACE',''
  ) );
#901 = ORIENTED_EDGE('',*,*,#902,.F.);
#902 = EDGE_CURVE('',#814,#875,#903,.T.);
#903 = SURFACE_CURVE('',#904,(#909,#916),.PCURVE_S1.);
#904 = CIRCLE('',#905,1.);
#905 = AXIS2_PLACEMENT_3D('',#906,#907,#908);
#906 = CARTESIAN_POINT('',(-16.99996006825,3.684667789878E-02,4.));
#907 = DIRECTION('',(0.,0.,1.));
#908 = DIRECTION('',(-0.676787825119,-0.736178130462,0.));
#909 = PCURVE('',#822,#910);
#910 = DEFINITIONAL_REPRESENTATION('',(#911),#915);
#911 = LINE('',#912,#913);
#912 = CARTESIAN_POINT('',(12.566370614359,-4.));
#913 = VECTOR('',#914,1.);
#914 = DIRECTION('',(-1.,0.));
#915 = ( GEOMETRIC_REPRESENTATION_CONTEXT(2) 
PARAMETRIC_REPRESENTATION_CONTEXT() REPRESENTATION_CONTEXT('2D SPACE',''
  ) );
#916 = PCURVE('',#132,#917);
#917 = DEFINITIONAL_REPRESENTATION('',(#918),#922);
#918 = CIRCLE('',#919,1.);
#919 = AXIS2_PLACEMENT_2D('',#920,#921);
#920 = CARTESIAN_POINT('',(-16.99996006825,3.684667789878E-02));
#921 = DIRECTION('',(-0.676787825119,-0.736178130462));
#922 = ( GEOMETRIC_REPRESENTATION_CONTEXT(2) 
PARAMETRIC_REPRESENTATION_CONTEXT() REPRESENTATION_CONTEXT('2D SPACE',''
  ) );
#923 = ADVANCED_FACE('',(#924),#890,.T.);
#924 = FACE_BOUND('',#925,.T.);
#925 = EDGE_LOOP('',(#926,#927,#951,#979));
#926 = ORIENTED_EDGE('',*,*,#874,.F.);
#927 = ORIENTED_EDGE('',*,*,#928,.F.);
#928 = EDGE_CURVE('',#929,#875,#931,.T.);
#929 = VERTEX_POINT('',#930);
#930 = CARTESIAN_POINT('',(-14.77211629518,-2.604722665004,4.));
#931 = SURFACE_CURVE('',#932,(#937,#944),.PCURVE_S1.);
#932 = CIRCLE('',#933,2.);
#933 = AXIS2_PLACEMENT_3D('',#934,#935,#936);
#934 = CARTESIAN_POINT('',(-16.7417318012,-2.952019020338,4.));
#935 = DIRECTION('',(3.053592096792E-16,-9.325881863168E-16,1.));
#936 = DIRECTION('',(0.984807753012,0.173648177667,-1.387778780781E-16)
  );
#937 = PCURVE('',#890,#938);
#938 = DEFINITIONAL_REPRESENTATION('',(#939),#943);
#939 = LINE('',#940,#941);
#940 = CARTESIAN_POINT('',(0.,2.));
#941 = VECTOR('',#942,1.);
#942 = DIRECTION('',(1.,1.497825784723E-15));
#943 = ( GEOMETRIC_REPRESENTATION_CONTEXT(2) 
PARAMETRIC_REPRESENTATION_CONTEXT() REPRESENTATION_CONTEXT('2D SPACE',''
  ) );
#944 = PCURVE('',#132,#945);
#945 = DEFINITIONAL_REPRESENTATION('',(#946),#950);
#946 = CIRCLE('',#947,2.);
#947 = AXIS2_PLACEMENT_2D('',#948,#949);
#948 = CARTESIAN_POINT('',(-16.7417318012,-2.952019020338));
#949 = DIRECTION('',(0.984807753012,0.173648177667));
#950 = ( GEOMETRIC_REPRESENTATION_CONTEXT(2) 
PARAMETRIC_REPRESENTATION_CONTEXT() REPRESENTATION_CONTEXT('2D SPACE',''
  ) );
#951 = ORIENTED_EDGE('',*,*,#952,.T.);
#952 = EDGE_CURVE('',#929,#953,#955,.T.);
#953 = VERTEX_POINT('',#954);
#954 = CARTESIAN_POINT('',(-14.77211629518,-2.604722665004,0.));
#955 = SURFACE_CURVE('',#956,(#960,#967),.PCURVE_S1.);
#956 = LINE('',#957,#958);
#957 = CARTESIAN_POINT('',(-14.77211629518,-2.604722665004,4.));
#958 = VECTOR('',#959,1.);
#959 = DIRECTION('',(3.826746847782E-15,6.747587176051E-16,-1.));
#960 = PCURVE('',#890,#961);
#961 = DEFINITIONAL_REPRESENTATION('',(#962),#966);
#962 = LINE('',#963,#964);
#963 = CARTESIAN_POINT('',(0.,2.));
#964 = VECTOR('',#965,1.);
#965 = DIRECTION('',(0.,-1.));
#966 = ( GEOMETRIC_REPRESENTATION_CONTEXT(2) 
PARAMETRIC_REPRESENTATION_CONTEXT() REPRESENTATION_CONTEXT('2D SPACE',''
  ) );
#967 = PCURVE('',#968,#973);
#968 = CYLINDRICAL_SURFACE('',#969,15.);
#969 = AXIS2_PLACEMENT_3D('',#970,#971,#972);
#970 = CARTESIAN_POINT('',(5.551115123126E-16,-9.614813431918E-16,2.));
#971 = DIRECTION('',(0.,0.,-1.));
#972 = DIRECTION('',(-0.642787609687,-0.766044443119,-0.));
#973 = DEFINITIONAL_REPRESENTATION('',(#974),#978);
#974 = LINE('',#975,#976);
#975 = CARTESIAN_POINT('',(0.698131700798,-2.));
#976 = VECTOR('',#977,1.);
#977 = DIRECTION('',(0.,1.));
#978 = ( GEOMETRIC_REPRESENTATION_CONTEXT(2) 
PARAMETRIC_REPRESENTATION_CONTEXT() REPRESENTATION_CONTEXT('2D SPACE',''
  ) );
#979 = ORIENTED_EDGE('',*,*,#980,.T.);
#980 = EDGE_CURVE('',#953,#847,#981,.T.);
#981 = SURFACE_CURVE('',#982,(#987,#994),.PCURVE_S1.);
#982 = CIRCLE('',#983,2.);
#983 = AXIS2_PLACEMENT_3D('',#984,#985,#986);
#984 = CARTESIAN_POINT('',(-16.7417318012,-2.952019020338,0.));
#985 = DIRECTION('',(0.,0.,1.));
#986 = DIRECTION('',(0.984807753012,0.173648177667,-0.));
#987 = PCURVE('',#890,#988);
#988 = DEFINITIONAL_REPRESENTATION('',(#989),#993);
#989 = LINE('',#990,#991);
#990 = CARTESIAN_POINT('',(0.,-2.));
#991 = VECTOR('',#992,1.);
#992 = DIRECTION('',(1.,0.));
#993 = ( GEOMETRIC_REPRESENTATION_CONTEXT(2) 
PARAMETRIC_REPRESENTATION_CONTEXT() REPRESENTATION_CONTEXT('2D SPACE',''
  ) );
#994 = PCURVE('',#73,#995);
#995 = DEFINITIONAL_REPRESENTATION('',(#996),#1000);
#996 = CIRCLE('',#997,2.);
#997 = AXIS2_PLACEMENT_2D('',#998,#999);
#998 = CARTESIAN_POINT('',(-16.7417318012,-2.952019020338));
#999 = DIRECTION('',(0.984807753012,0.173648177667));
#1000 = ( GEOMETRIC_REPRESENTATION_CONTEXT(2) 
PARAMETRIC_REPRESENTATION_CONTEXT() REPRESENTATION_CONTEXT('2D SPACE',''
  ) );
#1001 = ADVANCED_FACE('',(#1002),#1016,.F.);
#1002 = FACE_BOUND('',#1003,.F.);
#1003 = EDGE_LOOP('',(#1004,#1039,#1067,#1095));
#1004 = ORIENTED_EDGE('',*,*,#1005,.F.);
#1005 = EDGE_CURVE('',#1006,#1008,#1010,.T.);
#1006 = VERTEX_POINT('',#1007);
#1007 = CARTESIAN_POINT('',(8.966191632377,-15.60792771675,0.));
#1008 = VERTEX_POINT('',#1009);
#1009 = CARTESIAN_POINT('',(8.966191632377,-15.60792771675,4.));
#1010 = SURFACE_CURVE('',#1011,(#1015,#1027),.PCURVE_S1.);
#1011 = LINE('',#1012,#1013);
#1012 = CARTESIAN_POINT('',(8.966191632377,-15.60792771675,0.));
#1013 = VECTOR('',#1014,1.);
#1014 = DIRECTION('',(0.,0.,1.));
#1015 = PCURVE('',#1016,#1021);
#1016 = CYLINDRICAL_SURFACE('',#1017,1.);
#1017 = AXIS2_PLACEMENT_3D('',#1018,#1019,#1020);
#1018 = CARTESIAN_POINT('',(8.468069875023,-14.74082062138,0.));
#1019 = DIRECTION('',(0.,0.,-1.));
#1020 = DIRECTION('',(0.97594287525,-0.218026384293,0.));
#1021 = DEFINITIONAL_REPRESENTATION('',(#1022),#1026);
#1022 = LINE('',#1023,#1024);
#1023 = CARTESIAN_POINT('',(7.112758565211,0.));
#1024 = VECTOR('',#1025,1.);
#1025 = DIRECTION('',(0.,-1.));
#1026 = ( GEOMETRIC_REPRESENTATION_CONTEXT(2) 
PARAMETRIC_REPRESENTATION_CONTEXT() REPRESENTATION_CONTEXT('2D SPACE',''
  ) );
#1027 = PCURVE('',#1028,#1033);
#1028 = CYLINDRICAL_SURFACE('',#1029,18.);
#1029 = AXIS2_PLACEMENT_3D('',#1030,#1031,#1032);
#1030 = CARTESIAN_POINT('',(0.,0.,0.));
#1031 = DIRECTION('',(0.,0.,1.));
#1032 = DIRECTION('',(1.,0.,-0.));
#1033 = DEFINITIONAL_REPRESENTATION('',(#1034),#1038);
#1034 = LINE('',#1035,#1036);
#1035 = CARTESIAN_POINT('',(5.233820302645,0.));
#1036 = VECTOR('',#1037,1.);
#1037 = DIRECTION('',(0.,1.));
#1038 = ( GEOMETRIC_REPRESENTATION_CONTEXT(2) 
PARAMETRIC_REPRESENTATION_CONTEXT() REPRESENTATION_CONTEXT('2D SPACE',''
  ) );
#1039 = ORIENTED_EDGE('',*,*,#1040,.F.);
#1040 = EDGE_CURVE('',#1041,#1006,#1043,.T.);
#1041 = VERTEX_POINT('',#1042);
#1042 = CARTESIAN_POINT('',(9.287843038239,-14.16813225859,0.));
#1043 = SURFACE_CURVE('',#1044,(#1049,#1056),.PCURVE_S1.);
#1044 = CIRCLE('',#1045,1.);
#1045 = AXIS2_PLACEMENT_3D('',#1046,#1047,#1048);
#1046 = CARTESIAN_POINT('',(8.468069875023,-14.74082062138,0.));
#1047 = DIRECTION('',(0.,0.,-1.));
#1048 = DIRECTION('',(0.97594287525,-0.218026384293,0.));
#1049 = PCURVE('',#1016,#1050);
#1050 = DEFINITIONAL_REPRESENTATION('',(#1051),#1055);
#1051 = LINE('',#1052,#1053);
#1052 = CARTESIAN_POINT('',(0.,0.));
#1053 = VECTOR('',#1054,1.);
#1054 = DIRECTION('',(1.,0.));
#1055 = ( GEOMETRIC_REPRESENTATION_CONTEXT(2) 
PARAMETRIC_REPRESENTATION_CONTEXT() REPRESENTATION_CONTEXT('2D SPACE',''
  ) );
#1056 = PCURVE('',#73,#1057);
#1057 = DEFINITIONAL_REPRESENTATION('',(#1058),#1066);
#1058 = ( BOUNDED_CURVE() B_SPLINE_CURVE(2,(#1059,#1060,#1061,#1062,
#1063,#1064,#1065),.UNSPECIFIED.,.T.,.F.) B_SPLINE_CURVE_WITH_KNOTS((1,2
    ,2,2,2,1),(-2.094395102393,0.,2.094395102393,4.188790204786,
6.28318530718,8.377580409573),.UNSPECIFIED.) CURVE() 
GEOMETRIC_REPRESENTATION_ITEM() RATIONAL_B_SPLINE_CURVE((1.,0.5,1.,0.5,
1.,0.5,1.)) REPRESENTATION_ITEM('') );
#1059 = CARTESIAN_POINT('',(9.444012750273,-14.95884700567));
#1060 = CARTESIAN_POINT('',(9.066379975287,-16.64922965089));
#1061 = CARTESIAN_POINT('',(7.791282049904,-15.47699875184));
#1062 = CARTESIAN_POINT('',(6.516184124522,-14.30476785279));
#1063 = CARTESIAN_POINT('',(8.168914824891,-13.78661610662));
#1064 = CARTESIAN_POINT('',(9.82164552526,-13.26846436045));
#1065 = CARTESIAN_POINT('',(9.444012750273,-14.95884700567));
#1066 = ( GEOMETRIC_REPRESENTATION_CONTEXT(2) 
PARAMETRIC_REPRESENTATION_CONTEXT() REPRESENTATION_CONTEXT('2D SPACE',''
  ) );
#1067 = ORIENTED_EDGE('',*,*,#1068,.F.);
#1068 = EDGE_CURVE('',#1069,#1041,#1071,.T.);
#1069 = VERTEX_POINT('',#1070);
#1070 = CARTESIAN_POINT('',(9.287843038239,-14.16813225859,4.));
#1071 = SURFACE_CURVE('',#1072,(#1076,#1083),.PCURVE_S1.);
#1072 = LINE('',#1073,#1074);
#1073 = CARTESIAN_POINT('',(9.287843038239,-14.16813225859,0.));
#1074 = VECTOR('',#1075,1.);
#1075 = DIRECTION('',(0.,0.,-1.));
#1076 = PCURVE('',#1016,#1077);
#1077 = DEFINITIONAL_REPRESENTATION('',(#1078),#1082);
#1078 = LINE('',#1079,#1080);
#1079 = CARTESIAN_POINT('',(5.453612049148,0.));
#1080 = VECTOR('',#1081,1.);
#1081 = DIRECTION('',(0.,1.));
#1082 = ( GEOMETRIC_REPRESENTATION_CONTEXT(2) 
PARAMETRIC_REPRESENTATION_CONTEXT() REPRESENTATION_CONTEXT('2D SPACE',''
  ) );
#1083 = PCURVE('',#1084,#1089);
#1084 = CYLINDRICAL_SURFACE('',#1085,2.);
#1085 = AXIS2_PLACEMENT_3D('',#1086,#1087,#1088);
#1086 = CARTESIAN_POINT('',(10.927389364671,-13.02275553302,2.));
#1087 = DIRECTION('',(0.,0.,1.));
#1088 = DIRECTION('',(-0.642787609687,0.766044443119,0.));
#1089 = DEFINITIONAL_REPRESENTATION('',(#1090),#1094);
#1090 = LINE('',#1091,#1092);
#1091 = CARTESIAN_POINT('',(1.482446137526,-2.));
#1092 = VECTOR('',#1093,1.);
#1093 = DIRECTION('',(0.,-1.));
#1094 = ( GEOMETRIC_REPRESENTATION_CONTEXT(2) 
PARAMETRIC_REPRESENTATION_CONTEXT() REPRESENTATION_CONTEXT('2D SPACE',''
  ) );
#1095 = ORIENTED_EDGE('',*,*,#1096,.F.);
#1096 = EDGE_CURVE('',#1008,#1069,#1097,.T.);
#1097 = SURFACE_CURVE('',#1098,(#1103,#1110),.PCURVE_S1.);
#1098 = CIRCLE('',#1099,1.);
#1099 = AXIS2_PLACEMENT_3D('',#1100,#1101,#1102);
#1100 = CARTESIAN_POINT('',(8.468069875023,-14.74082062138,4.));
#1101 = DIRECTION('',(0.,0.,1.));
#1102 = DIRECTION('',(0.97594287525,-0.218026384293,0.));
#1103 = PCURVE('',#1016,#1104);
#1104 = DEFINITIONAL_REPRESENTATION('',(#1105),#1109);
#1105 = LINE('',#1106,#1107);
#1106 = CARTESIAN_POINT('',(12.566370614359,-4.));
#1107 = VECTOR('',#1108,1.);
#1108 = DIRECTION('',(-1.,0.));
#1109 = ( GEOMETRIC_REPRESENTATION_CONTEXT(2) 
PARAMETRIC_REPRESENTATION_CONTEXT() REPRESENTATION_CONTEXT('2D SPACE',''
  ) );
#1110 = PCURVE('',#132,#1111);
#1111 = DEFINITIONAL_REPRESENTATION('',(#1112),#1116);
#1112 = CIRCLE('',#1113,1.);
#1113 = AXIS2_PLACEMENT_2D('',#1114,#1115);
#1114 = CARTESIAN_POINT('',(8.468069875023,-14.74082062138));
#1115 = DIRECTION('',(0.97594287525,-0.218026384293));
#1116 = ( GEOMETRIC_REPRESENTATION_CONTEXT(2) 
PARAMETRIC_REPRESENTATION_CONTEXT() REPRESENTATION_CONTEXT('2D SPACE',''
  ) );
#1117 = ADVANCED_FACE('',(#1118),#1084,.T.);
#1118 = FACE_BOUND('',#1119,.T.);
#1119 = EDGE_LOOP('',(#1120,#1121,#1145,#1173));
#1120 = ORIENTED_EDGE('',*,*,#1068,.F.);
#1121 = ORIENTED_EDGE('',*,*,#1122,.F.);
#1122 = EDGE_CURVE('',#1123,#1069,#1125,.T.);
#1123 = VERTEX_POINT('',#1124);
#1124 = CARTESIAN_POINT('',(9.641814145298,-11.49066664678,4.));
#1125 = SURFACE_CURVE('',#1126,(#1131,#1138),.PCURVE_S1.);
#1126 = CIRCLE('',#1127,2.);
#1127 = AXIS2_PLACEMENT_3D('',#1128,#1129,#1130);
#1128 = CARTESIAN_POINT('',(10.927389364671,-13.02275553302,4.));
#1129 = DIRECTION('',(6.5496545578E-16,7.307429260202E-16,1.));
#1130 = DIRECTION('',(-0.642787609687,0.766044443119,-1.387778780781E-16
    ));
#1131 = PCURVE('',#1084,#1132);
#1132 = DEFINITIONAL_REPRESENTATION('',(#1133),#1137);
#1133 = LINE('',#1134,#1135);
#1134 = CARTESIAN_POINT('',(0.,2.));
#1135 = VECTOR('',#1136,1.);
#1136 = DIRECTION('',(1.,1.497825784723E-15));
#1137 = ( GEOMETRIC_REPRESENTATION_CONTEXT(2) 
PARAMETRIC_REPRESENTATION_CONTEXT() REPRESENTATION_CONTEXT('2D SPACE',''
  ) );
#1138 = PCURVE('',#132,#1139);
#1139 = DEFINITIONAL_REPRESENTATION('',(#1140),#1144);
#1140 = CIRCLE('',#1141,2.);
#1141 = AXIS2_PLACEMENT_2D('',#1142,#1143);
#1142 = CARTESIAN_POINT('',(10.927389364671,-13.02275553302));
#1143 = DIRECTION('',(-0.642787609687,0.766044443119));
#1144 = ( GEOMETRIC_REPRESENTATION_CONTEXT(2) 
PARAMETRIC_REPRESENTATION_CONTEXT() REPRESENTATION_CONTEXT('2D SPACE',''
  ) );
#1145 = ORIENTED_EDGE('',*,*,#1146,.T.);
#1146 = EDGE_CURVE('',#1123,#1147,#1149,.T.);
#1147 = VERTEX_POINT('',#1148);
#1148 = CARTESIAN_POINT('',(9.641814145298,-11.49066664678,0.));
#1149 = SURFACE_CURVE('',#1150,(#1154,#1161),.PCURVE_S1.);
#1150 = LINE('',#1151,#1152);
#1151 = CARTESIAN_POINT('',(9.641814145298,-11.49066664678,4.));
#1152 = VECTOR('',#1153,1.);
#1153 = DIRECTION('',(-2.497731614762E-15,2.976680625229E-15,-1.));
#1154 = PCURVE('',#1084,#1155);
#1155 = DEFINITIONAL_REPRESENTATION('',(#1156),#1160);
#1156 = LINE('',#1157,#1158);
#1157 = CARTESIAN_POINT('',(0.,2.));
#1158 = VECTOR('',#1159,1.);
#1159 = DIRECTION('',(0.,-1.));
#1160 = ( GEOMETRIC_REPRESENTATION_CONTEXT(2) 
PARAMETRIC_REPRESENTATION_CONTEXT() REPRESENTATION_CONTEXT('2D SPACE',''
  ) );
#1161 = PCURVE('',#1162,#1167);
#1162 = CYLINDRICAL_SURFACE('',#1163,15.);
#1163 = AXIS2_PLACEMENT_3D('',#1164,#1165,#1166);
#1164 = CARTESIAN_POINT('',(5.551115123126E-16,9.614813431918E-16,2.));
#1165 = DIRECTION('',(0.,0.,-1.));
#1166 = DIRECTION('',(0.984807753012,-0.173648177667,0.));
#1167 = DEFINITIONAL_REPRESENTATION('',(#1168),#1172);
#1168 = LINE('',#1169,#1170);
#1169 = CARTESIAN_POINT('',(0.698131700798,-2.));
#1170 = VECTOR('',#1171,1.);
#1171 = DIRECTION('',(2.775557561563E-17,1.));
#1172 = ( GEOMETRIC_REPRESENTATION_CONTEXT(2) 
PARAMETRIC_REPRESENTATION_CONTEXT() REPRESENTATION_CONTEXT('2D SPACE',''
  ) );
#1173 = ORIENTED_EDGE('',*,*,#1174,.T.);
#1174 = EDGE_CURVE('',#1147,#1041,#1175,.T.);
#1175 = SURFACE_CURVE('',#1176,(#1181,#1188),.PCURVE_S1.);
#1176 = CIRCLE('',#1177,2.);
#1177 = AXIS2_PLACEMENT_3D('',#1178,#1179,#1180);
#1178 = CARTESIAN_POINT('',(10.927389364671,-13.02275553302,0.));
#1179 = DIRECTION('',(0.,0.,1.));
#1180 = DIRECTION('',(-0.642787609687,0.766044443119,0.));
#1181 = PCURVE('',#1084,#1182);
#1182 = DEFINITIONAL_REPRESENTATION('',(#1183),#1187);
#1183 = LINE('',#1184,#1185);
#1184 = CARTESIAN_POINT('',(0.,-2.));
#1185 = VECTOR('',#1186,1.);
#1186 = DIRECTION('',(1.,0.));
#1187 = ( GEOMETRIC_REPRESENTATION_CONTEXT(2) 
PARAMETRIC_REPRESENTATION_CONTEXT() REPRESENTATION_CONTEXT('2D SPACE',''
  ) );
#1188 = PCURVE('',#73,#1189);
#1189 = DEFINITIONAL_REPRESENTATION('',(#1190),#1194);
#1190 = CIRCLE('',#1191,2.);
#1191 = AXIS2_PLACEMENT_2D('',#1192,#1193);
#1192 = CARTESIAN_POINT('',(10.927389364671,-13.02275553302));
#1193 = DIRECTION('',(-0.642787609687,0.766044443119));
#1194 = ( GEOMETRIC_REPRESENTATION_CONTEXT(2) 
PARAMETRIC_REPRESENTATION_CONTEXT() REPRESENTATION_CONTEXT('2D SPACE',''
  ) );
#1195 = ADVANCED_FACE('',(#1196),#774,.F.);
#1196 = FACE_BOUND('',#1197,.F.);
#1197 = EDGE_LOOP('',(#1198,#1223,#1245,#1246));
#1198 = ORIENTED_EDGE('',*,*,#1199,.F.);
#1199 = EDGE_CURVE('',#1200,#1202,#1204,.T.);
#1200 = VERTEX_POINT('',#1201);
#1201 = CARTESIAN_POINT('',(4.763382304144,-17.35828877005,4.));
#1202 = VERTEX_POINT('',#1203);
#1203 = CARTESIAN_POINT('',(4.763382304144,-17.35828877005,0.));
#1204 = SURFACE_CURVE('',#1205,(#1209,#1216),.PCURVE_S1.);
#1205 = LINE('',#1206,#1207);
#1206 = CARTESIAN_POINT('',(4.763382304144,-17.35828877005,0.));
#1207 = VECTOR('',#1208,1.);
#1208 = DIRECTION('',(0.,0.,-1.));
#1209 = PCURVE('',#774,#1210);
#1210 = DEFINITIONAL_REPRESENTATION('',(#1211),#1215);
#1211 = LINE('',#1212,#1213);
#1212 = CARTESIAN_POINT('',(7.190709198026,0.));
#1213 = VECTOR('',#1214,1.);
#1214 = DIRECTION('',(0.,-1.));
#1215 = ( GEOMETRIC_REPRESENTATION_CONTEXT(2) 
PARAMETRIC_REPRESENTATION_CONTEXT() REPRESENTATION_CONTEXT('2D SPACE',''
  ) );
#1216 = PCURVE('',#1028,#1217);
#1217 = DEFINITIONAL_REPRESENTATION('',(#1218),#1222);
#1218 = LINE('',#1219,#1220);
#1219 = CARTESIAN_POINT('',(4.980211641492,0.));
#1220 = VECTOR('',#1221,1.);
#1221 = DIRECTION('',(0.,-1.));
#1222 = ( GEOMETRIC_REPRESENTATION_CONTEXT(2) 
PARAMETRIC_REPRESENTATION_CONTEXT() REPRESENTATION_CONTEXT('2D SPACE',''
  ) );
#1223 = ORIENTED_EDGE('',*,*,#1224,.F.);
#1224 = EDGE_CURVE('',#731,#1200,#1225,.T.);
#1225 = SURFACE_CURVE('',#1226,(#1231,#1238),.PCURVE_S1.);
#1226 = CIRCLE('',#1227,1.);
#1227 = AXIS2_PLACEMENT_3D('',#1228,#1229,#1230);
#1228 = CARTESIAN_POINT('',(4.498749953914,-16.39393939394,4.));
#1229 = DIRECTION('',(0.,0.,1.));
#1230 = DIRECTION('',(-0.596955772353,-0.80227414632,0.));
#1231 = PCURVE('',#774,#1232);
#1232 = DEFINITIONAL_REPRESENTATION('',(#1233),#1237);
#1233 = LINE('',#1234,#1235);
#1234 = CARTESIAN_POINT('',(-2.6645352591E-15,4.));
#1235 = VECTOR('',#1236,1.);
#1236 = DIRECTION('',(1.,0.));
#1237 = ( GEOMETRIC_REPRESENTATION_CONTEXT(2) 
PARAMETRIC_REPRESENTATION_CONTEXT() REPRESENTATION_CONTEXT('2D SPACE',''
  ) );
#1238 = PCURVE('',#132,#1239);
#1239 = DEFINITIONAL_REPRESENTATION('',(#1240),#1244);
#1240 = CIRCLE('',#1241,1.);
#1241 = AXIS2_PLACEMENT_2D('',#1242,#1243);
#1242 = CARTESIAN_POINT('',(4.498749953914,-16.39393939394));
#1243 = DIRECTION('',(-0.596955772353,-0.80227414632));
#1244 = ( GEOMETRIC_REPRESENTATION_CONTEXT(2) 
PARAMETRIC_REPRESENTATION_CONTEXT() REPRESENTATION_CONTEXT('2D SPACE',''
  ) );
#1245 = ORIENTED_EDGE('',*,*,#758,.F.);
#1246 = ORIENTED_EDGE('',*,*,#1247,.F.);
#1247 = EDGE_CURVE('',#1202,#759,#1248,.T.);
#1248 = SURFACE_CURVE('',#1249,(#1254,#1261),.PCURVE_S1.);
#1249 = CIRCLE('',#1250,1.);
#1250 = AXIS2_PLACEMENT_3D('',#1251,#1252,#1253);
#1251 = CARTESIAN_POINT('',(4.498749953914,-16.39393939394,0.));
#1252 = DIRECTION('',(0.,0.,-1.));
#1253 = DIRECTION('',(-0.596955772353,-0.80227414632,-0.));
#1254 = PCURVE('',#774,#1255);
#1255 = DEFINITIONAL_REPRESENTATION('',(#1256),#1260);
#1256 = LINE('',#1257,#1258);
#1257 = CARTESIAN_POINT('',(12.566370614359,0.));
#1258 = VECTOR('',#1259,1.);
#1259 = DIRECTION('',(-1.,0.));
#1260 = ( GEOMETRIC_REPRESENTATION_CONTEXT(2) 
PARAMETRIC_REPRESENTATION_CONTEXT() REPRESENTATION_CONTEXT('2D SPACE',''
  ) );
#1261 = PCURVE('',#73,#1262);
#1262 = DEFINITIONAL_REPRESENTATION('',(#1263),#1271);
#1263 = ( BOUNDED_CURVE() B_SPLINE_CURVE(2,(#1264,#1265,#1266,#1267,
#1268,#1269,#1270),.UNSPECIFIED.,.T.,.F.) B_SPLINE_CURVE_WITH_KNOTS((1,2
    ,2,2,2,1),(-2.094395102393,0.,2.094395102393,4.188790204786,
6.28318530718,8.377580409573),.UNSPECIFIED.) CURVE() 
GEOMETRIC_REPRESENTATION_ITEM() RATIONAL_B_SPLINE_CURVE((1.,0.5,1.,0.5,
1.,0.5,1.)) REPRESENTATION_ITEM('') );
#1264 = CARTESIAN_POINT('',(3.901794181561,-17.19621354026));
#1265 = CARTESIAN_POINT('',(2.512214598535,-16.16225581267));
#1266 = CARTESIAN_POINT('',(4.102438048578,-15.47582345698));
#1267 = CARTESIAN_POINT('',(5.69266149862,-14.78939110129));
#1268 = CARTESIAN_POINT('',(5.492017631603,-16.50978118457));
#1269 = CARTESIAN_POINT('',(5.291373764586,-18.23017126784));
#1270 = CARTESIAN_POINT('',(3.901794181561,-17.19621354026));
#1271 = ( GEOMETRIC_REPRESENTATION_CONTEXT(2) 
PARAMETRIC_REPRESENTATION_CONTEXT() REPRESENTATION_CONTEXT('2D SPACE',''
  ) );
#1272 = ADVANCED_FACE('',(#1273),#1287,.F.);
#1273 = FACE_BOUND('',#1274,.F.);
#1274 = EDGE_LOOP('',(#1275,#1310,#1338,#1366));
#1275 = ORIENTED_EDGE('',*,*,#1276,.F.);
#1276 = EDGE_CURVE('',#1277,#1279,#1281,.T.);
#1277 = VERTEX_POINT('',#1278);
#1278 = CARTESIAN_POINT('',(17.414410193165,4.5539343017,0.));
#1279 = VERTEX_POINT('',#1280);
#1280 = CARTESIAN_POINT('',(17.414410193165,4.5539343017,4.));
#1281 = SURFACE_CURVE('',#1282,(#1286,#1298),.PCURVE_S1.);
#1282 = LINE('',#1283,#1284);
#1283 = CARTESIAN_POINT('',(17.414410193165,4.5539343017,0.));
#1284 = VECTOR('',#1285,1.);
#1285 = DIRECTION('',(0.,0.,1.));
#1286 = PCURVE('',#1287,#1292);
#1287 = CYLINDRICAL_SURFACE('',#1288,1.);
#1288 = AXIS2_PLACEMENT_3D('',#1289,#1290,#1291);
#1289 = CARTESIAN_POINT('',(16.446942960211,4.300937951606,0.));
#1290 = DIRECTION('',(0.,0.,-1.));
#1291 = DIRECTION('',(0.396311905336,0.918115936954,0.));
#1292 = DEFINITIONAL_REPRESENTATION('',(#1293),#1297);
#1293 = LINE('',#1294,#1295);
#1294 = CARTESIAN_POINT('',(7.190709198026,0.));
#1295 = VECTOR('',#1296,1.);
#1296 = DIRECTION('',(0.,-1.));
#1297 = ( GEOMETRIC_REPRESENTATION_CONTEXT(2) 
PARAMETRIC_REPRESENTATION_CONTEXT() REPRESENTATION_CONTEXT('2D SPACE',''
  ) );
#1298 = PCURVE('',#1299,#1304);
#1299 = CYLINDRICAL_SURFACE('',#1300,18.);
#1300 = AXIS2_PLACEMENT_3D('',#1301,#1302,#1303);
#1301 = CARTESIAN_POINT('',(0.,0.,0.));
#1302 = DIRECTION('',(0.,0.,1.));
#1303 = DIRECTION('',(1.,0.,-0.));
#1304 = DEFINITIONAL_REPRESENTATION('',(#1305),#1309);
#1305 = LINE('',#1306,#1307);
#1306 = CARTESIAN_POINT('',(6.53896142167,0.));
#1307 = VECTOR('',#1308,1.);
#1308 = DIRECTION('',(0.,1.));
#1309 = ( GEOMETRIC_REPRESENTATION_CONTEXT(2) 
PARAMETRIC_REPRESENTATION_CONTEXT() REPRESENTATION_CONTEXT('2D SPACE',''
  ) );
#1310 = ORIENTED_EDGE('',*,*,#1311,.F.);
#1311 = EDGE_CURVE('',#1312,#1277,#1314,.T.);
#1312 = VERTEX_POINT('',#1313);
#1313 = CARTESIAN_POINT('',(15.967493227374,5.178507295693,0.));
#1314 = SURFACE_CURVE('',#1315,(#1320,#1327),.PCURVE_S1.);
#1315 = CIRCLE('',#1316,1.);
#1316 = AXIS2_PLACEMENT_3D('',#1317,#1318,#1319);
#1317 = CARTESIAN_POINT('',(16.446942960211,4.300937951606,0.));
#1318 = DIRECTION('',(0.,0.,-1.));
#1319 = DIRECTION('',(0.396311905336,0.918115936954,0.));
#1320 = PCURVE('',#1287,#1321);
#1321 = DEFINITIONAL_REPRESENTATION('',(#1322),#1326);
#1322 = LINE('',#1323,#1324);
#1323 = CARTESIAN_POINT('',(0.,0.));
#1324 = VECTOR('',#1325,1.);
#1325 = DIRECTION('',(1.,0.));
#1326 = ( GEOMETRIC_REPRESENTATION_CONTEXT(2) 
PARAMETRIC_REPRESENTATION_CONTEXT() REPRESENTATION_CONTEXT('2D SPACE',''
  ) );
#1327 = PCURVE('',#73,#1328);
#1328 = DEFINITIONAL_REPRESENTATION('',(#1329),#1337);
#1329 = ( BOUNDED_CURVE() B_SPLINE_CURVE(2,(#1330,#1331,#1332,#1333,
#1334,#1335,#1336),.UNSPECIFIED.,.T.,.F.) B_SPLINE_CURVE_WITH_KNOTS((1,2
    ,2,2,2,1),(-2.094395102393,0.,2.094395102393,4.188790204786,
6.28318530718,8.377580409573),.UNSPECIFIED.) CURVE() 
GEOMETRIC_REPRESENTATION_ITEM() RATIONAL_B_SPLINE_CURVE((1.,0.5,1.,0.5,
1.,0.5,1.)) REPRESENTATION_ITEM('') );
#1330 = CARTESIAN_POINT('',(16.843254865547,5.21905388856));
#1331 = CARTESIAN_POINT('',(18.43347831559,4.532621532873));
#1332 = CARTESIAN_POINT('',(17.043898732564,3.498663805285));
#1333 = CARTESIAN_POINT('',(15.654319149538,2.464706077698));
#1334 = CARTESIAN_POINT('',(15.453675282522,4.185096160972));
#1335 = CARTESIAN_POINT('',(15.253031415505,5.905486244247));
#1336 = CARTESIAN_POINT('',(16.843254865547,5.21905388856));
#1337 = ( GEOMETRIC_REPRESENTATION_CONTEXT(2) 
PARAMETRIC_REPRESENTATION_CONTEXT() REPRESENTATION_CONTEXT('2D SPACE',''
  ) );
#1338 = ORIENTED_EDGE('',*,*,#1339,.F.);
#1339 = EDGE_CURVE('',#1340,#1312,#1342,.T.);
#1340 = VERTEX_POINT('',#1341);
#1341 = CARTESIAN_POINT('',(15.967493227374,5.178507295693,4.));
#1342 = SURFACE_CURVE('',#1343,(#1347,#1354),.PCURVE_S1.);
#1343 = LINE('',#1344,#1345);
#1344 = CARTESIAN_POINT('',(15.967493227374,5.178507295693,0.));
#1345 = VECTOR('',#1346,1.);
#1346 = DIRECTION('',(0.,0.,-1.));
#1347 = PCURVE('',#1287,#1348);
#1348 = DEFINITIONAL_REPRESENTATION('',(#1349),#1353);
#1349 = LINE('',#1350,#1351);
#1350 = CARTESIAN_POINT('',(5.375661416333,0.));
#1351 = VECTOR('',#1352,1.);
#1352 = DIRECTION('',(0.,1.));
#1353 = ( GEOMETRIC_REPRESENTATION_CONTEXT(2) 
PARAMETRIC_REPRESENTATION_CONTEXT() REPRESENTATION_CONTEXT('2D SPACE',''
  ) );
#1354 = PCURVE('',#1355,#1360);
#1355 = CYLINDRICAL_SURFACE('',#1356,3.5);
#1356 = AXIS2_PLACEMENT_3D('',#1357,#1358,#1359);
#1357 = CARTESIAN_POINT('',(14.289419162443,8.25,0.));
#1358 = DIRECTION('',(0.,0.,1.));
#1359 = DIRECTION('',(-0.866025403784,-0.5,0.));
#1360 = DEFINITIONAL_REPRESENTATION('',(#1361),#1365);
#1361 = LINE('',#1362,#1363);
#1362 = CARTESIAN_POINT('',(7.830410427765,0.));
#1363 = VECTOR('',#1364,1.);
#1364 = DIRECTION('',(0.,-1.));
#1365 = ( GEOMETRIC_REPRESENTATION_CONTEXT(2) 
PARAMETRIC_REPRESENTATION_CONTEXT() REPRESENTATION_CONTEXT('2D SPACE',''
  ) );
#1366 = ORIENTED_EDGE('',*,*,#1367,.F.);
#1367 = EDGE_CURVE('',#1279,#1340,#1368,.T.);
#1368 = SURFACE_CURVE('',#1369,(#1374,#1381),.PCURVE_S1.);
#1369 = CIRCLE('',#1370,1.);
#1370 = AXIS2_PLACEMENT_3D('',#1371,#1372,#1373);
#1371 = CARTESIAN_POINT('',(16.446942960211,4.300937951606,4.));
#1372 = DIRECTION('',(0.,0.,1.));
#1373 = DIRECTION('',(0.396311905336,0.918115936954,-0.));
#1374 = PCURVE('',#1287,#1375);
#1375 = DEFINITIONAL_REPRESENTATION('',(#1376),#1380);
#1376 = LINE('',#1377,#1378);
#1377 = CARTESIAN_POINT('',(12.566370614359,-4.));
#1378 = VECTOR('',#1379,1.);
#1379 = DIRECTION('',(-1.,0.));
#1380 = ( GEOMETRIC_REPRESENTATION_CONTEXT(2) 
PARAMETRIC_REPRESENTATION_CONTEXT() REPRESENTATION_CONTEXT('2D SPACE',''
  ) );
#1381 = PCURVE('',#132,#1382);
#1382 = DEFINITIONAL_REPRESENTATION('',(#1383),#1387);
#1383 = CIRCLE('',#1384,1.);
#1384 = AXIS2_PLACEMENT_2D('',#1385,#1386);
#1385 = CARTESIAN_POINT('',(16.446942960211,4.300937951606));
#1386 = DIRECTION('',(0.396311905336,0.918115936954));
#1387 = ( GEOMETRIC_REPRESENTATION_CONTEXT(2) 
PARAMETRIC_REPRESENTATION_CONTEXT() REPRESENTATION_CONTEXT('2D SPACE',''
  ) );
#1388 = ADVANCED_FACE('',(#1389),#1355,.T.);
#1389 = FACE_BOUND('',#1390,.T.);
#1390 = EDGE_LOOP('',(#1391,#1392,#1420,#1448));
#1391 = ORIENTED_EDGE('',*,*,#1339,.F.);
#1392 = ORIENTED_EDGE('',*,*,#1393,.T.);
#1393 = EDGE_CURVE('',#1340,#1394,#1396,.T.);
#1394 = VERTEX_POINT('',#1395);
#1395 = CARTESIAN_POINT('',(12.468465485441,11.239001121815,4.));
#1396 = SURFACE_CURVE('',#1397,(#1402,#1409),.PCURVE_S1.);
#1397 = CIRCLE('',#1398,3.5);
#1398 = AXIS2_PLACEMENT_3D('',#1399,#1400,#1401);
#1399 = CARTESIAN_POINT('',(14.289419162443,8.25,4.));
#1400 = DIRECTION('',(0.,0.,-1.));
#1401 = DIRECTION('',(1.,0.,0.));
#1402 = PCURVE('',#1355,#1403);
#1403 = DEFINITIONAL_REPRESENTATION('',(#1404),#1408);
#1404 = LINE('',#1405,#1406);
#1405 = CARTESIAN_POINT('',(8.901179185171,4.));
#1406 = VECTOR('',#1407,1.);
#1407 = DIRECTION('',(-1.,0.));
#1408 = ( GEOMETRIC_REPRESENTATION_CONTEXT(2) 
PARAMETRIC_REPRESENTATION_CONTEXT() REPRESENTATION_CONTEXT('2D SPACE',''
  ) );
#1409 = PCURVE('',#132,#1410);
#1410 = DEFINITIONAL_REPRESENTATION('',(#1411),#1419);
#1411 = ( BOUNDED_CURVE() B_SPLINE_CURVE(2,(#1412,#1413,#1414,#1415,
#1416,#1417,#1418),.UNSPECIFIED.,.T.,.F.) B_SPLINE_CURVE_WITH_KNOTS((1,2
    ,2,2,2,1),(-2.094395102393,0.,2.094395102393,4.188790204786,
6.28318530718,8.377580409573),.UNSPECIFIED.) CURVE() 
GEOMETRIC_REPRESENTATION_ITEM() RATIONAL_B_SPLINE_CURVE((1.,0.5,1.,0.5,
1.,0.5,1.)) REPRESENTATION_ITEM('') );
#1412 = CARTESIAN_POINT('',(17.789419162443,8.25));
#1413 = CARTESIAN_POINT('',(17.789419162443,2.187822173509));
#1414 = CARTESIAN_POINT('',(12.539419162443,5.218911086754));
#1415 = CARTESIAN_POINT('',(7.289419162443,8.25));
#1416 = CARTESIAN_POINT('',(12.539419162443,11.281088913245));
#1417 = CARTESIAN_POINT('',(17.789419162443,14.312177826491));
#1418 = CARTESIAN_POINT('',(17.789419162443,8.25));
#1419 = ( GEOMETRIC_REPRESENTATION_CONTEXT(2) 
PARAMETRIC_REPRESENTATION_CONTEXT() REPRESENTATION_CONTEXT('2D SPACE',''
  ) );
#1420 = ORIENTED_EDGE('',*,*,#1421,.F.);
#1421 = EDGE_CURVE('',#1422,#1394,#1424,.T.);
#1422 = VERTEX_POINT('',#1423);
#1423 = CARTESIAN_POINT('',(12.468465485441,11.239001121815,0.));
#1424 = SURFACE_CURVE('',#1425,(#1429,#1436),.PCURVE_S1.);
#1425 = LINE('',#1426,#1427);
#1426 = CARTESIAN_POINT('',(12.468465485441,11.239001121815,0.));
#1427 = VECTOR('',#1428,1.);
#1428 = DIRECTION('',(0.,0.,1.));
#1429 = PCURVE('',#1355,#1430);
#1430 = DEFINITIONAL_REPRESENTATION('',(#1431),#1435);
#1431 = LINE('',#1432,#1433);
#1432 = CARTESIAN_POINT('',(4.735960186594,0.));
#1433 = VECTOR('',#1434,1.);
#1434 = DIRECTION('',(0.,1.));
#1435 = ( GEOMETRIC_REPRESENTATION_CONTEXT(2) 
PARAMETRIC_REPRESENTATION_CONTEXT() REPRESENTATION_CONTEXT('2D SPACE',''
  ) );
#1436 = PCURVE('',#1437,#1442);
#1437 = CYLINDRICAL_SURFACE('',#1438,1.);
#1438 = AXIS2_PLACEMENT_3D('',#1439,#1440,#1441);
#1439 = CARTESIAN_POINT('',(11.948193006297,12.093001442333,0.));
#1440 = DIRECTION('',(0.,0.,1.));
#1441 = DIRECTION('',(0.99326767769,-0.115841790633,0.));
#1442 = DEFINITIONAL_REPRESENTATION('',(#1443),#1447);
#1443 = LINE('',#1444,#1445);
#1444 = CARTESIAN_POINT('',(5.375661416333,0.));
#1445 = VECTOR('',#1446,1.);
#1446 = DIRECTION('',(0.,1.));
#1447 = ( GEOMETRIC_REPRESENTATION_CONTEXT(2) 
PARAMETRIC_REPRESENTATION_CONTEXT() REPRESENTATION_CONTEXT('2D SPACE',''
  ) );
#1448 = ORIENTED_EDGE('',*,*,#1449,.T.);
#1449 = EDGE_CURVE('',#1422,#1312,#1450,.T.);
#1450 = SURFACE_CURVE('',#1451,(#1456,#1463),.PCURVE_S1.);
#1451 = CIRCLE('',#1452,3.5);
#1452 = AXIS2_PLACEMENT_3D('',#1453,#1454,#1455);
#1453 = CARTESIAN_POINT('',(14.289419162443,8.25,0.));
#1454 = DIRECTION('',(0.,0.,1.));
#1455 = DIRECTION('',(1.,0.,-0.));
#1456 = PCURVE('',#1355,#1457);
#1457 = DEFINITIONAL_REPRESENTATION('',(#1458),#1462);
#1458 = LINE('',#1459,#1460);
#1459 = CARTESIAN_POINT('',(2.617993877992,0.));
#1460 = VECTOR('',#1461,1.);
#1461 = DIRECTION('',(1.,0.));
#1462 = ( GEOMETRIC_REPRESENTATION_CONTEXT(2) 
PARAMETRIC_REPRESENTATION_CONTEXT() REPRESENTATION_CONTEXT('2D SPACE',''
  ) );
#1463 = PCURVE('',#73,#1464);
#1464 = DEFINITIONAL_REPRESENTATION('',(#1465),#1469);
#1465 = CIRCLE('',#1466,3.5);
#1466 = AXIS2_PLACEMENT_2D('',#1467,#1468);
#1467 = CARTESIAN_POINT('',(14.289419162443,8.25));
#1468 = DIRECTION('',(1.,0.));
#1469 = ( GEOMETRIC_REPRESENTATION_CONTEXT(2) 
PARAMETRIC_REPRESENTATION_CONTEXT() REPRESENTATION_CONTEXT('2D SPACE',''
  ) );
#1470 = ADVANCED_FACE('',(#1471),#1437,.F.);
#1471 = FACE_BOUND('',#1472,.F.);
#1472 = EDGE_LOOP('',(#1473,#1503,#1525,#1526));
#1473 = ORIENTED_EDGE('',*,*,#1474,.F.);
#1474 = EDGE_CURVE('',#1475,#1477,#1479,.T.);
#1475 = VERTEX_POINT('',#1476);
#1476 = CARTESIAN_POINT('',(12.651027889021,12.804354468353,4.));
#1477 = VERTEX_POINT('',#1478);
#1478 = CARTESIAN_POINT('',(12.651027889021,12.804354468353,0.));
#1479 = SURFACE_CURVE('',#1480,(#1484,#1491),.PCURVE_S1.);
#1480 = LINE('',#1481,#1482);
#1481 = CARTESIAN_POINT('',(12.651027889021,12.804354468353,0.));
#1482 = VECTOR('',#1483,1.);
#1483 = DIRECTION('',(0.,0.,-1.));
#1484 = PCURVE('',#1437,#1485);
#1485 = DEFINITIONAL_REPRESENTATION('',(#1486),#1490);
#1486 = LINE('',#1487,#1488);
#1487 = CARTESIAN_POINT('',(7.190709198026,0.));
#1488 = VECTOR('',#1489,1.);
#1489 = DIRECTION('',(0.,-1.));
#1490 = ( GEOMETRIC_REPRESENTATION_CONTEXT(2) 
PARAMETRIC_REPRESENTATION_CONTEXT() REPRESENTATION_CONTEXT('2D SPACE',''
  ) );
#1491 = PCURVE('',#1492,#1497);
#1492 = CYLINDRICAL_SURFACE('',#1493,18.);
#1493 = AXIS2_PLACEMENT_3D('',#1494,#1495,#1496);
#1494 = CARTESIAN_POINT('',(0.,0.,0.));
#1495 = DIRECTION('',(0.,0.,1.));
#1496 = DIRECTION('',(1.,0.,-0.));
#1497 = DEFINITIONAL_REPRESENTATION('',(#1498),#1502);
#1498 = LINE('',#1499,#1500);
#1499 = CARTESIAN_POINT('',(0.791421436706,0.));
#1500 = VECTOR('',#1501,1.);
#1501 = DIRECTION('',(0.,-1.));
#1502 = ( GEOMETRIC_REPRESENTATION_CONTEXT(2) 
PARAMETRIC_REPRESENTATION_CONTEXT() REPRESENTATION_CONTEXT('2D SPACE',''
  ) );
#1503 = ORIENTED_EDGE('',*,*,#1504,.F.);
#1504 = EDGE_CURVE('',#1394,#1475,#1505,.T.);
#1505 = SURFACE_CURVE('',#1506,(#1511,#1518),.PCURVE_S1.);
#1506 = CIRCLE('',#1507,1.);
#1507 = AXIS2_PLACEMENT_3D('',#1508,#1509,#1510);
#1508 = CARTESIAN_POINT('',(11.948193006297,12.093001442333,4.));
#1509 = DIRECTION('',(0.,0.,1.));
#1510 = DIRECTION('',(0.99326767769,-0.115841790633,0.));
#1511 = PCURVE('',#1437,#1512);
#1512 = DEFINITIONAL_REPRESENTATION('',(#1513),#1517);
#1513 = LINE('',#1514,#1515);
#1514 = CARTESIAN_POINT('',(2.6645352591E-15,4.));
#1515 = VECTOR('',#1516,1.);
#1516 = DIRECTION('',(1.,0.));
#1517 = ( GEOMETRIC_REPRESENTATION_CONTEXT(2) 
PARAMETRIC_REPRESENTATION_CONTEXT() REPRESENTATION_CONTEXT('2D SPACE',''
  ) );
#1518 = PCURVE('',#132,#1519);
#1519 = DEFINITIONAL_REPRESENTATION('',(#1520),#1524);
#1520 = CIRCLE('',#1521,1.);
#1521 = AXIS2_PLACEMENT_2D('',#1522,#1523);
#1522 = CARTESIAN_POINT('',(11.948193006297,12.093001442333));
#1523 = DIRECTION('',(0.99326767769,-0.115841790633));
#1524 = ( GEOMETRIC_REPRESENTATION_CONTEXT(2) 
PARAMETRIC_REPRESENTATION_CONTEXT() REPRESENTATION_CONTEXT('2D SPACE',''
  ) );
#1525 = ORIENTED_EDGE('',*,*,#1421,.F.);
#1526 = ORIENTED_EDGE('',*,*,#1527,.F.);
#1527 = EDGE_CURVE('',#1477,#1422,#1528,.T.);
#1528 = SURFACE_CURVE('',#1529,(#1534,#1541),.PCURVE_S1.);
#1529 = CIRCLE('',#1530,1.);
#1530 = AXIS2_PLACEMENT_3D('',#1531,#1532,#1533);
#1531 = CARTESIAN_POINT('',(11.948193006297,12.093001442333,0.));
#1532 = DIRECTION('',(0.,0.,-1.));
#1533 = DIRECTION('',(0.99326767769,-0.115841790633,0.));
#1534 = PCURVE('',#1437,#1535);
#1535 = DEFINITIONAL_REPRESENTATION('',(#1536),#1540);
#1536 = LINE('',#1537,#1538);
#1537 = CARTESIAN_POINT('',(12.566370614359,0.));
#1538 = VECTOR('',#1539,1.);
#1539 = DIRECTION('',(-1.,0.));
#1540 = ( GEOMETRIC_REPRESENTATION_CONTEXT(2) 
PARAMETRIC_REPRESENTATION_CONTEXT() REPRESENTATION_CONTEXT('2D SPACE',''
  ) );
#1541 = PCURVE('',#73,#1542);
#1542 = DEFINITIONAL_REPRESENTATION('',(#1543),#1551);
#1543 = ( BOUNDED_CURVE() B_SPLINE_CURVE(2,(#1544,#1545,#1546,#1547,
#1548,#1549,#1550),.UNSPECIFIED.,.T.,.F.) B_SPLINE_CURVE_WITH_KNOTS((1,2
    ,2,2,2,1),(-2.094395102393,0.,2.094395102393,4.188790204786,
6.28318530718,8.377580409573),.UNSPECIFIED.) CURVE() 
GEOMETRIC_REPRESENTATION_ITEM() RATIONAL_B_SPLINE_CURVE((1.,0.5,1.,0.5,
1.,0.5,1.)) REPRESENTATION_ITEM('') );
#1544 = CARTESIAN_POINT('',(12.941460683987,11.9771596517));
#1545 = CARTESIAN_POINT('',(12.74081681697,10.256769568425));
#1546 = CARTESIAN_POINT('',(11.351237233944,11.290727296013));
#1547 = CARTESIAN_POINT('',(9.961657650918,12.3246850236));
#1548 = CARTESIAN_POINT('',(11.551881100961,13.011117379287));
#1549 = CARTESIAN_POINT('',(13.142104551004,13.697549734974));
#1550 = CARTESIAN_POINT('',(12.941460683987,11.9771596517));
#1551 = ( GEOMETRIC_REPRESENTATION_CONTEXT(2) 
PARAMETRIC_REPRESENTATION_CONTEXT() REPRESENTATION_CONTEXT('2D SPACE',''
  ) );
#1552 = ADVANCED_FACE('',(#1553),#1567,.F.);
#1553 = FACE_BOUND('',#1554,.F.);
#1554 = EDGE_LOOP('',(#1555,#1585,#1609,#1637));
#1555 = ORIENTED_EDGE('',*,*,#1556,.F.);
#1556 = EDGE_CURVE('',#1557,#1559,#1561,.T.);
#1557 = VERTEX_POINT('',#1558);
#1558 = CARTESIAN_POINT('',(-17.41441019316,4.553934301701,4.));
#1559 = VERTEX_POINT('',#1560);
#1560 = CARTESIAN_POINT('',(-17.41441019316,4.553934301701,0.));
#1561 = SURFACE_CURVE('',#1562,(#1566,#1578),.PCURVE_S1.);
#1562 = LINE('',#1563,#1564);
#1563 = CARTESIAN_POINT('',(-17.41441019316,4.553934301701,0.));
#1564 = VECTOR('',#1565,1.);
#1565 = DIRECTION('',(0.,0.,-1.));
#1566 = PCURVE('',#1567,#1572);
#1567 = CYLINDRICAL_SURFACE('',#1568,1.);
#1568 = AXIS2_PLACEMENT_3D('',#1569,#1570,#1571);
#1569 = CARTESIAN_POINT('',(-16.44694296021,4.300937951606,0.));
#1570 = DIRECTION('',(0.,0.,1.));
#1571 = DIRECTION('',(-0.396311905336,0.918115936954,0.));
#1572 = DEFINITIONAL_REPRESENTATION('',(#1573),#1577);
#1573 = LINE('',#1574,#1575);
#1574 = CARTESIAN_POINT('',(7.190709198026,0.));
#1575 = VECTOR('',#1576,1.);
#1576 = DIRECTION('',(0.,-1.));
#1577 = ( GEOMETRIC_REPRESENTATION_CONTEXT(2) 
PARAMETRIC_REPRESENTATION_CONTEXT() REPRESENTATION_CONTEXT('2D SPACE',''
  ) );
#1578 = PCURVE('',#834,#1579);
#1579 = DEFINITIONAL_REPRESENTATION('',(#1580),#1584);
#1580 = LINE('',#1581,#1582);
#1581 = CARTESIAN_POINT('',(2.885816539099,0.));
#1582 = VECTOR('',#1583,1.);
#1583 = DIRECTION('',(0.,-1.));
#1584 = ( GEOMETRIC_REPRESENTATION_CONTEXT(2) 
PARAMETRIC_REPRESENTATION_CONTEXT() REPRESENTATION_CONTEXT('2D SPACE',''
  ) );
#1585 = ORIENTED_EDGE('',*,*,#1586,.F.);
#1586 = EDGE_CURVE('',#1587,#1557,#1589,.T.);
#1587 = VERTEX_POINT('',#1588);
#1588 = CARTESIAN_POINT('',(-15.96749322737,5.178507295694,4.));
#1589 = SURFACE_CURVE('',#1590,(#1595,#1602),.PCURVE_S1.);
#1590 = CIRCLE('',#1591,1.);
#1591 = AXIS2_PLACEMENT_3D('',#1592,#1593,#1594);
#1592 = CARTESIAN_POINT('',(-16.44694296021,4.300937951606,4.));
#1593 = DIRECTION('',(0.,0.,1.));
#1594 = DIRECTION('',(-0.396311905336,0.918115936954,0.));
#1595 = PCURVE('',#1567,#1596);
#1596 = DEFINITIONAL_REPRESENTATION('',(#1597),#1601);
#1597 = LINE('',#1598,#1599);
#1598 = CARTESIAN_POINT('',(0.,4.));
#1599 = VECTOR('',#1600,1.);
#1600 = DIRECTION('',(1.,0.));
#1601 = ( GEOMETRIC_REPRESENTATION_CONTEXT(2) 
PARAMETRIC_REPRESENTATION_CONTEXT() REPRESENTATION_CONTEXT('2D SPACE',''
  ) );
#1602 = PCURVE('',#132,#1603);
#1603 = DEFINITIONAL_REPRESENTATION('',(#1604),#1608);
#1604 = CIRCLE('',#1605,1.);
#1605 = AXIS2_PLACEMENT_2D('',#1606,#1607);
#1606 = CARTESIAN_POINT('',(-16.44694296021,4.300937951606));
#1607 = DIRECTION('',(-0.396311905336,0.918115936954));
#1608 = ( GEOMETRIC_REPRESENTATION_CONTEXT(2) 
PARAMETRIC_REPRESENTATION_CONTEXT() REPRESENTATION_CONTEXT('2D SPACE',''
  ) );
#1609 = ORIENTED_EDGE('',*,*,#1610,.F.);
#1610 = EDGE_CURVE('',#1611,#1587,#1613,.T.);
#1611 = VERTEX_POINT('',#1612);
#1612 = CARTESIAN_POINT('',(-15.96749322737,5.178507295694,0.));
#1613 = SURFACE_CURVE('',#1614,(#1618,#1625),.PCURVE_S1.);
#1614 = LINE('',#1615,#1616);
#1615 = CARTESIAN_POINT('',(-15.96749322737,5.178507295694,0.));
#1616 = VECTOR('',#1617,1.);
#1617 = DIRECTION('',(0.,0.,1.));
#1618 = PCURVE('',#1567,#1619);
#1619 = DEFINITIONAL_REPRESENTATION('',(#1620),#1624);
#1620 = LINE('',#1621,#1622);
#1621 = CARTESIAN_POINT('',(5.375661416333,0.));
#1622 = VECTOR('',#1623,1.);
#1623 = DIRECTION('',(0.,1.));
#1624 = ( GEOMETRIC_REPRESENTATION_CONTEXT(2) 
PARAMETRIC_REPRESENTATION_CONTEXT() REPRESENTATION_CONTEXT('2D SPACE',''
  ) );
#1625 = PCURVE('',#1626,#1631);
#1626 = CYLINDRICAL_SURFACE('',#1627,3.5);
#1627 = AXIS2_PLACEMENT_3D('',#1628,#1629,#1630);
#1628 = CARTESIAN_POINT('',(-14.28941916244,8.25,0.));
#1629 = DIRECTION('',(0.,0.,1.));
#1630 = DIRECTION('',(0.866025403784,-0.5,0.));
#1631 = DEFINITIONAL_REPRESENTATION('',(#1632),#1636);
#1632 = LINE('',#1633,#1634);
#1633 = CARTESIAN_POINT('',(4.735960186594,0.));
#1634 = VECTOR('',#1635,1.);
#1635 = DIRECTION('',(0.,1.));
#1636 = ( GEOMETRIC_REPRESENTATION_CONTEXT(2) 
PARAMETRIC_REPRESENTATION_CONTEXT() REPRESENTATION_CONTEXT('2D SPACE',''
  ) );
#1637 = ORIENTED_EDGE('',*,*,#1638,.F.);
#1638 = EDGE_CURVE('',#1559,#1611,#1639,.T.);
#1639 = SURFACE_CURVE('',#1640,(#1645,#1652),.PCURVE_S1.);
#1640 = CIRCLE('',#1641,1.);
#1641 = AXIS2_PLACEMENT_3D('',#1642,#1643,#1644);
#1642 = CARTESIAN_POINT('',(-16.44694296021,4.300937951606,0.));
#1643 = DIRECTION('',(0.,0.,-1.));
#1644 = DIRECTION('',(-0.396311905336,0.918115936954,0.));
#1645 = PCURVE('',#1567,#1646);
#1646 = DEFINITIONAL_REPRESENTATION('',(#1647),#1651);
#1647 = LINE('',#1648,#1649);
#1648 = CARTESIAN_POINT('',(12.566370614359,0.));
#1649 = VECTOR('',#1650,1.);
#1650 = DIRECTION('',(-1.,0.));
#1651 = ( GEOMETRIC_REPRESENTATION_CONTEXT(2) 
PARAMETRIC_REPRESENTATION_CONTEXT() REPRESENTATION_CONTEXT('2D SPACE',''
  ) );
#1652 = PCURVE('',#73,#1653);
#1653 = DEFINITIONAL_REPRESENTATION('',(#1654),#1662);
#1654 = ( BOUNDED_CURVE() B_SPLINE_CURVE(2,(#1655,#1656,#1657,#1658,
#1659,#1660,#1661),.UNSPECIFIED.,.T.,.F.) B_SPLINE_CURVE_WITH_KNOTS((1,2
    ,2,2,2,1),(-2.094395102393,0.,2.094395102393,4.188790204786,
6.28318530718,8.377580409573),.UNSPECIFIED.) CURVE() 
GEOMETRIC_REPRESENTATION_ITEM() RATIONAL_B_SPLINE_CURVE((1.,0.5,1.,0.5,
1.,0.5,1.)) REPRESENTATION_ITEM('') );
#1655 = CARTESIAN_POINT('',(-16.84325486554,5.21905388856));
#1656 = CARTESIAN_POINT('',(-15.2530314155,5.905486244247));
#1657 = CARTESIAN_POINT('',(-15.45367528252,4.185096160973));
#1658 = CARTESIAN_POINT('',(-15.65431914953,2.464706077699));
#1659 = CARTESIAN_POINT('',(-17.04389873256,3.498663805286));
#1660 = CARTESIAN_POINT('',(-18.43347831559,4.532621532873));
#1661 = CARTESIAN_POINT('',(-16.84325486554,5.21905388856));
#1662 = ( GEOMETRIC_REPRESENTATION_CONTEXT(2) 
PARAMETRIC_REPRESENTATION_CONTEXT() REPRESENTATION_CONTEXT('2D SPACE',''
  ) );
#1663 = ADVANCED_FACE('',(#1664),#1626,.T.);
#1664 = FACE_BOUND('',#1665,.T.);
#1665 = EDGE_LOOP('',(#1666,#1667,#1691,#1719));
#1666 = ORIENTED_EDGE('',*,*,#1610,.F.);
#1667 = ORIENTED_EDGE('',*,*,#1668,.T.);
#1668 = EDGE_CURVE('',#1611,#1669,#1671,.T.);
#1669 = VERTEX_POINT('',#1670);
#1670 = CARTESIAN_POINT('',(-12.46846548544,11.239001121815,0.));
#1671 = SURFACE_CURVE('',#1672,(#1677,#1684),.PCURVE_S1.);
#1672 = CIRCLE('',#1673,3.5);
#1673 = AXIS2_PLACEMENT_3D('',#1674,#1675,#1676);
#1674 = CARTESIAN_POINT('',(-14.28941916244,8.25,0.));
#1675 = DIRECTION('',(0.,0.,1.));
#1676 = DIRECTION('',(-0.5,0.866025403784,0.));
#1677 = PCURVE('',#1626,#1678);
#1678 = DEFINITIONAL_REPRESENTATION('',(#1679),#1683);
#1679 = LINE('',#1680,#1681);
#1680 = CARTESIAN_POINT('',(2.617993877992,0.));
#1681 = VECTOR('',#1682,1.);
#1682 = DIRECTION('',(1.,0.));
#1683 = ( GEOMETRIC_REPRESENTATION_CONTEXT(2) 
PARAMETRIC_REPRESENTATION_CONTEXT() REPRESENTATION_CONTEXT('2D SPACE',''
  ) );
#1684 = PCURVE('',#73,#1685);
#1685 = DEFINITIONAL_REPRESENTATION('',(#1686),#1690);
#1686 = CIRCLE('',#1687,3.5);
#1687 = AXIS2_PLACEMENT_2D('',#1688,#1689);
#1688 = CARTESIAN_POINT('',(-14.28941916244,8.25));
#1689 = DIRECTION('',(-0.5,0.866025403784));
#1690 = ( GEOMETRIC_REPRESENTATION_CONTEXT(2) 
PARAMETRIC_REPRESENTATION_CONTEXT() REPRESENTATION_CONTEXT('2D SPACE',''
  ) );
#1691 = ORIENTED_EDGE('',*,*,#1692,.F.);
#1692 = EDGE_CURVE('',#1693,#1669,#1695,.T.);
#1693 = VERTEX_POINT('',#1694);
#1694 = CARTESIAN_POINT('',(-12.46846548544,11.239001121815,4.));
#1695 = SURFACE_CURVE('',#1696,(#1700,#1707),.PCURVE_S1.);
#1696 = LINE('',#1697,#1698);
#1697 = CARTESIAN_POINT('',(-12.46846548544,11.239001121815,0.));
#1698 = VECTOR('',#1699,1.);
#1699 = DIRECTION('',(0.,0.,-1.));
#1700 = PCURVE('',#1626,#1701);
#1701 = DEFINITIONAL_REPRESENTATION('',(#1702),#1706);
#1702 = LINE('',#1703,#1704);
#1703 = CARTESIAN_POINT('',(7.830410427765,0.));
#1704 = VECTOR('',#1705,1.);
#1705 = DIRECTION('',(0.,-1.));
#1706 = ( GEOMETRIC_REPRESENTATION_CONTEXT(2) 
PARAMETRIC_REPRESENTATION_CONTEXT() REPRESENTATION_CONTEXT('2D SPACE',''
  ) );
#1707 = PCURVE('',#1708,#1713);
#1708 = CYLINDRICAL_SURFACE('',#1709,1.);
#1709 = AXIS2_PLACEMENT_3D('',#1710,#1711,#1712);
#1710 = CARTESIAN_POINT('',(-11.94819300629,12.093001442334,0.));
#1711 = DIRECTION('',(0.,0.,-1.));
#1712 = DIRECTION('',(-0.99326767769,-0.115841790633,-0.));
#1713 = DEFINITIONAL_REPRESENTATION('',(#1714),#1718);
#1714 = LINE('',#1715,#1716);
#1715 = CARTESIAN_POINT('',(5.375661416333,0.));
#1716 = VECTOR('',#1717,1.);
#1717 = DIRECTION('',(0.,1.));
#1718 = ( GEOMETRIC_REPRESENTATION_CONTEXT(2) 
PARAMETRIC_REPRESENTATION_CONTEXT() REPRESENTATION_CONTEXT('2D SPACE',''
  ) );
#1719 = ORIENTED_EDGE('',*,*,#1720,.T.);
#1720 = EDGE_CURVE('',#1693,#1587,#1721,.T.);
#1721 = SURFACE_CURVE('',#1722,(#1727,#1734),.PCURVE_S1.);
#1722 = CIRCLE('',#1723,3.5);
#1723 = AXIS2_PLACEMENT_3D('',#1724,#1725,#1726);
#1724 = CARTESIAN_POINT('',(-14.28941916244,8.25,4.));
#1725 = DIRECTION('',(0.,0.,-1.));
#1726 = DIRECTION('',(-0.5,0.866025403784,0.));
#1727 = PCURVE('',#1626,#1728);
#1728 = DEFINITIONAL_REPRESENTATION('',(#1729),#1733);
#1729 = LINE('',#1730,#1731);
#1730 = CARTESIAN_POINT('',(8.901179185171,4.));
#1731 = VECTOR('',#1732,1.);
#1732 = DIRECTION('',(-1.,0.));
#1733 = ( GEOMETRIC_REPRESENTATION_CONTEXT(2) 
PARAMETRIC_REPRESENTATION_CONTEXT() REPRESENTATION_CONTEXT('2D SPACE',''
  ) );
#1734 = PCURVE('',#132,#1735);
#1735 = DEFINITIONAL_REPRESENTATION('',(#1736),#1744);
#1736 = ( BOUNDED_CURVE() B_SPLINE_CURVE(2,(#1737,#1738,#1739,#1740,
#1741,#1742,#1743),.UNSPECIFIED.,.T.,.F.) B_SPLINE_CURVE_WITH_KNOTS((1,2
    ,2,2,2,1),(-2.094395102393,0.,2.094395102393,4.188790204786,
6.28318530718,8.377580409573),.UNSPECIFIED.) CURVE() 
GEOMETRIC_REPRESENTATION_ITEM() RATIONAL_B_SPLINE_CURVE((1.,0.5,1.,0.5,
1.,0.5,1.)) REPRESENTATION_ITEM('') );
#1737 = CARTESIAN_POINT('',(-16.03941916244,11.281088913246));
#1738 = CARTESIAN_POINT('',(-10.78941916244,14.312177826491));
#1739 = CARTESIAN_POINT('',(-10.78941916244,8.25));
#1740 = CARTESIAN_POINT('',(-10.78941916244,2.187822173509));
#1741 = CARTESIAN_POINT('',(-16.03941916244,5.218911086755));
#1742 = CARTESIAN_POINT('',(-21.28941916244,8.25));
#1743 = CARTESIAN_POINT('',(-16.03941916244,11.281088913246));
#1744 = ( GEOMETRIC_REPRESENTATION_CONTEXT(2) 
PARAMETRIC_REPRESENTATION_CONTEXT() REPRESENTATION_CONTEXT('2D SPACE',''
  ) );
#1745 = ADVANCED_FACE('',(#1746),#1708,.F.);
#1746 = FACE_BOUND('',#1747,.F.);
#1747 = EDGE_LOOP('',(#1748,#1778,#1804,#1805));
#1748 = ORIENTED_EDGE('',*,*,#1749,.F.);
#1749 = EDGE_CURVE('',#1750,#1752,#1754,.T.);
#1750 = VERTEX_POINT('',#1751);
#1751 = CARTESIAN_POINT('',(-12.65102788902,12.804354468353,0.));
#1752 = VERTEX_POINT('',#1753);
#1753 = CARTESIAN_POINT('',(-12.65102788902,12.804354468353,4.));
#1754 = SURFACE_CURVE('',#1755,(#1759,#1766),.PCURVE_S1.);
#1755 = LINE('',#1756,#1757);
#1756 = CARTESIAN_POINT('',(-12.65102788902,12.804354468353,0.));
#1757 = VECTOR('',#1758,1.);
#1758 = DIRECTION('',(0.,0.,1.));
#1759 = PCURVE('',#1708,#1760);
#1760 = DEFINITIONAL_REPRESENTATION('',(#1761),#1765);
#1761 = LINE('',#1762,#1763);
#1762 = CARTESIAN_POINT('',(7.190709198026,0.));
#1763 = VECTOR('',#1764,1.);
#1764 = DIRECTION('',(0.,-1.));
#1765 = ( GEOMETRIC_REPRESENTATION_CONTEXT(2) 
PARAMETRIC_REPRESENTATION_CONTEXT() REPRESENTATION_CONTEXT('2D SPACE',''
  ) );
#1766 = PCURVE('',#1767,#1772);
#1767 = CYLINDRICAL_SURFACE('',#1768,18.);
#1768 = AXIS2_PLACEMENT_3D('',#1769,#1770,#1771);
#1769 = CARTESIAN_POINT('',(0.,0.,0.));
#1770 = DIRECTION('',(0.,0.,1.));
#1771 = DIRECTION('',(1.,0.,-0.));
#1772 = DEFINITIONAL_REPRESENTATION('',(#1773),#1777);
#1773 = LINE('',#1774,#1775);
#1774 = CARTESIAN_POINT('',(2.350171216884,0.));
#1775 = VECTOR('',#1776,1.);
#1776 = DIRECTION('',(0.,1.));
#1777 = ( GEOMETRIC_REPRESENTATION_CONTEXT(2) 
PARAMETRIC_REPRESENTATION_CONTEXT() REPRESENTATION_CONTEXT('2D SPACE',''
  ) );
#1778 = ORIENTED_EDGE('',*,*,#1779,.F.);
#1779 = EDGE_CURVE('',#1669,#1750,#1780,.T.);
#1780 = SURFACE_CURVE('',#1781,(#1786,#1793),.PCURVE_S1.);
#1781 = CIRCLE('',#1782,1.);
#1782 = AXIS2_PLACEMENT_3D('',#1783,#1784,#1785);
#1783 = CARTESIAN_POINT('',(-11.94819300629,12.093001442334,0.));
#1784 = DIRECTION('',(0.,0.,-1.));
#1785 = DIRECTION('',(-0.99326767769,-0.115841790633,-0.));
#1786 = PCURVE('',#1708,#1787);
#1787 = DEFINITIONAL_REPRESENTATION('',(#1788),#1792);
#1788 = LINE('',#1789,#1790);
#1789 = CARTESIAN_POINT('',(-1.7763568394E-15,0.));
#1790 = VECTOR('',#1791,1.);
#1791 = DIRECTION('',(1.,0.));
#1792 = ( GEOMETRIC_REPRESENTATION_CONTEXT(2) 
PARAMETRIC_REPRESENTATION_CONTEXT() REPRESENTATION_CONTEXT('2D SPACE',''
  ) );
#1793 = PCURVE('',#73,#1794);
#1794 = DEFINITIONAL_REPRESENTATION('',(#1795),#1803);
#1795 = ( BOUNDED_CURVE() B_SPLINE_CURVE(2,(#1796,#1797,#1798,#1799,
#1800,#1801,#1802),.UNSPECIFIED.,.T.,.F.) B_SPLINE_CURVE_WITH_KNOTS((1,2
    ,2,2,2,1),(-2.094395102393,0.,2.094395102393,4.188790204786,
6.28318530718,8.377580409573),.UNSPECIFIED.) CURVE() 
GEOMETRIC_REPRESENTATION_ITEM() RATIONAL_B_SPLINE_CURVE((1.,0.5,1.,0.5,
1.,0.5,1.)) REPRESENTATION_ITEM('') );
#1796 = CARTESIAN_POINT('',(-12.94146068398,11.9771596517));
#1797 = CARTESIAN_POINT('',(-13.142104551,13.697549734974));
#1798 = CARTESIAN_POINT('',(-11.55188110096,13.011117379287));
#1799 = CARTESIAN_POINT('',(-9.961657650918,12.3246850236));
#1800 = CARTESIAN_POINT('',(-11.35123723394,11.290727296013));
#1801 = CARTESIAN_POINT('',(-12.74081681696,10.256769568426));
#1802 = CARTESIAN_POINT('',(-12.94146068398,11.9771596517));
#1803 = ( GEOMETRIC_REPRESENTATION_CONTEXT(2) 
PARAMETRIC_REPRESENTATION_CONTEXT() REPRESENTATION_CONTEXT('2D SPACE',''
  ) );
#1804 = ORIENTED_EDGE('',*,*,#1692,.F.);
#1805 = ORIENTED_EDGE('',*,*,#1806,.F.);
#1806 = EDGE_CURVE('',#1752,#1693,#1807,.T.);
#1807 = SURFACE_CURVE('',#1808,(#1813,#1820),.PCURVE_S1.);
#1808 = CIRCLE('',#1809,1.);
#1809 = AXIS2_PLACEMENT_3D('',#1810,#1811,#1812);
#1810 = CARTESIAN_POINT('',(-11.94819300629,12.093001442334,4.));
#1811 = DIRECTION('',(0.,0.,1.));
#1812 = DIRECTION('',(-0.99326767769,-0.115841790633,0.));
#1813 = PCURVE('',#1708,#1814);
#1814 = DEFINITIONAL_REPRESENTATION('',(#1815),#1819);
#1815 = LINE('',#1816,#1817);
#1816 = CARTESIAN_POINT('',(12.566370614359,-4.));
#1817 = VECTOR('',#1818,1.);
#1818 = DIRECTION('',(-1.,0.));
#1819 = ( GEOMETRIC_REPRESENTATION_CONTEXT(2) 
PARAMETRIC_REPRESENTATION_CONTEXT() REPRESENTATION_CONTEXT('2D SPACE',''
  ) );
#1820 = PCURVE('',#132,#1821);
#1821 = DEFINITIONAL_REPRESENTATION('',(#1822),#1826);
#1822 = CIRCLE('',#1823,1.);
#1823 = AXIS2_PLACEMENT_2D('',#1824,#1825);
#1824 = CARTESIAN_POINT('',(-11.94819300629,12.093001442334));
#1825 = DIRECTION('',(-0.99326767769,-0.115841790633));
#1826 = ( GEOMETRIC_REPRESENTATION_CONTEXT(2) 
PARAMETRIC_REPRESENTATION_CONTEXT() REPRESENTATION_CONTEXT('2D SPACE',''
  ) );
#1827 = ADVANCED_FACE('',(#1828),#1842,.F.);
#1828 = FACE_BOUND('',#1829,.F.);
#1829 = EDGE_LOOP('',(#1830,#1860,#1888,#1916));
#1830 = ORIENTED_EDGE('',*,*,#1831,.F.);
#1831 = EDGE_CURVE('',#1832,#1834,#1836,.T.);
#1832 = VERTEX_POINT('',#1833);
#1833 = CARTESIAN_POINT('',(9.033766086953,15.568913587216,0.));
#1834 = VERTEX_POINT('',#1835);
#1835 = CARTESIAN_POINT('',(9.033766086953,15.568913587216,4.));
#1836 = SURFACE_CURVE('',#1837,(#1841,#1853),.PCURVE_S1.);
#1837 = LINE('',#1838,#1839);
#1838 = CARTESIAN_POINT('',(9.033766086953,15.568913587216,0.));
#1839 = VECTOR('',#1840,1.);
#1840 = DIRECTION('',(0.,0.,1.));
#1841 = PCURVE('',#1842,#1847);
#1842 = CYLINDRICAL_SURFACE('',#1843,1.);
#1843 = AXIS2_PLACEMENT_3D('',#1844,#1845,#1846);
#1844 = CARTESIAN_POINT('',(8.531890193234,14.703973943482,0.));
#1845 = DIRECTION('',(0.,0.,-1.));
#1846 = DIRECTION('',(-0.299155050132,0.954204514756,0.));
#1847 = DEFINITIONAL_REPRESENTATION('',(#1848),#1852);
#1848 = LINE('',#1849,#1850);
#1849 = CARTESIAN_POINT('',(0.829573258032,0.));
#1850 = VECTOR('',#1851,1.);
#1851 = DIRECTION('',(0.,-1.));
#1852 = ( GEOMETRIC_REPRESENTATION_CONTEXT(2) 
PARAMETRIC_REPRESENTATION_CONTEXT() REPRESENTATION_CONTEXT('2D SPACE',''
  ) );
#1853 = PCURVE('',#1492,#1854);
#1854 = DEFINITIONAL_REPRESENTATION('',(#1855),#1859);
#1855 = LINE('',#1856,#1857);
#1856 = CARTESIAN_POINT('',(1.045030097858,0.));
#1857 = VECTOR('',#1858,1.);
#1858 = DIRECTION('',(0.,1.));
#1859 = ( GEOMETRIC_REPRESENTATION_CONTEXT(2) 
PARAMETRIC_REPRESENTATION_CONTEXT() REPRESENTATION_CONTEXT('2D SPACE',''
  ) );
#1860 = ORIENTED_EDGE('',*,*,#1861,.F.);
#1861 = EDGE_CURVE('',#1862,#1832,#1864,.T.);
#1862 = VERTEX_POINT('',#1863);
#1863 = CARTESIAN_POINT('',(7.626040941001,15.127574146775,0.));
#1864 = SURFACE_CURVE('',#1865,(#1870,#1877),.PCURVE_S1.);
#1865 = CIRCLE('',#1866,1.);
#1866 = AXIS2_PLACEMENT_3D('',#1867,#1868,#1869);
#1867 = CARTESIAN_POINT('',(8.531890193234,14.703973943482,0.));
#1868 = DIRECTION('',(0.,0.,-1.));
#1869 = DIRECTION('',(-0.299155050132,0.954204514756,0.));
#1870 = PCURVE('',#1842,#1871);
#1871 = DEFINITIONAL_REPRESENTATION('',(#1872),#1876);
#1872 = LINE('',#1873,#1874);
#1873 = CARTESIAN_POINT('',(-6.28318530718,0.));
#1874 = VECTOR('',#1875,1.);
#1875 = DIRECTION('',(1.,0.));
#1876 = ( GEOMETRIC_REPRESENTATION_CONTEXT(2) 
PARAMETRIC_REPRESENTATION_CONTEXT() REPRESENTATION_CONTEXT('2D SPACE',''
  ) );
#1877 = PCURVE('',#73,#1878);
#1878 = DEFINITIONAL_REPRESENTATION('',(#1879),#1887);
#1879 = ( BOUNDED_CURVE() B_SPLINE_CURVE(2,(#1880,#1881,#1882,#1883,
#1884,#1885,#1886),.UNSPECIFIED.,.T.,.F.) B_SPLINE_CURVE_WITH_KNOTS((1,2
    ,2,2,2,1),(-2.094395102393,0.,2.094395102393,4.188790204786,
6.28318530718,8.377580409573),.UNSPECIFIED.) CURVE() 
GEOMETRIC_REPRESENTATION_ITEM() RATIONAL_B_SPLINE_CURVE((1.,0.5,1.,0.5,
1.,0.5,1.)) REPRESENTATION_ITEM('') );
#1880 = CARTESIAN_POINT('',(8.232735143102,15.658178458238));
#1881 = CARTESIAN_POINT('',(9.885465843471,16.176330204407));
#1882 = CARTESIAN_POINT('',(9.507833068484,14.485947559189));
#1883 = CARTESIAN_POINT('',(9.130200293497,12.79556491397));
#1884 = CARTESIAN_POINT('',(7.855102368115,13.96779581302));
#1885 = CARTESIAN_POINT('',(6.580004442733,15.140026712069));
#1886 = CARTESIAN_POINT('',(8.232735143102,15.658178458238));
#1887 = ( GEOMETRIC_REPRESENTATION_CONTEXT(2) 
PARAMETRIC_REPRESENTATION_CONTEXT() REPRESENTATION_CONTEXT('2D SPACE',''
  ) );
#1888 = ORIENTED_EDGE('',*,*,#1889,.F.);
#1889 = EDGE_CURVE('',#1890,#1862,#1892,.T.);
#1890 = VERTEX_POINT('',#1891);
#1891 = CARTESIAN_POINT('',(7.626040941001,15.127574146775,4.));
#1892 = SURFACE_CURVE('',#1893,(#1897,#1904),.PCURVE_S1.);
#1893 = LINE('',#1894,#1895);
#1894 = CARTESIAN_POINT('',(7.626040941001,15.127574146775,0.));
#1895 = VECTOR('',#1896,1.);
#1896 = DIRECTION('',(0.,0.,-1.));
#1897 = PCURVE('',#1842,#1898);
#1898 = DEFINITIONAL_REPRESENTATION('',(#1899),#1903);
#1899 = LINE('',#1900,#1901);
#1900 = CARTESIAN_POINT('',(-0.829573258032,0.));
#1901 = VECTOR('',#1902,1.);
#1902 = DIRECTION('',(0.,1.));
#1903 = ( GEOMETRIC_REPRESENTATION_CONTEXT(2) 
PARAMETRIC_REPRESENTATION_CONTEXT() REPRESENTATION_CONTEXT('2D SPACE',''
  ) );
#1904 = PCURVE('',#1905,#1910);
#1905 = CYLINDRICAL_SURFACE('',#1906,2.);
#1906 = AXIS2_PLACEMENT_3D('',#1907,#1908,#1909);
#1907 = CARTESIAN_POINT('',(5.814342436536,15.974774553361,2.));
#1908 = DIRECTION('',(0.,0.,1.));
#1909 = DIRECTION('',(-0.342020143326,-0.939692620786,0.));
#1910 = DEFINITIONAL_REPRESENTATION('',(#1911),#1915);
#1911 = LINE('',#1912,#1913);
#1912 = CARTESIAN_POINT('',(1.482446137526,-2.));
#1913 = VECTOR('',#1914,1.);
#1914 = DIRECTION('',(0.,-1.));
#1915 = ( GEOMETRIC_REPRESENTATION_CONTEXT(2) 
PARAMETRIC_REPRESENTATION_CONTEXT() REPRESENTATION_CONTEXT('2D SPACE',''
  ) );
#1916 = ORIENTED_EDGE('',*,*,#1917,.F.);
#1917 = EDGE_CURVE('',#1834,#1890,#1918,.T.);
#1918 = SURFACE_CURVE('',#1919,(#1924,#1931),.PCURVE_S1.);
#1919 = CIRCLE('',#1920,1.);
#1920 = AXIS2_PLACEMENT_3D('',#1921,#1922,#1923);
#1921 = CARTESIAN_POINT('',(8.531890193234,14.703973943482,4.));
#1922 = DIRECTION('',(0.,0.,1.));
#1923 = DIRECTION('',(-0.299155050132,0.954204514756,0.));
#1924 = PCURVE('',#1842,#1925);
#1925 = DEFINITIONAL_REPRESENTATION('',(#1926),#1930);
#1926 = LINE('',#1927,#1928);
#1927 = CARTESIAN_POINT('',(6.28318530718,-4.));
#1928 = VECTOR('',#1929,1.);
#1929 = DIRECTION('',(-1.,0.));
#1930 = ( GEOMETRIC_REPRESENTATION_CONTEXT(2) 
PARAMETRIC_REPRESENTATION_CONTEXT() REPRESENTATION_CONTEXT('2D SPACE',''
  ) );
#1931 = PCURVE('',#132,#1932);
#1932 = DEFINITIONAL_REPRESENTATION('',(#1933),#1937);
#1933 = CIRCLE('',#1934,1.);
#1934 = AXIS2_PLACEMENT_2D('',#1935,#1936);
#1935 = CARTESIAN_POINT('',(8.531890193234,14.703973943482));
#1936 = DIRECTION('',(-0.299155050132,0.954204514756));
#1937 = ( GEOMETRIC_REPRESENTATION_CONTEXT(2) 
PARAMETRIC_REPRESENTATION_CONTEXT() REPRESENTATION_CONTEXT('2D SPACE',''
  ) );
#1938 = ADVANCED_FACE('',(#1939),#1905,.T.);
#1939 = FACE_BOUND('',#1940,.T.);
#1940 = EDGE_LOOP('',(#1941,#1942,#1966,#1994));
#1941 = ORIENTED_EDGE('',*,*,#1889,.F.);
#1942 = ORIENTED_EDGE('',*,*,#1943,.F.);
#1943 = EDGE_CURVE('',#1944,#1890,#1946,.T.);
#1944 = VERTEX_POINT('',#1945);
#1945 = CARTESIAN_POINT('',(5.130302149885,14.095389311789,4.));
#1946 = SURFACE_CURVE('',#1947,(#1952,#1959),.PCURVE_S1.);
#1947 = CIRCLE('',#1948,2.);
#1948 = AXIS2_PLACEMENT_3D('',#1949,#1950,#1951);
#1949 = CARTESIAN_POINT('',(5.814342436536,15.974774553361,4.));
#1950 = DIRECTION('',(-9.603246654592E-16,2.018452602967E-16,1.));
#1951 = DIRECTION('',(-0.342020143326,-0.939692620786,
    -1.387778780781E-16));
#1952 = PCURVE('',#1905,#1953);
#1953 = DEFINITIONAL_REPRESENTATION('',(#1954),#1958);
#1954 = LINE('',#1955,#1956);
#1955 = CARTESIAN_POINT('',(0.,2.));
#1956 = VECTOR('',#1957,1.);
#1957 = DIRECTION('',(1.,1.497825784723E-15));
#1958 = ( GEOMETRIC_REPRESENTATION_CONTEXT(2) 
PARAMETRIC_REPRESENTATION_CONTEXT() REPRESENTATION_CONTEXT('2D SPACE',''
  ) );
#1959 = PCURVE('',#132,#1960);
#1960 = DEFINITIONAL_REPRESENTATION('',(#1961),#1965);
#1961 = CIRCLE('',#1962,2.);
#1962 = AXIS2_PLACEMENT_2D('',#1963,#1964);
#1963 = CARTESIAN_POINT('',(5.814342436536,15.974774553361));
#1964 = DIRECTION('',(-0.342020143326,-0.939692620786));
#1965 = ( GEOMETRIC_REPRESENTATION_CONTEXT(2) 
PARAMETRIC_REPRESENTATION_CONTEXT() REPRESENTATION_CONTEXT('2D SPACE',''
  ) );
#1966 = ORIENTED_EDGE('',*,*,#1967,.T.);
#1967 = EDGE_CURVE('',#1944,#1968,#1970,.T.);
#1968 = VERTEX_POINT('',#1969);
#1969 = CARTESIAN_POINT('',(5.130302149885,14.095389311789,0.));
#1970 = SURFACE_CURVE('',#1971,(#1975,#1982),.PCURVE_S1.);
#1971 = LINE('',#1972,#1973);
#1972 = CARTESIAN_POINT('',(5.130302149885,14.095389311789,4.));
#1973 = VECTOR('',#1974,1.);
#1974 = DIRECTION('',(-1.32901523302E-15,-3.651439342834E-15,-1.));
#1975 = PCURVE('',#1905,#1976);
#1976 = DEFINITIONAL_REPRESENTATION('',(#1977),#1981);
#1977 = LINE('',#1978,#1979);
#1978 = CARTESIAN_POINT('',(0.,2.));
#1979 = VECTOR('',#1980,1.);
#1980 = DIRECTION('',(0.,-1.));
#1981 = ( GEOMETRIC_REPRESENTATION_CONTEXT(2) 
PARAMETRIC_REPRESENTATION_CONTEXT() REPRESENTATION_CONTEXT('2D SPACE',''
  ) );
#1982 = PCURVE('',#1983,#1988);
#1983 = CYLINDRICAL_SURFACE('',#1984,15.);
#1984 = AXIS2_PLACEMENT_3D('',#1985,#1986,#1987);
#1985 = CARTESIAN_POINT('',(-1.110223024625E-15,0.,2.));
#1986 = DIRECTION('',(0.,0.,-1.));
#1987 = DIRECTION('',(-0.342020143326,0.939692620786,0.));
#1988 = DEFINITIONAL_REPRESENTATION('',(#1989),#1993);
#1989 = LINE('',#1990,#1991);
#1990 = CARTESIAN_POINT('',(0.698131700798,-2.));
#1991 = VECTOR('',#1992,1.);
#1992 = DIRECTION('',(0.,1.));
#1993 = ( GEOMETRIC_REPRESENTATION_CONTEXT(2) 
PARAMETRIC_REPRESENTATION_CONTEXT() REPRESENTATION_CONTEXT('2D SPACE',''
  ) );
#1994 = ORIENTED_EDGE('',*,*,#1995,.T.);
#1995 = EDGE_CURVE('',#1968,#1862,#1996,.T.);
#1996 = SURFACE_CURVE('',#1997,(#2002,#2009),.PCURVE_S1.);
#1997 = CIRCLE('',#1998,2.);
#1998 = AXIS2_PLACEMENT_3D('',#1999,#2000,#2001);
#1999 = CARTESIAN_POINT('',(5.814342436536,15.974774553361,0.));
#2000 = DIRECTION('',(0.,0.,1.));
#2001 = DIRECTION('',(-0.342020143326,-0.939692620786,0.));
#2002 = PCURVE('',#1905,#2003);
#2003 = DEFINITIONAL_REPRESENTATION('',(#2004),#2008);
#2004 = LINE('',#2005,#2006);
#2005 = CARTESIAN_POINT('',(0.,-2.));
#2006 = VECTOR('',#2007,1.);
#2007 = DIRECTION('',(1.,0.));
#2008 = ( GEOMETRIC_REPRESENTATION_CONTEXT(2) 
PARAMETRIC_REPRESENTATION_CONTEXT() REPRESENTATION_CONTEXT('2D SPACE',''
  ) );
#2009 = PCURVE('',#73,#2010);
#2010 = DEFINITIONAL_REPRESENTATION('',(#2011),#2015);
#2011 = CIRCLE('',#2012,2.);
#2012 = AXIS2_PLACEMENT_2D('',#2013,#2014);
#2013 = CARTESIAN_POINT('',(5.814342436536,15.974774553361));
#2014 = DIRECTION('',(-0.342020143326,-0.939692620786));
#2015 = ( GEOMETRIC_REPRESENTATION_CONTEXT(2) 
PARAMETRIC_REPRESENTATION_CONTEXT() REPRESENTATION_CONTEXT('2D SPACE',''
  ) );
#2016 = ADVANCED_FACE('',(#2017),#2031,.F.);
#2017 = FACE_BOUND('',#2018,.F.);
#2018 = EDGE_LOOP('',(#2019,#2049,#2075,#2076));
#2019 = ORIENTED_EDGE('',*,*,#2020,.T.);
#2020 = EDGE_CURVE('',#2021,#2023,#2025,.T.);
#2021 = VERTEX_POINT('',#2022);
#2022 = CARTESIAN_POINT('',(1.6,-4.,0.));
#2023 = VERTEX_POINT('',#2024);
#2024 = CARTESIAN_POINT('',(1.6,-4.,4.));
#2025 = SEAM_CURVE('',#2026,(#2030,#2042),.PCURVE_S1.);
#2026 = LINE('',#2027,#2028);
#2027 = CARTESIAN_POINT('',(1.6,-4.,2.2));
#2028 = VECTOR('',#2029,1.);
#2029 = DIRECTION('',(0.,0.,1.));
#2030 = PCURVE('',#2031,#2036);
#2031 = CYLINDRICAL_SURFACE('',#2032,1.6);
#2032 = AXIS2_PLACEMENT_3D('',#2033,#2034,#2035);
#2033 = CARTESIAN_POINT('',(-6.60582699652E-14,-4.,2.2));
#2034 = DIRECTION('',(0.,0.,1.));
#2035 = DIRECTION('',(-1.,0.,0.));
#2036 = DEFINITIONAL_REPRESENTATION('',(#2037),#2041);
#2037 = LINE('',#2038,#2039);
#2038 = CARTESIAN_POINT('',(9.424777960769,0.));
#2039 = VECTOR('',#2040,1.);
#2040 = DIRECTION('',(0.,1.));
#2041 = ( GEOMETRIC_REPRESENTATION_CONTEXT(2) 
PARAMETRIC_REPRESENTATION_CONTEXT() REPRESENTATION_CONTEXT('2D SPACE',''
  ) );
#2042 = PCURVE('',#2031,#2043);
#2043 = DEFINITIONAL_REPRESENTATION('',(#2044),#2048);
#2044 = LINE('',#2045,#2046);
#2045 = CARTESIAN_POINT('',(3.14159265359,0.));
#2046 = VECTOR('',#2047,1.);
#2047 = DIRECTION('',(0.,1.));
#2048 = ( GEOMETRIC_REPRESENTATION_CONTEXT(2) 
PARAMETRIC_REPRESENTATION_CONTEXT() REPRESENTATION_CONTEXT('2D SPACE',''
  ) );
#2049 = ORIENTED_EDGE('',*,*,#2050,.T.);
#2050 = EDGE_CURVE('',#2023,#2023,#2051,.T.);
#2051 = SURFACE_CURVE('',#2052,(#2057,#2064),.PCURVE_S1.);
#2052 = CIRCLE('',#2053,1.6);
#2053 = AXIS2_PLACEMENT_3D('',#2054,#2055,#2056);
#2054 = CARTESIAN_POINT('',(-6.60582699652E-14,-4.,4.));
#2055 = DIRECTION('',(0.,0.,-1.));
#2056 = DIRECTION('',(-1.,0.,0.));
#2057 = PCURVE('',#2031,#2058);
#2058 = DEFINITIONAL_REPRESENTATION('',(#2059),#2063);
#2059 = LINE('',#2060,#2061);
#2060 = CARTESIAN_POINT('',(12.566370614359,1.8));
#2061 = VECTOR('',#2062,1.);
#2062 = DIRECTION('',(-1.,0.));
#2063 = ( GEOMETRIC_REPRESENTATION_CONTEXT(2) 
PARAMETRIC_REPRESENTATION_CONTEXT() REPRESENTATION_CONTEXT('2D SPACE',''
  ) );
#2064 = PCURVE('',#132,#2065);
#2065 = DEFINITIONAL_REPRESENTATION('',(#2066),#2074);
#2066 = ( BOUNDED_CURVE() B_SPLINE_CURVE(2,(#2067,#2068,#2069,#2070,
#2071,#2072,#2073),.UNSPECIFIED.,.T.,.F.) B_SPLINE_CURVE_WITH_KNOTS((1,2
    ,2,2,2,1),(-2.094395102393,0.,2.094395102393,4.188790204786,
6.28318530718,8.377580409573),.UNSPECIFIED.) CURVE() 
GEOMETRIC_REPRESENTATION_ITEM() RATIONAL_B_SPLINE_CURVE((1.,0.5,1.,0.5,
1.,0.5,1.)) REPRESENTATION_ITEM('') );
#2067 = CARTESIAN_POINT('',(-1.6,-4.));
#2068 = CARTESIAN_POINT('',(-1.6,-1.22871870789));
#2069 = CARTESIAN_POINT('',(0.8,-2.614359353945));
#2070 = CARTESIAN_POINT('',(3.2,-4.));
#2071 = CARTESIAN_POINT('',(0.8,-5.385640646055));
#2072 = CARTESIAN_POINT('',(-1.6,-6.77128129211));
#2073 = CARTESIAN_POINT('',(-1.6,-4.));
#2074 = ( GEOMETRIC_REPRESENTATION_CONTEXT(2) 
PARAMETRIC_REPRESENTATION_CONTEXT() REPRESENTATION_CONTEXT('2D SPACE',''
  ) );
#2075 = ORIENTED_EDGE('',*,*,#2020,.F.);
#2076 = ORIENTED_EDGE('',*,*,#2077,.T.);
#2077 = EDGE_CURVE('',#2021,#2021,#2078,.T.);
#2078 = SURFACE_CURVE('',#2079,(#2084,#2091),.PCURVE_S1.);
#2079 = CIRCLE('',#2080,1.6);
#2080 = AXIS2_PLACEMENT_3D('',#2081,#2082,#2083);
#2081 = CARTESIAN_POINT('',(-6.60582699652E-14,-4.,0.));
#2082 = DIRECTION('',(0.,0.,1.));
#2083 = DIRECTION('',(-1.,0.,0.));
#2084 = PCURVE('',#2031,#2085);
#2085 = DEFINITIONAL_REPRESENTATION('',(#2086),#2090);
#2086 = LINE('',#2087,#2088);
#2087 = CARTESIAN_POINT('',(0.,-2.2));
#2088 = VECTOR('',#2089,1.);
#2089 = DIRECTION('',(1.,0.));
#2090 = ( GEOMETRIC_REPRESENTATION_CONTEXT(2) 
PARAMETRIC_REPRESENTATION_CONTEXT() REPRESENTATION_CONTEXT('2D SPACE',''
  ) );
#2091 = PCURVE('',#73,#2092);
#2092 = DEFINITIONAL_REPRESENTATION('',(#2093),#2097);
#2093 = CIRCLE('',#2094,1.6);
#2094 = AXIS2_PLACEMENT_2D('',#2095,#2096);
#2095 = CARTESIAN_POINT('',(-6.60582699652E-14,-4.));
#2096 = DIRECTION('',(-1.,0.));
#2097 = ( GEOMETRIC_REPRESENTATION_CONTEXT(2) 
PARAMETRIC_REPRESENTATION_CONTEXT() REPRESENTATION_CONTEXT('2D SPACE',''
  ) );
#2098 = ADVANCED_FACE('',(#2099),#2113,.F.);
#2099 = FACE_BOUND('',#2100,.F.);
#2100 = EDGE_LOOP('',(#2101,#2131,#2157,#2158));
#2101 = ORIENTED_EDGE('',*,*,#2102,.T.);
#2102 = EDGE_CURVE('',#2103,#2105,#2107,.T.);
#2103 = VERTEX_POINT('',#2104);
#2104 = CARTESIAN_POINT('',(1.6,-16.5,0.));
#2105 = VERTEX_POINT('',#2106);
#2106 = CARTESIAN_POINT('',(1.6,-16.5,4.));
#2107 = SEAM_CURVE('',#2108,(#2112,#2124),.PCURVE_S1.);
#2108 = LINE('',#2109,#2110);
#2109 = CARTESIAN_POINT('',(1.6,-16.5,2.2));
#2110 = VECTOR('',#2111,1.);
#2111 = DIRECTION('',(0.,0.,1.));
#2112 = PCURVE('',#2113,#2118);
#2113 = CYLINDRICAL_SURFACE('',#2114,1.6);
#2114 = AXIS2_PLACEMENT_3D('',#2115,#2116,#2117);
#2115 = CARTESIAN_POINT('',(-2.620126338115E-13,-16.5,2.2));
#2116 = DIRECTION('',(0.,0.,1.));
#2117 = DIRECTION('',(-1.,0.,0.));
#2118 = DEFINITIONAL_REPRESENTATION('',(#2119),#2123);
#2119 = LINE('',#2120,#2121);
#2120 = CARTESIAN_POINT('',(9.424777960769,0.));
#2121 = VECTOR('',#2122,1.);
#2122 = DIRECTION('',(0.,1.));
#2123 = ( GEOMETRIC_REPRESENTATION_CONTEXT(2) 
PARAMETRIC_REPRESENTATION_CONTEXT() REPRESENTATION_CONTEXT('2D SPACE',''
  ) );
#2124 = PCURVE('',#2113,#2125);
#2125 = DEFINITIONAL_REPRESENTATION('',(#2126),#2130);
#2126 = LINE('',#2127,#2128);
#2127 = CARTESIAN_POINT('',(3.14159265359,0.));
#2128 = VECTOR('',#2129,1.);
#2129 = DIRECTION('',(0.,1.));
#2130 = ( GEOMETRIC_REPRESENTATION_CONTEXT(2) 
PARAMETRIC_REPRESENTATION_CONTEXT() REPRESENTATION_CONTEXT('2D SPACE',''
  ) );
#2131 = ORIENTED_EDGE('',*,*,#2132,.T.);
#2132 = EDGE_CURVE('',#2105,#2105,#2133,.T.);
#2133 = SURFACE_CURVE('',#2134,(#2139,#2146),.PCURVE_S1.);
#2134 = CIRCLE('',#2135,1.6);
#2135 = AXIS2_PLACEMENT_3D('',#2136,#2137,#2138);
#2136 = CARTESIAN_POINT('',(-2.620126338115E-13,-16.5,4.));
#2137 = DIRECTION('',(0.,0.,-1.));
#2138 = DIRECTION('',(-1.,0.,0.));
#2139 = PCURVE('',#2113,#2140);
#2140 = DEFINITIONAL_REPRESENTATION('',(#2141),#2145);
#2141 = LINE('',#2142,#2143);
#2142 = CARTESIAN_POINT('',(12.566370614359,1.8));
#2143 = VECTOR('',#2144,1.);
#2144 = DIRECTION('',(-1.,0.));
#2145 = ( GEOMETRIC_REPRESENTATION_CONTEXT(2) 
PARAMETRIC_REPRESENTATION_CONTEXT() REPRESENTATION_CONTEXT('2D SPACE',''
  ) );
#2146 = PCURVE('',#132,#2147);
#2147 = DEFINITIONAL_REPRESENTATION('',(#2148),#2156);
#2148 = ( BOUNDED_CURVE() B_SPLINE_CURVE(2,(#2149,#2150,#2151,#2152,
#2153,#2154,#2155),.UNSPECIFIED.,.T.,.F.) B_SPLINE_CURVE_WITH_KNOTS((1,2
    ,2,2,2,1),(-2.094395102393,0.,2.094395102393,4.188790204786,
6.28318530718,8.377580409573),.UNSPECIFIED.) CURVE() 
GEOMETRIC_REPRESENTATION_ITEM() RATIONAL_B_SPLINE_CURVE((1.,0.5,1.,0.5,
1.,0.5,1.)) REPRESENTATION_ITEM('') );
#2149 = CARTESIAN_POINT('',(-1.6,-16.5));
#2150 = CARTESIAN_POINT('',(-1.6,-13.72871870789));
#2151 = CARTESIAN_POINT('',(0.8,-15.11435935394));
#2152 = CARTESIAN_POINT('',(3.2,-16.5));
#2153 = CARTESIAN_POINT('',(0.8,-17.88564064605));
#2154 = CARTESIAN_POINT('',(-1.6,-19.27128129211));
#2155 = CARTESIAN_POINT('',(-1.6,-16.5));
#2156 = ( GEOMETRIC_REPRESENTATION_CONTEXT(2) 
PARAMETRIC_REPRESENTATION_CONTEXT() REPRESENTATION_CONTEXT('2D SPACE',''
  ) );
#2157 = ORIENTED_EDGE('',*,*,#2102,.F.);
#2158 = ORIENTED_EDGE('',*,*,#2159,.T.);
#2159 = EDGE_CURVE('',#2103,#2103,#2160,.T.);
#2160 = SURFACE_CURVE('',#2161,(#2166,#2173),.PCURVE_S1.);
#2161 = CIRCLE('',#2162,1.6);
#2162 = AXIS2_PLACEMENT_3D('',#2163,#2164,#2165);
#2163 = CARTESIAN_POINT('',(-2.620126338115E-13,-16.5,0.));
#2164 = DIRECTION('',(0.,0.,1.));
#2165 = DIRECTION('',(-1.,0.,0.));
#2166 = PCURVE('',#2113,#2167);
#2167 = DEFINITIONAL_REPRESENTATION('',(#2168),#2172);
#2168 = LINE('',#2169,#2170);
#2169 = CARTESIAN_POINT('',(0.,-2.2));
#2170 = VECTOR('',#2171,1.);
#2171 = DIRECTION('',(1.,0.));
#2172 = ( GEOMETRIC_REPRESENTATION_CONTEXT(2) 
PARAMETRIC_REPRESENTATION_CONTEXT() REPRESENTATION_CONTEXT('2D SPACE',''
  ) );
#2173 = PCURVE('',#73,#2174);
#2174 = DEFINITIONAL_REPRESENTATION('',(#2175),#2179);
#2175 = CIRCLE('',#2176,1.6);
#2176 = AXIS2_PLACEMENT_2D('',#2177,#2178);
#2177 = CARTESIAN_POINT('',(-2.620126338115E-13,-16.5));
#2178 = DIRECTION('',(-1.,0.));
#2179 = ( GEOMETRIC_REPRESENTATION_CONTEXT(2) 
PARAMETRIC_REPRESENTATION_CONTEXT() REPRESENTATION_CONTEXT('2D SPACE',''
  ) );
#2180 = ADVANCED_FACE('',(#2181),#2195,.F.);
#2181 = FACE_BOUND('',#2182,.F.);
#2182 = EDGE_LOOP('',(#2183,#2213,#2239,#2240));
#2183 = ORIENTED_EDGE('',*,*,#2184,.T.);
#2184 = EDGE_CURVE('',#2185,#2187,#2189,.T.);
#2185 = VERTEX_POINT('',#2186);
#2186 = CARTESIAN_POINT('',(-1.864101615138,2.,0.));
#2187 = VERTEX_POINT('',#2188);
#2188 = CARTESIAN_POINT('',(-1.864101615138,2.,4.));
#2189 = SEAM_CURVE('',#2190,(#2194,#2206),.PCURVE_S1.);
#2190 = LINE('',#2191,#2192);
#2191 = CARTESIAN_POINT('',(-1.864101615138,2.,2.2));
#2192 = VECTOR('',#2193,1.);
#2193 = DIRECTION('',(0.,0.,1.));
#2194 = PCURVE('',#2195,#2200);
#2195 = CYLINDRICAL_SURFACE('',#2196,1.6);
#2196 = AXIS2_PLACEMENT_3D('',#2197,#2198,#2199);
#2197 = CARTESIAN_POINT('',(-3.464101615138,2.,2.2));
#2198 = DIRECTION('',(0.,0.,1.));
#2199 = DIRECTION('',(-1.,0.,0.));
#2200 = DEFINITIONAL_REPRESENTATION('',(#2201),#2205);
#2201 = LINE('',#2202,#2203);
#2202 = CARTESIAN_POINT('',(9.424777960769,0.));
#2203 = VECTOR('',#2204,1.);
#2204 = DIRECTION('',(0.,1.));
#2205 = ( GEOMETRIC_REPRESENTATION_CONTEXT(2) 
PARAMETRIC_REPRESENTATION_CONTEXT() REPRESENTATION_CONTEXT('2D SPACE',''
  ) );
#2206 = PCURVE('',#2195,#2207);
#2207 = DEFINITIONAL_REPRESENTATION('',(#2208),#2212);
#2208 = LINE('',#2209,#2210);
#2209 = CARTESIAN_POINT('',(3.14159265359,0.));
#2210 = VECTOR('',#2211,1.);
#2211 = DIRECTION('',(0.,1.));
#2212 = ( GEOMETRIC_REPRESENTATION_CONTEXT(2) 
PARAMETRIC_REPRESENTATION_CONTEXT() REPRESENTATION_CONTEXT('2D SPACE',''
  ) );
#2213 = ORIENTED_EDGE('',*,*,#2214,.T.);
#2214 = EDGE_CURVE('',#2187,#2187,#2215,.T.);
#2215 = SURFACE_CURVE('',#2216,(#2221,#2228),.PCURVE_S1.);
#2216 = CIRCLE('',#2217,1.6);
#2217 = AXIS2_PLACEMENT_3D('',#2218,#2219,#2220);
#2218 = CARTESIAN_POINT('',(-3.464101615138,2.,4.));
#2219 = DIRECTION('',(0.,0.,-1.));
#2220 = DIRECTION('',(-1.,0.,0.));
#2221 = PCURVE('',#2195,#2222);
#2222 = DEFINITIONAL_REPRESENTATION('',(#2223),#2227);
#2223 = LINE('',#2224,#2225);
#2224 = CARTESIAN_POINT('',(12.566370614359,1.8));
#2225 = VECTOR('',#2226,1.);
#2226 = DIRECTION('',(-1.,0.));
#2227 = ( GEOMETRIC_REPRESENTATION_CONTEXT(2) 
PARAMETRIC_REPRESENTATION_CONTEXT() REPRESENTATION_CONTEXT('2D SPACE',''
  ) );
#2228 = PCURVE('',#132,#2229);
#2229 = DEFINITIONAL_REPRESENTATION('',(#2230),#2238);
#2230 = ( BOUNDED_CURVE() B_SPLINE_CURVE(2,(#2231,#2232,#2233,#2234,
#2235,#2236,#2237),.UNSPECIFIED.,.T.,.F.) B_SPLINE_CURVE_WITH_KNOTS((1,2
    ,2,2,2,1),(-2.094395102393,0.,2.094395102393,4.188790204786,
6.28318530718,8.377580409573),.UNSPECIFIED.) CURVE() 
GEOMETRIC_REPRESENTATION_ITEM() RATIONAL_B_SPLINE_CURVE((1.,0.5,1.,0.5,
1.,0.5,1.)) REPRESENTATION_ITEM('') );
#2231 = CARTESIAN_POINT('',(-5.064101615138,2.));
#2232 = CARTESIAN_POINT('',(-5.064101615138,4.77128129211));
#2233 = CARTESIAN_POINT('',(-2.664101615138,3.385640646055));
#2234 = CARTESIAN_POINT('',(-0.264101615138,2.));
#2235 = CARTESIAN_POINT('',(-2.664101615138,0.614359353945));
#2236 = CARTESIAN_POINT('',(-5.064101615138,-0.77128129211));
#2237 = CARTESIAN_POINT('',(-5.064101615138,2.));
#2238 = ( GEOMETRIC_REPRESENTATION_CONTEXT(2) 
PARAMETRIC_REPRESENTATION_CONTEXT() REPRESENTATION_CONTEXT('2D SPACE',''
  ) );
#2239 = ORIENTED_EDGE('',*,*,#2184,.F.);
#2240 = ORIENTED_EDGE('',*,*,#2241,.T.);
#2241 = EDGE_CURVE('',#2185,#2185,#2242,.T.);
#2242 = SURFACE_CURVE('',#2243,(#2248,#2255),.PCURVE_S1.);
#2243 = CIRCLE('',#2244,1.6);
#2244 = AXIS2_PLACEMENT_3D('',#2245,#2246,#2247);
#2245 = CARTESIAN_POINT('',(-3.464101615138,2.,0.));
#2246 = DIRECTION('',(0.,0.,1.));
#2247 = DIRECTION('',(-1.,0.,0.));
#2248 = PCURVE('',#2195,#2249);
#2249 = DEFINITIONAL_REPRESENTATION('',(#2250),#2254);
#2250 = LINE('',#2251,#2252);
#2251 = CARTESIAN_POINT('',(0.,-2.2));
#2252 = VECTOR('',#2253,1.);
#2253 = DIRECTION('',(1.,0.));
#2254 = ( GEOMETRIC_REPRESENTATION_CONTEXT(2) 
PARAMETRIC_REPRESENTATION_CONTEXT() REPRESENTATION_CONTEXT('2D SPACE',''
  ) );
#2255 = PCURVE('',#73,#2256);
#2256 = DEFINITIONAL_REPRESENTATION('',(#2257),#2261);
#2257 = CIRCLE('',#2258,1.6);
#2258 = AXIS2_PLACEMENT_2D('',#2259,#2260);
#2259 = CARTESIAN_POINT('',(-3.464101615138,2.));
#2260 = DIRECTION('',(-1.,0.));
#2261 = ( GEOMETRIC_REPRESENTATION_CONTEXT(2) 
PARAMETRIC_REPRESENTATION_CONTEXT() REPRESENTATION_CONTEXT('2D SPACE',''
  ) );
#2262 = ADVANCED_FACE('',(#2263),#2277,.F.);
#2263 = FACE_BOUND('',#2264,.F.);
#2264 = EDGE_LOOP('',(#2265,#2295,#2321,#2322));
#2265 = ORIENTED_EDGE('',*,*,#2266,.T.);
#2266 = EDGE_CURVE('',#2267,#2269,#2271,.T.);
#2267 = VERTEX_POINT('',#2268);
#2268 = CARTESIAN_POINT('',(-12.68941916244,8.25,0.));
#2269 = VERTEX_POINT('',#2270);
#2270 = CARTESIAN_POINT('',(-12.68941916244,8.25,4.));
#2271 = SEAM_CURVE('',#2272,(#2276,#2288),.PCURVE_S1.);
#2272 = LINE('',#2273,#2274);
#2273 = CARTESIAN_POINT('',(-12.68941916244,8.25,2.2));
#2274 = VECTOR('',#2275,1.);
#2275 = DIRECTION('',(0.,0.,1.));
#2276 = PCURVE('',#2277,#2282);
#2277 = CYLINDRICAL_SURFACE('',#2278,1.6);
#2278 = AXIS2_PLACEMENT_3D('',#2279,#2280,#2281);
#2279 = CARTESIAN_POINT('',(-14.28941916244,8.25,2.2));
#2280 = DIRECTION('',(0.,0.,1.));
#2281 = DIRECTION('',(-1.,0.,0.));
#2282 = DEFINITIONAL_REPRESENTATION('',(#2283),#2287);
#2283 = LINE('',#2284,#2285);
#2284 = CARTESIAN_POINT('',(9.424777960769,0.));
#2285 = VECTOR('',#2286,1.);
#2286 = DIRECTION('',(0.,1.));
#2287 = ( GEOMETRIC_REPRESENTATION_CONTEXT(2) 
PARAMETRIC_REPRESENTATION_CONTEXT() REPRESENTATION_CONTEXT('2D SPACE',''
  ) );
#2288 = PCURVE('',#2277,#2289);
#2289 = DEFINITIONAL_REPRESENTATION('',(#2290),#2294);
#2290 = LINE('',#2291,#2292);
#2291 = CARTESIAN_POINT('',(3.14159265359,0.));
#2292 = VECTOR('',#2293,1.);
#2293 = DIRECTION('',(0.,1.));
#2294 = ( GEOMETRIC_REPRESENTATION_CONTEXT(2) 
PARAMETRIC_REPRESENTATION_CONTEXT() REPRESENTATION_CONTEXT('2D SPACE',''
  ) );
#2295 = ORIENTED_EDGE('',*,*,#2296,.T.);
#2296 = EDGE_CURVE('',#2269,#2269,#2297,.T.);
#2297 = SURFACE_CURVE('',#2298,(#2303,#2310),.PCURVE_S1.);
#2298 = CIRCLE('',#2299,1.6);
#2299 = AXIS2_PLACEMENT_3D('',#2300,#2301,#2302);
#2300 = CARTESIAN_POINT('',(-14.28941916244,8.25,4.));
#2301 = DIRECTION('',(0.,0.,-1.));
#2302 = DIRECTION('',(-1.,0.,0.));
#2303 = PCURVE('',#2277,#2304);
#2304 = DEFINITIONAL_REPRESENTATION('',(#2305),#2309);
#2305 = LINE('',#2306,#2307);
#2306 = CARTESIAN_POINT('',(12.566370614359,1.8));
#2307 = VECTOR('',#2308,1.);
#2308 = DIRECTION('',(-1.,0.));
#2309 = ( GEOMETRIC_REPRESENTATION_CONTEXT(2) 
PARAMETRIC_REPRESENTATION_CONTEXT() REPRESENTATION_CONTEXT('2D SPACE',''
  ) );
#2310 = PCURVE('',#132,#2311);
#2311 = DEFINITIONAL_REPRESENTATION('',(#2312),#2320);
#2312 = ( BOUNDED_CURVE() B_SPLINE_CURVE(2,(#2313,#2314,#2315,#2316,
#2317,#2318,#2319),.UNSPECIFIED.,.T.,.F.) B_SPLINE_CURVE_WITH_KNOTS((1,2
    ,2,2,2,1),(-2.094395102393,0.,2.094395102393,4.188790204786,
6.28318530718,8.377580409573),.UNSPECIFIED.) CURVE() 
GEOMETRIC_REPRESENTATION_ITEM() RATIONAL_B_SPLINE_CURVE((1.,0.5,1.,0.5,
1.,0.5,1.)) REPRESENTATION_ITEM('') );
#2313 = CARTESIAN_POINT('',(-15.88941916244,8.25));
#2314 = CARTESIAN_POINT('',(-15.88941916244,11.02128129211));
#2315 = CARTESIAN_POINT('',(-13.48941916244,9.635640646055));
#2316 = CARTESIAN_POINT('',(-11.08941916244,8.25));
#2317 = CARTESIAN_POINT('',(-13.48941916244,6.864359353945));
#2318 = CARTESIAN_POINT('',(-15.88941916244,5.47871870789));
#2319 = CARTESIAN_POINT('',(-15.88941916244,8.25));
#2320 = ( GEOMETRIC_REPRESENTATION_CONTEXT(2) 
PARAMETRIC_REPRESENTATION_CONTEXT() REPRESENTATION_CONTEXT('2D SPACE',''
  ) );
#2321 = ORIENTED_EDGE('',*,*,#2266,.F.);
#2322 = ORIENTED_EDGE('',*,*,#2323,.T.);
#2323 = EDGE_CURVE('',#2267,#2267,#2324,.T.);
#2324 = SURFACE_CURVE('',#2325,(#2330,#2337),.PCURVE_S1.);
#2325 = CIRCLE('',#2326,1.6);
#2326 = AXIS2_PLACEMENT_3D('',#2327,#2328,#2329);
#2327 = CARTESIAN_POINT('',(-14.28941916244,8.25,0.));
#2328 = DIRECTION('',(0.,0.,1.));
#2329 = DIRECTION('',(-1.,0.,0.));
#2330 = PCURVE('',#2277,#2331);
#2331 = DEFINITIONAL_REPRESENTATION('',(#2332),#2336);
#2332 = LINE('',#2333,#2334);
#2333 = CARTESIAN_POINT('',(0.,-2.2));
#2334 = VECTOR('',#2335,1.);
#2335 = DIRECTION('',(1.,0.));
#2336 = ( GEOMETRIC_REPRESENTATION_CONTEXT(2) 
PARAMETRIC_REPRESENTATION_CONTEXT() REPRESENTATION_CONTEXT('2D SPACE',''
  ) );
#2337 = PCURVE('',#73,#2338);
#2338 = DEFINITIONAL_REPRESENTATION('',(#2339),#2343);
#2339 = CIRCLE('',#2340,1.6);
#2340 = AXIS2_PLACEMENT_2D('',#2341,#2342);
#2341 = CARTESIAN_POINT('',(-14.28941916244,8.25));
#2342 = DIRECTION('',(-1.,0.));
#2343 = ( GEOMETRIC_REPRESENTATION_CONTEXT(2) 
PARAMETRIC_REPRESENTATION_CONTEXT() REPRESENTATION_CONTEXT('2D SPACE',''
  ) );
#2344 = ADVANCED_FACE('',(#2345),#2359,.F.);
#2345 = FACE_BOUND('',#2346,.F.);
#2346 = EDGE_LOOP('',(#2347,#2377,#2403,#2404));
#2347 = ORIENTED_EDGE('',*,*,#2348,.T.);
#2348 = EDGE_CURVE('',#2349,#2351,#2353,.T.);
#2349 = VERTEX_POINT('',#2350);
#2350 = CARTESIAN_POINT('',(5.064101615138,2.,0.));
#2351 = VERTEX_POINT('',#2352);
#2352 = CARTESIAN_POINT('',(5.064101615138,2.,4.));
#2353 = SEAM_CURVE('',#2354,(#2358,#2370),.PCURVE_S1.);
#2354 = LINE('',#2355,#2356);
#2355 = CARTESIAN_POINT('',(5.064101615138,2.,2.2));
#2356 = VECTOR('',#2357,1.);
#2357 = DIRECTION('',(0.,0.,1.));
#2358 = PCURVE('',#2359,#2364);
#2359 = CYLINDRICAL_SURFACE('',#2360,1.6);
#2360 = AXIS2_PLACEMENT_3D('',#2361,#2362,#2363);
#2361 = CARTESIAN_POINT('',(3.464101615138,2.,2.2));
#2362 = DIRECTION('',(0.,0.,1.));
#2363 = DIRECTION('',(-1.,0.,0.));
#2364 = DEFINITIONAL_REPRESENTATION('',(#2365),#2369);
#2365 = LINE('',#2366,#2367);
#2366 = CARTESIAN_POINT('',(3.14159265359,0.));
#2367 = VECTOR('',#2368,1.);
#2368 = DIRECTION('',(0.,1.));
#2369 = ( GEOMETRIC_REPRESENTATION_CONTEXT(2) 
PARAMETRIC_REPRESENTATION_CONTEXT() REPRESENTATION_CONTEXT('2D SPACE',''
  ) );
#2370 = PCURVE('',#2359,#2371);
#2371 = DEFINITIONAL_REPRESENTATION('',(#2372),#2376);
#2372 = LINE('',#2373,#2374);
#2373 = CARTESIAN_POINT('',(-3.14159265359,0.));
#2374 = VECTOR('',#2375,1.);
#2375 = DIRECTION('',(0.,1.));
#2376 = ( GEOMETRIC_REPRESENTATION_CONTEXT(2) 
PARAMETRIC_REPRESENTATION_CONTEXT() REPRESENTATION_CONTEXT('2D SPACE',''
  ) );
#2377 = ORIENTED_EDGE('',*,*,#2378,.T.);
#2378 = EDGE_CURVE('',#2351,#2351,#2379,.T.);
#2379 = SURFACE_CURVE('',#2380,(#2385,#2392),.PCURVE_S1.);
#2380 = CIRCLE('',#2381,1.6);
#2381 = AXIS2_PLACEMENT_3D('',#2382,#2383,#2384);
#2382 = CARTESIAN_POINT('',(3.464101615138,2.,4.));
#2383 = DIRECTION('',(0.,0.,-1.));
#2384 = DIRECTION('',(-1.,0.,0.));
#2385 = PCURVE('',#2359,#2386);
#2386 = DEFINITIONAL_REPRESENTATION('',(#2387),#2391);
#2387 = LINE('',#2388,#2389);
#2388 = CARTESIAN_POINT('',(6.28318530718,1.8));
#2389 = VECTOR('',#2390,1.);
#2390 = DIRECTION('',(-1.,0.));
#2391 = ( GEOMETRIC_REPRESENTATION_CONTEXT(2) 
PARAMETRIC_REPRESENTATION_CONTEXT() REPRESENTATION_CONTEXT('2D SPACE',''
  ) );
#2392 = PCURVE('',#132,#2393);
#2393 = DEFINITIONAL_REPRESENTATION('',(#2394),#2402);
#2394 = ( BOUNDED_CURVE() B_SPLINE_CURVE(2,(#2395,#2396,#2397,#2398,
#2399,#2400,#2401),.UNSPECIFIED.,.T.,.F.) B_SPLINE_CURVE_WITH_KNOTS((1,2
    ,2,2,2,1),(-2.094395102393,0.,2.094395102393,4.188790204786,
6.28318530718,8.377580409573),.UNSPECIFIED.) CURVE() 
GEOMETRIC_REPRESENTATION_ITEM() RATIONAL_B_SPLINE_CURVE((1.,0.5,1.,0.5,
1.,0.5,1.)) REPRESENTATION_ITEM('') );
#2395 = CARTESIAN_POINT('',(1.864101615138,2.));
#2396 = CARTESIAN_POINT('',(1.864101615138,4.77128129211));
#2397 = CARTESIAN_POINT('',(4.264101615138,3.385640646055));
#2398 = CARTESIAN_POINT('',(6.664101615138,2.));
#2399 = CARTESIAN_POINT('',(4.264101615138,0.614359353945));
#2400 = CARTESIAN_POINT('',(1.864101615138,-0.77128129211));
#2401 = CARTESIAN_POINT('',(1.864101615138,2.));
#2402 = ( GEOMETRIC_REPRESENTATION_CONTEXT(2) 
PARAMETRIC_REPRESENTATION_CONTEXT() REPRESENTATION_CONTEXT('2D SPACE',''
  ) );
#2403 = ORIENTED_EDGE('',*,*,#2348,.F.);
#2404 = ORIENTED_EDGE('',*,*,#2405,.T.);
#2405 = EDGE_CURVE('',#2349,#2349,#2406,.T.);
#2406 = SURFACE_CURVE('',#2407,(#2412,#2419),.PCURVE_S1.);
#2407 = CIRCLE('',#2408,1.6);
#2408 = AXIS2_PLACEMENT_3D('',#2409,#2410,#2411);
#2409 = CARTESIAN_POINT('',(3.464101615138,2.,0.));
#2410 = DIRECTION('',(0.,0.,1.));
#2411 = DIRECTION('',(-1.,0.,0.));
#2412 = PCURVE('',#2359,#2413);
#2413 = DEFINITIONAL_REPRESENTATION('',(#2414),#2418);
#2414 = LINE('',#2415,#2416);
#2415 = CARTESIAN_POINT('',(-6.28318530718,-2.2));
#2416 = VECTOR('',#2417,1.);
#2417 = DIRECTION('',(1.,0.));
#2418 = ( GEOMETRIC_REPRESENTATION_CONTEXT(2) 
PARAMETRIC_REPRESENTATION_CONTEXT() REPRESENTATION_CONTEXT('2D SPACE',''
  ) );
#2419 = PCURVE('',#73,#2420);
#2420 = DEFINITIONAL_REPRESENTATION('',(#2421),#2425);
#2421 = CIRCLE('',#2422,1.6);
#2422 = AXIS2_PLACEMENT_2D('',#2423,#2424);
#2423 = CARTESIAN_POINT('',(3.464101615138,2.));
#2424 = DIRECTION('',(-1.,0.));
#2425 = ( GEOMETRIC_REPRESENTATION_CONTEXT(2) 
PARAMETRIC_REPRESENTATION_CONTEXT() REPRESENTATION_CONTEXT('2D SPACE',''
  ) );
#2426 = ADVANCED_FACE('',(#2427),#2441,.F.);
#2427 = FACE_BOUND('',#2428,.F.);
#2428 = EDGE_LOOP('',(#2429,#2459,#2485,#2486));
#2429 = ORIENTED_EDGE('',*,*,#2430,.T.);
#2430 = EDGE_CURVE('',#2431,#2433,#2435,.T.);
#2431 = VERTEX_POINT('',#2432);
#2432 = CARTESIAN_POINT('',(15.889419162443,8.25,0.));
#2433 = VERTEX_POINT('',#2434);
#2434 = CARTESIAN_POINT('',(15.889419162443,8.25,4.));
#2435 = SEAM_CURVE('',#2436,(#2440,#2452),.PCURVE_S1.);
#2436 = LINE('',#2437,#2438);
#2437 = CARTESIAN_POINT('',(15.889419162443,8.25,2.2));
#2438 = VECTOR('',#2439,1.);
#2439 = DIRECTION('',(0.,0.,1.));
#2440 = PCURVE('',#2441,#2446);
#2441 = CYLINDRICAL_SURFACE('',#2442,1.6);
#2442 = AXIS2_PLACEMENT_3D('',#2443,#2444,#2445);
#2443 = CARTESIAN_POINT('',(14.289419162443,8.25,2.2));
#2444 = DIRECTION('',(0.,0.,1.));
#2445 = DIRECTION('',(-1.,0.,0.));
#2446 = DEFINITIONAL_REPRESENTATION('',(#2447),#2451);
#2447 = LINE('',#2448,#2449);
#2448 = CARTESIAN_POINT('',(9.424777960769,0.));
#2449 = VECTOR('',#2450,1.);
#2450 = DIRECTION('',(0.,1.));
#2451 = ( GEOMETRIC_REPRESENTATION_CONTEXT(2) 
PARAMETRIC_REPRESENTATION_CONTEXT() REPRESENTATION_CONTEXT('2D SPACE',''
  ) );
#2452 = PCURVE('',#2441,#2453);
#2453 = DEFINITIONAL_REPRESENTATION('',(#2454),#2458);
#2454 = LINE('',#2455,#2456);
#2455 = CARTESIAN_POINT('',(3.14159265359,0.));
#2456 = VECTOR('',#2457,1.);
#2457 = DIRECTION('',(0.,1.));
#2458 = ( GEOMETRIC_REPRESENTATION_CONTEXT(2) 
PARAMETRIC_REPRESENTATION_CONTEXT() REPRESENTATION_CONTEXT('2D SPACE',''
  ) );
#2459 = ORIENTED_EDGE('',*,*,#2460,.T.);
#2460 = EDGE_CURVE('',#2433,#2433,#2461,.T.);
#2461 = SURFACE_CURVE('',#2462,(#2467,#2474),.PCURVE_S1.);
#2462 = CIRCLE('',#2463,1.6);
#2463 = AXIS2_PLACEMENT_3D('',#2464,#2465,#2466);
#2464 = CARTESIAN_POINT('',(14.289419162443,8.25,4.));
#2465 = DIRECTION('',(0.,0.,-1.));
#2466 = DIRECTION('',(-1.,0.,0.));
#2467 = PCURVE('',#2441,#2468);
#2468 = DEFINITIONAL_REPRESENTATION('',(#2469),#2473);
#2469 = LINE('',#2470,#2471);
#2470 = CARTESIAN_POINT('',(12.566370614359,1.8));
#2471 = VECTOR('',#2472,1.);
#2472 = DIRECTION('',(-1.,0.));
#2473 = ( GEOMETRIC_REPRESENTATION_CONTEXT(2) 
PARAMETRIC_REPRESENTATION_CONTEXT() REPRESENTATION_CONTEXT('2D SPACE',''
  ) );
#2474 = PCURVE('',#132,#2475);
#2475 = DEFINITIONAL_REPRESENTATION('',(#2476),#2484);
#2476 = ( BOUNDED_CURVE() B_SPLINE_CURVE(2,(#2477,#2478,#2479,#2480,
#2481,#2482,#2483),.UNSPECIFIED.,.T.,.F.) B_SPLINE_CURVE_WITH_KNOTS((1,2
    ,2,2,2,1),(-2.094395102393,0.,2.094395102393,4.188790204786,
6.28318530718,8.377580409573),.UNSPECIFIED.) CURVE() 
GEOMETRIC_REPRESENTATION_ITEM() RATIONAL_B_SPLINE_CURVE((1.,0.5,1.,0.5,
1.,0.5,1.)) REPRESENTATION_ITEM('') );
#2477 = CARTESIAN_POINT('',(12.689419162443,8.25));
#2478 = CARTESIAN_POINT('',(12.689419162443,11.02128129211));
#2479 = CARTESIAN_POINT('',(15.089419162443,9.635640646055));
#2480 = CARTESIAN_POINT('',(17.489419162443,8.25));
#2481 = CARTESIAN_POINT('',(15.089419162443,6.864359353945));
#2482 = CARTESIAN_POINT('',(12.689419162443,5.47871870789));
#2483 = CARTESIAN_POINT('',(12.689419162443,8.25));
#2484 = ( GEOMETRIC_REPRESENTATION_CONTEXT(2) 
PARAMETRIC_REPRESENTATION_CONTEXT() REPRESENTATION_CONTEXT('2D SPACE',''
  ) );
#2485 = ORIENTED_EDGE('',*,*,#2430,.F.);
#2486 = ORIENTED_EDGE('',*,*,#2487,.T.);
#2487 = EDGE_CURVE('',#2431,#2431,#2488,.T.);
#2488 = SURFACE_CURVE('',#2489,(#2494,#2501),.PCURVE_S1.);
#2489 = CIRCLE('',#2490,1.6);
#2490 = AXIS2_PLACEMENT_3D('',#2491,#2492,#2493);
#2491 = CARTESIAN_POINT('',(14.289419162443,8.25,0.));
#2492 = DIRECTION('',(0.,0.,1.));
#2493 = DIRECTION('',(-1.,0.,0.));
#2494 = PCURVE('',#2441,#2495);
#2495 = DEFINITIONAL_REPRESENTATION('',(#2496),#2500);
#2496 = LINE('',#2497,#2498);
#2497 = CARTESIAN_POINT('',(0.,-2.2));
#2498 = VECTOR('',#2499,1.);
#2499 = DIRECTION('',(1.,0.));
#2500 = ( GEOMETRIC_REPRESENTATION_CONTEXT(2) 
PARAMETRIC_REPRESENTATION_CONTEXT() REPRESENTATION_CONTEXT('2D SPACE',''
  ) );
#2501 = PCURVE('',#73,#2502);
#2502 = DEFINITIONAL_REPRESENTATION('',(#2503),#2507);
#2503 = CIRCLE('',#2504,1.6);
#2504 = AXIS2_PLACEMENT_2D('',#2505,#2506);
#2505 = CARTESIAN_POINT('',(14.289419162443,8.25));
#2506 = DIRECTION('',(-1.,0.));
#2507 = ( GEOMETRIC_REPRESENTATION_CONTEXT(2) 
PARAMETRIC_REPRESENTATION_CONTEXT() REPRESENTATION_CONTEXT('2D SPACE',''
  ) );
#2508 = ADVANCED_FACE('',(#2509),#636,.F.);
#2509 = FACE_BOUND('',#2510,.F.);
#2510 = EDGE_LOOP('',(#2511,#2539,#2567,#2593));
#2511 = ORIENTED_EDGE('',*,*,#2512,.T.);
#2512 = EDGE_CURVE('',#616,#2513,#2515,.T.);
#2513 = VERTEX_POINT('',#2514);
#2514 = CARTESIAN_POINT('',(-17.72653955422,-3.125667198005,4.));
#2515 = SURFACE_CURVE('',#2516,(#2521,#2528),.PCURVE_S1.);
#2516 = CIRCLE('',#2517,18.);
#2517 = AXIS2_PLACEMENT_3D('',#2518,#2519,#2520);
#2518 = CARTESIAN_POINT('',(0.,0.,4.));
#2519 = DIRECTION('',(0.,0.,-1.));
#2520 = DIRECTION('',(1.,0.,0.));
#2521 = PCURVE('',#636,#2522);
#2522 = DEFINITIONAL_REPRESENTATION('',(#2523),#2527);
#2523 = LINE('',#2524,#2525);
#2524 = CARTESIAN_POINT('',(6.28318530718,4.));
#2525 = VECTOR('',#2526,1.);
#2526 = DIRECTION('',(-1.,0.));
#2527 = ( GEOMETRIC_REPRESENTATION_CONTEXT(2) 
PARAMETRIC_REPRESENTATION_CONTEXT() REPRESENTATION_CONTEXT('2D SPACE',''
  ) );
#2528 = PCURVE('',#132,#2529);
#2529 = DEFINITIONAL_REPRESENTATION('',(#2530),#2538);
#2530 = ( BOUNDED_CURVE() B_SPLINE_CURVE(2,(#2531,#2532,#2533,#2534,
#2535,#2536,#2537),.UNSPECIFIED.,.T.,.F.) B_SPLINE_CURVE_WITH_KNOTS((1,2
    ,2,2,2,1),(-2.094395102393,0.,2.094395102393,4.188790204786,
6.28318530718,8.377580409573),.UNSPECIFIED.) CURVE() 
GEOMETRIC_REPRESENTATION_ITEM() RATIONAL_B_SPLINE_CURVE((1.,0.5,1.,0.5,
1.,0.5,1.)) REPRESENTATION_ITEM('') );
#2531 = CARTESIAN_POINT('',(18.,0.));
#2532 = CARTESIAN_POINT('',(18.,-31.17691453624));
#2533 = CARTESIAN_POINT('',(-9.,-15.58845726812));
#2534 = CARTESIAN_POINT('',(-36.,-4.40872847693E-15));
#2535 = CARTESIAN_POINT('',(-9.,15.58845726812));
#2536 = CARTESIAN_POINT('',(18.,31.17691453624));
#2537 = CARTESIAN_POINT('',(18.,0.));
#2538 = ( GEOMETRIC_REPRESENTATION_CONTEXT(2) 
PARAMETRIC_REPRESENTATION_CONTEXT() REPRESENTATION_CONTEXT('2D SPACE',''
  ) );
#2539 = ORIENTED_EDGE('',*,*,#2540,.F.);
#2540 = EDGE_CURVE('',#2541,#2513,#2543,.T.);
#2541 = VERTEX_POINT('',#2542);
#2542 = CARTESIAN_POINT('',(-17.72653955422,-3.125667198005,0.));
#2543 = SURFACE_CURVE('',#2544,(#2548,#2555),.PCURVE_S1.);
#2544 = LINE('',#2545,#2546);
#2545 = CARTESIAN_POINT('',(-17.72653955422,-3.125667198005,2.));
#2546 = VECTOR('',#2547,1.);
#2547 = DIRECTION('',(0.,0.,1.));
#2548 = PCURVE('',#636,#2549);
#2549 = DEFINITIONAL_REPRESENTATION('',(#2550),#2554);
#2550 = LINE('',#2551,#2552);
#2551 = CARTESIAN_POINT('',(3.316125578789,2.));
#2552 = VECTOR('',#2553,1.);
#2553 = DIRECTION('',(0.,1.));
#2554 = ( GEOMETRIC_REPRESENTATION_CONTEXT(2) 
PARAMETRIC_REPRESENTATION_CONTEXT() REPRESENTATION_CONTEXT('2D SPACE',''
  ) );
#2555 = PCURVE('',#2556,#2561);
#2556 = CYLINDRICAL_SURFACE('',#2557,1.);
#2557 = AXIS2_PLACEMENT_3D('',#2558,#2559,#2560);
#2558 = CARTESIAN_POINT('',(-16.7417318012,-2.952019020338,2.));
#2559 = DIRECTION('',(0.,0.,1.));
#2560 = DIRECTION('',(0.984807753012,0.173648177667,-0.));
#2561 = DEFINITIONAL_REPRESENTATION('',(#2562),#2566);
#2562 = LINE('',#2563,#2564);
#2563 = CARTESIAN_POINT('',(3.14159265359,0.));
#2564 = VECTOR('',#2565,1.);
#2565 = DIRECTION('',(0.,1.));
#2566 = ( GEOMETRIC_REPRESENTATION_CONTEXT(2) 
PARAMETRIC_REPRESENTATION_CONTEXT() REPRESENTATION_CONTEXT('2D SPACE',''
  ) );
#2567 = ORIENTED_EDGE('',*,*,#2568,.F.);
#2568 = EDGE_CURVE('',#614,#2541,#2569,.T.);
#2569 = SURFACE_CURVE('',#2570,(#2575,#2582),.PCURVE_S1.);
#2570 = CIRCLE('',#2571,18.);
#2571 = AXIS2_PLACEMENT_3D('',#2572,#2573,#2574);
#2572 = CARTESIAN_POINT('',(0.,0.,0.));
#2573 = DIRECTION('',(0.,0.,-1.));
#2574 = DIRECTION('',(1.,0.,0.));
#2575 = PCURVE('',#636,#2576);
#2576 = DEFINITIONAL_REPRESENTATION('',(#2577),#2581);
#2577 = LINE('',#2578,#2579);
#2578 = CARTESIAN_POINT('',(6.28318530718,0.));
#2579 = VECTOR('',#2580,1.);
#2580 = DIRECTION('',(-1.,0.));
#2581 = ( GEOMETRIC_REPRESENTATION_CONTEXT(2) 
PARAMETRIC_REPRESENTATION_CONTEXT() REPRESENTATION_CONTEXT('2D SPACE',''
  ) );
#2582 = PCURVE('',#73,#2583);
#2583 = DEFINITIONAL_REPRESENTATION('',(#2584),#2592);
#2584 = ( BOUNDED_CURVE() B_SPLINE_CURVE(2,(#2585,#2586,#2587,#2588,
#2589,#2590,#2591),.UNSPECIFIED.,.T.,.F.) B_SPLINE_CURVE_WITH_KNOTS((1,2
    ,2,2,2,1),(-2.094395102393,0.,2.094395102393,4.188790204786,
6.28318530718,8.377580409573),.UNSPECIFIED.) CURVE() 
GEOMETRIC_REPRESENTATION_ITEM() RATIONAL_B_SPLINE_CURVE((1.,0.5,1.,0.5,
1.,0.5,1.)) REPRESENTATION_ITEM('') );
#2585 = CARTESIAN_POINT('',(18.,0.));
#2586 = CARTESIAN_POINT('',(18.,-31.17691453624));
#2587 = CARTESIAN_POINT('',(-9.,-15.58845726812));
#2588 = CARTESIAN_POINT('',(-36.,-4.40872847693E-15));
#2589 = CARTESIAN_POINT('',(-9.,15.58845726812));
#2590 = CARTESIAN_POINT('',(18.,31.17691453624));
#2591 = CARTESIAN_POINT('',(18.,0.));
#2592 = ( GEOMETRIC_REPRESENTATION_CONTEXT(2) 
PARAMETRIC_REPRESENTATION_CONTEXT() REPRESENTATION_CONTEXT('2D SPACE',''
  ) );
#2593 = ORIENTED_EDGE('',*,*,#613,.T.);
#2594 = ADVANCED_FACE('',(#2595),#1028,.F.);
#2595 = FACE_BOUND('',#2596,.F.);
#2596 = EDGE_LOOP('',(#2597,#2623,#2624,#2650));
#2597 = ORIENTED_EDGE('',*,*,#2598,.T.);
#2598 = EDGE_CURVE('',#1008,#1200,#2599,.T.);
#2599 = SURFACE_CURVE('',#2600,(#2605,#2612),.PCURVE_S1.);
#2600 = CIRCLE('',#2601,18.);
#2601 = AXIS2_PLACEMENT_3D('',#2602,#2603,#2604);
#2602 = CARTESIAN_POINT('',(0.,0.,4.));
#2603 = DIRECTION('',(0.,0.,-1.));
#2604 = DIRECTION('',(1.,0.,0.));
#2605 = PCURVE('',#1028,#2606);
#2606 = DEFINITIONAL_REPRESENTATION('',(#2607),#2611);
#2607 = LINE('',#2608,#2609);
#2608 = CARTESIAN_POINT('',(6.28318530718,4.));
#2609 = VECTOR('',#2610,1.);
#2610 = DIRECTION('',(-1.,0.));
#2611 = ( GEOMETRIC_REPRESENTATION_CONTEXT(2) 
PARAMETRIC_REPRESENTATION_CONTEXT() REPRESENTATION_CONTEXT('2D SPACE',''
  ) );
#2612 = PCURVE('',#132,#2613);
#2613 = DEFINITIONAL_REPRESENTATION('',(#2614),#2622);
#2614 = ( BOUNDED_CURVE() B_SPLINE_CURVE(2,(#2615,#2616,#2617,#2618,
#2619,#2620,#2621),.UNSPECIFIED.,.T.,.F.) B_SPLINE_CURVE_WITH_KNOTS((1,2
    ,2,2,2,1),(-2.094395102393,0.,2.094395102393,4.188790204786,
6.28318530718,8.377580409573),.UNSPECIFIED.) CURVE() 
GEOMETRIC_REPRESENTATION_ITEM() RATIONAL_B_SPLINE_CURVE((1.,0.5,1.,0.5,
1.,0.5,1.)) REPRESENTATION_ITEM('') );
#2615 = CARTESIAN_POINT('',(18.,0.));
#2616 = CARTESIAN_POINT('',(18.,-31.17691453624));
#2617 = CARTESIAN_POINT('',(-9.,-15.58845726812));
#2618 = CARTESIAN_POINT('',(-36.,-4.40872847693E-15));
#2619 = CARTESIAN_POINT('',(-9.,15.58845726812));
#2620 = CARTESIAN_POINT('',(18.,31.17691453624));
#2621 = CARTESIAN_POINT('',(18.,0.));
#2622 = ( GEOMETRIC_REPRESENTATION_CONTEXT(2) 
PARAMETRIC_REPRESENTATION_CONTEXT() REPRESENTATION_CONTEXT('2D SPACE',''
  ) );
#2623 = ORIENTED_EDGE('',*,*,#1199,.T.);
#2624 = ORIENTED_EDGE('',*,*,#2625,.F.);
#2625 = EDGE_CURVE('',#1006,#1202,#2626,.T.);
#2626 = SURFACE_CURVE('',#2627,(#2632,#2639),.PCURVE_S1.);
#2627 = CIRCLE('',#2628,18.);
#2628 = AXIS2_PLACEMENT_3D('',#2629,#2630,#2631);
#2629 = CARTESIAN_POINT('',(0.,0.,0.));
#2630 = DIRECTION('',(0.,0.,-1.));
#2631 = DIRECTION('',(1.,0.,0.));
#2632 = PCURVE('',#1028,#2633);
#2633 = DEFINITIONAL_REPRESENTATION('',(#2634),#2638);
#2634 = LINE('',#2635,#2636);
#2635 = CARTESIAN_POINT('',(6.28318530718,0.));
#2636 = VECTOR('',#2637,1.);
#2637 = DIRECTION('',(-1.,0.));
#2638 = ( GEOMETRIC_REPRESENTATION_CONTEXT(2) 
PARAMETRIC_REPRESENTATION_CONTEXT() REPRESENTATION_CONTEXT('2D SPACE',''
  ) );
#2639 = PCURVE('',#73,#2640);
#2640 = DEFINITIONAL_REPRESENTATION('',(#2641),#2649);
#2641 = ( BOUNDED_CURVE() B_SPLINE_CURVE(2,(#2642,#2643,#2644,#2645,
#2646,#2647,#2648),.UNSPECIFIED.,.T.,.F.) B_SPLINE_CURVE_WITH_KNOTS((1,2
    ,2,2,2,1),(-2.094395102393,0.,2.094395102393,4.188790204786,
6.28318530718,8.377580409573),.UNSPECIFIED.) CURVE() 
GEOMETRIC_REPRESENTATION_ITEM() RATIONAL_B_SPLINE_CURVE((1.,0.5,1.,0.5,
1.,0.5,1.)) REPRESENTATION_ITEM('') );
#2642 = CARTESIAN_POINT('',(18.,0.));
#2643 = CARTESIAN_POINT('',(18.,-31.17691453624));
#2644 = CARTESIAN_POINT('',(-9.,-15.58845726812));
#2645 = CARTESIAN_POINT('',(-36.,-4.40872847693E-15));
#2646 = CARTESIAN_POINT('',(-9.,15.58845726812));
#2647 = CARTESIAN_POINT('',(18.,31.17691453624));
#2648 = CARTESIAN_POINT('',(18.,0.));
#2649 = ( GEOMETRIC_REPRESENTATION_CONTEXT(2) 
PARAMETRIC_REPRESENTATION_CONTEXT() REPRESENTATION_CONTEXT('2D SPACE',''
  ) );
#2650 = ORIENTED_EDGE('',*,*,#1005,.T.);
#2651 = ADVANCED_FACE('',(#2652),#2667,.F.);
#2652 = FACE_BOUND('',#2653,.F.);
#2653 = EDGE_LOOP('',(#2654,#2685,#2708,#2732));
#2654 = ORIENTED_EDGE('',*,*,#2655,.T.);
#2655 = EDGE_CURVE('',#2656,#2658,#2660,.T.);
#2656 = VERTEX_POINT('',#2657);
#2657 = CARTESIAN_POINT('',(8.863269771935,-1.562833628352,0.));
#2658 = VERTEX_POINT('',#2659);
#2659 = CARTESIAN_POINT('',(6.893654280742,-1.215537188902,0.));
#2660 = SURFACE_CURVE('',#2661,(#2666,#2678),.PCURVE_S1.);
#2661 = CIRCLE('',#2662,1.);
#2662 = AXIS2_PLACEMENT_3D('',#2663,#2664,#2665);
#2663 = CARTESIAN_POINT('',(7.878462024098,-1.389185421336,0.));
#2664 = DIRECTION('',(0.,0.,1.));
#2665 = DIRECTION('',(0.984807747837,-0.173648207016,0.));
#2666 = PCURVE('',#2667,#2672);
#2667 = CYLINDRICAL_SURFACE('',#2668,1.);
#2668 = AXIS2_PLACEMENT_3D('',#2669,#2670,#2671);
#2669 = CARTESIAN_POINT('',(7.878462024098,-1.389185421336,2.));
#2670 = DIRECTION('',(0.,0.,1.));
#2671 = DIRECTION('',(0.984807753012,-0.173648177667,0.));
#2672 = DEFINITIONAL_REPRESENTATION('',(#2673),#2677);
#2673 = LINE('',#2674,#2675);
#2674 = CARTESIAN_POINT('',(-2.980230284777E-08,-2.));
#2675 = VECTOR('',#2676,1.);
#2676 = DIRECTION('',(1.,0.));
#2677 = ( GEOMETRIC_REPRESENTATION_CONTEXT(2) 
PARAMETRIC_REPRESENTATION_CONTEXT() REPRESENTATION_CONTEXT('2D SPACE',''
  ) );
#2678 = PCURVE('',#73,#2679);
#2679 = DEFINITIONAL_REPRESENTATION('',(#2680),#2684);
#2680 = CIRCLE('',#2681,1.);
#2681 = AXIS2_PLACEMENT_2D('',#2682,#2683);
#2682 = CARTESIAN_POINT('',(7.878462024098,-1.389185421336));
#2683 = DIRECTION('',(0.984807747837,-0.173648207016));
#2684 = ( GEOMETRIC_REPRESENTATION_CONTEXT(2) 
PARAMETRIC_REPRESENTATION_CONTEXT() REPRESENTATION_CONTEXT('2D SPACE',''
  ) );
#2685 = ORIENTED_EDGE('',*,*,#2686,.T.);
#2686 = EDGE_CURVE('',#2658,#2687,#2689,.T.);
#2687 = VERTEX_POINT('',#2688);
#2688 = CARTESIAN_POINT('',(6.893654280742,-1.215537188902,4.));
#2689 = SURFACE_CURVE('',#2690,(#2694,#2701),.PCURVE_S1.);
#2690 = LINE('',#2691,#2692);
#2691 = CARTESIAN_POINT('',(6.893654271085,-1.215537243669,2.));
#2692 = VECTOR('',#2693,1.);
#2693 = DIRECTION('',(0.,0.,1.));
#2694 = PCURVE('',#2667,#2695);
#2695 = DEFINITIONAL_REPRESENTATION('',(#2696),#2700);
#2696 = LINE('',#2697,#2698);
#2697 = CARTESIAN_POINT('',(3.14159265359,0.));
#2698 = VECTOR('',#2699,1.);
#2699 = DIRECTION('',(0.,1.));
#2700 = ( GEOMETRIC_REPRESENTATION_CONTEXT(2) 
PARAMETRIC_REPRESENTATION_CONTEXT() REPRESENTATION_CONTEXT('2D SPACE',''
  ) );
#2701 = PCURVE('',#248,#2702);
#2702 = DEFINITIONAL_REPRESENTATION('',(#2703),#2707);
#2703 = LINE('',#2704,#2705);
#2704 = CARTESIAN_POINT('',(6.10865238198,2.));
#2705 = VECTOR('',#2706,1.);
#2706 = DIRECTION('',(0.,1.));
#2707 = ( GEOMETRIC_REPRESENTATION_CONTEXT(2) 
PARAMETRIC_REPRESENTATION_CONTEXT() REPRESENTATION_CONTEXT('2D SPACE',''
  ) );
#2708 = ORIENTED_EDGE('',*,*,#2709,.F.);
#2709 = EDGE_CURVE('',#2710,#2687,#2712,.T.);
#2710 = VERTEX_POINT('',#2711);
#2711 = CARTESIAN_POINT('',(8.863269771935,-1.562833628352,4.));
#2712 = SURFACE_CURVE('',#2713,(#2718,#2725),.PCURVE_S1.);
#2713 = CIRCLE('',#2714,1.);
#2714 = AXIS2_PLACEMENT_3D('',#2715,#2716,#2717);
#2715 = CARTESIAN_POINT('',(7.878462024098,-1.389185421336,4.));
#2716 = DIRECTION('',(0.,0.,1.));
#2717 = DIRECTION('',(0.984807747837,-0.173648207016,0.));
#2718 = PCURVE('',#2667,#2719);
#2719 = DEFINITIONAL_REPRESENTATION('',(#2720),#2724);
#2720 = LINE('',#2721,#2722);
#2721 = CARTESIAN_POINT('',(-2.980230462413E-08,2.));
#2722 = VECTOR('',#2723,1.);
#2723 = DIRECTION('',(1.,0.));
#2724 = ( GEOMETRIC_REPRESENTATION_CONTEXT(2) 
PARAMETRIC_REPRESENTATION_CONTEXT() REPRESENTATION_CONTEXT('2D SPACE',''
  ) );
#2725 = PCURVE('',#132,#2726);
#2726 = DEFINITIONAL_REPRESENTATION('',(#2727),#2731);
#2727 = CIRCLE('',#2728,1.);
#2728 = AXIS2_PLACEMENT_2D('',#2729,#2730);
#2729 = CARTESIAN_POINT('',(7.878462024098,-1.389185421336));
#2730 = DIRECTION('',(0.984807747837,-0.173648207016));
#2731 = ( GEOMETRIC_REPRESENTATION_CONTEXT(2) 
PARAMETRIC_REPRESENTATION_CONTEXT() REPRESENTATION_CONTEXT('2D SPACE',''
  ) );
#2732 = ORIENTED_EDGE('',*,*,#2733,.F.);
#2733 = EDGE_CURVE('',#2656,#2710,#2734,.T.);
#2734 = SURFACE_CURVE('',#2735,(#2739,#2746),.PCURVE_S1.);
#2735 = LINE('',#2736,#2737);
#2736 = CARTESIAN_POINT('',(8.863269771935,-1.562833628352,4.));
#2737 = VECTOR('',#2738,1.);
#2738 = DIRECTION('',(3.826746857837E-15,-6.747586605822E-16,1.));
#2739 = PCURVE('',#2667,#2740);
#2740 = DEFINITIONAL_REPRESENTATION('',(#2741),#2745);
#2741 = LINE('',#2742,#2743);
#2742 = CARTESIAN_POINT('',(-2.980230373595E-08,2.));
#2743 = VECTOR('',#2744,1.);
#2744 = DIRECTION('',(0.,1.));
#2745 = ( GEOMETRIC_REPRESENTATION_CONTEXT(2) 
PARAMETRIC_REPRESENTATION_CONTEXT() REPRESENTATION_CONTEXT('2D SPACE',''
  ) );
#2746 = PCURVE('',#2747,#2752);
#2747 = CYLINDRICAL_SURFACE('',#2748,9.);
#2748 = AXIS2_PLACEMENT_3D('',#2749,#2750,#2751);
#2749 = CARTESIAN_POINT('',(-5.471404696284E-15,8.286817471268E-15,2.));
#2750 = DIRECTION('',(0.,0.,1.));
#2751 = DIRECTION('',(0.642787609687,-0.766044443119,0.));
#2752 = DEFINITIONAL_REPRESENTATION('',(#2753),#2757);
#2753 = LINE('',#2754,#2755);
#2754 = CARTESIAN_POINT('',(0.698131697486,2.));
#2755 = VECTOR('',#2756,1.);
#2756 = DIRECTION('',(0.,1.));
#2757 = ( GEOMETRIC_REPRESENTATION_CONTEXT(2) 
PARAMETRIC_REPRESENTATION_CONTEXT() REPRESENTATION_CONTEXT('2D SPACE',''
  ) );
#2758 = ADVANCED_FACE('',(#2759),#188,.T.);
#2759 = FACE_BOUND('',#2760,.T.);
#2760 = EDGE_LOOP('',(#2761,#2791,#2813,#2814));
#2761 = ORIENTED_EDGE('',*,*,#2762,.T.);
#2762 = EDGE_CURVE('',#2763,#2765,#2767,.T.);
#2763 = VERTEX_POINT('',#2764);
#2764 = CARTESIAN_POINT('',(6.427876085451,-7.660444440768,4.));
#2765 = VERTEX_POINT('',#2766);
#2766 = CARTESIAN_POINT('',(6.427876085451,-7.660444440768,0.));
#2767 = SURFACE_CURVE('',#2768,(#2772,#2779),.PCURVE_S1.);
#2768 = LINE('',#2769,#2770);
#2769 = CARTESIAN_POINT('',(6.427876085451,-7.660444440768,0.));
#2770 = VECTOR('',#2771,1.);
#2771 = DIRECTION('',(-1.070456425336E-15,1.275720252004E-15,-1.));
#2772 = PCURVE('',#188,#2773);
#2773 = DEFINITIONAL_REPRESENTATION('',(#2774),#2778);
#2774 = LINE('',#2775,#2776);
#2775 = CARTESIAN_POINT('',(-1.490114698299E-09,-2.));
#2776 = VECTOR('',#2777,1.);
#2777 = DIRECTION('',(0.,-1.));
#2778 = ( GEOMETRIC_REPRESENTATION_CONTEXT(2) 
PARAMETRIC_REPRESENTATION_CONTEXT() REPRESENTATION_CONTEXT('2D SPACE',''
  ) );
#2779 = PCURVE('',#2780,#2785);
#2780 = CYLINDRICAL_SURFACE('',#2781,1.);
#2781 = AXIS2_PLACEMENT_3D('',#2782,#2783,#2784);
#2782 = CARTESIAN_POINT('',(7.070663706552,-8.426488874309,2.));
#2783 = DIRECTION('',(0.,0.,-1.));
#2784 = DIRECTION('',(0.642787598272,-0.766044452697,0.));
#2785 = DEFINITIONAL_REPRESENTATION('',(#2786),#2790);
#2786 = LINE('',#2787,#2788);
#2787 = CARTESIAN_POINT('',(3.141592623787,2.));
#2788 = VECTOR('',#2789,1.);
#2789 = DIRECTION('',(0.,1.));
#2790 = ( GEOMETRIC_REPRESENTATION_CONTEXT(2) 
PARAMETRIC_REPRESENTATION_CONTEXT() REPRESENTATION_CONTEXT('2D SPACE',''
  ) );
#2791 = ORIENTED_EDGE('',*,*,#2792,.T.);
#2792 = EDGE_CURVE('',#2765,#173,#2793,.T.);
#2793 = SURFACE_CURVE('',#2794,(#2799,#2806),.PCURVE_S1.);
#2794 = CIRCLE('',#2795,10.);
#2795 = AXIS2_PLACEMENT_3D('',#2796,#2797,#2798);
#2796 = CARTESIAN_POINT('',(-6.540207403043E-15,1.994704781393E-15,0.));
#2797 = DIRECTION('',(0.,0.,1.));
#2798 = DIRECTION('',(0.642787608545,-0.766044444077,0.));
#2799 = PCURVE('',#188,#2800);
#2800 = DEFINITIONAL_REPRESENTATION('',(#2801),#2805);
#2801 = LINE('',#2802,#2803);
#2802 = CARTESIAN_POINT('',(-1.490114698299E-09,-2.));
#2803 = VECTOR('',#2804,1.);
#2804 = DIRECTION('',(1.,0.));
#2805 = ( GEOMETRIC_REPRESENTATION_CONTEXT(2) 
PARAMETRIC_REPRESENTATION_CONTEXT() REPRESENTATION_CONTEXT('2D SPACE',''
  ) );
#2806 = PCURVE('',#73,#2807);
#2807 = DEFINITIONAL_REPRESENTATION('',(#2808),#2812);
#2808 = CIRCLE('',#2809,10.);
#2809 = AXIS2_PLACEMENT_2D('',#2810,#2811);
#2810 = CARTESIAN_POINT('',(-6.540207403043E-15,1.994704781393E-15));
#2811 = DIRECTION('',(0.642787608545,-0.766044444077));
#2812 = ( GEOMETRIC_REPRESENTATION_CONTEXT(2) 
PARAMETRIC_REPRESENTATION_CONTEXT() REPRESENTATION_CONTEXT('2D SPACE',''
  ) );
#2813 = ORIENTED_EDGE('',*,*,#172,.F.);
#2814 = ORIENTED_EDGE('',*,*,#2815,.F.);
#2815 = EDGE_CURVE('',#2763,#149,#2816,.T.);
#2816 = SURFACE_CURVE('',#2817,(#2822,#2829),.PCURVE_S1.);
#2817 = CIRCLE('',#2818,10.);
#2818 = AXIS2_PLACEMENT_3D('',#2819,#2820,#2821);
#2819 = CARTESIAN_POINT('',(-9.67396871098E-15,9.889547272755E-15,4.));
#2820 = DIRECTION('',(0.,0.,1.));
#2821 = DIRECTION('',(0.642787608545,-0.766044444077,0.));
#2822 = PCURVE('',#188,#2823);
#2823 = DEFINITIONAL_REPRESENTATION('',(#2824),#2828);
#2824 = LINE('',#2825,#2826);
#2825 = CARTESIAN_POINT('',(-1.490114698299E-09,2.));
#2826 = VECTOR('',#2827,1.);
#2827 = DIRECTION('',(1.,0.));
#2828 = ( GEOMETRIC_REPRESENTATION_CONTEXT(2) 
PARAMETRIC_REPRESENTATION_CONTEXT() REPRESENTATION_CONTEXT('2D SPACE',''
  ) );
#2829 = PCURVE('',#132,#2830);
#2830 = DEFINITIONAL_REPRESENTATION('',(#2831),#2835);
#2831 = CIRCLE('',#2832,10.);
#2832 = AXIS2_PLACEMENT_2D('',#2833,#2834);
#2833 = CARTESIAN_POINT('',(-9.67396871098E-15,9.889547272755E-15));
#2834 = DIRECTION('',(0.642787608545,-0.766044444077));
#2835 = ( GEOMETRIC_REPRESENTATION_CONTEXT(2) 
PARAMETRIC_REPRESENTATION_CONTEXT() REPRESENTATION_CONTEXT('2D SPACE',''
  ) );
#2836 = ADVANCED_FACE('',(#2837),#2747,.F.);
#2837 = FACE_BOUND('',#2838,.F.);
#2838 = EDGE_LOOP('',(#2839,#2863,#2864,#2888));
#2839 = ORIENTED_EDGE('',*,*,#2840,.T.);
#2840 = EDGE_CURVE('',#2841,#2656,#2843,.T.);
#2841 = VERTEX_POINT('',#2842);
#2842 = CARTESIAN_POINT('',(5.785088464349,-6.894400007227,0.));
#2843 = SURFACE_CURVE('',#2844,(#2849,#2856),.PCURVE_S1.);
#2844 = CIRCLE('',#2845,9.);
#2845 = AXIS2_PLACEMENT_3D('',#2846,#2847,#2848);
#2846 = CARTESIAN_POINT('',(-2.15560444332E-14,1.817498706274E-14,0.));
#2847 = DIRECTION('',(0.,0.,1.));
#2848 = DIRECTION('',(0.64278760715,-0.766044445247,0.));
#2849 = PCURVE('',#2747,#2850);
#2850 = DEFINITIONAL_REPRESENTATION('',(#2851),#2855);
#2851 = LINE('',#2852,#2853);
#2852 = CARTESIAN_POINT('',(-3.311368068637E-09,-2.));
#2853 = VECTOR('',#2854,1.);
#2854 = DIRECTION('',(1.,0.));
#2855 = ( GEOMETRIC_REPRESENTATION_CONTEXT(2) 
PARAMETRIC_REPRESENTATION_CONTEXT() REPRESENTATION_CONTEXT('2D SPACE',''
  ) );
#2856 = PCURVE('',#73,#2857);
#2857 = DEFINITIONAL_REPRESENTATION('',(#2858),#2862);
#2858 = CIRCLE('',#2859,9.);
#2859 = AXIS2_PLACEMENT_2D('',#2860,#2861);
#2860 = CARTESIAN_POINT('',(-2.15560444332E-14,1.817498706274E-14));
#2861 = DIRECTION('',(0.64278760715,-0.766044445247));
#2862 = ( GEOMETRIC_REPRESENTATION_CONTEXT(2) 
PARAMETRIC_REPRESENTATION_CONTEXT() REPRESENTATION_CONTEXT('2D SPACE',''
  ) );
#2863 = ORIENTED_EDGE('',*,*,#2733,.T.);
#2864 = ORIENTED_EDGE('',*,*,#2865,.F.);
#2865 = EDGE_CURVE('',#2866,#2710,#2868,.T.);
#2866 = VERTEX_POINT('',#2867);
#2867 = CARTESIAN_POINT('',(5.785088464349,-6.894400007227,4.));
#2868 = SURFACE_CURVE('',#2869,(#2874,#2881),.PCURVE_S1.);
#2869 = CIRCLE('',#2870,9.);
#2870 = AXIS2_PLACEMENT_3D('',#2871,#2872,#2873);
#2871 = CARTESIAN_POINT('',(-1.96192644425E-14,8.206912114219E-15,4.));
#2872 = DIRECTION('',(0.,0.,1.));
#2873 = DIRECTION('',(0.64278760715,-0.766044445247,0.));
#2874 = PCURVE('',#2747,#2875);
#2875 = DEFINITIONAL_REPRESENTATION('',(#2876),#2880);
#2876 = LINE('',#2877,#2878);
#2877 = CARTESIAN_POINT('',(-3.311367180459E-09,2.));
#2878 = VECTOR('',#2879,1.);
#2879 = DIRECTION('',(1.,0.));
#2880 = ( GEOMETRIC_REPRESENTATION_CONTEXT(2) 
PARAMETRIC_REPRESENTATION_CONTEXT() REPRESENTATION_CONTEXT('2D SPACE',''
  ) );
#2881 = PCURVE('',#132,#2882);
#2882 = DEFINITIONAL_REPRESENTATION('',(#2883),#2887);
#2883 = CIRCLE('',#2884,9.);
#2884 = AXIS2_PLACEMENT_2D('',#2885,#2886);
#2885 = CARTESIAN_POINT('',(-1.96192644425E-14,8.206912114219E-15));
#2886 = DIRECTION('',(0.64278760715,-0.766044445247));
#2887 = ( GEOMETRIC_REPRESENTATION_CONTEXT(2) 
PARAMETRIC_REPRESENTATION_CONTEXT() REPRESENTATION_CONTEXT('2D SPACE',''
  ) );
#2888 = ORIENTED_EDGE('',*,*,#2889,.F.);
#2889 = EDGE_CURVE('',#2841,#2866,#2890,.T.);
#2890 = SURFACE_CURVE('',#2891,(#2895,#2902),.PCURVE_S1.);
#2891 = LINE('',#2892,#2893);
#2892 = CARTESIAN_POINT('',(5.785088464349,-6.894400007227,4.));
#2893 = VECTOR('',#2894,1.);
#2894 = DIRECTION('',(2.497731659118E-15,-2.97668058801E-15,1.));
#2895 = PCURVE('',#2747,#2896);
#2896 = DEFINITIONAL_REPRESENTATION('',(#2897),#2901);
#2897 = LINE('',#2898,#2899);
#2898 = CARTESIAN_POINT('',(-3.311368068637E-09,2.));
#2899 = VECTOR('',#2900,1.);
#2900 = DIRECTION('',(0.,1.));
#2901 = ( GEOMETRIC_REPRESENTATION_CONTEXT(2) 
PARAMETRIC_REPRESENTATION_CONTEXT() REPRESENTATION_CONTEXT('2D SPACE',''
  ) );
#2902 = PCURVE('',#2903,#2908);
#2903 = CYLINDRICAL_SURFACE('',#2904,2.);
#2904 = AXIS2_PLACEMENT_3D('',#2905,#2906,#2907);
#2905 = CARTESIAN_POINT('',(7.070663706552,-8.426488874309,2.));
#2906 = DIRECTION('',(0.,0.,-1.));
#2907 = DIRECTION('',(0.642787598272,-0.766044452697,0.));
#2908 = DEFINITIONAL_REPRESENTATION('',(#2909),#2913);
#2909 = LINE('',#2910,#2911);
#2910 = CARTESIAN_POINT('',(3.141592623787,-2.));
#2911 = VECTOR('',#2912,1.);
#2912 = DIRECTION('',(0.,-1.));
#2913 = ( GEOMETRIC_REPRESENTATION_CONTEXT(2) 
PARAMETRIC_REPRESENTATION_CONTEXT() REPRESENTATION_CONTEXT('2D SPACE',''
  ) );
#2914 = ADVANCED_FACE('',(#2915),#2780,.F.);
#2915 = FACE_BOUND('',#2916,.F.);
#2916 = EDGE_LOOP('',(#2917,#2945,#2946,#2974));
#2917 = ORIENTED_EDGE('',*,*,#2918,.T.);
#2918 = EDGE_CURVE('',#2919,#2763,#2921,.T.);
#2919 = VERTEX_POINT('',#2920);
#2920 = CARTESIAN_POINT('',(7.713451316239,-9.192533317428,4.));
#2921 = SURFACE_CURVE('',#2922,(#2927,#2934),.PCURVE_S1.);
#2922 = CIRCLE('',#2923,1.);
#2923 = AXIS2_PLACEMENT_3D('',#2924,#2925,#2926);
#2924 = CARTESIAN_POINT('',(7.070663706552,-8.426488874309,4.));
#2925 = DIRECTION('',(0.,0.,-1.));
#2926 = DIRECTION('',(0.642787609687,-0.766044443119,0.));
#2927 = PCURVE('',#2780,#2928);
#2928 = DEFINITIONAL_REPRESENTATION('',(#2929),#2933);
#2929 = LINE('',#2930,#2931);
#2930 = CARTESIAN_POINT('',(-1.490115142389E-08,-2.));
#2931 = VECTOR('',#2932,1.);
#2932 = DIRECTION('',(1.,0.));
#2933 = ( GEOMETRIC_REPRESENTATION_CONTEXT(2) 
PARAMETRIC_REPRESENTATION_CONTEXT() REPRESENTATION_CONTEXT('2D SPACE',''
  ) );
#2934 = PCURVE('',#132,#2935);
#2935 = DEFINITIONAL_REPRESENTATION('',(#2936),#2944);
#2936 = ( BOUNDED_CURVE() B_SPLINE_CURVE(2,(#2937,#2938,#2939,#2940,
#2941,#2942,#2943),.UNSPECIFIED.,.T.,.F.) B_SPLINE_CURVE_WITH_KNOTS((1,2
    ,2,2,2,1),(-2.094395102393,0.,2.094395102393,4.188790204786,
6.28318530718,8.377580409573),.UNSPECIFIED.) CURVE() 
GEOMETRIC_REPRESENTATION_ITEM() RATIONAL_B_SPLINE_CURVE((1.,0.5,1.,0.5,
1.,0.5,1.)) REPRESENTATION_ITEM('') );
#2937 = CARTESIAN_POINT('',(7.713451316239,-9.192533317428));
#2938 = CARTESIAN_POINT('',(6.386623419901,-10.30587411588));
#2939 = CARTESIAN_POINT('',(6.08585595354,-8.600137051976));
#2940 = CARTESIAN_POINT('',(5.785088487179,-6.894399988071));
#2941 = CARTESIAN_POINT('',(7.412683849878,-7.486796253523));
#2942 = CARTESIAN_POINT('',(9.040279212576,-8.079192518975));
#2943 = CARTESIAN_POINT('',(7.713451316239,-9.192533317428));
#2944 = ( GEOMETRIC_REPRESENTATION_CONTEXT(2) 
PARAMETRIC_REPRESENTATION_CONTEXT() REPRESENTATION_CONTEXT('2D SPACE',''
  ) );
#2945 = ORIENTED_EDGE('',*,*,#2762,.T.);
#2946 = ORIENTED_EDGE('',*,*,#2947,.F.);
#2947 = EDGE_CURVE('',#2948,#2765,#2950,.T.);
#2948 = VERTEX_POINT('',#2949);
#2949 = CARTESIAN_POINT('',(7.713451316239,-9.192533317428,0.));
#2950 = SURFACE_CURVE('',#2951,(#2956,#2963),.PCURVE_S1.);
#2951 = CIRCLE('',#2952,1.);
#2952 = AXIS2_PLACEMENT_3D('',#2953,#2954,#2955);
#2953 = CARTESIAN_POINT('',(7.070663706552,-8.426488874309,0.));
#2954 = DIRECTION('',(0.,0.,-1.));
#2955 = DIRECTION('',(0.642787609687,-0.766044443119,0.));
#2956 = PCURVE('',#2780,#2957);
#2957 = DEFINITIONAL_REPRESENTATION('',(#2958),#2962);
#2958 = LINE('',#2959,#2960);
#2959 = CARTESIAN_POINT('',(-1.490115053571E-08,2.));
#2960 = VECTOR('',#2961,1.);
#2961 = DIRECTION('',(1.,0.));
#2962 = ( GEOMETRIC_REPRESENTATION_CONTEXT(2) 
PARAMETRIC_REPRESENTATION_CONTEXT() REPRESENTATION_CONTEXT('2D SPACE',''
  ) );
#2963 = PCURVE('',#73,#2964);
#2964 = DEFINITIONAL_REPRESENTATION('',(#2965),#2973);
#2965 = ( BOUNDED_CURVE() B_SPLINE_CURVE(2,(#2966,#2967,#2968,#2969,
#2970,#2971,#2972),.UNSPECIFIED.,.T.,.F.) B_SPLINE_CURVE_WITH_KNOTS((1,2
    ,2,2,2,1),(-2.094395102393,0.,2.094395102393,4.188790204786,
6.28318530718,8.377580409573),.UNSPECIFIED.) CURVE() 
GEOMETRIC_REPRESENTATION_ITEM() RATIONAL_B_SPLINE_CURVE((1.,0.5,1.,0.5,
1.,0.5,1.)) REPRESENTATION_ITEM('') );
#2966 = CARTESIAN_POINT('',(7.713451316239,-9.192533317428));
#2967 = CARTESIAN_POINT('',(6.386623419901,-10.30587411588));
#2968 = CARTESIAN_POINT('',(6.08585595354,-8.600137051976));
#2969 = CARTESIAN_POINT('',(5.785088487179,-6.894399988071));
#2970 = CARTESIAN_POINT('',(7.412683849878,-7.486796253523));
#2971 = CARTESIAN_POINT('',(9.040279212576,-8.079192518975));
#2972 = CARTESIAN_POINT('',(7.713451316239,-9.192533317428));
#2973 = ( GEOMETRIC_REPRESENTATION_CONTEXT(2) 
PARAMETRIC_REPRESENTATION_CONTEXT() REPRESENTATION_CONTEXT('2D SPACE',''
  ) );
#2974 = ORIENTED_EDGE('',*,*,#2975,.F.);
#2975 = EDGE_CURVE('',#2919,#2948,#2976,.T.);
#2976 = SURFACE_CURVE('',#2977,(#2981,#2988),.PCURVE_S1.);
#2977 = LINE('',#2978,#2979);
#2978 = CARTESIAN_POINT('',(7.713451316239,-9.192533317428,0.));
#2979 = VECTOR('',#2980,1.);
#2980 = DIRECTION('',(1.070456406327E-15,-1.275720267955E-15,-1.));
#2981 = PCURVE('',#2780,#2982);
#2982 = DEFINITIONAL_REPRESENTATION('',(#2983),#2987);
#2983 = LINE('',#2984,#2985);
#2984 = CARTESIAN_POINT('',(-1.490115142389E-08,2.));
#2985 = VECTOR('',#2986,1.);
#2986 = DIRECTION('',(2.22044604925E-16,1.));
#2987 = ( GEOMETRIC_REPRESENTATION_CONTEXT(2) 
PARAMETRIC_REPRESENTATION_CONTEXT() REPRESENTATION_CONTEXT('2D SPACE',''
  ) );
#2988 = PCURVE('',#2989,#2994);
#2989 = CYLINDRICAL_SURFACE('',#2990,12.);
#2990 = AXIS2_PLACEMENT_3D('',#2991,#2992,#2993);
#2991 = CARTESIAN_POINT('',(0.,0.,2.));
#2992 = DIRECTION('',(0.,0.,1.));
#2993 = DIRECTION('',(0.866025403784,-0.5,0.));
#2994 = DEFINITIONAL_REPRESENTATION('',(#2995),#2999);
#2995 = LINE('',#2996,#2997);
#2996 = CARTESIAN_POINT('',(5.934119456781,-2.));
#2997 = VECTOR('',#2998,1.);
#2998 = DIRECTION('',(0.,-1.));
#2999 = ( GEOMETRIC_REPRESENTATION_CONTEXT(2) 
PARAMETRIC_REPRESENTATION_CONTEXT() REPRESENTATION_CONTEXT('2D SPACE',''
  ) );
#3000 = ADVANCED_FACE('',(#3001),#2903,.T.);
#3001 = FACE_BOUND('',#3002,.T.);
#3002 = EDGE_LOOP('',(#3003,#3033,#3059,#3060));
#3003 = ORIENTED_EDGE('',*,*,#3004,.T.);
#3004 = EDGE_CURVE('',#3005,#3007,#3009,.T.);
#3005 = VERTEX_POINT('',#3006);
#3006 = CARTESIAN_POINT('',(8.356238925925,-9.958577760547,0.));
#3007 = VERTEX_POINT('',#3008);
#3008 = CARTESIAN_POINT('',(8.356238925925,-9.958577760547,4.));
#3009 = SURFACE_CURVE('',#3010,(#3014,#3021),.PCURVE_S1.);
#3010 = LINE('',#3011,#3012);
#3011 = CARTESIAN_POINT('',(8.356238925925,-9.958577760547,4.));
#3012 = VECTOR('',#3013,1.);
#3013 = DIRECTION('',(-2.497731614762E-15,2.976680625229E-15,1.));
#3014 = PCURVE('',#2903,#3015);
#3015 = DEFINITIONAL_REPRESENTATION('',(#3016),#3020);
#3016 = LINE('',#3017,#3018);
#3017 = CARTESIAN_POINT('',(-1.490115320024E-08,-2.));
#3018 = VECTOR('',#3019,1.);
#3019 = DIRECTION('',(0.,-1.));
#3020 = ( GEOMETRIC_REPRESENTATION_CONTEXT(2) 
PARAMETRIC_REPRESENTATION_CONTEXT() REPRESENTATION_CONTEXT('2D SPACE',''
  ) );
#3021 = PCURVE('',#3022,#3027);
#3022 = CYLINDRICAL_SURFACE('',#3023,13.);
#3023 = AXIS2_PLACEMENT_3D('',#3024,#3025,#3026);
#3024 = CARTESIAN_POINT('',(0.,0.,2.));
#3025 = DIRECTION('',(0.,0.,1.));
#3026 = DIRECTION('',(0.866025403784,-0.5,0.));
#3027 = DEFINITIONAL_REPRESENTATION('',(#3028),#3032);
#3028 = LINE('',#3029,#3030);
#3029 = CARTESIAN_POINT('',(5.934119456781,2.));
#3030 = VECTOR('',#3031,1.);
#3031 = DIRECTION('',(0.,1.));
#3032 = ( GEOMETRIC_REPRESENTATION_CONTEXT(2) 
PARAMETRIC_REPRESENTATION_CONTEXT() REPRESENTATION_CONTEXT('2D SPACE',''
  ) );
#3033 = ORIENTED_EDGE('',*,*,#3034,.T.);
#3034 = EDGE_CURVE('',#3007,#2866,#3035,.T.);
#3035 = SURFACE_CURVE('',#3036,(#3041,#3048),.PCURVE_S1.);
#3036 = CIRCLE('',#3037,2.);
#3037 = AXIS2_PLACEMENT_3D('',#3038,#3039,#3040);
#3038 = CARTESIAN_POINT('',(7.070663706552,-8.426488874309,4.));
#3039 = DIRECTION('',(0.,0.,-1.));
#3040 = DIRECTION('',(0.642787609687,-0.766044443119,0.));
#3041 = PCURVE('',#2903,#3042);
#3042 = DEFINITIONAL_REPRESENTATION('',(#3043),#3047);
#3043 = LINE('',#3044,#3045);
#3044 = CARTESIAN_POINT('',(-1.49011549766E-08,-2.));
#3045 = VECTOR('',#3046,1.);
#3046 = DIRECTION('',(1.,0.));
#3047 = ( GEOMETRIC_REPRESENTATION_CONTEXT(2) 
PARAMETRIC_REPRESENTATION_CONTEXT() REPRESENTATION_CONTEXT('2D SPACE',''
  ) );
#3048 = PCURVE('',#132,#3049);
#3049 = DEFINITIONAL_REPRESENTATION('',(#3050),#3058);
#3050 = ( BOUNDED_CURVE() B_SPLINE_CURVE(2,(#3051,#3052,#3053,#3054,
#3055,#3056,#3057),.UNSPECIFIED.,.T.,.F.) B_SPLINE_CURVE_WITH_KNOTS((1,2
    ,2,2,2,1),(-2.094395102393,0.,2.094395102393,4.188790204786,
6.28318530718,8.377580409573),.UNSPECIFIED.) CURVE() 
GEOMETRIC_REPRESENTATION_ITEM() RATIONAL_B_SPLINE_CURVE((1.,0.5,1.,0.5,
1.,0.5,1.)) REPRESENTATION_ITEM('') );
#3051 = CARTESIAN_POINT('',(8.356238925925,-9.958577760547));
#3052 = CARTESIAN_POINT('',(5.702583133249,-12.18525935745));
#3053 = CARTESIAN_POINT('',(5.101048200528,-8.773785229643));
#3054 = CARTESIAN_POINT('',(4.499513267806,-5.362311101833));
#3055 = CARTESIAN_POINT('',(7.754703993203,-6.547103632737));
#3056 = CARTESIAN_POINT('',(11.009894718601,-7.731896163641));
#3057 = CARTESIAN_POINT('',(8.356238925925,-9.958577760547));
#3058 = ( GEOMETRIC_REPRESENTATION_CONTEXT(2) 
PARAMETRIC_REPRESENTATION_CONTEXT() REPRESENTATION_CONTEXT('2D SPACE',''
  ) );
#3059 = ORIENTED_EDGE('',*,*,#2889,.F.);
#3060 = ORIENTED_EDGE('',*,*,#3061,.F.);
#3061 = EDGE_CURVE('',#3005,#2841,#3062,.T.);
#3062 = SURFACE_CURVE('',#3063,(#3068,#3075),.PCURVE_S1.);
#3063 = CIRCLE('',#3064,2.);
#3064 = AXIS2_PLACEMENT_3D('',#3065,#3066,#3067);
#3065 = CARTESIAN_POINT('',(7.070663706552,-8.426488874309,0.));
#3066 = DIRECTION('',(0.,0.,-1.));
#3067 = DIRECTION('',(0.642787609687,-0.766044443119,0.));
#3068 = PCURVE('',#2903,#3069);
#3069 = DEFINITIONAL_REPRESENTATION('',(#3070),#3074);
#3070 = LINE('',#3071,#3072);
#3071 = CARTESIAN_POINT('',(-1.490115408842E-08,2.));
#3072 = VECTOR('',#3073,1.);
#3073 = DIRECTION('',(1.,0.));
#3074 = ( GEOMETRIC_REPRESENTATION_CONTEXT(2) 
PARAMETRIC_REPRESENTATION_CONTEXT() REPRESENTATION_CONTEXT('2D SPACE',''
  ) );
#3075 = PCURVE('',#73,#3076);
#3076 = DEFINITIONAL_REPRESENTATION('',(#3077),#3085);
#3077 = ( BOUNDED_CURVE() B_SPLINE_CURVE(2,(#3078,#3079,#3080,#3081,
#3082,#3083,#3084),.UNSPECIFIED.,.T.,.F.) B_SPLINE_CURVE_WITH_KNOTS((1,2
    ,2,2,2,1),(-2.094395102393,0.,2.094395102393,4.188790204786,
6.28318530718,8.377580409573),.UNSPECIFIED.) CURVE() 
GEOMETRIC_REPRESENTATION_ITEM() RATIONAL_B_SPLINE_CURVE((1.,0.5,1.,0.5,
1.,0.5,1.)) REPRESENTATION_ITEM('') );
#3078 = CARTESIAN_POINT('',(8.356238925925,-9.958577760547));
#3079 = CARTESIAN_POINT('',(5.702583133249,-12.18525935745));
#3080 = CARTESIAN_POINT('',(5.101048200528,-8.773785229643));
#3081 = CARTESIAN_POINT('',(4.499513267806,-5.362311101833));
#3082 = CARTESIAN_POINT('',(7.754703993203,-6.547103632737));
#3083 = CARTESIAN_POINT('',(11.009894718601,-7.731896163641));
#3084 = CARTESIAN_POINT('',(8.356238925925,-9.958577760547));
#3085 = ( GEOMETRIC_REPRESENTATION_CONTEXT(2) 
PARAMETRIC_REPRESENTATION_CONTEXT() REPRESENTATION_CONTEXT('2D SPACE',''
  ) );
#3086 = ADVANCED_FACE('',(#3087),#3102,.F.);
#3087 = FACE_BOUND('',#3088,.F.);
#3088 = EDGE_LOOP('',(#3089,#3120,#3143,#3167));
#3089 = ORIENTED_EDGE('',*,*,#3090,.T.);
#3090 = EDGE_CURVE('',#3091,#3093,#3095,.T.);
#3091 = VERTEX_POINT('',#3092);
#3092 = CARTESIAN_POINT('',(10.284601754985,-12.2567110899,0.));
#3093 = VERTEX_POINT('',#3094);
#3094 = CARTESIAN_POINT('',(11.570176974358,-13.78879997614,0.));
#3095 = SURFACE_CURVE('',#3096,(#3101,#3113),.PCURVE_S1.);
#3096 = CIRCLE('',#3097,1.);
#3097 = AXIS2_PLACEMENT_3D('',#3098,#3099,#3100);
#3098 = CARTESIAN_POINT('',(10.927389364671,-13.02275553302,0.));
#3099 = DIRECTION('',(0.,0.,1.));
#3100 = DIRECTION('',(-0.642787609687,0.766044443119,0.));
#3101 = PCURVE('',#3102,#3107);
#3102 = CYLINDRICAL_SURFACE('',#3103,1.);
#3103 = AXIS2_PLACEMENT_3D('',#3104,#3105,#3106);
#3104 = CARTESIAN_POINT('',(10.927389364671,-13.02275553302,2.));
#3105 = DIRECTION('',(0.,0.,1.));
#3106 = DIRECTION('',(-0.642787609687,0.766044443119,0.));
#3107 = DEFINITIONAL_REPRESENTATION('',(#3108),#3112);
#3108 = LINE('',#3109,#3110);
#3109 = CARTESIAN_POINT('',(0.,-2.));
#3110 = VECTOR('',#3111,1.);
#3111 = DIRECTION('',(1.,0.));
#3112 = ( GEOMETRIC_REPRESENTATION_CONTEXT(2) 
PARAMETRIC_REPRESENTATION_CONTEXT() REPRESENTATION_CONTEXT('2D SPACE',''
  ) );
#3113 = PCURVE('',#73,#3114);
#3114 = DEFINITIONAL_REPRESENTATION('',(#3115),#3119);
#3115 = CIRCLE('',#3116,1.);
#3116 = AXIS2_PLACEMENT_2D('',#3117,#3118);
#3117 = CARTESIAN_POINT('',(10.927389364671,-13.02275553302));
#3118 = DIRECTION('',(-0.642787609687,0.766044443119));
#3119 = ( GEOMETRIC_REPRESENTATION_CONTEXT(2) 
PARAMETRIC_REPRESENTATION_CONTEXT() REPRESENTATION_CONTEXT('2D SPACE',''
  ) );
#3120 = ORIENTED_EDGE('',*,*,#3121,.T.);
#3121 = EDGE_CURVE('',#3093,#3122,#3124,.T.);
#3122 = VERTEX_POINT('',#3123);
#3123 = CARTESIAN_POINT('',(11.570176974358,-13.78879997614,4.));
#3124 = SURFACE_CURVE('',#3125,(#3129,#3136),.PCURVE_S1.);
#3125 = LINE('',#3126,#3127);
#3126 = CARTESIAN_POINT('',(11.570176974358,-13.78879997614,2.));
#3127 = VECTOR('',#3128,1.);
#3128 = DIRECTION('',(0.,0.,1.));
#3129 = PCURVE('',#3102,#3130);
#3130 = DEFINITIONAL_REPRESENTATION('',(#3131),#3135);
#3131 = LINE('',#3132,#3133);
#3132 = CARTESIAN_POINT('',(3.14159265359,0.));
#3133 = VECTOR('',#3134,1.);
#3134 = DIRECTION('',(0.,1.));
#3135 = ( GEOMETRIC_REPRESENTATION_CONTEXT(2) 
PARAMETRIC_REPRESENTATION_CONTEXT() REPRESENTATION_CONTEXT('2D SPACE',''
  ) );
#3136 = PCURVE('',#1299,#3137);
#3137 = DEFINITIONAL_REPRESENTATION('',(#3138),#3142);
#3138 = LINE('',#3139,#3140);
#3139 = CARTESIAN_POINT('',(5.410520681182,2.));
#3140 = VECTOR('',#3141,1.);
#3141 = DIRECTION('',(0.,1.));
#3142 = ( GEOMETRIC_REPRESENTATION_CONTEXT(2) 
PARAMETRIC_REPRESENTATION_CONTEXT() REPRESENTATION_CONTEXT('2D SPACE',''
  ) );
#3143 = ORIENTED_EDGE('',*,*,#3144,.F.);
#3144 = EDGE_CURVE('',#3145,#3122,#3147,.T.);
#3145 = VERTEX_POINT('',#3146);
#3146 = CARTESIAN_POINT('',(10.284601754985,-12.2567110899,4.));
#3147 = SURFACE_CURVE('',#3148,(#3153,#3160),.PCURVE_S1.);
#3148 = CIRCLE('',#3149,1.);
#3149 = AXIS2_PLACEMENT_3D('',#3150,#3151,#3152);
#3150 = CARTESIAN_POINT('',(10.927389364671,-13.02275553302,4.));
#3151 = DIRECTION('',(1.30993091156E-15,1.46148585204E-15,1.));
#3152 = DIRECTION('',(-0.642787609687,0.766044443119,-2.775557561563E-16
    ));
#3153 = PCURVE('',#3102,#3154);
#3154 = DEFINITIONAL_REPRESENTATION('',(#3155),#3159);
#3155 = LINE('',#3156,#3157);
#3156 = CARTESIAN_POINT('',(0.,2.));
#3157 = VECTOR('',#3158,1.);
#3158 = DIRECTION('',(1.,2.827159716856E-16));
#3159 = ( GEOMETRIC_REPRESENTATION_CONTEXT(2) 
PARAMETRIC_REPRESENTATION_CONTEXT() REPRESENTATION_CONTEXT('2D SPACE',''
  ) );
#3160 = PCURVE('',#132,#3161);
#3161 = DEFINITIONAL_REPRESENTATION('',(#3162),#3166);
#3162 = CIRCLE('',#3163,1.);
#3163 = AXIS2_PLACEMENT_2D('',#3164,#3165);
#3164 = CARTESIAN_POINT('',(10.927389364671,-13.02275553302));
#3165 = DIRECTION('',(-0.642787609687,0.766044443119));
#3166 = ( GEOMETRIC_REPRESENTATION_CONTEXT(2) 
PARAMETRIC_REPRESENTATION_CONTEXT() REPRESENTATION_CONTEXT('2D SPACE',''
  ) );
#3167 = ORIENTED_EDGE('',*,*,#3168,.F.);
#3168 = EDGE_CURVE('',#3091,#3145,#3169,.T.);
#3169 = SURFACE_CURVE('',#3170,(#3174,#3181),.PCURVE_S1.);
#3170 = LINE('',#3171,#3172);
#3171 = CARTESIAN_POINT('',(10.284601754985,-12.2567110899,0.));
#3172 = VECTOR('',#3173,1.);
#3173 = DIRECTION('',(1.070456406327E-15,-1.275720267955E-15,1.));
#3174 = PCURVE('',#3102,#3175);
#3175 = DEFINITIONAL_REPRESENTATION('',(#3176),#3180);
#3176 = LINE('',#3177,#3178);
#3177 = CARTESIAN_POINT('',(0.,-2.));
#3178 = VECTOR('',#3179,1.);
#3179 = DIRECTION('',(0.,1.));
#3180 = ( GEOMETRIC_REPRESENTATION_CONTEXT(2) 
PARAMETRIC_REPRESENTATION_CONTEXT() REPRESENTATION_CONTEXT('2D SPACE',''
  ) );
#3181 = PCURVE('',#3182,#3187);
#3182 = CYLINDRICAL_SURFACE('',#3183,16.);
#3183 = AXIS2_PLACEMENT_3D('',#3184,#3185,#3186);
#3184 = CARTESIAN_POINT('',(5.551115123126E-16,9.614813431918E-16,2.));
#3185 = DIRECTION('',(0.,0.,-1.));
#3186 = DIRECTION('',(0.984807753012,-0.173648177667,0.));
#3187 = DEFINITIONAL_REPRESENTATION('',(#3188),#3192);
#3188 = LINE('',#3189,#3190);
#3189 = CARTESIAN_POINT('',(0.698131700798,2.));
#3190 = VECTOR('',#3191,1.);
#3191 = DIRECTION('',(0.,-1.));
#3192 = ( GEOMETRIC_REPRESENTATION_CONTEXT(2) 
PARAMETRIC_REPRESENTATION_CONTEXT() REPRESENTATION_CONTEXT('2D SPACE',''
  ) );
#3193 = ADVANCED_FACE('',(#3194),#1162,.F.);
#3194 = FACE_BOUND('',#3195,.F.);
#3195 = EDGE_LOOP('',(#3196,#3224,#3225,#3253));
#3196 = ORIENTED_EDGE('',*,*,#3197,.T.);
#3197 = EDGE_CURVE('',#3198,#1123,#3200,.T.);
#3198 = VERTEX_POINT('',#3199);
#3199 = CARTESIAN_POINT('',(14.772116295183,-2.604722665004,4.));
#3200 = SURFACE_CURVE('',#3201,(#3206,#3213),.PCURVE_S1.);
#3201 = CIRCLE('',#3202,15.);
#3202 = AXIS2_PLACEMENT_3D('',#3203,#3204,#3205);
#3203 = CARTESIAN_POINT('',(2.902686605484E-14,-1.633737468603E-14,4.));
#3204 = DIRECTION('',(0.,0.,-1.));
#3205 = DIRECTION('',(0.984807753012,-0.173648177667,0.));
#3206 = PCURVE('',#1162,#3207);
#3207 = DEFINITIONAL_REPRESENTATION('',(#3208),#3212);
#3208 = LINE('',#3209,#3210);
#3209 = CARTESIAN_POINT('',(0.,-2.));
#3210 = VECTOR('',#3211,1.);
#3211 = DIRECTION('',(1.,0.));
#3212 = ( GEOMETRIC_REPRESENTATION_CONTEXT(2) 
PARAMETRIC_REPRESENTATION_CONTEXT() REPRESENTATION_CONTEXT('2D SPACE',''
  ) );
#3213 = PCURVE('',#132,#3214);
#3214 = DEFINITIONAL_REPRESENTATION('',(#3215),#3223);
#3215 = ( BOUNDED_CURVE() B_SPLINE_CURVE(2,(#3216,#3217,#3218,#3219,
#3220,#3221,#3222),.UNSPECIFIED.,.T.,.F.) B_SPLINE_CURVE_WITH_KNOTS((1,2
    ,2,2,2,1),(-2.094395102393,0.,2.094395102393,4.188790204786,
6.28318530718,8.377580409573),.UNSPECIFIED.) CURVE() 
GEOMETRIC_REPRESENTATION_ITEM() RATIONAL_B_SPLINE_CURVE((1.,0.5,1.,0.5,
1.,0.5,1.)) REPRESENTATION_ITEM('') );
#3216 = CARTESIAN_POINT('',(14.772116295183,-2.604722665004));
#3217 = CARTESIAN_POINT('',(10.26060429977,-28.19077862357));
#3218 = CARTESIAN_POINT('',(-9.641814145298,-11.49066664678));
#3219 = CARTESIAN_POINT('',(-29.54423259036,5.209445330008));
#3220 = CARTESIAN_POINT('',(-5.130302149885,14.095389311789));
#3221 = CARTESIAN_POINT('',(19.283628290597,22.981333293569));
#3222 = CARTESIAN_POINT('',(14.772116295183,-2.604722665004));
#3223 = ( GEOMETRIC_REPRESENTATION_CONTEXT(2) 
PARAMETRIC_REPRESENTATION_CONTEXT() REPRESENTATION_CONTEXT('2D SPACE',''
  ) );
#3224 = ORIENTED_EDGE('',*,*,#1146,.T.);
#3225 = ORIENTED_EDGE('',*,*,#3226,.F.);
#3226 = EDGE_CURVE('',#3227,#1147,#3229,.T.);
#3227 = VERTEX_POINT('',#3228);
#3228 = CARTESIAN_POINT('',(14.772116295183,-2.604722665004,0.));
#3229 = SURFACE_CURVE('',#3230,(#3235,#3242),.PCURVE_S1.);
#3230 = CIRCLE('',#3231,15.);
#3231 = AXIS2_PLACEMENT_3D('',#3232,#3233,#3234);
#3232 = CARTESIAN_POINT('',(7.725840033404E-15,4.499763272004E-15,0.));
#3233 = DIRECTION('',(0.,0.,-1.));
#3234 = DIRECTION('',(0.984807753012,-0.173648177667,0.));
#3235 = PCURVE('',#1162,#3236);
#3236 = DEFINITIONAL_REPRESENTATION('',(#3237),#3241);
#3237 = LINE('',#3238,#3239);
#3238 = CARTESIAN_POINT('',(0.,2.));
#3239 = VECTOR('',#3240,1.);
#3240 = DIRECTION('',(1.,0.));
#3241 = ( GEOMETRIC_REPRESENTATION_CONTEXT(2) 
PARAMETRIC_REPRESENTATION_CONTEXT() REPRESENTATION_CONTEXT('2D SPACE',''
  ) );
#3242 = PCURVE('',#73,#3243);
#3243 = DEFINITIONAL_REPRESENTATION('',(#3244),#3252);
#3244 = ( BOUNDED_CURVE() B_SPLINE_CURVE(2,(#3245,#3246,#3247,#3248,
#3249,#3250,#3251),.UNSPECIFIED.,.T.,.F.) B_SPLINE_CURVE_WITH_KNOTS((1,2
    ,2,2,2,1),(-2.094395102393,0.,2.094395102393,4.188790204786,
6.28318530718,8.377580409573),.UNSPECIFIED.) CURVE() 
GEOMETRIC_REPRESENTATION_ITEM() RATIONAL_B_SPLINE_CURVE((1.,0.5,1.,0.5,
1.,0.5,1.)) REPRESENTATION_ITEM('') );
#3245 = CARTESIAN_POINT('',(14.772116295183,-2.604722665004));
#3246 = CARTESIAN_POINT('',(10.26060429977,-28.19077862357));
#3247 = CARTESIAN_POINT('',(-9.641814145298,-11.49066664678));
#3248 = CARTESIAN_POINT('',(-29.54423259036,5.209445330008));
#3249 = CARTESIAN_POINT('',(-5.130302149885,14.095389311789));
#3250 = CARTESIAN_POINT('',(19.283628290597,22.981333293569));
#3251 = CARTESIAN_POINT('',(14.772116295183,-2.604722665004));
#3252 = ( GEOMETRIC_REPRESENTATION_CONTEXT(2) 
PARAMETRIC_REPRESENTATION_CONTEXT() REPRESENTATION_CONTEXT('2D SPACE',''
  ) );
#3253 = ORIENTED_EDGE('',*,*,#3254,.F.);
#3254 = EDGE_CURVE('',#3198,#3227,#3255,.T.);
#3255 = SURFACE_CURVE('',#3256,(#3260,#3267),.PCURVE_S1.);
#3256 = LINE('',#3257,#3258);
#3257 = CARTESIAN_POINT('',(14.772116295183,-2.604722665004,4.));
#3258 = VECTOR('',#3259,1.);
#3259 = DIRECTION('',(-3.826746847782E-15,6.747587176052E-16,-1.));
#3260 = PCURVE('',#1162,#3261);
#3261 = DEFINITIONAL_REPRESENTATION('',(#3262),#3266);
#3262 = LINE('',#3263,#3264);
#3263 = CARTESIAN_POINT('',(0.,-2.));
#3264 = VECTOR('',#3265,1.);
#3265 = DIRECTION('',(0.,1.));
#3266 = ( GEOMETRIC_REPRESENTATION_CONTEXT(2) 
PARAMETRIC_REPRESENTATION_CONTEXT() REPRESENTATION_CONTEXT('2D SPACE',''
  ) );
#3267 = PCURVE('',#3268,#3273);
#3268 = CYLINDRICAL_SURFACE('',#3269,1.);
#3269 = AXIS2_PLACEMENT_3D('',#3270,#3271,#3272);
#3270 = CARTESIAN_POINT('',(13.787308542171,-2.431074487337,2.));
#3271 = DIRECTION('',(0.,0.,-1.));
#3272 = DIRECTION('',(-0.984807753012,0.173648177667,0.));
#3273 = DEFINITIONAL_REPRESENTATION('',(#3274),#3278);
#3274 = LINE('',#3275,#3276);
#3275 = CARTESIAN_POINT('',(3.14159265359,-2.));
#3276 = VECTOR('',#3277,1.);
#3277 = DIRECTION('',(0.,1.));
#3278 = ( GEOMETRIC_REPRESENTATION_CONTEXT(2) 
PARAMETRIC_REPRESENTATION_CONTEXT() REPRESENTATION_CONTEXT('2D SPACE',''
  ) );
#3279 = ADVANCED_FACE('',(#3280),#3182,.T.);
#3280 = FACE_BOUND('',#3281,.T.);
#3281 = EDGE_LOOP('',(#3282,#3312,#3338,#3339));
#3282 = ORIENTED_EDGE('',*,*,#3283,.T.);
#3283 = EDGE_CURVE('',#3284,#3286,#3288,.T.);
#3284 = VERTEX_POINT('',#3285);
#3285 = CARTESIAN_POINT('',(15.756924048195,-2.778370842671,0.));
#3286 = VERTEX_POINT('',#3287);
#3287 = CARTESIAN_POINT('',(15.756924048195,-2.778370842671,4.));
#3288 = SURFACE_CURVE('',#3289,(#3293,#3300),.PCURVE_S1.);
#3289 = LINE('',#3290,#3291);
#3290 = CARTESIAN_POINT('',(15.756924048195,-2.778370842671,0.));
#3291 = VECTOR('',#3292,1.);
#3292 = DIRECTION('',(1.640034363335E-15,-2.891823075451E-16,1.));
#3293 = PCURVE('',#3182,#3294);
#3294 = DEFINITIONAL_REPRESENTATION('',(#3295),#3299);
#3295 = LINE('',#3296,#3297);
#3296 = CARTESIAN_POINT('',(0.,2.));
#3297 = VECTOR('',#3298,1.);
#3298 = DIRECTION('',(0.,-1.));
#3299 = ( GEOMETRIC_REPRESENTATION_CONTEXT(2) 
PARAMETRIC_REPRESENTATION_CONTEXT() REPRESENTATION_CONTEXT('2D SPACE',''
  ) );
#3300 = PCURVE('',#3301,#3306);
#3301 = CYLINDRICAL_SURFACE('',#3302,2.);
#3302 = AXIS2_PLACEMENT_3D('',#3303,#3304,#3305);
#3303 = CARTESIAN_POINT('',(13.787308542171,-2.431074487337,2.));
#3304 = DIRECTION('',(0.,0.,-1.));
#3305 = DIRECTION('',(-0.984807753012,0.173648177667,0.));
#3306 = DEFINITIONAL_REPRESENTATION('',(#3307),#3311);
#3307 = LINE('',#3308,#3309);
#3308 = CARTESIAN_POINT('',(3.14159265359,2.));
#3309 = VECTOR('',#3310,1.);
#3310 = DIRECTION('',(0.,-1.));
#3311 = ( GEOMETRIC_REPRESENTATION_CONTEXT(2) 
PARAMETRIC_REPRESENTATION_CONTEXT() REPRESENTATION_CONTEXT('2D SPACE',''
  ) );
#3312 = ORIENTED_EDGE('',*,*,#3313,.T.);
#3313 = EDGE_CURVE('',#3286,#3145,#3314,.T.);
#3314 = SURFACE_CURVE('',#3315,(#3320,#3327),.PCURVE_S1.);
#3315 = CIRCLE('',#3316,16.);
#3316 = AXIS2_PLACEMENT_3D('',#3317,#3318,#3319);
#3317 = CARTESIAN_POINT('',(5.482378891505E-15,-3.826917509071E-15,4.));
#3318 = DIRECTION('',(0.,0.,-1.));
#3319 = DIRECTION('',(0.984807753012,-0.173648177667,0.));
#3320 = PCURVE('',#3182,#3321);
#3321 = DEFINITIONAL_REPRESENTATION('',(#3322),#3326);
#3322 = LINE('',#3323,#3324);
#3323 = CARTESIAN_POINT('',(0.,-2.));
#3324 = VECTOR('',#3325,1.);
#3325 = DIRECTION('',(1.,0.));
#3326 = ( GEOMETRIC_REPRESENTATION_CONTEXT(2) 
PARAMETRIC_REPRESENTATION_CONTEXT() REPRESENTATION_CONTEXT('2D SPACE',''
  ) );
#3327 = PCURVE('',#132,#3328);
#3328 = DEFINITIONAL_REPRESENTATION('',(#3329),#3337);
#3329 = ( BOUNDED_CURVE() B_SPLINE_CURVE(2,(#3330,#3331,#3332,#3333,
#3334,#3335,#3336),.UNSPECIFIED.,.T.,.F.) B_SPLINE_CURVE_WITH_KNOTS((1,2
    ,2,2,2,1),(-2.094395102393,0.,2.094395102393,4.188790204786,
6.28318530718,8.377580409573),.UNSPECIFIED.) CURVE() 
GEOMETRIC_REPRESENTATION_ITEM() RATIONAL_B_SPLINE_CURVE((1.,0.5,1.,0.5,
1.,0.5,1.)) REPRESENTATION_ITEM('') );
#3330 = CARTESIAN_POINT('',(15.756924048195,-2.778370842671));
#3331 = CARTESIAN_POINT('',(10.944644586421,-30.07016386514));
#3332 = CARTESIAN_POINT('',(-10.28460175498,-12.2567110899));
#3333 = CARTESIAN_POINT('',(-31.51384809639,5.556741685342));
#3334 = CARTESIAN_POINT('',(-5.47232229321,15.035081932575));
#3335 = CARTESIAN_POINT('',(20.56920350997,24.513422179807));
#3336 = CARTESIAN_POINT('',(15.756924048195,-2.778370842671));
#3337 = ( GEOMETRIC_REPRESENTATION_CONTEXT(2) 
PARAMETRIC_REPRESENTATION_CONTEXT() REPRESENTATION_CONTEXT('2D SPACE',''
  ) );
#3338 = ORIENTED_EDGE('',*,*,#3168,.F.);
#3339 = ORIENTED_EDGE('',*,*,#3340,.F.);
#3340 = EDGE_CURVE('',#3284,#3091,#3341,.T.);
#3341 = SURFACE_CURVE('',#3342,(#3347,#3354),.PCURVE_S1.);
#3342 = CIRCLE('',#3343,16.);
#3343 = AXIS2_PLACEMENT_3D('',#3344,#3345,#3346);
#3344 = CARTESIAN_POINT('',(7.492077751688E-15,-4.786909073823E-15,0.));
#3345 = DIRECTION('',(0.,0.,-1.));
#3346 = DIRECTION('',(0.984807753012,-0.173648177667,0.));
#3347 = PCURVE('',#3182,#3348);
#3348 = DEFINITIONAL_REPRESENTATION('',(#3349),#3353);
#3349 = LINE('',#3350,#3351);
#3350 = CARTESIAN_POINT('',(0.,2.));
#3351 = VECTOR('',#3352,1.);
#3352 = DIRECTION('',(1.,0.));
#3353 = ( GEOMETRIC_REPRESENTATION_CONTEXT(2) 
PARAMETRIC_REPRESENTATION_CONTEXT() REPRESENTATION_CONTEXT('2D SPACE',''
  ) );
#3354 = PCURVE('',#73,#3355);
#3355 = DEFINITIONAL_REPRESENTATION('',(#3356),#3364);
#3356 = ( BOUNDED_CURVE() B_SPLINE_CURVE(2,(#3357,#3358,#3359,#3360,
#3361,#3362,#3363),.UNSPECIFIED.,.T.,.F.) B_SPLINE_CURVE_WITH_KNOTS((1,2
    ,2,2,2,1),(-2.094395102393,0.,2.094395102393,4.188790204786,
6.28318530718,8.377580409573),.UNSPECIFIED.) CURVE() 
GEOMETRIC_REPRESENTATION_ITEM() RATIONAL_B_SPLINE_CURVE((1.,0.5,1.,0.5,
1.,0.5,1.)) REPRESENTATION_ITEM('') );
#3357 = CARTESIAN_POINT('',(15.756924048195,-2.778370842671));
#3358 = CARTESIAN_POINT('',(10.944644586421,-30.07016386514));
#3359 = CARTESIAN_POINT('',(-10.28460175498,-12.2567110899));
#3360 = CARTESIAN_POINT('',(-31.51384809639,5.556741685342));
#3361 = CARTESIAN_POINT('',(-5.47232229321,15.035081932575));
#3362 = CARTESIAN_POINT('',(20.56920350997,24.513422179807));
#3363 = CARTESIAN_POINT('',(15.756924048195,-2.778370842671));
#3364 = ( GEOMETRIC_REPRESENTATION_CONTEXT(2) 
PARAMETRIC_REPRESENTATION_CONTEXT() REPRESENTATION_CONTEXT('2D SPACE',''
  ) );
#3365 = ADVANCED_FACE('',(#3366),#3268,.F.);
#3366 = FACE_BOUND('',#3367,.F.);
#3367 = EDGE_LOOP('',(#3368,#3396,#3397,#3425));
#3368 = ORIENTED_EDGE('',*,*,#3369,.T.);
#3369 = EDGE_CURVE('',#3370,#3198,#3372,.T.);
#3370 = VERTEX_POINT('',#3371);
#3371 = CARTESIAN_POINT('',(12.802500789159,-2.25742630967,4.));
#3372 = SURFACE_CURVE('',#3373,(#3378,#3385),.PCURVE_S1.);
#3373 = CIRCLE('',#3374,1.);
#3374 = AXIS2_PLACEMENT_3D('',#3375,#3376,#3377);
#3375 = CARTESIAN_POINT('',(13.787308542171,-2.431074487337,4.));
#3376 = DIRECTION('',(0.,0.,-1.));
#3377 = DIRECTION('',(-0.984807753012,0.173648177667,0.));
#3378 = PCURVE('',#3268,#3379);
#3379 = DEFINITIONAL_REPRESENTATION('',(#3380),#3384);
#3380 = LINE('',#3381,#3382);
#3381 = CARTESIAN_POINT('',(0.,-2.));
#3382 = VECTOR('',#3383,1.);
#3383 = DIRECTION('',(1.,0.));
#3384 = ( GEOMETRIC_REPRESENTATION_CONTEXT(2) 
PARAMETRIC_REPRESENTATION_CONTEXT() REPRESENTATION_CONTEXT('2D SPACE',''
  ) );
#3385 = PCURVE('',#132,#3386);
#3386 = DEFINITIONAL_REPRESENTATION('',(#3387),#3395);
#3387 = ( BOUNDED_CURVE() B_SPLINE_CURVE(2,(#3388,#3389,#3390,#3391,
#3392,#3393,#3394),.UNSPECIFIED.,.T.,.F.) B_SPLINE_CURVE_WITH_KNOTS((1,2
    ,2,2,2,1),(-2.094395102393,0.,2.094395102393,4.188790204786,
6.28318530718,8.377580409573),.UNSPECIFIED.) CURVE() 
GEOMETRIC_REPRESENTATION_ITEM() RATIONAL_B_SPLINE_CURVE((1.,0.5,1.,0.5,
1.,0.5,1.)) REPRESENTATION_ITEM('') );
#3388 = CARTESIAN_POINT('',(12.802500789159,-2.25742630967));
#3389 = CARTESIAN_POINT('',(13.10326825552,-0.551689245765));
#3390 = CARTESIAN_POINT('',(14.430096151857,-1.665030044218));
#3391 = CARTESIAN_POINT('',(15.756924048195,-2.778370842671));
#3392 = CARTESIAN_POINT('',(14.129328685497,-3.370767108123));
#3393 = CARTESIAN_POINT('',(12.501733322798,-3.963163373575));
#3394 = CARTESIAN_POINT('',(12.802500789159,-2.25742630967));
#3395 = ( GEOMETRIC_REPRESENTATION_CONTEXT(2) 
PARAMETRIC_REPRESENTATION_CONTEXT() REPRESENTATION_CONTEXT('2D SPACE',''
  ) );
#3396 = ORIENTED_EDGE('',*,*,#3254,.T.);
#3397 = ORIENTED_EDGE('',*,*,#3398,.F.);
#3398 = EDGE_CURVE('',#3399,#3227,#3401,.T.);
#3399 = VERTEX_POINT('',#3400);
#3400 = CARTESIAN_POINT('',(12.802500789159,-2.25742630967,0.));
#3401 = SURFACE_CURVE('',#3402,(#3407,#3414),.PCURVE_S1.);
#3402 = CIRCLE('',#3403,1.);
#3403 = AXIS2_PLACEMENT_3D('',#3404,#3405,#3406);
#3404 = CARTESIAN_POINT('',(13.787308542171,-2.431074487337,0.));
#3405 = DIRECTION('',(0.,0.,-1.));
#3406 = DIRECTION('',(-0.984807753012,0.173648177667,0.));
#3407 = PCURVE('',#3268,#3408);
#3408 = DEFINITIONAL_REPRESENTATION('',(#3409),#3413);
#3409 = LINE('',#3410,#3411);
#3410 = CARTESIAN_POINT('',(0.,2.));
#3411 = VECTOR('',#3412,1.);
#3412 = DIRECTION('',(1.,0.));
#3413 = ( GEOMETRIC_REPRESENTATION_CONTEXT(2) 
PARAMETRIC_REPRESENTATION_CONTEXT() REPRESENTATION_CONTEXT('2D SPACE',''
  ) );
#3414 = PCURVE('',#73,#3415);
#3415 = DEFINITIONAL_REPRESENTATION('',(#3416),#3424);
#3416 = ( BOUNDED_CURVE() B_SPLINE_CURVE(2,(#3417,#3418,#3419,#3420,
#3421,#3422,#3423),.UNSPECIFIED.,.T.,.F.) B_SPLINE_CURVE_WITH_KNOTS((1,2
    ,2,2,2,1),(-2.094395102393,0.,2.094395102393,4.188790204786,
6.28318530718,8.377580409573),.UNSPECIFIED.) CURVE() 
GEOMETRIC_REPRESENTATION_ITEM() RATIONAL_B_SPLINE_CURVE((1.,0.5,1.,0.5,
1.,0.5,1.)) REPRESENTATION_ITEM('') );
#3417 = CARTESIAN_POINT('',(12.802500789159,-2.25742630967));
#3418 = CARTESIAN_POINT('',(13.10326825552,-0.551689245765));
#3419 = CARTESIAN_POINT('',(14.430096151857,-1.665030044218));
#3420 = CARTESIAN_POINT('',(15.756924048195,-2.778370842671));
#3421 = CARTESIAN_POINT('',(14.129328685497,-3.370767108123));
#3422 = CARTESIAN_POINT('',(12.501733322798,-3.963163373575));
#3423 = CARTESIAN_POINT('',(12.802500789159,-2.25742630967));
#3424 = ( GEOMETRIC_REPRESENTATION_CONTEXT(2) 
PARAMETRIC_REPRESENTATION_CONTEXT() REPRESENTATION_CONTEXT('2D SPACE',''
  ) );
#3425 = ORIENTED_EDGE('',*,*,#3426,.F.);
#3426 = EDGE_CURVE('',#3370,#3399,#3427,.T.);
#3427 = SURFACE_CURVE('',#3428,(#3432,#3439),.PCURVE_S1.);
#3428 = LINE('',#3429,#3430);
#3429 = CARTESIAN_POINT('',(12.802500789159,-2.25742630967,4.));
#3430 = VECTOR('',#3431,1.);
#3431 = DIRECTION('',(3.826746847782E-15,-6.747587176052E-16,-1.));
#3432 = PCURVE('',#3268,#3433);
#3433 = DEFINITIONAL_REPRESENTATION('',(#3434),#3438);
#3434 = LINE('',#3435,#3436);
#3435 = CARTESIAN_POINT('',(0.,-2.));
#3436 = VECTOR('',#3437,1.);
#3437 = DIRECTION('',(0.,1.));
#3438 = ( GEOMETRIC_REPRESENTATION_CONTEXT(2) 
PARAMETRIC_REPRESENTATION_CONTEXT() REPRESENTATION_CONTEXT('2D SPACE',''
  ) );
#3439 = PCURVE('',#3022,#3440);
#3440 = DEFINITIONAL_REPRESENTATION('',(#3441),#3445);
#3441 = LINE('',#3442,#3443);
#3442 = CARTESIAN_POINT('',(6.632251157578,2.));
#3443 = VECTOR('',#3444,1.);
#3444 = DIRECTION('',(0.,-1.));
#3445 = ( GEOMETRIC_REPRESENTATION_CONTEXT(2) 
PARAMETRIC_REPRESENTATION_CONTEXT() REPRESENTATION_CONTEXT('2D SPACE',''
  ) );
#3446 = ADVANCED_FACE('',(#3447),#3301,.T.);
#3447 = FACE_BOUND('',#3448,.T.);
#3448 = EDGE_LOOP('',(#3449,#3474,#3500,#3501));
#3449 = ORIENTED_EDGE('',*,*,#3450,.T.);
#3450 = EDGE_CURVE('',#3451,#3453,#3455,.T.);
#3451 = VERTEX_POINT('',#3452);
#3452 = CARTESIAN_POINT('',(11.817693036146,-2.083778132003,0.));
#3453 = VERTEX_POINT('',#3454);
#3454 = CARTESIAN_POINT('',(11.817693036146,-2.083778132003,4.));
#3455 = SURFACE_CURVE('',#3456,(#3460,#3467),.PCURVE_S1.);
#3456 = LINE('',#3457,#3458);
#3457 = CARTESIAN_POINT('',(11.817693036146,-2.083778132003,0.));
#3458 = VECTOR('',#3459,1.);
#3459 = DIRECTION('',(-1.640034363335E-15,2.891823075451E-16,1.));
#3460 = PCURVE('',#3301,#3461);
#3461 = DEFINITIONAL_REPRESENTATION('',(#3462),#3466);
#3462 = LINE('',#3463,#3464);
#3463 = CARTESIAN_POINT('',(0.,2.));
#3464 = VECTOR('',#3465,1.);
#3465 = DIRECTION('',(0.,-1.));
#3466 = ( GEOMETRIC_REPRESENTATION_CONTEXT(2) 
PARAMETRIC_REPRESENTATION_CONTEXT() REPRESENTATION_CONTEXT('2D SPACE',''
  ) );
#3467 = PCURVE('',#2989,#3468);
#3468 = DEFINITIONAL_REPRESENTATION('',(#3469),#3473);
#3469 = LINE('',#3470,#3471);
#3470 = CARTESIAN_POINT('',(6.632251157578,-2.));
#3471 = VECTOR('',#3472,1.);
#3472 = DIRECTION('',(0.,1.));
#3473 = ( GEOMETRIC_REPRESENTATION_CONTEXT(2) 
PARAMETRIC_REPRESENTATION_CONTEXT() REPRESENTATION_CONTEXT('2D SPACE',''
  ) );
#3474 = ORIENTED_EDGE('',*,*,#3475,.T.);
#3475 = EDGE_CURVE('',#3453,#3286,#3476,.T.);
#3476 = SURFACE_CURVE('',#3477,(#3482,#3489),.PCURVE_S1.);
#3477 = CIRCLE('',#3478,2.);
#3478 = AXIS2_PLACEMENT_3D('',#3479,#3480,#3481);
#3479 = CARTESIAN_POINT('',(13.787308542171,-2.431074487337,4.));
#3480 = DIRECTION('',(0.,0.,-1.));
#3481 = DIRECTION('',(-0.984807753012,0.173648177667,0.));
#3482 = PCURVE('',#3301,#3483);
#3483 = DEFINITIONAL_REPRESENTATION('',(#3484),#3488);
#3484 = LINE('',#3485,#3486);
#3485 = CARTESIAN_POINT('',(0.,-2.));
#3486 = VECTOR('',#3487,1.);
#3487 = DIRECTION('',(1.,0.));
#3488 = ( GEOMETRIC_REPRESENTATION_CONTEXT(2) 
PARAMETRIC_REPRESENTATION_CONTEXT() REPRESENTATION_CONTEXT('2D SPACE',''
  ) );
#3489 = PCURVE('',#132,#3490);
#3490 = DEFINITIONAL_REPRESENTATION('',(#3491),#3499);
#3491 = ( BOUNDED_CURVE() B_SPLINE_CURVE(2,(#3492,#3493,#3494,#3495,
#3496,#3497,#3498),.UNSPECIFIED.,.T.,.F.) B_SPLINE_CURVE_WITH_KNOTS((1,2
    ,2,2,2,1),(-2.094395102393,0.,2.094395102393,4.188790204786,
6.28318530718,8.377580409573),.UNSPECIFIED.) CURVE() 
GEOMETRIC_REPRESENTATION_ITEM() RATIONAL_B_SPLINE_CURVE((1.,0.5,1.,0.5,
1.,0.5,1.)) REPRESENTATION_ITEM('') );
#3492 = CARTESIAN_POINT('',(11.817693036146,-2.083778132003));
#3493 = CARTESIAN_POINT('',(12.419227968868,1.327695995806));
#3494 = CARTESIAN_POINT('',(15.072883761544,-0.898985601099));
#3495 = CARTESIAN_POINT('',(17.72653955422,-3.125667198005));
#3496 = CARTESIAN_POINT('',(14.471348828822,-4.310459728909));
#3497 = CARTESIAN_POINT('',(11.216158103425,-5.495252259813));
#3498 = CARTESIAN_POINT('',(11.817693036146,-2.083778132003));
#3499 = ( GEOMETRIC_REPRESENTATION_CONTEXT(2) 
PARAMETRIC_REPRESENTATION_CONTEXT() REPRESENTATION_CONTEXT('2D SPACE',''
  ) );
#3500 = ORIENTED_EDGE('',*,*,#3283,.F.);
#3501 = ORIENTED_EDGE('',*,*,#3502,.F.);
#3502 = EDGE_CURVE('',#3451,#3284,#3503,.T.);
#3503 = SURFACE_CURVE('',#3504,(#3509,#3516),.PCURVE_S1.);
#3504 = CIRCLE('',#3505,2.);
#3505 = AXIS2_PLACEMENT_3D('',#3506,#3507,#3508);
#3506 = CARTESIAN_POINT('',(13.787308542171,-2.431074487337,0.));
#3507 = DIRECTION('',(0.,0.,-1.));
#3508 = DIRECTION('',(-0.984807753012,0.173648177667,0.));
#3509 = PCURVE('',#3301,#3510);
#3510 = DEFINITIONAL_REPRESENTATION('',(#3511),#3515);
#3511 = LINE('',#3512,#3513);
#3512 = CARTESIAN_POINT('',(0.,2.));
#3513 = VECTOR('',#3514,1.);
#3514 = DIRECTION('',(1.,0.));
#3515 = ( GEOMETRIC_REPRESENTATION_CONTEXT(2) 
PARAMETRIC_REPRESENTATION_CONTEXT() REPRESENTATION_CONTEXT('2D SPACE',''
  ) );
#3516 = PCURVE('',#73,#3517);
#3517 = DEFINITIONAL_REPRESENTATION('',(#3518),#3526);
#3518 = ( BOUNDED_CURVE() B_SPLINE_CURVE(2,(#3519,#3520,#3521,#3522,
#3523,#3524,#3525),.UNSPECIFIED.,.T.,.F.) B_SPLINE_CURVE_WITH_KNOTS((1,2
    ,2,2,2,1),(-2.094395102393,0.,2.094395102393,4.188790204786,
6.28318530718,8.377580409573),.UNSPECIFIED.) CURVE() 
GEOMETRIC_REPRESENTATION_ITEM() RATIONAL_B_SPLINE_CURVE((1.,0.5,1.,0.5,
1.,0.5,1.)) REPRESENTATION_ITEM('') );
#3519 = CARTESIAN_POINT('',(11.817693036146,-2.083778132003));
#3520 = CARTESIAN_POINT('',(12.419227968868,1.327695995806));
#3521 = CARTESIAN_POINT('',(15.072883761544,-0.898985601099));
#3522 = CARTESIAN_POINT('',(17.72653955422,-3.125667198005));
#3523 = CARTESIAN_POINT('',(14.471348828822,-4.310459728909));
#3524 = CARTESIAN_POINT('',(11.216158103425,-5.495252259813));
#3525 = CARTESIAN_POINT('',(11.817693036146,-2.083778132003));
#3526 = ( GEOMETRIC_REPRESENTATION_CONTEXT(2) 
PARAMETRIC_REPRESENTATION_CONTEXT() REPRESENTATION_CONTEXT('2D SPACE',''
  ) );
#3527 = ADVANCED_FACE('',(#3528),#3022,.T.);
#3528 = FACE_BOUND('',#3529,.T.);
#3529 = EDGE_LOOP('',(#3530,#3556,#3557,#3583));
#3530 = ORIENTED_EDGE('',*,*,#3531,.F.);
#3531 = EDGE_CURVE('',#3399,#3005,#3532,.T.);
#3532 = SURFACE_CURVE('',#3533,(#3538,#3545),.PCURVE_S1.);
#3533 = CIRCLE('',#3534,13.);
#3534 = AXIS2_PLACEMENT_3D('',#3535,#3536,#3537);
#3535 = CARTESIAN_POINT('',(-4.508002129311E-14,5.070498357057E-14,0.));
#3536 = DIRECTION('',(0.,0.,-1.));
#3537 = DIRECTION('',(0.866025403784,-0.5,0.));
#3538 = PCURVE('',#3022,#3539);
#3539 = DEFINITIONAL_REPRESENTATION('',(#3540),#3544);
#3540 = LINE('',#3541,#3542);
#3541 = CARTESIAN_POINT('',(12.566370614359,-2.));
#3542 = VECTOR('',#3543,1.);
#3543 = DIRECTION('',(-1.,0.));
#3544 = ( GEOMETRIC_REPRESENTATION_CONTEXT(2) 
PARAMETRIC_REPRESENTATION_CONTEXT() REPRESENTATION_CONTEXT('2D SPACE',''
  ) );
#3545 = PCURVE('',#73,#3546);
#3546 = DEFINITIONAL_REPRESENTATION('',(#3547),#3555);
#3547 = ( BOUNDED_CURVE() B_SPLINE_CURVE(2,(#3548,#3549,#3550,#3551,
#3552,#3553,#3554),.UNSPECIFIED.,.T.,.F.) B_SPLINE_CURVE_WITH_KNOTS((1,2
    ,2,2,2,1),(-2.094395102393,0.,2.094395102393,4.188790204786,
6.28318530718,8.377580409573),.UNSPECIFIED.) CURVE() 
GEOMETRIC_REPRESENTATION_ITEM() RATIONAL_B_SPLINE_CURVE((1.,0.5,1.,0.5,
1.,0.5,1.)) REPRESENTATION_ITEM('') );
#3548 = CARTESIAN_POINT('',(11.258330249198,-6.5));
#3549 = CARTESIAN_POINT('',(-9.483853324261E-14,-26.));
#3550 = CARTESIAN_POINT('',(-11.25833024919,-6.5));
#3551 = CARTESIAN_POINT('',(-22.51666049839,13.));
#3552 = CARTESIAN_POINT('',(-2.558506084023E-14,13.));
#3553 = CARTESIAN_POINT('',(22.516660498396,13.));
#3554 = CARTESIAN_POINT('',(11.258330249198,-6.5));
#3555 = ( GEOMETRIC_REPRESENTATION_CONTEXT(2) 
PARAMETRIC_REPRESENTATION_CONTEXT() REPRESENTATION_CONTEXT('2D SPACE',''
  ) );
#3556 = ORIENTED_EDGE('',*,*,#3426,.F.);
#3557 = ORIENTED_EDGE('',*,*,#3558,.T.);
#3558 = EDGE_CURVE('',#3370,#3007,#3559,.T.);
#3559 = SURFACE_CURVE('',#3560,(#3565,#3572),.PCURVE_S1.);
#3560 = CIRCLE('',#3561,13.);
#3561 = AXIS2_PLACEMENT_3D('',#3562,#3563,#3564);
#3562 = CARTESIAN_POINT('',(8.00306882243E-14,-5.678203416484E-14,4.));
#3563 = DIRECTION('',(1.155593704632E-15,-8.091554230908E-16,-1.));
#3564 = DIRECTION('',(0.866025403784,-0.5,1.40535121621E-15));
#3565 = PCURVE('',#3022,#3566);
#3566 = DEFINITIONAL_REPRESENTATION('',(#3567),#3571);
#3567 = LINE('',#3568,#3569);
#3568 = CARTESIAN_POINT('',(12.566370614359,2.));
#3569 = VECTOR('',#3570,1.);
#3570 = DIRECTION('',(-1.,1.908332808878E-15));
#3571 = ( GEOMETRIC_REPRESENTATION_CONTEXT(2) 
PARAMETRIC_REPRESENTATION_CONTEXT() REPRESENTATION_CONTEXT('2D SPACE',''
  ) );
#3572 = PCURVE('',#132,#3573);
#3573 = DEFINITIONAL_REPRESENTATION('',(#3574),#3582);
#3574 = ( BOUNDED_CURVE() B_SPLINE_CURVE(2,(#3575,#3576,#3577,#3578,
#3579,#3580,#3581),.UNSPECIFIED.,.T.,.F.) B_SPLINE_CURVE_WITH_KNOTS((1,2
    ,2,2,2,1),(-2.094395102393,0.,2.094395102393,4.188790204786,
6.28318530718,8.377580409573),.UNSPECIFIED.) CURVE() 
GEOMETRIC_REPRESENTATION_ITEM() RATIONAL_B_SPLINE_CURVE((1.,0.5,1.,0.5,
1.,0.5,1.)) REPRESENTATION_ITEM('') );
#3575 = CARTESIAN_POINT('',(11.258330249198,-6.5));
#3576 = CARTESIAN_POINT('',(8.734679646238E-14,-26.));
#3577 = CARTESIAN_POINT('',(-11.25833024919,-6.5));
#3578 = CARTESIAN_POINT('',(-22.51666049839,13.));
#3579 = CARTESIAN_POINT('',(7.175752365793E-14,13.));
#3580 = CARTESIAN_POINT('',(22.516660498395,13.));
#3581 = CARTESIAN_POINT('',(11.258330249198,-6.5));
#3582 = ( GEOMETRIC_REPRESENTATION_CONTEXT(2) 
PARAMETRIC_REPRESENTATION_CONTEXT() REPRESENTATION_CONTEXT('2D SPACE',''
  ) );
#3583 = ORIENTED_EDGE('',*,*,#3004,.F.);
#3584 = ADVANCED_FACE('',(#3585),#2989,.F.);
#3585 = FACE_BOUND('',#3586,.F.);
#3586 = EDGE_LOOP('',(#3587,#3588,#3610,#3611));
#3587 = ORIENTED_EDGE('',*,*,#2975,.T.);
#3588 = ORIENTED_EDGE('',*,*,#3589,.T.);
#3589 = EDGE_CURVE('',#2948,#3451,#3590,.T.);
#3590 = SURFACE_CURVE('',#3591,(#3596,#3603),.PCURVE_S1.);
#3591 = CIRCLE('',#3592,12.);
#3592 = AXIS2_PLACEMENT_3D('',#3593,#3594,#3595);
#3593 = CARTESIAN_POINT('',(8.350085054515E-14,-1.968529202511E-14,0.));
#3594 = DIRECTION('',(0.,0.,1.));
#3595 = DIRECTION('',(0.866025403784,-0.5,0.));
#3596 = PCURVE('',#2989,#3597);
#3597 = DEFINITIONAL_REPRESENTATION('',(#3598),#3602);
#3598 = LINE('',#3599,#3600);
#3599 = CARTESIAN_POINT('',(8.881784197001E-16,-2.));
#3600 = VECTOR('',#3601,1.);
#3601 = DIRECTION('',(1.,0.));
#3602 = ( GEOMETRIC_REPRESENTATION_CONTEXT(2) 
PARAMETRIC_REPRESENTATION_CONTEXT() REPRESENTATION_CONTEXT('2D SPACE',''
  ) );
#3603 = PCURVE('',#73,#3604);
#3604 = DEFINITIONAL_REPRESENTATION('',(#3605),#3609);
#3605 = CIRCLE('',#3606,12.);
#3606 = AXIS2_PLACEMENT_2D('',#3607,#3608);
#3607 = CARTESIAN_POINT('',(8.350085054515E-14,-1.968529202511E-14));
#3608 = DIRECTION('',(0.866025403784,-0.5));
#3609 = ( GEOMETRIC_REPRESENTATION_CONTEXT(2) 
PARAMETRIC_REPRESENTATION_CONTEXT() REPRESENTATION_CONTEXT('2D SPACE',''
  ) );
#3610 = ORIENTED_EDGE('',*,*,#3450,.T.);
#3611 = ORIENTED_EDGE('',*,*,#3612,.T.);
#3612 = EDGE_CURVE('',#3453,#2919,#3613,.T.);
#3613 = SURFACE_CURVE('',#3614,(#3619,#3626),.PCURVE_S1.);
#3614 = CIRCLE('',#3615,12.);
#3615 = AXIS2_PLACEMENT_3D('',#3616,#3617,#3618);
#3616 = CARTESIAN_POINT('',(-4.658665034526E-15,5.253631760259E-15,4.));
#3617 = DIRECTION('',(1.251893180018E-15,-8.765850416817E-16,-1.));
#3618 = DIRECTION('',(0.866025403784,-0.5,1.522463817561E-15));
#3619 = PCURVE('',#2989,#3620);
#3620 = DEFINITIONAL_REPRESENTATION('',(#3621),#3625);
#3621 = LINE('',#3622,#3623);
#3622 = CARTESIAN_POINT('',(12.566370614359,2.));
#3623 = VECTOR('',#3624,1.);
#3624 = DIRECTION('',(-1.,1.908332808878E-15));
#3625 = ( GEOMETRIC_REPRESENTATION_CONTEXT(2) 
PARAMETRIC_REPRESENTATION_CONTEXT() REPRESENTATION_CONTEXT('2D SPACE',''
  ) );
#3626 = PCURVE('',#132,#3627);
#3627 = DEFINITIONAL_REPRESENTATION('',(#3628),#3636);
#3628 = ( BOUNDED_CURVE() B_SPLINE_CURVE(2,(#3629,#3630,#3631,#3632,
#3633,#3634,#3635),.UNSPECIFIED.,.T.,.F.) B_SPLINE_CURVE_WITH_KNOTS((1,2
    ,2,2,2,1),(-2.094395102393,0.,2.094395102393,4.188790204786,
6.28318530718,8.377580409573),.UNSPECIFIED.) CURVE() 
GEOMETRIC_REPRESENTATION_ITEM() RATIONAL_B_SPLINE_CURVE((1.,0.5,1.,0.5,
1.,0.5,1.)) REPRESENTATION_ITEM('') );
#3629 = CARTESIAN_POINT('',(10.392304845413,-6.));
#3630 = CARTESIAN_POINT('',(-2.997174999598E-14,-24.));
#3631 = CARTESIAN_POINT('',(-10.39230484541,-6.));
#3632 = CARTESIAN_POINT('',(-20.78460969082,12.));
#3633 = CARTESIAN_POINT('',(3.382766998881E-15,12.));
#3634 = CARTESIAN_POINT('',(20.784609690827,12.));
#3635 = CARTESIAN_POINT('',(10.392304845413,-6.));
#3636 = ( GEOMETRIC_REPRESENTATION_CONTEXT(2) 
PARAMETRIC_REPRESENTATION_CONTEXT() REPRESENTATION_CONTEXT('2D SPACE',''
  ) );
#3637 = ADVANCED_FACE('',(#3638),#248,.T.);
#3638 = FACE_BOUND('',#3639,.T.);
#3639 = EDGE_LOOP('',(#3640,#3641,#3663,#3664));
#3640 = ORIENTED_EDGE('',*,*,#225,.F.);
#3641 = ORIENTED_EDGE('',*,*,#3642,.T.);
#3642 = EDGE_CURVE('',#226,#2658,#3643,.T.);
#3643 = SURFACE_CURVE('',#3644,(#3649,#3656),.PCURVE_S1.);
#3644 = CIRCLE('',#3645,7.);
#3645 = AXIS2_PLACEMENT_3D('',#3646,#3647,#3648);
#3646 = CARTESIAN_POINT('',(0.,0.,0.));
#3647 = DIRECTION('',(0.,0.,1.));
#3648 = DIRECTION('',(1.,0.,-0.));
#3649 = PCURVE('',#248,#3650);
#3650 = DEFINITIONAL_REPRESENTATION('',(#3651),#3655);
#3651 = LINE('',#3652,#3653);
#3652 = CARTESIAN_POINT('',(0.,0.));
#3653 = VECTOR('',#3654,1.);
#3654 = DIRECTION('',(1.,0.));
#3655 = ( GEOMETRIC_REPRESENTATION_CONTEXT(2) 
PARAMETRIC_REPRESENTATION_CONTEXT() REPRESENTATION_CONTEXT('2D SPACE',''
  ) );
#3656 = PCURVE('',#73,#3657);
#3657 = DEFINITIONAL_REPRESENTATION('',(#3658),#3662);
#3658 = CIRCLE('',#3659,7.);
#3659 = AXIS2_PLACEMENT_2D('',#3660,#3661);
#3660 = CARTESIAN_POINT('',(0.,0.));
#3661 = DIRECTION('',(1.,0.));
#3662 = ( GEOMETRIC_REPRESENTATION_CONTEXT(2) 
PARAMETRIC_REPRESENTATION_CONTEXT() REPRESENTATION_CONTEXT('2D SPACE',''
  ) );
#3663 = ORIENTED_EDGE('',*,*,#2686,.T.);
#3664 = ORIENTED_EDGE('',*,*,#3665,.F.);
#3665 = EDGE_CURVE('',#228,#2687,#3666,.T.);
#3666 = SURFACE_CURVE('',#3667,(#3672,#3679),.PCURVE_S1.);
#3667 = CIRCLE('',#3668,7.);
#3668 = AXIS2_PLACEMENT_3D('',#3669,#3670,#3671);
#3669 = CARTESIAN_POINT('',(0.,0.,4.));
#3670 = DIRECTION('',(0.,0.,1.));
#3671 = DIRECTION('',(1.,0.,-0.));
#3672 = PCURVE('',#248,#3673);
#3673 = DEFINITIONAL_REPRESENTATION('',(#3674),#3678);
#3674 = LINE('',#3675,#3676);
#3675 = CARTESIAN_POINT('',(0.,4.));
#3676 = VECTOR('',#3677,1.);
#3677 = DIRECTION('',(1.,0.));
#3678 = ( GEOMETRIC_REPRESENTATION_CONTEXT(2) 
PARAMETRIC_REPRESENTATION_CONTEXT() REPRESENTATION_CONTEXT('2D SPACE',''
  ) );
#3679 = PCURVE('',#132,#3680);
#3680 = DEFINITIONAL_REPRESENTATION('',(#3681),#3685);
#3681 = CIRCLE('',#3682,7.);
#3682 = AXIS2_PLACEMENT_2D('',#3683,#3684);
#3683 = CARTESIAN_POINT('',(0.,0.));
#3684 = DIRECTION('',(1.,0.));
#3685 = ( GEOMETRIC_REPRESENTATION_CONTEXT(2) 
PARAMETRIC_REPRESENTATION_CONTEXT() REPRESENTATION_CONTEXT('2D SPACE',''
  ) );
#3686 = ADVANCED_FACE('',(#3687,#3718,#3721,#3724,#3727,#3730,#3733,
    #3736,#3928,#4202),#73,.F.);
#3687 = FACE_BOUND('',#3688,.T.);
#3688 = EDGE_LOOP('',(#3689));
#3689 = ORIENTED_EDGE('',*,*,#3690,.F.);
#3690 = EDGE_CURVE('',#3691,#3691,#3693,.T.);
#3691 = VERTEX_POINT('',#3692);
#3692 = CARTESIAN_POINT('',(-20.,-2.449293598295E-15,0.));
#3693 = SURFACE_CURVE('',#3694,(#3699,#3706),.PCURVE_S1.);
#3694 = CIRCLE('',#3695,20.);
#3695 = AXIS2_PLACEMENT_3D('',#3696,#3697,#3698);
#3696 = CARTESIAN_POINT('',(0.,0.,0.));
#3697 = DIRECTION('',(0.,0.,1.));
#3698 = DIRECTION('',(1.,0.,-0.));
#3699 = PCURVE('',#73,#3700);
#3700 = DEFINITIONAL_REPRESENTATION('',(#3701),#3705);
#3701 = CIRCLE('',#3702,20.);
#3702 = AXIS2_PLACEMENT_2D('',#3703,#3704);
#3703 = CARTESIAN_POINT('',(0.,0.));
#3704 = DIRECTION('',(1.,0.));
#3705 = ( GEOMETRIC_REPRESENTATION_CONTEXT(2) 
PARAMETRIC_REPRESENTATION_CONTEXT() REPRESENTATION_CONTEXT('2D SPACE',''
  ) );
#3706 = PCURVE('',#3707,#3712);
#3707 = CYLINDRICAL_SURFACE('',#3708,20.);
#3708 = AXIS2_PLACEMENT_3D('',#3709,#3710,#3711);
#3709 = CARTESIAN_POINT('',(0.,0.,0.));
#3710 = DIRECTION('',(0.,0.,1.));
#3711 = DIRECTION('',(1.,0.,-0.));
#3712 = DEFINITIONAL_REPRESENTATION('',(#3713),#3717);
#3713 = LINE('',#3714,#3715);
#3714 = CARTESIAN_POINT('',(-6.28318530718,0.));
#3715 = VECTOR('',#3716,1.);
#3716 = DIRECTION('',(1.,0.));
#3717 = ( GEOMETRIC_REPRESENTATION_CONTEXT(2) 
PARAMETRIC_REPRESENTATION_CONTEXT() REPRESENTATION_CONTEXT('2D SPACE',''
  ) );
#3718 = FACE_BOUND('',#3719,.T.);
#3719 = EDGE_LOOP('',(#3720));
#3720 = ORIENTED_EDGE('',*,*,#2077,.T.);
#3721 = FACE_BOUND('',#3722,.T.);
#3722 = EDGE_LOOP('',(#3723));
#3723 = ORIENTED_EDGE('',*,*,#2159,.T.);
#3724 = FACE_BOUND('',#3725,.T.);
#3725 = EDGE_LOOP('',(#3726));
#3726 = ORIENTED_EDGE('',*,*,#2241,.T.);
#3727 = FACE_BOUND('',#3728,.T.);
#3728 = EDGE_LOOP('',(#3729));
#3729 = ORIENTED_EDGE('',*,*,#2323,.T.);
#3730 = FACE_BOUND('',#3731,.T.);
#3731 = EDGE_LOOP('',(#3732));
#3732 = ORIENTED_EDGE('',*,*,#2405,.T.);
#3733 = FACE_BOUND('',#3734,.T.);
#3734 = EDGE_LOOP('',(#3735));
#3735 = ORIENTED_EDGE('',*,*,#2487,.T.);
#3736 = FACE_BOUND('',#3737,.T.);
#3737 = EDGE_LOOP('',(#3738,#3739,#3763,#3796,#3825,#3858,#3891,#3913,
    #3914,#3915,#3916,#3917,#3918,#3919,#3920,#3921,#3922,#3923,#3924,
    #3925,#3926,#3927));
#3738 = ORIENTED_EDGE('',*,*,#394,.F.);
#3739 = ORIENTED_EDGE('',*,*,#3740,.F.);
#3740 = EDGE_CURVE('',#3741,#367,#3743,.T.);
#3741 = VERTEX_POINT('',#3742);
#3742 = CARTESIAN_POINT('',(-9.84807753271,-1.736481761995,0.));
#3743 = SURFACE_CURVE('',#3744,(#3749,#3756),.PCURVE_S1.);
#3744 = CIRCLE('',#3745,10.);
#3745 = AXIS2_PLACEMENT_3D('',#3746,#3747,#3748);
#3746 = CARTESIAN_POINT('',(4.997568715258E-15,4.666633366358E-15,0.));
#3747 = DIRECTION('',(0.,0.,1.));
#3748 = DIRECTION('',(-0.984807753271,-0.173648176199,0.));
#3749 = PCURVE('',#73,#3750);
#3750 = DEFINITIONAL_REPRESENTATION('',(#3751),#3755);
#3751 = CIRCLE('',#3752,10.);
#3752 = AXIS2_PLACEMENT_2D('',#3753,#3754);
#3753 = CARTESIAN_POINT('',(4.997568715258E-15,4.666633366358E-15));
#3754 = DIRECTION('',(-0.984807753271,-0.173648176199));
#3755 = ( GEOMETRIC_REPRESENTATION_CONTEXT(2) 
PARAMETRIC_REPRESENTATION_CONTEXT() REPRESENTATION_CONTEXT('2D SPACE',''
  ) );
#3756 = PCURVE('',#382,#3757);
#3757 = DEFINITIONAL_REPRESENTATION('',(#3758),#3762);
#3758 = LINE('',#3759,#3760);
#3759 = CARTESIAN_POINT('',(-1.490114698299E-09,-2.));
#3760 = VECTOR('',#3761,1.);
#3761 = DIRECTION('',(1.,0.));
#3762 = ( GEOMETRIC_REPRESENTATION_CONTEXT(2) 
PARAMETRIC_REPRESENTATION_CONTEXT() REPRESENTATION_CONTEXT('2D SPACE',''
  ) );
#3763 = ORIENTED_EDGE('',*,*,#3764,.F.);
#3764 = EDGE_CURVE('',#3765,#3741,#3767,.T.);
#3765 = VERTEX_POINT('',#3766);
#3766 = CARTESIAN_POINT('',(-11.81769303614,-2.083778132003,0.));
#3767 = SURFACE_CURVE('',#3768,(#3773,#3784),.PCURVE_S1.);
#3768 = CIRCLE('',#3769,1.);
#3769 = AXIS2_PLACEMENT_3D('',#3770,#3771,#3772);
#3770 = CARTESIAN_POINT('',(-10.83288528313,-1.910129954336,0.));
#3771 = DIRECTION('',(0.,0.,-1.));
#3772 = DIRECTION('',(-0.984807753012,-0.173648177667,-0.));
#3773 = PCURVE('',#73,#3774);
#3774 = DEFINITIONAL_REPRESENTATION('',(#3775),#3783);
#3775 = ( BOUNDED_CURVE() B_SPLINE_CURVE(2,(#3776,#3777,#3778,#3779,
#3780,#3781,#3782),.UNSPECIFIED.,.T.,.F.) B_SPLINE_CURVE_WITH_KNOTS((1,2
    ,2,2,2,1),(-2.094395102393,0.,2.094395102393,4.188790204786,
6.28318530718,8.377580409573),.UNSPECIFIED.) CURVE() 
GEOMETRIC_REPRESENTATION_ITEM() RATIONAL_B_SPLINE_CURVE((1.,0.5,1.,0.5,
1.,0.5,1.)) REPRESENTATION_ITEM('') );
#3776 = CARTESIAN_POINT('',(-11.81769303614,-2.083778132003));
#3777 = CARTESIAN_POINT('',(-12.1184605025,-0.378041068098));
#3778 = CARTESIAN_POINT('',(-10.4908651398,-0.97043733355));
#3779 = CARTESIAN_POINT('',(-8.86326977711,-1.562833599003));
#3780 = CARTESIAN_POINT('',(-10.19009767344,-2.676174397455));
#3781 = CARTESIAN_POINT('',(-11.51692556978,-3.789515195908));
#3782 = CARTESIAN_POINT('',(-11.81769303614,-2.083778132003));
#3783 = ( GEOMETRIC_REPRESENTATION_CONTEXT(2) 
PARAMETRIC_REPRESENTATION_CONTEXT() REPRESENTATION_CONTEXT('2D SPACE',''
  ) );
#3784 = PCURVE('',#3785,#3790);
#3785 = CYLINDRICAL_SURFACE('',#3786,1.);
#3786 = AXIS2_PLACEMENT_3D('',#3787,#3788,#3789);
#3787 = CARTESIAN_POINT('',(-10.83288528313,-1.910129954336,2.));
#3788 = DIRECTION('',(0.,0.,-1.));
#3789 = DIRECTION('',(-0.9848077556,-0.173648162992,-0.));
#3790 = DEFINITIONAL_REPRESENTATION('',(#3791),#3795);
#3791 = LINE('',#3792,#3793);
#3792 = CARTESIAN_POINT('',(-1.490115053571E-08,2.));
#3793 = VECTOR('',#3794,1.);
#3794 = DIRECTION('',(1.,0.));
#3795 = ( GEOMETRIC_REPRESENTATION_CONTEXT(2) 
PARAMETRIC_REPRESENTATION_CONTEXT() REPRESENTATION_CONTEXT('2D SPACE',''
  ) );
#3796 = ORIENTED_EDGE('',*,*,#3797,.T.);
#3797 = EDGE_CURVE('',#3765,#3798,#3800,.T.);
#3798 = VERTEX_POINT('',#3799);
#3799 = CARTESIAN_POINT('',(-7.713451316239,-9.192533317428,0.));
#3800 = SURFACE_CURVE('',#3801,(#3806,#3813),.PCURVE_S1.);
#3801 = CIRCLE('',#3802,12.);
#3802 = AXIS2_PLACEMENT_3D('',#3803,#3804,#3805);
#3803 = CARTESIAN_POINT('',(-5.879838824724E-14,-6.247121179715E-14,0.)
  );
#3804 = DIRECTION('',(0.,0.,1.));
#3805 = DIRECTION('',(-0.866025403784,-0.5,0.));
#3806 = PCURVE('',#73,#3807);
#3807 = DEFINITIONAL_REPRESENTATION('',(#3808),#3812);
#3808 = CIRCLE('',#3809,12.);
#3809 = AXIS2_PLACEMENT_2D('',#3810,#3811);
#3810 = CARTESIAN_POINT('',(-5.879838824724E-14,-6.247121179715E-14));
#3811 = DIRECTION('',(-0.866025403784,-0.5));
#3812 = ( GEOMETRIC_REPRESENTATION_CONTEXT(2) 
PARAMETRIC_REPRESENTATION_CONTEXT() REPRESENTATION_CONTEXT('2D SPACE',''
  ) );
#3813 = PCURVE('',#3814,#3819);
#3814 = CYLINDRICAL_SURFACE('',#3815,12.);
#3815 = AXIS2_PLACEMENT_3D('',#3816,#3817,#3818);
#3816 = CARTESIAN_POINT('',(0.,0.,2.));
#3817 = DIRECTION('',(0.,0.,1.));
#3818 = DIRECTION('',(-0.866025403784,-0.5,0.));
#3819 = DEFINITIONAL_REPRESENTATION('',(#3820),#3824);
#3820 = LINE('',#3821,#3822);
#3821 = CARTESIAN_POINT('',(8.881784197001E-16,-2.));
#3822 = VECTOR('',#3823,1.);
#3823 = DIRECTION('',(1.,0.));
#3824 = ( GEOMETRIC_REPRESENTATION_CONTEXT(2) 
PARAMETRIC_REPRESENTATION_CONTEXT() REPRESENTATION_CONTEXT('2D SPACE',''
  ) );
#3825 = ORIENTED_EDGE('',*,*,#3826,.T.);
#3826 = EDGE_CURVE('',#3798,#3827,#3829,.T.);
#3827 = VERTEX_POINT('',#3828);
#3828 = CARTESIAN_POINT('',(-10.28460175498,-12.2567110899,0.));
#3829 = SURFACE_CURVE('',#3830,(#3835,#3846),.PCURVE_S1.);
#3830 = CIRCLE('',#3831,2.);
#3831 = AXIS2_PLACEMENT_3D('',#3832,#3833,#3834);
#3832 = CARTESIAN_POINT('',(-8.999026535612,-10.72462220366,0.));
#3833 = DIRECTION('',(0.,0.,-1.));
#3834 = DIRECTION('',(0.642787609687,0.766044443119,0.));
#3835 = PCURVE('',#73,#3836);
#3836 = DEFINITIONAL_REPRESENTATION('',(#3837),#3845);
#3837 = ( BOUNDED_CURVE() B_SPLINE_CURVE(2,(#3838,#3839,#3840,#3841,
#3842,#3843,#3844),.UNSPECIFIED.,.T.,.F.) B_SPLINE_CURVE_WITH_KNOTS((1,2
    ,2,2,2,1),(-2.094395102393,0.,2.094395102393,4.188790204786,
6.28318530718,8.377580409573),.UNSPECIFIED.) CURVE() 
GEOMETRIC_REPRESENTATION_ITEM() RATIONAL_B_SPLINE_CURVE((1.,0.5,1.,0.5,
1.,0.5,1.)) REPRESENTATION_ITEM('') );
#3838 = CARTESIAN_POINT('',(-7.713451316239,-9.192533317428));
#3839 = CARTESIAN_POINT('',(-5.059795523563,-11.41921491433));
#3840 = CARTESIAN_POINT('',(-8.31498624896,-12.60400744523));
#3841 = CARTESIAN_POINT('',(-11.57017697435,-13.78879997614));
#3842 = CARTESIAN_POINT('',(-10.96864204163,-10.37732584833));
#3843 = CARTESIAN_POINT('',(-10.36710710891,-6.965851720522));
#3844 = CARTESIAN_POINT('',(-7.713451316239,-9.192533317428));
#3845 = ( GEOMETRIC_REPRESENTATION_CONTEXT(2) 
PARAMETRIC_REPRESENTATION_CONTEXT() REPRESENTATION_CONTEXT('2D SPACE',''
  ) );
#3846 = PCURVE('',#3847,#3852);
#3847 = CYLINDRICAL_SURFACE('',#3848,2.);
#3848 = AXIS2_PLACEMENT_3D('',#3849,#3850,#3851);
#3849 = CARTESIAN_POINT('',(-8.999026535612,-10.72462220366,2.));
#3850 = DIRECTION('',(0.,0.,-1.));
#3851 = DIRECTION('',(0.642787609687,0.766044443119,0.));
#3852 = DEFINITIONAL_REPRESENTATION('',(#3853),#3857);
#3853 = LINE('',#3854,#3855);
#3854 = CARTESIAN_POINT('',(0.,2.));
#3855 = VECTOR('',#3856,1.);
#3856 = DIRECTION('',(1.,0.));
#3857 = ( GEOMETRIC_REPRESENTATION_CONTEXT(2) 
PARAMETRIC_REPRESENTATION_CONTEXT() REPRESENTATION_CONTEXT('2D SPACE',''
  ) );
#3858 = ORIENTED_EDGE('',*,*,#3859,.T.);
#3859 = EDGE_CURVE('',#3827,#3860,#3862,.T.);
#3860 = VERTEX_POINT('',#3861);
#3861 = CARTESIAN_POINT('',(-15.75692404819,-2.778370842671,0.));
#3862 = SURFACE_CURVE('',#3863,(#3868,#3879),.PCURVE_S1.);
#3863 = CIRCLE('',#3864,16.);
#3864 = AXIS2_PLACEMENT_3D('',#3865,#3866,#3867);
#3865 = CARTESIAN_POINT('',(-7.891623739381E-15,-4.094875123179E-15,0.)
  );
#3866 = DIRECTION('',(0.,0.,-1.));
#3867 = DIRECTION('',(-0.642787609687,-0.766044443119,-0.));
#3868 = PCURVE('',#73,#3869);
#3869 = DEFINITIONAL_REPRESENTATION('',(#3870),#3878);
#3870 = ( BOUNDED_CURVE() B_SPLINE_CURVE(2,(#3871,#3872,#3873,#3874,
#3875,#3876,#3877),.UNSPECIFIED.,.T.,.F.) B_SPLINE_CURVE_WITH_KNOTS((1,2
    ,2,2,2,1),(-2.094395102393,0.,2.094395102393,4.188790204786,
6.28318530718,8.377580409573),.UNSPECIFIED.) CURVE() 
GEOMETRIC_REPRESENTATION_ITEM() RATIONAL_B_SPLINE_CURVE((1.,0.5,1.,0.5,
1.,0.5,1.)) REPRESENTATION_ITEM('') );
#3871 = CARTESIAN_POINT('',(-10.28460175498,-12.2567110899));
#3872 = CARTESIAN_POINT('',(-31.51384809639,5.556741685342));
#3873 = CARTESIAN_POINT('',(-5.47232229321,15.035081932575));
#3874 = CARTESIAN_POINT('',(20.56920350997,24.513422179807));
#3875 = CARTESIAN_POINT('',(15.756924048195,-2.778370842671));
#3876 = CARTESIAN_POINT('',(10.944644586421,-30.07016386514));
#3877 = CARTESIAN_POINT('',(-10.28460175498,-12.2567110899));
#3878 = ( GEOMETRIC_REPRESENTATION_CONTEXT(2) 
PARAMETRIC_REPRESENTATION_CONTEXT() REPRESENTATION_CONTEXT('2D SPACE',''
  ) );
#3879 = PCURVE('',#3880,#3885);
#3880 = CYLINDRICAL_SURFACE('',#3881,16.);
#3881 = AXIS2_PLACEMENT_3D('',#3882,#3883,#3884);
#3882 = CARTESIAN_POINT('',(5.551115123126E-16,-9.614813431918E-16,2.));
#3883 = DIRECTION('',(0.,0.,-1.));
#3884 = DIRECTION('',(-0.642787609687,-0.766044443119,-0.));
#3885 = DEFINITIONAL_REPRESENTATION('',(#3886),#3890);
#3886 = LINE('',#3887,#3888);
#3887 = CARTESIAN_POINT('',(0.,2.));
#3888 = VECTOR('',#3889,1.);
#3889 = DIRECTION('',(1.,0.));
#3890 = ( GEOMETRIC_REPRESENTATION_CONTEXT(2) 
PARAMETRIC_REPRESENTATION_CONTEXT() REPRESENTATION_CONTEXT('2D SPACE',''
  ) );
#3891 = ORIENTED_EDGE('',*,*,#3892,.T.);
#3892 = EDGE_CURVE('',#3860,#2541,#3893,.T.);
#3893 = SURFACE_CURVE('',#3894,(#3899,#3906),.PCURVE_S1.);
#3894 = CIRCLE('',#3895,1.);
#3895 = AXIS2_PLACEMENT_3D('',#3896,#3897,#3898);
#3896 = CARTESIAN_POINT('',(-16.7417318012,-2.952019020338,0.));
#3897 = DIRECTION('',(0.,0.,1.));
#3898 = DIRECTION('',(0.984807753012,0.173648177667,-0.));
#3899 = PCURVE('',#73,#3900);
#3900 = DEFINITIONAL_REPRESENTATION('',(#3901),#3905);
#3901 = CIRCLE('',#3902,1.);
#3902 = AXIS2_PLACEMENT_2D('',#3903,#3904);
#3903 = CARTESIAN_POINT('',(-16.7417318012,-2.952019020338));
#3904 = DIRECTION('',(0.984807753012,0.173648177667));
#3905 = ( GEOMETRIC_REPRESENTATION_CONTEXT(2) 
PARAMETRIC_REPRESENTATION_CONTEXT() REPRESENTATION_CONTEXT('2D SPACE',''
  ) );
#3906 = PCURVE('',#2556,#3907);
#3907 = DEFINITIONAL_REPRESENTATION('',(#3908),#3912);
#3908 = LINE('',#3909,#3910);
#3909 = CARTESIAN_POINT('',(0.,-2.));
#3910 = VECTOR('',#3911,1.);
#3911 = DIRECTION('',(1.,0.));
#3912 = ( GEOMETRIC_REPRESENTATION_CONTEXT(2) 
PARAMETRIC_REPRESENTATION_CONTEXT() REPRESENTATION_CONTEXT('2D SPACE',''
  ) );
#3913 = ORIENTED_EDGE('',*,*,#2568,.F.);
#3914 = ORIENTED_EDGE('',*,*,#648,.F.);
#3915 = ORIENTED_EDGE('',*,*,#786,.F.);
#3916 = ORIENTED_EDGE('',*,*,#1247,.F.);
#3917 = ORIENTED_EDGE('',*,*,#2625,.F.);
#3918 = ORIENTED_EDGE('',*,*,#1040,.F.);
#3919 = ORIENTED_EDGE('',*,*,#1174,.F.);
#3920 = ORIENTED_EDGE('',*,*,#3226,.F.);
#3921 = ORIENTED_EDGE('',*,*,#3398,.F.);
#3922 = ORIENTED_EDGE('',*,*,#3531,.T.);
#3923 = ORIENTED_EDGE('',*,*,#3061,.T.);
#3924 = ORIENTED_EDGE('',*,*,#2840,.T.);
#3925 = ORIENTED_EDGE('',*,*,#2655,.T.);
#3926 = ORIENTED_EDGE('',*,*,#3642,.F.);
#3927 = ORIENTED_EDGE('',*,*,#260,.F.);
#3928 = FACE_BOUND('',#3929,.T.);
#3929 = EDGE_LOOP('',(#3930,#3931,#3932,#3933,#3934,#3935,#3936,#3937,
    #3963,#3964,#3965,#3966,#3992,#3993,#3994,#4022,#4055,#4088,#4121,
    #4150,#4179,#4201));
#3930 = ORIENTED_EDGE('',*,*,#200,.F.);
#3931 = ORIENTED_EDGE('',*,*,#2792,.F.);
#3932 = ORIENTED_EDGE('',*,*,#2947,.F.);
#3933 = ORIENTED_EDGE('',*,*,#3589,.T.);
#3934 = ORIENTED_EDGE('',*,*,#3502,.T.);
#3935 = ORIENTED_EDGE('',*,*,#3340,.T.);
#3936 = ORIENTED_EDGE('',*,*,#3090,.T.);
#3937 = ORIENTED_EDGE('',*,*,#3938,.F.);
#3938 = EDGE_CURVE('',#1277,#3093,#3939,.T.);
#3939 = SURFACE_CURVE('',#3940,(#3945,#3956),.PCURVE_S1.);
#3940 = CIRCLE('',#3941,18.);
#3941 = AXIS2_PLACEMENT_3D('',#3942,#3943,#3944);
#3942 = CARTESIAN_POINT('',(0.,0.,0.));
#3943 = DIRECTION('',(0.,0.,-1.));
#3944 = DIRECTION('',(1.,0.,0.));
#3945 = PCURVE('',#73,#3946);
#3946 = DEFINITIONAL_REPRESENTATION('',(#3947),#3955);
#3947 = ( BOUNDED_CURVE() B_SPLINE_CURVE(2,(#3948,#3949,#3950,#3951,
#3952,#3953,#3954),.UNSPECIFIED.,.T.,.F.) B_SPLINE_CURVE_WITH_KNOTS((1,2
    ,2,2,2,1),(-2.094395102393,0.,2.094395102393,4.188790204786,
6.28318530718,8.377580409573),.UNSPECIFIED.) CURVE() 
GEOMETRIC_REPRESENTATION_ITEM() RATIONAL_B_SPLINE_CURVE((1.,0.5,1.,0.5,
1.,0.5,1.)) REPRESENTATION_ITEM('') );
#3948 = CARTESIAN_POINT('',(18.,0.));
#3949 = CARTESIAN_POINT('',(18.,-31.17691453624));
#3950 = CARTESIAN_POINT('',(-9.,-15.58845726812));
#3951 = CARTESIAN_POINT('',(-36.,-4.40872847693E-15));
#3952 = CARTESIAN_POINT('',(-9.,15.58845726812));
#3953 = CARTESIAN_POINT('',(18.,31.17691453624));
#3954 = CARTESIAN_POINT('',(18.,0.));
#3955 = ( GEOMETRIC_REPRESENTATION_CONTEXT(2) 
PARAMETRIC_REPRESENTATION_CONTEXT() REPRESENTATION_CONTEXT('2D SPACE',''
  ) );
#3956 = PCURVE('',#1299,#3957);
#3957 = DEFINITIONAL_REPRESENTATION('',(#3958),#3962);
#3958 = LINE('',#3959,#3960);
#3959 = CARTESIAN_POINT('',(12.566370614359,0.));
#3960 = VECTOR('',#3961,1.);
#3961 = DIRECTION('',(-1.,0.));
#3962 = ( GEOMETRIC_REPRESENTATION_CONTEXT(2) 
PARAMETRIC_REPRESENTATION_CONTEXT() REPRESENTATION_CONTEXT('2D SPACE',''
  ) );
#3963 = ORIENTED_EDGE('',*,*,#1311,.F.);
#3964 = ORIENTED_EDGE('',*,*,#1449,.F.);
#3965 = ORIENTED_EDGE('',*,*,#1527,.F.);
#3966 = ORIENTED_EDGE('',*,*,#3967,.F.);
#3967 = EDGE_CURVE('',#1832,#1477,#3968,.T.);
#3968 = SURFACE_CURVE('',#3969,(#3974,#3985),.PCURVE_S1.);
#3969 = CIRCLE('',#3970,18.);
#3970 = AXIS2_PLACEMENT_3D('',#3971,#3972,#3973);
#3971 = CARTESIAN_POINT('',(0.,0.,0.));
#3972 = DIRECTION('',(0.,0.,-1.));
#3973 = DIRECTION('',(1.,0.,0.));
#3974 = PCURVE('',#73,#3975);
#3975 = DEFINITIONAL_REPRESENTATION('',(#3976),#3984);
#3976 = ( BOUNDED_CURVE() B_SPLINE_CURVE(2,(#3977,#3978,#3979,#3980,
#3981,#3982,#3983),.UNSPECIFIED.,.T.,.F.) B_SPLINE_CURVE_WITH_KNOTS((1,2
    ,2,2,2,1),(-2.094395102393,0.,2.094395102393,4.188790204786,
6.28318530718,8.377580409573),.UNSPECIFIED.) CURVE() 
GEOMETRIC_REPRESENTATION_ITEM() RATIONAL_B_SPLINE_CURVE((1.,0.5,1.,0.5,
1.,0.5,1.)) REPRESENTATION_ITEM('') );
#3977 = CARTESIAN_POINT('',(18.,0.));
#3978 = CARTESIAN_POINT('',(18.,-31.17691453624));
#3979 = CARTESIAN_POINT('',(-9.,-15.58845726812));
#3980 = CARTESIAN_POINT('',(-36.,-4.40872847693E-15));
#3981 = CARTESIAN_POINT('',(-9.,15.58845726812));
#3982 = CARTESIAN_POINT('',(18.,31.17691453624));
#3983 = CARTESIAN_POINT('',(18.,0.));
#3984 = ( GEOMETRIC_REPRESENTATION_CONTEXT(2) 
PARAMETRIC_REPRESENTATION_CONTEXT() REPRESENTATION_CONTEXT('2D SPACE',''
  ) );
#3985 = PCURVE('',#1492,#3986);
#3986 = DEFINITIONAL_REPRESENTATION('',(#3987),#3991);
#3987 = LINE('',#3988,#3989);
#3988 = CARTESIAN_POINT('',(6.28318530718,0.));
#3989 = VECTOR('',#3990,1.);
#3990 = DIRECTION('',(-1.,0.));
#3991 = ( GEOMETRIC_REPRESENTATION_CONTEXT(2) 
PARAMETRIC_REPRESENTATION_CONTEXT() REPRESENTATION_CONTEXT('2D SPACE',''
  ) );
#3992 = ORIENTED_EDGE('',*,*,#1861,.F.);
#3993 = ORIENTED_EDGE('',*,*,#1995,.F.);
#3994 = ORIENTED_EDGE('',*,*,#3995,.F.);
#3995 = EDGE_CURVE('',#3996,#1968,#3998,.T.);
#3996 = VERTEX_POINT('',#3997);
#3997 = CARTESIAN_POINT('',(-5.130302149885,14.095389311789,0.));
#3998 = SURFACE_CURVE('',#3999,(#4004,#4015),.PCURVE_S1.);
#3999 = CIRCLE('',#4000,15.);
#4000 = AXIS2_PLACEMENT_3D('',#4001,#4002,#4003);
#4001 = CARTESIAN_POINT('',(-7.759829321273E-15,4.440892098501E-15,0.));
#4002 = DIRECTION('',(0.,0.,-1.));
#4003 = DIRECTION('',(-0.342020143326,0.939692620786,0.));
#4004 = PCURVE('',#73,#4005);
#4005 = DEFINITIONAL_REPRESENTATION('',(#4006),#4014);
#4006 = ( BOUNDED_CURVE() B_SPLINE_CURVE(2,(#4007,#4008,#4009,#4010,
#4011,#4012,#4013),.UNSPECIFIED.,.T.,.F.) B_SPLINE_CURVE_WITH_KNOTS((1,2
    ,2,2,2,1),(-2.094395102393,0.,2.094395102393,4.188790204786,
6.28318530718,8.377580409573),.UNSPECIFIED.) CURVE() 
GEOMETRIC_REPRESENTATION_ITEM() RATIONAL_B_SPLINE_CURVE((1.,0.5,1.,0.5,
1.,0.5,1.)) REPRESENTATION_ITEM('') );
#4007 = CARTESIAN_POINT('',(-5.130302149885,14.095389311789));
#4008 = CARTESIAN_POINT('',(19.283628290597,22.981333293569));
#4009 = CARTESIAN_POINT('',(14.772116295183,-2.604722665004));
#4010 = CARTESIAN_POINT('',(10.26060429977,-28.19077862357));
#4011 = CARTESIAN_POINT('',(-9.641814145298,-11.49066664678));
#4012 = CARTESIAN_POINT('',(-29.54423259036,5.209445330008));
#4013 = CARTESIAN_POINT('',(-5.130302149885,14.095389311789));
#4014 = ( GEOMETRIC_REPRESENTATION_CONTEXT(2) 
PARAMETRIC_REPRESENTATION_CONTEXT() REPRESENTATION_CONTEXT('2D SPACE',''
  ) );
#4015 = PCURVE('',#1983,#4016);
#4016 = DEFINITIONAL_REPRESENTATION('',(#4017),#4021);
#4017 = LINE('',#4018,#4019);
#4018 = CARTESIAN_POINT('',(0.,2.));
#4019 = VECTOR('',#4020,1.);
#4020 = DIRECTION('',(1.,0.));
#4021 = ( GEOMETRIC_REPRESENTATION_CONTEXT(2) 
PARAMETRIC_REPRESENTATION_CONTEXT() REPRESENTATION_CONTEXT('2D SPACE',''
  ) );
#4022 = ORIENTED_EDGE('',*,*,#4023,.F.);
#4023 = EDGE_CURVE('',#4024,#3996,#4026,.T.);
#4024 = VERTEX_POINT('',#4025);
#4025 = CARTESIAN_POINT('',(-4.446261863234,12.216004070217,0.));
#4026 = SURFACE_CURVE('',#4027,(#4032,#4043),.PCURVE_S1.);
#4027 = CIRCLE('',#4028,1.);
#4028 = AXIS2_PLACEMENT_3D('',#4029,#4030,#4031);
#4029 = CARTESIAN_POINT('',(-4.788282006559,13.155696691003,0.));
#4030 = DIRECTION('',(0.,0.,-1.));
#4031 = DIRECTION('',(0.342020143326,-0.939692620786,0.));
#4032 = PCURVE('',#73,#4033);
#4033 = DEFINITIONAL_REPRESENTATION('',(#4034),#4042);
#4034 = ( BOUNDED_CURVE() B_SPLINE_CURVE(2,(#4035,#4036,#4037,#4038,
#4039,#4040,#4041),.UNSPECIFIED.,.T.,.F.) B_SPLINE_CURVE_WITH_KNOTS((1,2
    ,2,2,2,1),(-2.094395102393,0.,2.094395102393,4.188790204786,
6.28318530718,8.377580409573),.UNSPECIFIED.) CURVE() 
GEOMETRIC_REPRESENTATION_ITEM() RATIONAL_B_SPLINE_CURVE((1.,0.5,1.,0.5,
1.,0.5,1.)) REPRESENTATION_ITEM('') );
#4035 = CARTESIAN_POINT('',(-4.446261863234,12.216004070217));
#4036 = CARTESIAN_POINT('',(-6.073857225932,11.623607804765));
#4037 = CARTESIAN_POINT('',(-5.773089759571,13.32934486867));
#4038 = CARTESIAN_POINT('',(-5.472322293211,15.035081932575));
#4039 = CARTESIAN_POINT('',(-4.145494396873,13.921741134122));
#4040 = CARTESIAN_POINT('',(-2.818666500535,12.808400335669));
#4041 = CARTESIAN_POINT('',(-4.446261863234,12.216004070217));
#4042 = ( GEOMETRIC_REPRESENTATION_CONTEXT(2) 
PARAMETRIC_REPRESENTATION_CONTEXT() REPRESENTATION_CONTEXT('2D SPACE',''
  ) );
#4043 = PCURVE('',#4044,#4049);
#4044 = CYLINDRICAL_SURFACE('',#4045,1.);
#4045 = AXIS2_PLACEMENT_3D('',#4046,#4047,#4048);
#4046 = CARTESIAN_POINT('',(-4.788282006559,13.155696691003,2.));
#4047 = DIRECTION('',(0.,0.,-1.));
#4048 = DIRECTION('',(0.342020143326,-0.939692620786,0.));
#4049 = DEFINITIONAL_REPRESENTATION('',(#4050),#4054);
#4050 = LINE('',#4051,#4052);
#4051 = CARTESIAN_POINT('',(0.,2.));
#4052 = VECTOR('',#4053,1.);
#4053 = DIRECTION('',(1.,0.));
#4054 = ( GEOMETRIC_REPRESENTATION_CONTEXT(2) 
PARAMETRIC_REPRESENTATION_CONTEXT() REPRESENTATION_CONTEXT('2D SPACE',''
  ) );
#4055 = ORIENTED_EDGE('',*,*,#4056,.T.);
#4056 = EDGE_CURVE('',#4024,#4057,#4059,.T.);
#4057 = VERTEX_POINT('',#4058);
#4058 = CARTESIAN_POINT('',(4.446261863234,12.216004070217,0.));
#4059 = SURFACE_CURVE('',#4060,(#4065,#4076),.PCURVE_S1.);
#4060 = CIRCLE('',#4061,13.);
#4061 = AXIS2_PLACEMENT_3D('',#4062,#4063,#4064);
#4062 = CARTESIAN_POINT('',(-2.137179322403E-14,-6.439293542826E-14,0.)
  );
#4063 = DIRECTION('',(0.,0.,-1.));
#4064 = DIRECTION('',(1.643984094156E-15,1.,0.));
#4065 = PCURVE('',#73,#4066);
#4066 = DEFINITIONAL_REPRESENTATION('',(#4067),#4075);
#4067 = ( BOUNDED_CURVE() B_SPLINE_CURVE(2,(#4068,#4069,#4070,#4071,
#4072,#4073,#4074),.UNSPECIFIED.,.T.,.F.) B_SPLINE_CURVE_WITH_KNOTS((1,2
    ,2,2,2,1),(-2.094395102393,0.,2.094395102393,4.188790204786,
6.28318530718,8.377580409573),.UNSPECIFIED.) CURVE() 
GEOMETRIC_REPRESENTATION_ITEM() RATIONAL_B_SPLINE_CURVE((1.,0.5,1.,0.5,
1.,0.5,1.)) REPRESENTATION_ITEM('') );
#4068 = CARTESIAN_POINT('',(-2.839899258796E-29,13.));
#4069 = CARTESIAN_POINT('',(22.516660498396,13.));
#4070 = CARTESIAN_POINT('',(11.258330249198,-6.5));
#4071 = CARTESIAN_POINT('',(-6.093129799432E-14,-26.));
#4072 = CARTESIAN_POINT('',(-11.25833024919,-6.5));
#4073 = CARTESIAN_POINT('',(-22.51666049839,13.));
#4074 = CARTESIAN_POINT('',(-2.839899258796E-29,13.));
#4075 = ( GEOMETRIC_REPRESENTATION_CONTEXT(2) 
PARAMETRIC_REPRESENTATION_CONTEXT() REPRESENTATION_CONTEXT('2D SPACE',''
  ) );
#4076 = PCURVE('',#4077,#4082);
#4077 = CYLINDRICAL_SURFACE('',#4078,13.);
#4078 = AXIS2_PLACEMENT_3D('',#4079,#4080,#4081);
#4079 = CARTESIAN_POINT('',(0.,0.,2.));
#4080 = DIRECTION('',(0.,0.,1.));
#4081 = DIRECTION('',(-4.440892098501E-16,1.,0.));
#4082 = DEFINITIONAL_REPRESENTATION('',(#4083),#4087);
#4083 = LINE('',#4084,#4085);
#4084 = CARTESIAN_POINT('',(12.566370614359,-2.));
#4085 = VECTOR('',#4086,1.);
#4086 = DIRECTION('',(-1.,0.));
#4087 = ( GEOMETRIC_REPRESENTATION_CONTEXT(2) 
PARAMETRIC_REPRESENTATION_CONTEXT() REPRESENTATION_CONTEXT('2D SPACE',''
  ) );
#4088 = ORIENTED_EDGE('',*,*,#4089,.T.);
#4089 = EDGE_CURVE('',#4057,#4090,#4092,.T.);
#4090 = VERTEX_POINT('',#4091);
#4091 = CARTESIAN_POINT('',(3.078181317936,8.45723357688,0.));
#4092 = SURFACE_CURVE('',#4093,(#4098,#4109),.PCURVE_S1.);
#4093 = CIRCLE('',#4094,2.);
#4094 = AXIS2_PLACEMENT_3D('',#4095,#4096,#4097);
#4095 = CARTESIAN_POINT('',(3.762221576582,10.336618828645,0.));
#4096 = DIRECTION('',(0.,0.,-1.));
#4097 = DIRECTION('',(0.342020143326,0.939692620786,0.));
#4098 = PCURVE('',#73,#4099);
#4099 = DEFINITIONAL_REPRESENTATION('',(#4100),#4108);
#4100 = ( BOUNDED_CURVE() B_SPLINE_CURVE(2,(#4101,#4102,#4103,#4104,
#4105,#4106,#4107),.UNSPECIFIED.,.T.,.F.) B_SPLINE_CURVE_WITH_KNOTS((1,2
    ,2,2,2,1),(-2.094395102393,0.,2.094395102393,4.188790204786,
6.28318530718,8.377580409573),.UNSPECIFIED.) CURVE() 
GEOMETRIC_REPRESENTATION_ITEM() RATIONAL_B_SPLINE_CURVE((1.,0.5,1.,0.5,
1.,0.5,1.)) REPRESENTATION_ITEM('') );
#4101 = CARTESIAN_POINT('',(4.446261863234,12.216004070217));
#4102 = CARTESIAN_POINT('',(7.701452588631,11.031211539313));
#4103 = CARTESIAN_POINT('',(5.047796795955,8.804529942407));
#4104 = CARTESIAN_POINT('',(2.39414100328,6.577848345501));
#4105 = CARTESIAN_POINT('',(1.792606070558,9.989322473311));
#4106 = CARTESIAN_POINT('',(1.191071137836,13.400796601121));
#4107 = CARTESIAN_POINT('',(4.446261863234,12.216004070217));
#4108 = ( GEOMETRIC_REPRESENTATION_CONTEXT(2) 
PARAMETRIC_REPRESENTATION_CONTEXT() REPRESENTATION_CONTEXT('2D SPACE',''
  ) );
#4109 = PCURVE('',#4110,#4115);
#4110 = CYLINDRICAL_SURFACE('',#4111,2.);
#4111 = AXIS2_PLACEMENT_3D('',#4112,#4113,#4114);
#4112 = CARTESIAN_POINT('',(3.762221576582,10.336618828645,2.));
#4113 = DIRECTION('',(0.,0.,-1.));
#4114 = DIRECTION('',(0.342020157328,0.939692615689,0.));
#4115 = DEFINITIONAL_REPRESENTATION('',(#4116),#4120);
#4116 = LINE('',#4117,#4118);
#4117 = CARTESIAN_POINT('',(-1.490115408842E-08,2.));
#4118 = VECTOR('',#4119,1.);
#4119 = DIRECTION('',(1.,0.));
#4120 = ( GEOMETRIC_REPRESENTATION_CONTEXT(2) 
PARAMETRIC_REPRESENTATION_CONTEXT() REPRESENTATION_CONTEXT('2D SPACE',''
  ) );
#4121 = ORIENTED_EDGE('',*,*,#4122,.T.);
#4122 = EDGE_CURVE('',#4090,#4123,#4125,.T.);
#4123 = VERTEX_POINT('',#4124);
#4124 = CARTESIAN_POINT('',(-3.078181261926,8.457233597266,0.));
#4125 = SURFACE_CURVE('',#4126,(#4131,#4138),.PCURVE_S1.);
#4126 = CIRCLE('',#4127,9.);
#4127 = AXIS2_PLACEMENT_3D('',#4128,#4129,#4130);
#4128 = CARTESIAN_POINT('',(-4.961978293186E-15,-2.775557561563E-14,0.)
  );
#4129 = DIRECTION('',(0.,0.,1.));
#4130 = DIRECTION('',(0.342020146437,0.939692619653,-0.));
#4131 = PCURVE('',#73,#4132);
#4132 = DEFINITIONAL_REPRESENTATION('',(#4133),#4137);
#4133 = CIRCLE('',#4134,9.);
#4134 = AXIS2_PLACEMENT_2D('',#4135,#4136);
#4135 = CARTESIAN_POINT('',(-4.961978293186E-15,-2.775557561563E-14));
#4136 = DIRECTION('',(0.342020146437,0.939692619653));
#4137 = ( GEOMETRIC_REPRESENTATION_CONTEXT(2) 
PARAMETRIC_REPRESENTATION_CONTEXT() REPRESENTATION_CONTEXT('2D SPACE',''
  ) );
#4138 = PCURVE('',#4139,#4144);
#4139 = CYLINDRICAL_SURFACE('',#4140,9.);
#4140 = AXIS2_PLACEMENT_3D('',#4141,#4142,#4143);
#4141 = CARTESIAN_POINT('',(-4.440892098501E-15,-8.881784197001E-15,2.)
  );
#4142 = DIRECTION('',(0.,0.,1.));
#4143 = DIRECTION('',(0.342020143326,0.939692620786,-0.));
#4144 = DEFINITIONAL_REPRESENTATION('',(#4145),#4149);
#4145 = LINE('',#4146,#4147);
#4146 = CARTESIAN_POINT('',(-3.311367180459E-09,-2.));
#4147 = VECTOR('',#4148,1.);
#4148 = DIRECTION('',(1.,0.));
#4149 = ( GEOMETRIC_REPRESENTATION_CONTEXT(2) 
PARAMETRIC_REPRESENTATION_CONTEXT() REPRESENTATION_CONTEXT('2D SPACE',''
  ) );
#4150 = ORIENTED_EDGE('',*,*,#4151,.T.);
#4151 = EDGE_CURVE('',#4123,#4152,#4154,.T.);
#4152 = VERTEX_POINT('',#4153);
#4153 = CARTESIAN_POINT('',(-2.394141055538,6.577848326481,0.));
#4154 = SURFACE_CURVE('',#4155,(#4160,#4167),.PCURVE_S1.);
#4155 = CIRCLE('',#4156,1.);
#4156 = AXIS2_PLACEMENT_3D('',#4157,#4158,#4159);
#4157 = CARTESIAN_POINT('',(-2.736161146605,7.517540966287,0.));
#4158 = DIRECTION('',(0.,0.,1.));
#4159 = DIRECTION('',(-0.342020115321,0.939692630979,0.));
#4160 = PCURVE('',#73,#4161);
#4161 = DEFINITIONAL_REPRESENTATION('',(#4162),#4166);
#4162 = CIRCLE('',#4163,1.);
#4163 = AXIS2_PLACEMENT_2D('',#4164,#4165);
#4164 = CARTESIAN_POINT('',(-2.736161146605,7.517540966287));
#4165 = DIRECTION('',(-0.342020115321,0.939692630979));
#4166 = ( GEOMETRIC_REPRESENTATION_CONTEXT(2) 
PARAMETRIC_REPRESENTATION_CONTEXT() REPRESENTATION_CONTEXT('2D SPACE',''
  ) );
#4167 = PCURVE('',#4168,#4173);
#4168 = CYLINDRICAL_SURFACE('',#4169,1.);
#4169 = AXIS2_PLACEMENT_3D('',#4170,#4171,#4172);
#4170 = CARTESIAN_POINT('',(-2.736161146605,7.517540966287,2.));
#4171 = DIRECTION('',(0.,0.,1.));
#4172 = DIRECTION('',(-0.342020143326,0.939692620786,0.));
#4173 = DEFINITIONAL_REPRESENTATION('',(#4174),#4178);
#4174 = LINE('',#4175,#4176);
#4175 = CARTESIAN_POINT('',(-2.980230373595E-08,-2.));
#4176 = VECTOR('',#4177,1.);
#4177 = DIRECTION('',(1.,0.));
#4178 = ( GEOMETRIC_REPRESENTATION_CONTEXT(2) 
PARAMETRIC_REPRESENTATION_CONTEXT() REPRESENTATION_CONTEXT('2D SPACE',''
  ) );
#4179 = ORIENTED_EDGE('',*,*,#4180,.F.);
#4180 = EDGE_CURVE('',#22,#4152,#4181,.T.);
#4181 = SURFACE_CURVE('',#4182,(#4187,#4194),.PCURVE_S1.);
#4182 = CIRCLE('',#4183,7.);
#4183 = AXIS2_PLACEMENT_3D('',#4184,#4185,#4186);
#4184 = CARTESIAN_POINT('',(0.,0.,0.));
#4185 = DIRECTION('',(0.,0.,1.));
#4186 = DIRECTION('',(1.,0.,-0.));
#4187 = PCURVE('',#73,#4188);
#4188 = DEFINITIONAL_REPRESENTATION('',(#4189),#4193);
#4189 = CIRCLE('',#4190,7.);
#4190 = AXIS2_PLACEMENT_2D('',#4191,#4192);
#4191 = CARTESIAN_POINT('',(0.,0.));
#4192 = DIRECTION('',(1.,0.));
#4193 = ( GEOMETRIC_REPRESENTATION_CONTEXT(2) 
PARAMETRIC_REPRESENTATION_CONTEXT() REPRESENTATION_CONTEXT('2D SPACE',''
  ) );
#4194 = PCURVE('',#44,#4195);
#4195 = DEFINITIONAL_REPRESENTATION('',(#4196),#4200);
#4196 = LINE('',#4197,#4198);
#4197 = CARTESIAN_POINT('',(0.,0.));
#4198 = VECTOR('',#4199,1.);
#4199 = DIRECTION('',(1.,0.));
#4200 = ( GEOMETRIC_REPRESENTATION_CONTEXT(2) 
PARAMETRIC_REPRESENTATION_CONTEXT() REPRESENTATION_CONTEXT('2D SPACE',''
  ) );
#4201 = ORIENTED_EDGE('',*,*,#56,.F.);
#4202 = FACE_BOUND('',#4203,.T.);
#4203 = EDGE_LOOP('',(#4204,#4205,#4229,#4262,#4291,#4324,#4357,#4386,
    #4412,#4413,#4414,#4415,#4441,#4442,#4443,#4471,#4504,#4537,#4570,
    #4599,#4628,#4650));
#4204 = ORIENTED_EDGE('',*,*,#588,.F.);
#4205 = ORIENTED_EDGE('',*,*,#4206,.F.);
#4206 = EDGE_CURVE('',#4207,#561,#4209,.T.);
#4207 = VERTEX_POINT('',#4208);
#4208 = CARTESIAN_POINT('',(3.420201447259,9.396926202763,0.));
#4209 = SURFACE_CURVE('',#4210,(#4215,#4222),.PCURVE_S1.);
#4210 = CIRCLE('',#4211,10.);
#4211 = AXIS2_PLACEMENT_3D('',#4212,#4213,#4214);
#4212 = CARTESIAN_POINT('',(1.542638687785E-15,-6.661338147751E-15,0.));
#4213 = DIRECTION('',(0.,0.,1.));
#4214 = DIRECTION('',(0.342020144726,0.939692620276,-0.));
#4215 = PCURVE('',#73,#4216);
#4216 = DEFINITIONAL_REPRESENTATION('',(#4217),#4221);
#4217 = CIRCLE('',#4218,10.);
#4218 = AXIS2_PLACEMENT_2D('',#4219,#4220);
#4219 = CARTESIAN_POINT('',(1.542638687785E-15,-6.661338147751E-15));
#4220 = DIRECTION('',(0.342020144726,0.939692620276));
#4221 = ( GEOMETRIC_REPRESENTATION_CONTEXT(2) 
PARAMETRIC_REPRESENTATION_CONTEXT() REPRESENTATION_CONTEXT('2D SPACE',''
  ) );
#4222 = PCURVE('',#576,#4223);
#4223 = DEFINITIONAL_REPRESENTATION('',(#4224),#4228);
#4224 = LINE('',#4225,#4226);
#4225 = CARTESIAN_POINT('',(-1.490115586478E-09,-2.));
#4226 = VECTOR('',#4227,1.);
#4227 = DIRECTION('',(1.,0.));
#4228 = ( GEOMETRIC_REPRESENTATION_CONTEXT(2) 
PARAMETRIC_REPRESENTATION_CONTEXT() REPRESENTATION_CONTEXT('2D SPACE',''
  ) );
#4229 = ORIENTED_EDGE('',*,*,#4230,.F.);
#4230 = EDGE_CURVE('',#4231,#4207,#4233,.T.);
#4231 = VERTEX_POINT('',#4232);
#4232 = CARTESIAN_POINT('',(4.104241719908,11.276311449431,0.));
#4233 = SURFACE_CURVE('',#4234,(#4239,#4250),.PCURVE_S1.);
#4234 = CIRCLE('',#4235,1.);
#4235 = AXIS2_PLACEMENT_3D('',#4236,#4237,#4238);
#4236 = CARTESIAN_POINT('',(3.762221576582,10.336618828645,0.));
#4237 = DIRECTION('',(0.,0.,-1.));
#4238 = DIRECTION('',(0.342020143326,0.939692620786,0.));
#4239 = PCURVE('',#73,#4240);
#4240 = DEFINITIONAL_REPRESENTATION('',(#4241),#4249);
#4241 = ( BOUNDED_CURVE() B_SPLINE_CURVE(2,(#4242,#4243,#4244,#4245,
#4246,#4247,#4248),.UNSPECIFIED.,.T.,.F.) B_SPLINE_CURVE_WITH_KNOTS((1,2
    ,2,2,2,1),(-2.094395102393,0.,2.094395102393,4.188790204786,
6.28318530718,8.377580409573),.UNSPECIFIED.) CURVE() 
GEOMETRIC_REPRESENTATION_ITEM() RATIONAL_B_SPLINE_CURVE((1.,0.5,1.,0.5,
1.,0.5,1.)) REPRESENTATION_ITEM('') );
#4242 = CARTESIAN_POINT('',(4.104241719908,11.276311449431));
#4243 = CARTESIAN_POINT('',(5.731837082607,10.683915183979));
#4244 = CARTESIAN_POINT('',(4.405009186269,9.570574385526));
#4245 = CARTESIAN_POINT('',(3.078181289931,8.457233587073));
#4246 = CARTESIAN_POINT('',(2.77741382357,10.162970650978));
#4247 = CARTESIAN_POINT('',(2.476646357209,11.868707714883));
#4248 = CARTESIAN_POINT('',(4.104241719908,11.276311449431));
#4249 = ( GEOMETRIC_REPRESENTATION_CONTEXT(2) 
PARAMETRIC_REPRESENTATION_CONTEXT() REPRESENTATION_CONTEXT('2D SPACE',''
  ) );
#4250 = PCURVE('',#4251,#4256);
#4251 = CYLINDRICAL_SURFACE('',#4252,1.);
#4252 = AXIS2_PLACEMENT_3D('',#4253,#4254,#4255);
#4253 = CARTESIAN_POINT('',(3.762221576582,10.336618828645,2.));
#4254 = DIRECTION('',(0.,0.,-1.));
#4255 = DIRECTION('',(0.342020157328,0.939692615689,0.));
#4256 = DEFINITIONAL_REPRESENTATION('',(#4257),#4261);
#4257 = LINE('',#4258,#4259);
#4258 = CARTESIAN_POINT('',(-1.490115053571E-08,2.));
#4259 = VECTOR('',#4260,1.);
#4260 = DIRECTION('',(1.,0.));
#4261 = ( GEOMETRIC_REPRESENTATION_CONTEXT(2) 
PARAMETRIC_REPRESENTATION_CONTEXT() REPRESENTATION_CONTEXT('2D SPACE',''
  ) );
#4262 = ORIENTED_EDGE('',*,*,#4263,.T.);
#4263 = EDGE_CURVE('',#4231,#4264,#4266,.T.);
#4264 = VERTEX_POINT('',#4265);
#4265 = CARTESIAN_POINT('',(-4.104241719908,11.276311449431,0.));
#4266 = SURFACE_CURVE('',#4267,(#4272,#4279),.PCURVE_S1.);
#4267 = CIRCLE('',#4268,12.);
#4268 = AXIS2_PLACEMENT_3D('',#4269,#4270,#4271);
#4269 = CARTESIAN_POINT('',(-2.470246229791E-14,8.215650382226E-14,0.));
#4270 = DIRECTION('',(0.,0.,1.));
#4271 = DIRECTION('',(2.058538524826E-15,1.,-0.));
#4272 = PCURVE('',#73,#4273);
#4273 = DEFINITIONAL_REPRESENTATION('',(#4274),#4278);
#4274 = CIRCLE('',#4275,12.);
#4275 = AXIS2_PLACEMENT_2D('',#4276,#4277);
#4276 = CARTESIAN_POINT('',(-2.470246229791E-14,8.215650382226E-14));
#4277 = DIRECTION('',(2.058538524826E-15,1.));
#4278 = ( GEOMETRIC_REPRESENTATION_CONTEXT(2) 
PARAMETRIC_REPRESENTATION_CONTEXT() REPRESENTATION_CONTEXT('2D SPACE',''
  ) );
#4279 = PCURVE('',#4280,#4285);
#4280 = CYLINDRICAL_SURFACE('',#4281,12.);
#4281 = AXIS2_PLACEMENT_3D('',#4282,#4283,#4284);
#4282 = CARTESIAN_POINT('',(0.,0.,2.));
#4283 = DIRECTION('',(0.,0.,1.));
#4284 = DIRECTION('',(-4.440892098501E-16,1.,0.));
#4285 = DEFINITIONAL_REPRESENTATION('',(#4286),#4290);
#4286 = LINE('',#4287,#4288);
#4287 = CARTESIAN_POINT('',(1.7763568394E-15,-2.));
#4288 = VECTOR('',#4289,1.);
#4289 = DIRECTION('',(1.,0.));
#4290 = ( GEOMETRIC_REPRESENTATION_CONTEXT(2) 
PARAMETRIC_REPRESENTATION_CONTEXT() REPRESENTATION_CONTEXT('2D SPACE',''
  ) );
#4291 = ORIENTED_EDGE('',*,*,#4292,.T.);
#4292 = EDGE_CURVE('',#4264,#4293,#4295,.T.);
#4293 = VERTEX_POINT('',#4294);
#4294 = CARTESIAN_POINT('',(-5.47232229321,15.035081932575,0.));
#4295 = SURFACE_CURVE('',#4296,(#4301,#4312),.PCURVE_S1.);
#4296 = CIRCLE('',#4297,2.);
#4297 = AXIS2_PLACEMENT_3D('',#4298,#4299,#4300);
#4298 = CARTESIAN_POINT('',(-4.788282006559,13.155696691003,0.));
#4299 = DIRECTION('',(0.,0.,-1.));
#4300 = DIRECTION('',(0.342020143326,-0.939692620786,0.));
#4301 = PCURVE('',#73,#4302);
#4302 = DEFINITIONAL_REPRESENTATION('',(#4303),#4311);
#4303 = ( BOUNDED_CURVE() B_SPLINE_CURVE(2,(#4304,#4305,#4306,#4307,
#4308,#4309,#4310),.UNSPECIFIED.,.T.,.F.) B_SPLINE_CURVE_WITH_KNOTS((1,2
    ,2,2,2,1),(-2.094395102393,0.,2.094395102393,4.188790204786,
6.28318530718,8.377580409573),.UNSPECIFIED.) CURVE() 
GEOMETRIC_REPRESENTATION_ITEM() RATIONAL_B_SPLINE_CURVE((1.,0.5,1.,0.5,
1.,0.5,1.)) REPRESENTATION_ITEM('') );
#4304 = CARTESIAN_POINT('',(-4.104241719908,11.276311449431));
#4305 = CARTESIAN_POINT('',(-7.359432445305,10.091518918527));
#4306 = CARTESIAN_POINT('',(-6.757897512584,13.502993046337));
#4307 = CARTESIAN_POINT('',(-6.156362579862,16.914467174146));
#4308 = CARTESIAN_POINT('',(-3.502706787186,14.687785577241));
#4309 = CARTESIAN_POINT('',(-0.84905099451,12.461103980335));
#4310 = CARTESIAN_POINT('',(-4.104241719908,11.276311449431));
#4311 = ( GEOMETRIC_REPRESENTATION_CONTEXT(2) 
PARAMETRIC_REPRESENTATION_CONTEXT() REPRESENTATION_CONTEXT('2D SPACE',''
  ) );
#4312 = PCURVE('',#4313,#4318);
#4313 = CYLINDRICAL_SURFACE('',#4314,2.);
#4314 = AXIS2_PLACEMENT_3D('',#4315,#4316,#4317);
#4315 = CARTESIAN_POINT('',(-4.788282006559,13.155696691003,2.));
#4316 = DIRECTION('',(0.,0.,-1.));
#4317 = DIRECTION('',(0.342020143326,-0.939692620786,0.));
#4318 = DEFINITIONAL_REPRESENTATION('',(#4319),#4323);
#4319 = LINE('',#4320,#4321);
#4320 = CARTESIAN_POINT('',(0.,2.));
#4321 = VECTOR('',#4322,1.);
#4322 = DIRECTION('',(1.,0.));
#4323 = ( GEOMETRIC_REPRESENTATION_CONTEXT(2) 
PARAMETRIC_REPRESENTATION_CONTEXT() REPRESENTATION_CONTEXT('2D SPACE',''
  ) );
#4324 = ORIENTED_EDGE('',*,*,#4325,.T.);
#4325 = EDGE_CURVE('',#4293,#4326,#4328,.T.);
#4326 = VERTEX_POINT('',#4327);
#4327 = CARTESIAN_POINT('',(5.47232229321,15.035081932575,0.));
#4328 = SURFACE_CURVE('',#4329,(#4334,#4345),.PCURVE_S1.);
#4329 = CIRCLE('',#4330,16.);
#4330 = AXIS2_PLACEMENT_3D('',#4331,#4332,#4333);
#4331 = CARTESIAN_POINT('',(3.995459876927E-16,8.881784197001E-15,0.));
#4332 = DIRECTION('',(0.,0.,-1.));
#4333 = DIRECTION('',(-0.342020143326,0.939692620786,0.));
#4334 = PCURVE('',#73,#4335);
#4335 = DEFINITIONAL_REPRESENTATION('',(#4336),#4344);
#4336 = ( BOUNDED_CURVE() B_SPLINE_CURVE(2,(#4337,#4338,#4339,#4340,
#4341,#4342,#4343),.UNSPECIFIED.,.T.,.F.) B_SPLINE_CURVE_WITH_KNOTS((1,2
    ,2,2,2,1),(-2.094395102393,0.,2.094395102393,4.188790204786,
6.28318530718,8.377580409573),.UNSPECIFIED.) CURVE() 
GEOMETRIC_REPRESENTATION_ITEM() RATIONAL_B_SPLINE_CURVE((1.,0.5,1.,0.5,
1.,0.5,1.)) REPRESENTATION_ITEM('') );
#4337 = CARTESIAN_POINT('',(-5.47232229321,15.035081932575));
#4338 = CARTESIAN_POINT('',(20.56920350997,24.513422179807));
#4339 = CARTESIAN_POINT('',(15.756924048195,-2.778370842671));
#4340 = CARTESIAN_POINT('',(10.944644586421,-30.07016386514));
#4341 = CARTESIAN_POINT('',(-10.28460175498,-12.2567110899));
#4342 = CARTESIAN_POINT('',(-31.51384809639,5.556741685342));
#4343 = CARTESIAN_POINT('',(-5.47232229321,15.035081932575));
#4344 = ( GEOMETRIC_REPRESENTATION_CONTEXT(2) 
PARAMETRIC_REPRESENTATION_CONTEXT() REPRESENTATION_CONTEXT('2D SPACE',''
  ) );
#4345 = PCURVE('',#4346,#4351);
#4346 = CYLINDRICAL_SURFACE('',#4347,16.);
#4347 = AXIS2_PLACEMENT_3D('',#4348,#4349,#4350);
#4348 = CARTESIAN_POINT('',(-1.110223024625E-15,0.,2.));
#4349 = DIRECTION('',(0.,0.,-1.));
#4350 = DIRECTION('',(-0.342020143326,0.939692620786,0.));
#4351 = DEFINITIONAL_REPRESENTATION('',(#4352),#4356);
#4352 = LINE('',#4353,#4354);
#4353 = CARTESIAN_POINT('',(0.,2.));
#4354 = VECTOR('',#4355,1.);
#4355 = DIRECTION('',(1.,0.));
#4356 = ( GEOMETRIC_REPRESENTATION_CONTEXT(2) 
PARAMETRIC_REPRESENTATION_CONTEXT() REPRESENTATION_CONTEXT('2D SPACE',''
  ) );
#4357 = ORIENTED_EDGE('',*,*,#4358,.T.);
#4358 = EDGE_CURVE('',#4326,#4359,#4361,.T.);
#4359 = VERTEX_POINT('',#4360);
#4360 = CARTESIAN_POINT('',(6.156362579862,16.914467174146,0.));
#4361 = SURFACE_CURVE('',#4362,(#4367,#4374),.PCURVE_S1.);
#4362 = CIRCLE('',#4363,1.);
#4363 = AXIS2_PLACEMENT_3D('',#4364,#4365,#4366);
#4364 = CARTESIAN_POINT('',(5.814342436536,15.974774553361,0.));
#4365 = DIRECTION('',(0.,0.,1.));
#4366 = DIRECTION('',(-0.342020143326,-0.939692620786,0.));
#4367 = PCURVE('',#73,#4368);
#4368 = DEFINITIONAL_REPRESENTATION('',(#4369),#4373);
#4369 = CIRCLE('',#4370,1.);
#4370 = AXIS2_PLACEMENT_2D('',#4371,#4372);
#4371 = CARTESIAN_POINT('',(5.814342436536,15.974774553361));
#4372 = DIRECTION('',(-0.342020143326,-0.939692620786));
#4373 = ( GEOMETRIC_REPRESENTATION_CONTEXT(2) 
PARAMETRIC_REPRESENTATION_CONTEXT() REPRESENTATION_CONTEXT('2D SPACE',''
  ) );
#4374 = PCURVE('',#4375,#4380);
#4375 = CYLINDRICAL_SURFACE('',#4376,1.);
#4376 = AXIS2_PLACEMENT_3D('',#4377,#4378,#4379);
#4377 = CARTESIAN_POINT('',(5.814342436536,15.974774553361,2.));
#4378 = DIRECTION('',(0.,0.,1.));
#4379 = DIRECTION('',(-0.342020143326,-0.939692620786,0.));
#4380 = DEFINITIONAL_REPRESENTATION('',(#4381),#4385);
#4381 = LINE('',#4382,#4383);
#4382 = CARTESIAN_POINT('',(0.,-2.));
#4383 = VECTOR('',#4384,1.);
#4384 = DIRECTION('',(1.,0.));
#4385 = ( GEOMETRIC_REPRESENTATION_CONTEXT(2) 
PARAMETRIC_REPRESENTATION_CONTEXT() REPRESENTATION_CONTEXT('2D SPACE',''
  ) );
#4386 = ORIENTED_EDGE('',*,*,#4387,.F.);
#4387 = EDGE_CURVE('',#1750,#4359,#4388,.T.);
#4388 = SURFACE_CURVE('',#4389,(#4394,#4405),.PCURVE_S1.);
#4389 = CIRCLE('',#4390,18.);
#4390 = AXIS2_PLACEMENT_3D('',#4391,#4392,#4393);
#4391 = CARTESIAN_POINT('',(0.,0.,0.));
#4392 = DIRECTION('',(0.,0.,-1.));
#4393 = DIRECTION('',(1.,0.,0.));
#4394 = PCURVE('',#73,#4395);
#4395 = DEFINITIONAL_REPRESENTATION('',(#4396),#4404);
#4396 = ( BOUNDED_CURVE() B_SPLINE_CURVE(2,(#4397,#4398,#4399,#4400,
#4401,#4402,#4403),.UNSPECIFIED.,.T.,.F.) B_SPLINE_CURVE_WITH_KNOTS((1,2
    ,2,2,2,1),(-2.094395102393,0.,2.094395102393,4.188790204786,
6.28318530718,8.377580409573),.UNSPECIFIED.) CURVE() 
GEOMETRIC_REPRESENTATION_ITEM() RATIONAL_B_SPLINE_CURVE((1.,0.5,1.,0.5,
1.,0.5,1.)) REPRESENTATION_ITEM('') );
#4397 = CARTESIAN_POINT('',(18.,0.));
#4398 = CARTESIAN_POINT('',(18.,-31.17691453624));
#4399 = CARTESIAN_POINT('',(-9.,-15.58845726812));
#4400 = CARTESIAN_POINT('',(-36.,-4.40872847693E-15));
#4401 = CARTESIAN_POINT('',(-9.,15.58845726812));
#4402 = CARTESIAN_POINT('',(18.,31.17691453624));
#4403 = CARTESIAN_POINT('',(18.,0.));
#4404 = ( GEOMETRIC_REPRESENTATION_CONTEXT(2) 
PARAMETRIC_REPRESENTATION_CONTEXT() REPRESENTATION_CONTEXT('2D SPACE',''
  ) );
#4405 = PCURVE('',#1767,#4406);
#4406 = DEFINITIONAL_REPRESENTATION('',(#4407),#4411);
#4407 = LINE('',#4408,#4409);
#4408 = CARTESIAN_POINT('',(6.28318530718,0.));
#4409 = VECTOR('',#4410,1.);
#4410 = DIRECTION('',(-1.,0.));
#4411 = ( GEOMETRIC_REPRESENTATION_CONTEXT(2) 
PARAMETRIC_REPRESENTATION_CONTEXT() REPRESENTATION_CONTEXT('2D SPACE',''
  ) );
#4412 = ORIENTED_EDGE('',*,*,#1779,.F.);
#4413 = ORIENTED_EDGE('',*,*,#1668,.F.);
#4414 = ORIENTED_EDGE('',*,*,#1638,.F.);
#4415 = ORIENTED_EDGE('',*,*,#4416,.F.);
#4416 = EDGE_CURVE('',#812,#1559,#4417,.T.);
#4417 = SURFACE_CURVE('',#4418,(#4423,#4434),.PCURVE_S1.);
#4418 = CIRCLE('',#4419,18.);
#4419 = AXIS2_PLACEMENT_3D('',#4420,#4421,#4422);
#4420 = CARTESIAN_POINT('',(0.,0.,0.));
#4421 = DIRECTION('',(0.,0.,-1.));
#4422 = DIRECTION('',(1.,0.,0.));
#4423 = PCURVE('',#73,#4424);
#4424 = DEFINITIONAL_REPRESENTATION('',(#4425),#4433);
#4425 = ( BOUNDED_CURVE() B_SPLINE_CURVE(2,(#4426,#4427,#4428,#4429,
#4430,#4431,#4432),.UNSPECIFIED.,.T.,.F.) B_SPLINE_CURVE_WITH_KNOTS((1,2
    ,2,2,2,1),(-2.094395102393,0.,2.094395102393,4.188790204786,
6.28318530718,8.377580409573),.UNSPECIFIED.) CURVE() 
GEOMETRIC_REPRESENTATION_ITEM() RATIONAL_B_SPLINE_CURVE((1.,0.5,1.,0.5,
1.,0.5,1.)) REPRESENTATION_ITEM('') );
#4426 = CARTESIAN_POINT('',(18.,0.));
#4427 = CARTESIAN_POINT('',(18.,-31.17691453624));
#4428 = CARTESIAN_POINT('',(-9.,-15.58845726812));
#4429 = CARTESIAN_POINT('',(-36.,-4.40872847693E-15));
#4430 = CARTESIAN_POINT('',(-9.,15.58845726812));
#4431 = CARTESIAN_POINT('',(18.,31.17691453624));
#4432 = CARTESIAN_POINT('',(18.,0.));
#4433 = ( GEOMETRIC_REPRESENTATION_CONTEXT(2) 
PARAMETRIC_REPRESENTATION_CONTEXT() REPRESENTATION_CONTEXT('2D SPACE',''
  ) );
#4434 = PCURVE('',#834,#4435);
#4435 = DEFINITIONAL_REPRESENTATION('',(#4436),#4440);
#4436 = LINE('',#4437,#4438);
#4437 = CARTESIAN_POINT('',(6.28318530718,0.));
#4438 = VECTOR('',#4439,1.);
#4439 = DIRECTION('',(-1.,0.));
#4440 = ( GEOMETRIC_REPRESENTATION_CONTEXT(2) 
PARAMETRIC_REPRESENTATION_CONTEXT() REPRESENTATION_CONTEXT('2D SPACE',''
  ) );
#4441 = ORIENTED_EDGE('',*,*,#846,.F.);
#4442 = ORIENTED_EDGE('',*,*,#980,.F.);
#4443 = ORIENTED_EDGE('',*,*,#4444,.F.);
#4444 = EDGE_CURVE('',#4445,#953,#4447,.T.);
#4445 = VERTEX_POINT('',#4446);
#4446 = CARTESIAN_POINT('',(-9.641814145298,-11.49066664678,0.));
#4447 = SURFACE_CURVE('',#4448,(#4453,#4464),.PCURVE_S1.);
#4448 = CIRCLE('',#4449,15.);
#4449 = AXIS2_PLACEMENT_3D('',#4450,#4451,#4452);
#4450 = CARTESIAN_POINT('',(3.398928786956E-17,-8.940655370504E-15,0.));
#4451 = DIRECTION('',(0.,0.,-1.));
#4452 = DIRECTION('',(-0.642787609687,-0.766044443119,-0.));
#4453 = PCURVE('',#73,#4454);
#4454 = DEFINITIONAL_REPRESENTATION('',(#4455),#4463);
#4455 = ( BOUNDED_CURVE() B_SPLINE_CURVE(2,(#4456,#4457,#4458,#4459,
#4460,#4461,#4462),.UNSPECIFIED.,.T.,.F.) B_SPLINE_CURVE_WITH_KNOTS((1,2
    ,2,2,2,1),(-2.094395102393,0.,2.094395102393,4.188790204786,
6.28318530718,8.377580409573),.UNSPECIFIED.) CURVE() 
GEOMETRIC_REPRESENTATION_ITEM() RATIONAL_B_SPLINE_CURVE((1.,0.5,1.,0.5,
1.,0.5,1.)) REPRESENTATION_ITEM('') );
#4456 = CARTESIAN_POINT('',(-9.641814145298,-11.49066664678));
#4457 = CARTESIAN_POINT('',(-29.54423259036,5.209445330008));
#4458 = CARTESIAN_POINT('',(-5.130302149885,14.095389311789));
#4459 = CARTESIAN_POINT('',(19.283628290596,22.981333293569));
#4460 = CARTESIAN_POINT('',(14.772116295183,-2.604722665004));
#4461 = CARTESIAN_POINT('',(10.26060429977,-28.19077862357));
#4462 = CARTESIAN_POINT('',(-9.641814145298,-11.49066664678));
#4463 = ( GEOMETRIC_REPRESENTATION_CONTEXT(2) 
PARAMETRIC_REPRESENTATION_CONTEXT() REPRESENTATION_CONTEXT('2D SPACE',''
  ) );
#4464 = PCURVE('',#968,#4465);
#4465 = DEFINITIONAL_REPRESENTATION('',(#4466),#4470);
#4466 = LINE('',#4467,#4468);
#4467 = CARTESIAN_POINT('',(0.,2.));
#4468 = VECTOR('',#4469,1.);
#4469 = DIRECTION('',(1.,0.));
#4470 = ( GEOMETRIC_REPRESENTATION_CONTEXT(2) 
PARAMETRIC_REPRESENTATION_CONTEXT() REPRESENTATION_CONTEXT('2D SPACE',''
  ) );
#4471 = ORIENTED_EDGE('',*,*,#4472,.F.);
#4472 = EDGE_CURVE('',#4473,#4445,#4475,.T.);
#4473 = VERTEX_POINT('',#4474);
#4474 = CARTESIAN_POINT('',(-8.356238925925,-9.958577760547,0.));
#4475 = SURFACE_CURVE('',#4476,(#4481,#4492),.PCURVE_S1.);
#4476 = CIRCLE('',#4477,1.);
#4477 = AXIS2_PLACEMENT_3D('',#4478,#4479,#4480);
#4478 = CARTESIAN_POINT('',(-8.999026535612,-10.72462220366,0.));
#4479 = DIRECTION('',(0.,0.,-1.));
#4480 = DIRECTION('',(0.642787609687,0.766044443119,0.));
#4481 = PCURVE('',#73,#4482);
#4482 = DEFINITIONAL_REPRESENTATION('',(#4483),#4491);
#4483 = ( BOUNDED_CURVE() B_SPLINE_CURVE(2,(#4484,#4485,#4486,#4487,
#4488,#4489,#4490),.UNSPECIFIED.,.T.,.F.) B_SPLINE_CURVE_WITH_KNOTS((1,2
    ,2,2,2,1),(-2.094395102393,0.,2.094395102393,4.188790204786,
6.28318530718,8.377580409573),.UNSPECIFIED.) CURVE() 
GEOMETRIC_REPRESENTATION_ITEM() RATIONAL_B_SPLINE_CURVE((1.,0.5,1.,0.5,
1.,0.5,1.)) REPRESENTATION_ITEM('') );
#4484 = CARTESIAN_POINT('',(-8.356238925925,-9.958577760547));
#4485 = CARTESIAN_POINT('',(-7.029411029587,-11.07191855899));
#4486 = CARTESIAN_POINT('',(-8.657006392286,-11.66431482445));
#4487 = CARTESIAN_POINT('',(-10.28460175498,-12.2567110899));
#4488 = CARTESIAN_POINT('',(-9.983834288624,-10.55097402599));
#4489 = CARTESIAN_POINT('',(-9.683066822263,-8.845236962094));
#4490 = CARTESIAN_POINT('',(-8.356238925925,-9.958577760547));
#4491 = ( GEOMETRIC_REPRESENTATION_CONTEXT(2) 
PARAMETRIC_REPRESENTATION_CONTEXT() REPRESENTATION_CONTEXT('2D SPACE',''
  ) );
#4492 = PCURVE('',#4493,#4498);
#4493 = CYLINDRICAL_SURFACE('',#4494,1.);
#4494 = AXIS2_PLACEMENT_3D('',#4495,#4496,#4497);
#4495 = CARTESIAN_POINT('',(-8.999026535612,-10.72462220366,2.));
#4496 = DIRECTION('',(0.,0.,-1.));
#4497 = DIRECTION('',(0.642787609687,0.766044443119,0.));
#4498 = DEFINITIONAL_REPRESENTATION('',(#4499),#4503);
#4499 = LINE('',#4500,#4501);
#4500 = CARTESIAN_POINT('',(0.,2.));
#4501 = VECTOR('',#4502,1.);
#4502 = DIRECTION('',(1.,0.));
#4503 = ( GEOMETRIC_REPRESENTATION_CONTEXT(2) 
PARAMETRIC_REPRESENTATION_CONTEXT() REPRESENTATION_CONTEXT('2D SPACE',''
  ) );
#4504 = ORIENTED_EDGE('',*,*,#4505,.T.);
#4505 = EDGE_CURVE('',#4473,#4506,#4508,.T.);
#4506 = VERTEX_POINT('',#4507);
#4507 = CARTESIAN_POINT('',(-12.80250078915,-2.25742630967,0.));
#4508 = SURFACE_CURVE('',#4509,(#4514,#4525),.PCURVE_S1.);
#4509 = CIRCLE('',#4510,13.);
#4510 = AXIS2_PLACEMENT_3D('',#4511,#4512,#4513);
#4511 = CARTESIAN_POINT('',(6.645181451714E-14,1.368795185769E-14,0.));
#4512 = DIRECTION('',(0.,0.,-1.));
#4513 = DIRECTION('',(-0.866025403784,-0.5,-0.));
#4514 = PCURVE('',#73,#4515);
#4515 = DEFINITIONAL_REPRESENTATION('',(#4516),#4524);
#4516 = ( BOUNDED_CURVE() B_SPLINE_CURVE(2,(#4517,#4518,#4519,#4520,
#4521,#4522,#4523),.UNSPECIFIED.,.T.,.F.) B_SPLINE_CURVE_WITH_KNOTS((1,2
    ,2,2,2,1),(-2.094395102393,0.,2.094395102393,4.188790204786,
6.28318530718,8.377580409573),.UNSPECIFIED.) CURVE() 
GEOMETRIC_REPRESENTATION_ITEM() RATIONAL_B_SPLINE_CURVE((1.,0.5,1.,0.5,
1.,0.5,1.)) REPRESENTATION_ITEM('') );
#4517 = CARTESIAN_POINT('',(-11.25833024919,-6.5));
#4518 = CARTESIAN_POINT('',(-22.51666049839,13.));
#4519 = CARTESIAN_POINT('',(8.972463978794E-14,13.));
#4520 = CARTESIAN_POINT('',(22.516660498396,13.));
#4521 = CARTESIAN_POINT('',(11.258330249198,-6.5));
#4522 = CARTESIAN_POINT('',(3.55278521569E-14,-26.));
#4523 = CARTESIAN_POINT('',(-11.25833024919,-6.5));
#4524 = ( GEOMETRIC_REPRESENTATION_CONTEXT(2) 
PARAMETRIC_REPRESENTATION_CONTEXT() REPRESENTATION_CONTEXT('2D SPACE',''
  ) );
#4525 = PCURVE('',#4526,#4531);
#4526 = CYLINDRICAL_SURFACE('',#4527,13.);
#4527 = AXIS2_PLACEMENT_3D('',#4528,#4529,#4530);
#4528 = CARTESIAN_POINT('',(0.,0.,2.));
#4529 = DIRECTION('',(0.,0.,1.));
#4530 = DIRECTION('',(-0.866025403784,-0.5,0.));
#4531 = DEFINITIONAL_REPRESENTATION('',(#4532),#4536);
#4532 = LINE('',#4533,#4534);
#4533 = CARTESIAN_POINT('',(12.566370614359,-2.));
#4534 = VECTOR('',#4535,1.);
#4535 = DIRECTION('',(-1.,0.));
#4536 = ( GEOMETRIC_REPRESENTATION_CONTEXT(2) 
PARAMETRIC_REPRESENTATION_CONTEXT() REPRESENTATION_CONTEXT('2D SPACE',''
  ) );
#4537 = ORIENTED_EDGE('',*,*,#4538,.T.);
#4538 = EDGE_CURVE('',#4506,#4539,#4541,.T.);
#4539 = VERTEX_POINT('',#4540);
#4540 = CARTESIAN_POINT('',(-8.863269782285,-1.562833569653,0.));
#4541 = SURFACE_CURVE('',#4542,(#4547,#4558),.PCURVE_S1.);
#4542 = CIRCLE('',#4543,2.);
#4543 = AXIS2_PLACEMENT_3D('',#4544,#4545,#4546);
#4544 = CARTESIAN_POINT('',(-10.83288528313,-1.910129954336,0.));
#4545 = DIRECTION('',(0.,0.,-1.));
#4546 = DIRECTION('',(-0.984807753012,-0.173648177667,-0.));
#4547 = PCURVE('',#73,#4548);
#4548 = DEFINITIONAL_REPRESENTATION('',(#4549),#4557);
#4549 = ( BOUNDED_CURVE() B_SPLINE_CURVE(2,(#4550,#4551,#4552,#4553,
#4554,#4555,#4556),.UNSPECIFIED.,.T.,.F.) B_SPLINE_CURVE_WITH_KNOTS((1,2
    ,2,2,2,1),(-2.094395102393,0.,2.094395102393,4.188790204786,
6.28318530718,8.377580409573),.UNSPECIFIED.) CURVE() 
GEOMETRIC_REPRESENTATION_ITEM() RATIONAL_B_SPLINE_CURVE((1.,0.5,1.,0.5,
1.,0.5,1.)) REPRESENTATION_ITEM('') );
#4550 = CARTESIAN_POINT('',(-12.80250078915,-2.25742630967));
#4551 = CARTESIAN_POINT('',(-13.40403572188,1.15404781814));
#4552 = CARTESIAN_POINT('',(-10.14884499648,-3.074471276456E-02));
#4553 = CARTESIAN_POINT('',(-6.893654271085,-1.215537243669));
#4554 = CARTESIAN_POINT('',(-9.547310063761,-3.442218840574));
#4555 = CARTESIAN_POINT('',(-12.20096585643,-5.66890043748));
#4556 = CARTESIAN_POINT('',(-12.80250078915,-2.25742630967));
#4557 = ( GEOMETRIC_REPRESENTATION_CONTEXT(2) 
PARAMETRIC_REPRESENTATION_CONTEXT() REPRESENTATION_CONTEXT('2D SPACE',''
  ) );
#4558 = PCURVE('',#4559,#4564);
#4559 = CYLINDRICAL_SURFACE('',#4560,2.);
#4560 = AXIS2_PLACEMENT_3D('',#4561,#4562,#4563);
#4561 = CARTESIAN_POINT('',(-10.83288528313,-1.910129954336,2.));
#4562 = DIRECTION('',(0.,0.,-1.));
#4563 = DIRECTION('',(-0.9848077556,-0.173648162992,-0.));
#4564 = DEFINITIONAL_REPRESENTATION('',(#4565),#4569);
#4565 = LINE('',#4566,#4567);
#4566 = CARTESIAN_POINT('',(-1.490115408842E-08,2.));
#4567 = VECTOR('',#4568,1.);
#4568 = DIRECTION('',(1.,0.));
#4569 = ( GEOMETRIC_REPRESENTATION_CONTEXT(2) 
PARAMETRIC_REPRESENTATION_CONTEXT() REPRESENTATION_CONTEXT('2D SPACE',''
  ) );
#4570 = ORIENTED_EDGE('',*,*,#4571,.T.);
#4571 = EDGE_CURVE('',#4539,#4572,#4574,.T.);
#4572 = VERTEX_POINT('',#4573);
#4573 = CARTESIAN_POINT('',(-5.785088510009,-6.894399968914,0.));
#4574 = SURFACE_CURVE('',#4575,(#4580,#4587),.PCURVE_S1.);
#4575 = CIRCLE('',#4576,9.);
#4576 = AXIS2_PLACEMENT_3D('',#4577,#4578,#4579);
#4577 = CARTESIAN_POINT('',(2.651802272639E-14,9.580588552888E-15,0.));
#4578 = DIRECTION('',(0.,0.,1.));
#4579 = DIRECTION('',(-0.984807753587,-0.173648174406,0.));
#4580 = PCURVE('',#73,#4581);
#4581 = DEFINITIONAL_REPRESENTATION('',(#4582),#4586);
#4582 = CIRCLE('',#4583,9.);
#4583 = AXIS2_PLACEMENT_2D('',#4584,#4585);
#4584 = CARTESIAN_POINT('',(2.651802272639E-14,9.580588552888E-15));
#4585 = DIRECTION('',(-0.984807753587,-0.173648174406));
#4586 = ( GEOMETRIC_REPRESENTATION_CONTEXT(2) 
PARAMETRIC_REPRESENTATION_CONTEXT() REPRESENTATION_CONTEXT('2D SPACE',''
  ) );
#4587 = PCURVE('',#4588,#4593);
#4588 = CYLINDRICAL_SURFACE('',#4589,9.);
#4589 = AXIS2_PLACEMENT_3D('',#4590,#4591,#4592);
#4590 = CARTESIAN_POINT('',(9.912296794785E-15,5.949667257335E-16,2.));
#4591 = DIRECTION('',(0.,0.,1.));
#4592 = DIRECTION('',(-0.984807753012,-0.173648177667,0.));
#4593 = DEFINITIONAL_REPRESENTATION('',(#4594),#4598);
#4594 = LINE('',#4595,#4596);
#4595 = CARTESIAN_POINT('',(-3.311368068637E-09,-2.));
#4596 = VECTOR('',#4597,1.);
#4597 = DIRECTION('',(1.,0.));
#4598 = ( GEOMETRIC_REPRESENTATION_CONTEXT(2) 
PARAMETRIC_REPRESENTATION_CONTEXT() REPRESENTATION_CONTEXT('2D SPACE',''
  ) );
#4599 = ORIENTED_EDGE('',*,*,#4600,.T.);
#4600 = EDGE_CURVE('',#4572,#4601,#4603,.T.);
#4601 = VERTEX_POINT('',#4602);
#4602 = CARTESIAN_POINT('',(-4.499513225205,-5.362311137579,0.));
#4603 = SURFACE_CURVE('',#4604,(#4609,#4616),.PCURVE_S1.);
#4604 = CIRCLE('',#4605,1.);
#4605 = AXIS2_PLACEMENT_3D('',#4606,#4607,#4608);
#4606 = CARTESIAN_POINT('',(-5.142300877492,-6.128355544952,0.));
#4607 = DIRECTION('',(0.,0.,1.));
#4608 = DIRECTION('',(-0.642787632516,-0.766044423962,0.));
#4609 = PCURVE('',#73,#4610);
#4610 = DEFINITIONAL_REPRESENTATION('',(#4611),#4615);
#4611 = CIRCLE('',#4612,1.);
#4612 = AXIS2_PLACEMENT_2D('',#4613,#4614);
#4613 = CARTESIAN_POINT('',(-5.142300877492,-6.128355544952));
#4614 = DIRECTION('',(-0.642787632516,-0.766044423962));
#4615 = ( GEOMETRIC_REPRESENTATION_CONTEXT(2) 
PARAMETRIC_REPRESENTATION_CONTEXT() REPRESENTATION_CONTEXT('2D SPACE',''
  ) );
#4616 = PCURVE('',#4617,#4622);
#4617 = CYLINDRICAL_SURFACE('',#4618,1.);
#4618 = AXIS2_PLACEMENT_3D('',#4619,#4620,#4621);
#4619 = CARTESIAN_POINT('',(-5.142300877492,-6.128355544952,2.));
#4620 = DIRECTION('',(0.,0.,1.));
#4621 = DIRECTION('',(-0.642787609687,-0.766044443119,0.));
#4622 = DEFINITIONAL_REPRESENTATION('',(#4623),#4627);
#4623 = LINE('',#4624,#4625);
#4624 = CARTESIAN_POINT('',(-2.980230373595E-08,-2.));
#4625 = VECTOR('',#4626,1.);
#4626 = DIRECTION('',(1.,0.));
#4627 = ( GEOMETRIC_REPRESENTATION_CONTEXT(2) 
PARAMETRIC_REPRESENTATION_CONTEXT() REPRESENTATION_CONTEXT('2D SPACE',''
  ) );
#4628 = ORIENTED_EDGE('',*,*,#4629,.F.);
#4629 = EDGE_CURVE('',#420,#4601,#4630,.T.);
#4630 = SURFACE_CURVE('',#4631,(#4636,#4643),.PCURVE_S1.);
#4631 = CIRCLE('',#4632,7.);
#4632 = AXIS2_PLACEMENT_3D('',#4633,#4634,#4635);
#4633 = CARTESIAN_POINT('',(0.,0.,0.));
#4634 = DIRECTION('',(0.,0.,1.));
#4635 = DIRECTION('',(1.,0.,-0.));
#4636 = PCURVE('',#73,#4637);
#4637 = DEFINITIONAL_REPRESENTATION('',(#4638),#4642);
#4638 = CIRCLE('',#4639,7.);
#4639 = AXIS2_PLACEMENT_2D('',#4640,#4641);
#4640 = CARTESIAN_POINT('',(0.,0.));
#4641 = DIRECTION('',(1.,0.));
#4642 = ( GEOMETRIC_REPRESENTATION_CONTEXT(2) 
PARAMETRIC_REPRESENTATION_CONTEXT() REPRESENTATION_CONTEXT('2D SPACE',''
  ) );
#4643 = PCURVE('',#442,#4644);
#4644 = DEFINITIONAL_REPRESENTATION('',(#4645),#4649);
#4645 = LINE('',#4646,#4647);
#4646 = CARTESIAN_POINT('',(-3.155676118538,0.));
#4647 = VECTOR('',#4648,1.);
#4648 = DIRECTION('',(1.,0.));
#4649 = ( GEOMETRIC_REPRESENTATION_CONTEXT(2) 
PARAMETRIC_REPRESENTATION_CONTEXT() REPRESENTATION_CONTEXT('2D SPACE',''
  ) );
#4650 = ORIENTED_EDGE('',*,*,#454,.F.);
#4651 = ADVANCED_FACE('',(#4652),#1299,.F.);
#4652 = FACE_BOUND('',#4653,.F.);
#4653 = EDGE_LOOP('',(#4654,#4680,#4681,#4682));
#4654 = ORIENTED_EDGE('',*,*,#4655,.T.);
#4655 = EDGE_CURVE('',#1279,#3122,#4656,.T.);
#4656 = SURFACE_CURVE('',#4657,(#4662,#4669),.PCURVE_S1.);
#4657 = CIRCLE('',#4658,18.);
#4658 = AXIS2_PLACEMENT_3D('',#4659,#4660,#4661);
#4659 = CARTESIAN_POINT('',(0.,0.,4.));
#4660 = DIRECTION('',(0.,0.,-1.));
#4661 = DIRECTION('',(1.,0.,0.));
#4662 = PCURVE('',#1299,#4663);
#4663 = DEFINITIONAL_REPRESENTATION('',(#4664),#4668);
#4664 = LINE('',#4665,#4666);
#4665 = CARTESIAN_POINT('',(12.566370614359,4.));
#4666 = VECTOR('',#4667,1.);
#4667 = DIRECTION('',(-1.,0.));
#4668 = ( GEOMETRIC_REPRESENTATION_CONTEXT(2) 
PARAMETRIC_REPRESENTATION_CONTEXT() REPRESENTATION_CONTEXT('2D SPACE',''
  ) );
#4669 = PCURVE('',#132,#4670);
#4670 = DEFINITIONAL_REPRESENTATION('',(#4671),#4679);
#4671 = ( BOUNDED_CURVE() B_SPLINE_CURVE(2,(#4672,#4673,#4674,#4675,
#4676,#4677,#4678),.UNSPECIFIED.,.T.,.F.) B_SPLINE_CURVE_WITH_KNOTS((1,2
    ,2,2,2,1),(-2.094395102393,0.,2.094395102393,4.188790204786,
6.28318530718,8.377580409573),.UNSPECIFIED.) CURVE() 
GEOMETRIC_REPRESENTATION_ITEM() RATIONAL_B_SPLINE_CURVE((1.,0.5,1.,0.5,
1.,0.5,1.)) REPRESENTATION_ITEM('') );
#4672 = CARTESIAN_POINT('',(18.,0.));
#4673 = CARTESIAN_POINT('',(18.,-31.17691453624));
#4674 = CARTESIAN_POINT('',(-9.,-15.58845726812));
#4675 = CARTESIAN_POINT('',(-36.,-4.40872847693E-15));
#4676 = CARTESIAN_POINT('',(-9.,15.58845726812));
#4677 = CARTESIAN_POINT('',(18.,31.17691453624));
#4678 = CARTESIAN_POINT('',(18.,0.));
#4679 = ( GEOMETRIC_REPRESENTATION_CONTEXT(2) 
PARAMETRIC_REPRESENTATION_CONTEXT() REPRESENTATION_CONTEXT('2D SPACE',''
  ) );
#4680 = ORIENTED_EDGE('',*,*,#3121,.F.);
#4681 = ORIENTED_EDGE('',*,*,#3938,.F.);
#4682 = ORIENTED_EDGE('',*,*,#1276,.T.);
#4683 = ADVANCED_FACE('',(#4684),#1767,.F.);
#4684 = FACE_BOUND('',#4685,.F.);
#4685 = EDGE_LOOP('',(#4686,#4714,#4735,#4736));
#4686 = ORIENTED_EDGE('',*,*,#4687,.T.);
#4687 = EDGE_CURVE('',#1752,#4688,#4690,.T.);
#4688 = VERTEX_POINT('',#4689);
#4689 = CARTESIAN_POINT('',(6.156362579862,16.914467174146,4.));
#4690 = SURFACE_CURVE('',#4691,(#4696,#4703),.PCURVE_S1.);
#4691 = CIRCLE('',#4692,18.);
#4692 = AXIS2_PLACEMENT_3D('',#4693,#4694,#4695);
#4693 = CARTESIAN_POINT('',(0.,0.,4.));
#4694 = DIRECTION('',(0.,0.,-1.));
#4695 = DIRECTION('',(1.,0.,0.));
#4696 = PCURVE('',#1767,#4697);
#4697 = DEFINITIONAL_REPRESENTATION('',(#4698),#4702);
#4698 = LINE('',#4699,#4700);
#4699 = CARTESIAN_POINT('',(6.28318530718,4.));
#4700 = VECTOR('',#4701,1.);
#4701 = DIRECTION('',(-1.,0.));
#4702 = ( GEOMETRIC_REPRESENTATION_CONTEXT(2) 
PARAMETRIC_REPRESENTATION_CONTEXT() REPRESENTATION_CONTEXT('2D SPACE',''
  ) );
#4703 = PCURVE('',#132,#4704);
#4704 = DEFINITIONAL_REPRESENTATION('',(#4705),#4713);
#4705 = ( BOUNDED_CURVE() B_SPLINE_CURVE(2,(#4706,#4707,#4708,#4709,
#4710,#4711,#4712),.UNSPECIFIED.,.T.,.F.) B_SPLINE_CURVE_WITH_KNOTS((1,2
    ,2,2,2,1),(-2.094395102393,0.,2.094395102393,4.188790204786,
6.28318530718,8.377580409573),.UNSPECIFIED.) CURVE() 
GEOMETRIC_REPRESENTATION_ITEM() RATIONAL_B_SPLINE_CURVE((1.,0.5,1.,0.5,
1.,0.5,1.)) REPRESENTATION_ITEM('') );
#4706 = CARTESIAN_POINT('',(18.,0.));
#4707 = CARTESIAN_POINT('',(18.,-31.17691453624));
#4708 = CARTESIAN_POINT('',(-9.,-15.58845726812));
#4709 = CARTESIAN_POINT('',(-36.,-4.40872847693E-15));
#4710 = CARTESIAN_POINT('',(-9.,15.58845726812));
#4711 = CARTESIAN_POINT('',(18.,31.17691453624));
#4712 = CARTESIAN_POINT('',(18.,0.));
#4713 = ( GEOMETRIC_REPRESENTATION_CONTEXT(2) 
PARAMETRIC_REPRESENTATION_CONTEXT() REPRESENTATION_CONTEXT('2D SPACE',''
  ) );
#4714 = ORIENTED_EDGE('',*,*,#4715,.F.);
#4715 = EDGE_CURVE('',#4359,#4688,#4716,.T.);
#4716 = SURFACE_CURVE('',#4717,(#4721,#4728),.PCURVE_S1.);
#4717 = LINE('',#4718,#4719);
#4718 = CARTESIAN_POINT('',(6.156362579862,16.914467174146,2.));
#4719 = VECTOR('',#4720,1.);
#4720 = DIRECTION('',(0.,0.,1.));
#4721 = PCURVE('',#1767,#4722);
#4722 = DEFINITIONAL_REPRESENTATION('',(#4723),#4727);
#4723 = LINE('',#4724,#4725);
#4724 = CARTESIAN_POINT('',(1.221730476396,2.));
#4725 = VECTOR('',#4726,1.);
#4726 = DIRECTION('',(0.,1.));
#4727 = ( GEOMETRIC_REPRESENTATION_CONTEXT(2) 
PARAMETRIC_REPRESENTATION_CONTEXT() REPRESENTATION_CONTEXT('2D SPACE',''
  ) );
#4728 = PCURVE('',#4375,#4729);
#4729 = DEFINITIONAL_REPRESENTATION('',(#4730),#4734);
#4730 = LINE('',#4731,#4732);
#4731 = CARTESIAN_POINT('',(3.14159265359,0.));
#4732 = VECTOR('',#4733,1.);
#4733 = DIRECTION('',(0.,1.));
#4734 = ( GEOMETRIC_REPRESENTATION_CONTEXT(2) 
PARAMETRIC_REPRESENTATION_CONTEXT() REPRESENTATION_CONTEXT('2D SPACE',''
  ) );
#4735 = ORIENTED_EDGE('',*,*,#4387,.F.);
#4736 = ORIENTED_EDGE('',*,*,#1749,.T.);
#4737 = ADVANCED_FACE('',(#4738),#834,.F.);
#4738 = FACE_BOUND('',#4739,.F.);
#4739 = EDGE_LOOP('',(#4740,#4766,#4767,#4768));
#4740 = ORIENTED_EDGE('',*,*,#4741,.T.);
#4741 = EDGE_CURVE('',#814,#1557,#4742,.T.);
#4742 = SURFACE_CURVE('',#4743,(#4748,#4755),.PCURVE_S1.);
#4743 = CIRCLE('',#4744,18.);
#4744 = AXIS2_PLACEMENT_3D('',#4745,#4746,#4747);
#4745 = CARTESIAN_POINT('',(0.,0.,4.));
#4746 = DIRECTION('',(0.,0.,-1.));
#4747 = DIRECTION('',(1.,0.,0.));
#4748 = PCURVE('',#834,#4749);
#4749 = DEFINITIONAL_REPRESENTATION('',(#4750),#4754);
#4750 = LINE('',#4751,#4752);
#4751 = CARTESIAN_POINT('',(6.28318530718,4.));
#4752 = VECTOR('',#4753,1.);
#4753 = DIRECTION('',(-1.,0.));
#4754 = ( GEOMETRIC_REPRESENTATION_CONTEXT(2) 
PARAMETRIC_REPRESENTATION_CONTEXT() REPRESENTATION_CONTEXT('2D SPACE',''
  ) );
#4755 = PCURVE('',#132,#4756);
#4756 = DEFINITIONAL_REPRESENTATION('',(#4757),#4765);
#4757 = ( BOUNDED_CURVE() B_SPLINE_CURVE(2,(#4758,#4759,#4760,#4761,
#4762,#4763,#4764),.UNSPECIFIED.,.T.,.F.) B_SPLINE_CURVE_WITH_KNOTS((1,2
    ,2,2,2,1),(-2.094395102393,0.,2.094395102393,4.188790204786,
6.28318530718,8.377580409573),.UNSPECIFIED.) CURVE() 
GEOMETRIC_REPRESENTATION_ITEM() RATIONAL_B_SPLINE_CURVE((1.,0.5,1.,0.5,
1.,0.5,1.)) REPRESENTATION_ITEM('') );
#4758 = CARTESIAN_POINT('',(18.,0.));
#4759 = CARTESIAN_POINT('',(18.,-31.17691453624));
#4760 = CARTESIAN_POINT('',(-9.,-15.58845726812));
#4761 = CARTESIAN_POINT('',(-36.,-4.40872847693E-15));
#4762 = CARTESIAN_POINT('',(-9.,15.58845726812));
#4763 = CARTESIAN_POINT('',(18.,31.17691453624));
#4764 = CARTESIAN_POINT('',(18.,0.));
#4765 = ( GEOMETRIC_REPRESENTATION_CONTEXT(2) 
PARAMETRIC_REPRESENTATION_CONTEXT() REPRESENTATION_CONTEXT('2D SPACE',''
  ) );
#4766 = ORIENTED_EDGE('',*,*,#1556,.T.);
#4767 = ORIENTED_EDGE('',*,*,#4416,.F.);
#4768 = ORIENTED_EDGE('',*,*,#811,.T.);
#4769 = ADVANCED_FACE('',(#4770),#4617,.F.);
#4770 = FACE_BOUND('',#4771,.F.);
#4771 = EDGE_LOOP('',(#4772,#4773,#4796,#4820));
#4772 = ORIENTED_EDGE('',*,*,#4600,.T.);
#4773 = ORIENTED_EDGE('',*,*,#4774,.T.);
#4774 = EDGE_CURVE('',#4601,#4775,#4777,.T.);
#4775 = VERTEX_POINT('',#4776);
#4776 = CARTESIAN_POINT('',(-4.499513225205,-5.362311137579,4.));
#4777 = SURFACE_CURVE('',#4778,(#4782,#4789),.PCURVE_S1.);
#4778 = LINE('',#4779,#4780);
#4779 = CARTESIAN_POINT('',(-4.499513267806,-5.362311101833,2.));
#4780 = VECTOR('',#4781,1.);
#4781 = DIRECTION('',(0.,0.,1.));
#4782 = PCURVE('',#4617,#4783);
#4783 = DEFINITIONAL_REPRESENTATION('',(#4784),#4788);
#4784 = LINE('',#4785,#4786);
#4785 = CARTESIAN_POINT('',(3.14159265359,0.));
#4786 = VECTOR('',#4787,1.);
#4787 = DIRECTION('',(0.,1.));
#4788 = ( GEOMETRIC_REPRESENTATION_CONTEXT(2) 
PARAMETRIC_REPRESENTATION_CONTEXT() REPRESENTATION_CONTEXT('2D SPACE',''
  ) );
#4789 = PCURVE('',#442,#4790);
#4790 = DEFINITIONAL_REPRESENTATION('',(#4791),#4795);
#4791 = LINE('',#4792,#4793);
#4792 = CARTESIAN_POINT('',(0.858581161049,2.));
#4793 = VECTOR('',#4794,1.);
#4794 = DIRECTION('',(0.,1.));
#4795 = ( GEOMETRIC_REPRESENTATION_CONTEXT(2) 
PARAMETRIC_REPRESENTATION_CONTEXT() REPRESENTATION_CONTEXT('2D SPACE',''
  ) );
#4796 = ORIENTED_EDGE('',*,*,#4797,.F.);
#4797 = EDGE_CURVE('',#4798,#4775,#4800,.T.);
#4798 = VERTEX_POINT('',#4799);
#4799 = CARTESIAN_POINT('',(-5.785088510009,-6.894399968914,4.));
#4800 = SURFACE_CURVE('',#4801,(#4806,#4813),.PCURVE_S1.);
#4801 = CIRCLE('',#4802,1.);
#4802 = AXIS2_PLACEMENT_3D('',#4803,#4804,#4805);
#4803 = CARTESIAN_POINT('',(-5.142300877492,-6.128355544952,4.));
#4804 = DIRECTION('',(0.,0.,1.));
#4805 = DIRECTION('',(-0.642787632516,-0.766044423962,0.));
#4806 = PCURVE('',#4617,#4807);
#4807 = DEFINITIONAL_REPRESENTATION('',(#4808),#4812);
#4808 = LINE('',#4809,#4810);
#4809 = CARTESIAN_POINT('',(-2.980230462413E-08,2.));
#4810 = VECTOR('',#4811,1.);
#4811 = DIRECTION('',(1.,0.));
#4812 = ( GEOMETRIC_REPRESENTATION_CONTEXT(2) 
PARAMETRIC_REPRESENTATION_CONTEXT() REPRESENTATION_CONTEXT('2D SPACE',''
  ) );
#4813 = PCURVE('',#132,#4814);
#4814 = DEFINITIONAL_REPRESENTATION('',(#4815),#4819);
#4815 = CIRCLE('',#4816,1.);
#4816 = AXIS2_PLACEMENT_2D('',#4817,#4818);
#4817 = CARTESIAN_POINT('',(-5.142300877492,-6.128355544952));
#4818 = DIRECTION('',(-0.642787632516,-0.766044423962));
#4819 = ( GEOMETRIC_REPRESENTATION_CONTEXT(2) 
PARAMETRIC_REPRESENTATION_CONTEXT() REPRESENTATION_CONTEXT('2D SPACE',''
  ) );
#4820 = ORIENTED_EDGE('',*,*,#4821,.F.);
#4821 = EDGE_CURVE('',#4572,#4798,#4822,.T.);
#4822 = SURFACE_CURVE('',#4823,(#4827,#4834),.PCURVE_S1.);
#4823 = LINE('',#4824,#4825);
#4824 = CARTESIAN_POINT('',(-5.785088510009,-6.894399968914,4.));
#4825 = VECTOR('',#4826,1.);
#4826 = DIRECTION('',(-2.497731570406E-15,-2.976680662448E-15,1.));
#4827 = PCURVE('',#4617,#4828);
#4828 = DEFINITIONAL_REPRESENTATION('',(#4829),#4833);
#4829 = LINE('',#4830,#4831);
#4830 = CARTESIAN_POINT('',(-2.980230551231E-08,2.));
#4831 = VECTOR('',#4832,1.);
#4832 = DIRECTION('',(0.,1.));
#4833 = ( GEOMETRIC_REPRESENTATION_CONTEXT(2) 
PARAMETRIC_REPRESENTATION_CONTEXT() REPRESENTATION_CONTEXT('2D SPACE',''
  ) );
#4834 = PCURVE('',#4588,#4835);
#4835 = DEFINITIONAL_REPRESENTATION('',(#4836),#4840);
#4836 = LINE('',#4837,#4838);
#4837 = CARTESIAN_POINT('',(0.698131697486,2.));
#4838 = VECTOR('',#4839,1.);
#4839 = DIRECTION('',(0.,1.));
#4840 = ( GEOMETRIC_REPRESENTATION_CONTEXT(2) 
PARAMETRIC_REPRESENTATION_CONTEXT() REPRESENTATION_CONTEXT('2D SPACE',''
  ) );
#4841 = ADVANCED_FACE('',(#4842),#382,.T.);
#4842 = FACE_BOUND('',#4843,.T.);
#4843 = EDGE_LOOP('',(#4844,#4867,#4868,#4869));
#4844 = ORIENTED_EDGE('',*,*,#4845,.T.);
#4845 = EDGE_CURVE('',#4846,#3741,#4848,.T.);
#4846 = VERTEX_POINT('',#4847);
#4847 = CARTESIAN_POINT('',(-9.84807753271,-1.736481761995,4.));
#4848 = SURFACE_CURVE('',#4849,(#4853,#4860),.PCURVE_S1.);
#4849 = LINE('',#4850,#4851);
#4850 = CARTESIAN_POINT('',(-9.84807753271,-1.736481761995,0.));
#4851 = VECTOR('',#4852,1.);
#4852 = DIRECTION('',(1.640034359026E-15,2.891823319835E-16,-1.));
#4853 = PCURVE('',#382,#4854);
#4854 = DEFINITIONAL_REPRESENTATION('',(#4855),#4859);
#4855 = LINE('',#4856,#4857);
#4856 = CARTESIAN_POINT('',(-1.490114698299E-09,-2.));
#4857 = VECTOR('',#4858,1.);
#4858 = DIRECTION('',(0.,-1.));
#4859 = ( GEOMETRIC_REPRESENTATION_CONTEXT(2) 
PARAMETRIC_REPRESENTATION_CONTEXT() REPRESENTATION_CONTEXT('2D SPACE',''
  ) );
#4860 = PCURVE('',#3785,#4861);
#4861 = DEFINITIONAL_REPRESENTATION('',(#4862),#4866);
#4862 = LINE('',#4863,#4864);
#4863 = CARTESIAN_POINT('',(3.141592623787,2.));
#4864 = VECTOR('',#4865,1.);
#4865 = DIRECTION('',(0.,1.));
#4866 = ( GEOMETRIC_REPRESENTATION_CONTEXT(2) 
PARAMETRIC_REPRESENTATION_CONTEXT() REPRESENTATION_CONTEXT('2D SPACE',''
  ) );
#4867 = ORIENTED_EDGE('',*,*,#3740,.T.);
#4868 = ORIENTED_EDGE('',*,*,#366,.F.);
#4869 = ORIENTED_EDGE('',*,*,#4870,.F.);
#4870 = EDGE_CURVE('',#4846,#343,#4871,.T.);
#4871 = SURFACE_CURVE('',#4872,(#4877,#4884),.PCURVE_S1.);
#4872 = CIRCLE('',#4873,10.);
#4873 = AXIS2_PLACEMENT_3D('',#4874,#4875,#4876);
#4874 = CARTESIAN_POINT('',(1.340158352562E-14,3.433129022747E-15,4.));
#4875 = DIRECTION('',(0.,0.,1.));
#4876 = DIRECTION('',(-0.984807753271,-0.173648176199,0.));
#4877 = PCURVE('',#382,#4878);
#4878 = DEFINITIONAL_REPRESENTATION('',(#4879),#4883);
#4879 = LINE('',#4880,#4881);
#4880 = CARTESIAN_POINT('',(-1.490114698299E-09,2.));
#4881 = VECTOR('',#4882,1.);
#4882 = DIRECTION('',(1.,0.));
#4883 = ( GEOMETRIC_REPRESENTATION_CONTEXT(2) 
PARAMETRIC_REPRESENTATION_CONTEXT() REPRESENTATION_CONTEXT('2D SPACE',''
  ) );
#4884 = PCURVE('',#132,#4885);
#4885 = DEFINITIONAL_REPRESENTATION('',(#4886),#4890);
#4886 = CIRCLE('',#4887,10.);
#4887 = AXIS2_PLACEMENT_2D('',#4888,#4889);
#4888 = CARTESIAN_POINT('',(1.340158352562E-14,3.433129022747E-15));
#4889 = DIRECTION('',(-0.984807753271,-0.173648176199));
#4890 = ( GEOMETRIC_REPRESENTATION_CONTEXT(2) 
PARAMETRIC_REPRESENTATION_CONTEXT() REPRESENTATION_CONTEXT('2D SPACE',''
  ) );
#4891 = ADVANCED_FACE('',(#4892),#4588,.F.);
#4892 = FACE_BOUND('',#4893,.F.);
#4893 = EDGE_LOOP('',(#4894,#4895,#4896,#4920));
#4894 = ORIENTED_EDGE('',*,*,#4571,.T.);
#4895 = ORIENTED_EDGE('',*,*,#4821,.T.);
#4896 = ORIENTED_EDGE('',*,*,#4897,.F.);
#4897 = EDGE_CURVE('',#4898,#4798,#4900,.T.);
#4898 = VERTEX_POINT('',#4899);
#4899 = CARTESIAN_POINT('',(-8.863269782285,-1.562833569653,4.));
#4900 = SURFACE_CURVE('',#4901,(#4906,#4913),.PCURVE_S1.);
#4901 = CIRCLE('',#4902,9.);
#4902 = AXIS2_PLACEMENT_3D('',#4903,#4904,#4905);
#4903 = CARTESIAN_POINT('',(1.691702659879E-14,1.288732535366E-14,4.));
#4904 = DIRECTION('',(0.,0.,1.));
#4905 = DIRECTION('',(-0.984807753587,-0.173648174406,0.));
#4906 = PCURVE('',#4588,#4907);
#4907 = DEFINITIONAL_REPRESENTATION('',(#4908),#4912);
#4908 = LINE('',#4909,#4910);
#4909 = CARTESIAN_POINT('',(-3.311367180459E-09,2.));
#4910 = VECTOR('',#4911,1.);
#4911 = DIRECTION('',(1.,0.));
#4912 = ( GEOMETRIC_REPRESENTATION_CONTEXT(2) 
PARAMETRIC_REPRESENTATION_CONTEXT() REPRESENTATION_CONTEXT('2D SPACE',''
  ) );
#4913 = PCURVE('',#132,#4914);
#4914 = DEFINITIONAL_REPRESENTATION('',(#4915),#4919);
#4915 = CIRCLE('',#4916,9.);
#4916 = AXIS2_PLACEMENT_2D('',#4917,#4918);
#4917 = CARTESIAN_POINT('',(1.691702659879E-14,1.288732535366E-14));
#4918 = DIRECTION('',(-0.984807753587,-0.173648174406));
#4919 = ( GEOMETRIC_REPRESENTATION_CONTEXT(2) 
PARAMETRIC_REPRESENTATION_CONTEXT() REPRESENTATION_CONTEXT('2D SPACE',''
  ) );
#4920 = ORIENTED_EDGE('',*,*,#4921,.F.);
#4921 = EDGE_CURVE('',#4539,#4898,#4922,.T.);
#4922 = SURFACE_CURVE('',#4923,(#4927,#4934),.PCURVE_S1.);
#4923 = LINE('',#4924,#4925);
#4924 = CARTESIAN_POINT('',(-8.863269782285,-1.562833569653,4.));
#4925 = VECTOR('',#4926,1.);
#4926 = DIRECTION('',(-3.826746837728E-15,-6.747587746281E-16,1.));
#4927 = PCURVE('',#4588,#4928);
#4928 = DEFINITIONAL_REPRESENTATION('',(#4929),#4933);
#4929 = LINE('',#4930,#4931);
#4930 = CARTESIAN_POINT('',(-3.311367180459E-09,2.));
#4931 = VECTOR('',#4932,1.);
#4932 = DIRECTION('',(0.,1.));
#4933 = ( GEOMETRIC_REPRESENTATION_CONTEXT(2) 
PARAMETRIC_REPRESENTATION_CONTEXT() REPRESENTATION_CONTEXT('2D SPACE',''
  ) );
#4934 = PCURVE('',#4559,#4935);
#4935 = DEFINITIONAL_REPRESENTATION('',(#4936),#4940);
#4936 = LINE('',#4937,#4938);
#4937 = CARTESIAN_POINT('',(3.141592623787,-2.));
#4938 = VECTOR('',#4939,1.);
#4939 = DIRECTION('',(0.,-1.));
#4940 = ( GEOMETRIC_REPRESENTATION_CONTEXT(2) 
PARAMETRIC_REPRESENTATION_CONTEXT() REPRESENTATION_CONTEXT('2D SPACE',''
  ) );
#4941 = ADVANCED_FACE('',(#4942),#3785,.F.);
#4942 = FACE_BOUND('',#4943,.F.);
#4943 = EDGE_LOOP('',(#4944,#4972,#4973,#4974));
#4944 = ORIENTED_EDGE('',*,*,#4945,.T.);
#4945 = EDGE_CURVE('',#4946,#4846,#4948,.T.);
#4946 = VERTEX_POINT('',#4947);
#4947 = CARTESIAN_POINT('',(-11.81769303614,-2.083778132003,4.));
#4948 = SURFACE_CURVE('',#4949,(#4954,#4961),.PCURVE_S1.);
#4949 = CIRCLE('',#4950,1.);
#4950 = AXIS2_PLACEMENT_3D('',#4951,#4952,#4953);
#4951 = CARTESIAN_POINT('',(-10.83288528313,-1.910129954336,4.));
#4952 = DIRECTION('',(0.,0.,-1.));
#4953 = DIRECTION('',(-0.984807753012,-0.173648177667,-0.));
#4954 = PCURVE('',#3785,#4955);
#4955 = DEFINITIONAL_REPRESENTATION('',(#4956),#4960);
#4956 = LINE('',#4957,#4958);
#4957 = CARTESIAN_POINT('',(-1.490115142389E-08,-2.));
#4958 = VECTOR('',#4959,1.);
#4959 = DIRECTION('',(1.,0.));
#4960 = ( GEOMETRIC_REPRESENTATION_CONTEXT(2) 
PARAMETRIC_REPRESENTATION_CONTEXT() REPRESENTATION_CONTEXT('2D SPACE',''
  ) );
#4961 = PCURVE('',#132,#4962);
#4962 = DEFINITIONAL_REPRESENTATION('',(#4963),#4971);
#4963 = ( BOUNDED_CURVE() B_SPLINE_CURVE(2,(#4964,#4965,#4966,#4967,
#4968,#4969,#4970),.UNSPECIFIED.,.T.,.F.) B_SPLINE_CURVE_WITH_KNOTS((1,2
    ,2,2,2,1),(-2.094395102393,0.,2.094395102393,4.188790204786,
6.28318530718,8.377580409573),.UNSPECIFIED.) CURVE() 
GEOMETRIC_REPRESENTATION_ITEM() RATIONAL_B_SPLINE_CURVE((1.,0.5,1.,0.5,
1.,0.5,1.)) REPRESENTATION_ITEM('') );
#4964 = CARTESIAN_POINT('',(-11.81769303614,-2.083778132003));
#4965 = CARTESIAN_POINT('',(-12.1184605025,-0.378041068098));
#4966 = CARTESIAN_POINT('',(-10.4908651398,-0.97043733355));
#4967 = CARTESIAN_POINT('',(-8.86326977711,-1.562833599003));
#4968 = CARTESIAN_POINT('',(-10.19009767344,-2.676174397455));
#4969 = CARTESIAN_POINT('',(-11.51692556978,-3.789515195908));
#4970 = CARTESIAN_POINT('',(-11.81769303614,-2.083778132003));
#4971 = ( GEOMETRIC_REPRESENTATION_CONTEXT(2) 
PARAMETRIC_REPRESENTATION_CONTEXT() REPRESENTATION_CONTEXT('2D SPACE',''
  ) );
#4972 = ORIENTED_EDGE('',*,*,#4845,.T.);
#4973 = ORIENTED_EDGE('',*,*,#3764,.F.);
#4974 = ORIENTED_EDGE('',*,*,#4975,.F.);
#4975 = EDGE_CURVE('',#4946,#3765,#4976,.T.);
#4976 = SURFACE_CURVE('',#4977,(#4981,#4988),.PCURVE_S1.);
#4977 = LINE('',#4978,#4979);
#4978 = CARTESIAN_POINT('',(-11.81769303614,-2.083778132003,0.));
#4979 = VECTOR('',#4980,1.);
#4980 = DIRECTION('',(-1.640034363335E-15,-2.891823075451E-16,-1.));
#4981 = PCURVE('',#3785,#4982);
#4982 = DEFINITIONAL_REPRESENTATION('',(#4983),#4987);
#4983 = LINE('',#4984,#4985);
#4984 = CARTESIAN_POINT('',(-1.490114787117E-08,2.));
#4985 = VECTOR('',#4986,1.);
#4986 = DIRECTION('',(0.,1.));
#4987 = ( GEOMETRIC_REPRESENTATION_CONTEXT(2) 
PARAMETRIC_REPRESENTATION_CONTEXT() REPRESENTATION_CONTEXT('2D SPACE',''
  ) );
#4988 = PCURVE('',#3814,#4989);
#4989 = DEFINITIONAL_REPRESENTATION('',(#4990),#4994);
#4990 = LINE('',#4991,#4992);
#4991 = CARTESIAN_POINT('',(5.934119456781,-2.));
#4992 = VECTOR('',#4993,1.);
#4993 = DIRECTION('',(0.,-1.));
#4994 = ( GEOMETRIC_REPRESENTATION_CONTEXT(2) 
PARAMETRIC_REPRESENTATION_CONTEXT() REPRESENTATION_CONTEXT('2D SPACE',''
  ) );
#4995 = ADVANCED_FACE('',(#4996),#4559,.T.);
#4996 = FACE_BOUND('',#4997,.T.);
#4997 = EDGE_LOOP('',(#4998,#5021,#5047,#5048));
#4998 = ORIENTED_EDGE('',*,*,#4999,.T.);
#4999 = EDGE_CURVE('',#4506,#5000,#5002,.T.);
#5000 = VERTEX_POINT('',#5001);
#5001 = CARTESIAN_POINT('',(-12.80250078915,-2.25742630967,4.));
#5002 = SURFACE_CURVE('',#5003,(#5007,#5014),.PCURVE_S1.);
#5003 = LINE('',#5004,#5005);
#5004 = CARTESIAN_POINT('',(-12.80250078915,-2.25742630967,4.));
#5005 = VECTOR('',#5006,1.);
#5006 = DIRECTION('',(3.826746847782E-15,6.747587176051E-16,1.));
#5007 = PCURVE('',#4559,#5008);
#5008 = DEFINITIONAL_REPRESENTATION('',(#5009),#5013);
#5009 = LINE('',#5010,#5011);
#5010 = CARTESIAN_POINT('',(-1.490115320024E-08,-2.));
#5011 = VECTOR('',#5012,1.);
#5012 = DIRECTION('',(0.,-1.));
#5013 = ( GEOMETRIC_REPRESENTATION_CONTEXT(2) 
PARAMETRIC_REPRESENTATION_CONTEXT() REPRESENTATION_CONTEXT('2D SPACE',''
  ) );
#5014 = PCURVE('',#4526,#5015);
#5015 = DEFINITIONAL_REPRESENTATION('',(#5016),#5020);
#5016 = LINE('',#5017,#5018);
#5017 = CARTESIAN_POINT('',(5.934119456781,2.));
#5018 = VECTOR('',#5019,1.);
#5019 = DIRECTION('',(0.,1.));
#5020 = ( GEOMETRIC_REPRESENTATION_CONTEXT(2) 
PARAMETRIC_REPRESENTATION_CONTEXT() REPRESENTATION_CONTEXT('2D SPACE',''
  ) );
#5021 = ORIENTED_EDGE('',*,*,#5022,.T.);
#5022 = EDGE_CURVE('',#5000,#4898,#5023,.T.);
#5023 = SURFACE_CURVE('',#5024,(#5029,#5036),.PCURVE_S1.);
#5024 = CIRCLE('',#5025,2.);
#5025 = AXIS2_PLACEMENT_3D('',#5026,#5027,#5028);
#5026 = CARTESIAN_POINT('',(-10.83288528313,-1.910129954336,4.));
#5027 = DIRECTION('',(0.,0.,-1.));
#5028 = DIRECTION('',(-0.984807753012,-0.173648177667,-0.));
#5029 = PCURVE('',#4559,#5030);
#5030 = DEFINITIONAL_REPRESENTATION('',(#5031),#5035);
#5031 = LINE('',#5032,#5033);
#5032 = CARTESIAN_POINT('',(-1.490115586478E-08,-2.));
#5033 = VECTOR('',#5034,1.);
#5034 = DIRECTION('',(1.,0.));
#5035 = ( GEOMETRIC_REPRESENTATION_CONTEXT(2) 
PARAMETRIC_REPRESENTATION_CONTEXT() REPRESENTATION_CONTEXT('2D SPACE',''
  ) );
#5036 = PCURVE('',#132,#5037);
#5037 = DEFINITIONAL_REPRESENTATION('',(#5038),#5046);
#5038 = ( BOUNDED_CURVE() B_SPLINE_CURVE(2,(#5039,#5040,#5041,#5042,
#5043,#5044,#5045),.UNSPECIFIED.,.T.,.F.) B_SPLINE_CURVE_WITH_KNOTS((1,2
    ,2,2,2,1),(-2.094395102393,0.,2.094395102393,4.188790204786,
6.28318530718,8.377580409573),.UNSPECIFIED.) CURVE() 
GEOMETRIC_REPRESENTATION_ITEM() RATIONAL_B_SPLINE_CURVE((1.,0.5,1.,0.5,
1.,0.5,1.)) REPRESENTATION_ITEM('') );
#5039 = CARTESIAN_POINT('',(-12.80250078915,-2.25742630967));
#5040 = CARTESIAN_POINT('',(-13.40403572188,1.154047818139));
#5041 = CARTESIAN_POINT('',(-10.14884499648,-3.074471276458E-02));
#5042 = CARTESIAN_POINT('',(-6.893654271086,-1.215537243669));
#5043 = CARTESIAN_POINT('',(-9.547310063761,-3.442218840574));
#5044 = CARTESIAN_POINT('',(-12.20096585643,-5.66890043748));
#5045 = CARTESIAN_POINT('',(-12.80250078915,-2.25742630967));
#5046 = ( GEOMETRIC_REPRESENTATION_CONTEXT(2) 
PARAMETRIC_REPRESENTATION_CONTEXT() REPRESENTATION_CONTEXT('2D SPACE',''
  ) );
#5047 = ORIENTED_EDGE('',*,*,#4921,.F.);
#5048 = ORIENTED_EDGE('',*,*,#4538,.F.);
#5049 = ADVANCED_FACE('',(#5050),#2556,.F.);
#5050 = FACE_BOUND('',#5051,.F.);
#5051 = EDGE_LOOP('',(#5052,#5053,#5054,#5078));
#5052 = ORIENTED_EDGE('',*,*,#3892,.T.);
#5053 = ORIENTED_EDGE('',*,*,#2540,.T.);
#5054 = ORIENTED_EDGE('',*,*,#5055,.F.);
#5055 = EDGE_CURVE('',#5056,#2513,#5058,.T.);
#5056 = VERTEX_POINT('',#5057);
#5057 = CARTESIAN_POINT('',(-15.75692404819,-2.778370842671,4.));
#5058 = SURFACE_CURVE('',#5059,(#5064,#5071),.PCURVE_S1.);
#5059 = CIRCLE('',#5060,1.);
#5060 = AXIS2_PLACEMENT_3D('',#5061,#5062,#5063);
#5061 = CARTESIAN_POINT('',(-16.7417318012,-2.952019020338,4.));
#5062 = DIRECTION('',(6.107184193585E-16,-1.865176372634E-15,1.));
#5063 = DIRECTION('',(0.984807753012,0.173648177667,-2.775557561563E-16)
  );
#5064 = PCURVE('',#2556,#5065);
#5065 = DEFINITIONAL_REPRESENTATION('',(#5066),#5070);
#5066 = LINE('',#5067,#5068);
#5067 = CARTESIAN_POINT('',(0.,2.));
#5068 = VECTOR('',#5069,1.);
#5069 = DIRECTION('',(1.,2.827159716856E-16));
#5070 = ( GEOMETRIC_REPRESENTATION_CONTEXT(2) 
PARAMETRIC_REPRESENTATION_CONTEXT() REPRESENTATION_CONTEXT('2D SPACE',''
  ) );
#5071 = PCURVE('',#132,#5072);
#5072 = DEFINITIONAL_REPRESENTATION('',(#5073),#5077);
#5073 = CIRCLE('',#5074,1.);
#5074 = AXIS2_PLACEMENT_2D('',#5075,#5076);
#5075 = CARTESIAN_POINT('',(-16.7417318012,-2.952019020338));
#5076 = DIRECTION('',(0.984807753012,0.173648177667));
#5077 = ( GEOMETRIC_REPRESENTATION_CONTEXT(2) 
PARAMETRIC_REPRESENTATION_CONTEXT() REPRESENTATION_CONTEXT('2D SPACE',''
  ) );
#5078 = ORIENTED_EDGE('',*,*,#5079,.F.);
#5079 = EDGE_CURVE('',#3860,#5056,#5080,.T.);
#5080 = SURFACE_CURVE('',#5081,(#5085,#5092),.PCURVE_S1.);
#5081 = LINE('',#5082,#5083);
#5082 = CARTESIAN_POINT('',(-15.75692404819,-2.778370842671,0.));
#5083 = VECTOR('',#5084,1.);
#5084 = DIRECTION('',(-1.640034363335E-15,-2.891823075451E-16,1.));
#5085 = PCURVE('',#2556,#5086);
#5086 = DEFINITIONAL_REPRESENTATION('',(#5087),#5091);
#5087 = LINE('',#5088,#5089);
#5088 = CARTESIAN_POINT('',(0.,-2.));
#5089 = VECTOR('',#5090,1.);
#5090 = DIRECTION('',(0.,1.));
#5091 = ( GEOMETRIC_REPRESENTATION_CONTEXT(2) 
PARAMETRIC_REPRESENTATION_CONTEXT() REPRESENTATION_CONTEXT('2D SPACE',''
  ) );
#5092 = PCURVE('',#3880,#5093);
#5093 = DEFINITIONAL_REPRESENTATION('',(#5094),#5098);
#5094 = LINE('',#5095,#5096);
#5095 = CARTESIAN_POINT('',(0.698131700798,2.));
#5096 = VECTOR('',#5097,1.);
#5097 = DIRECTION('',(0.,-1.));
#5098 = ( GEOMETRIC_REPRESENTATION_CONTEXT(2) 
PARAMETRIC_REPRESENTATION_CONTEXT() REPRESENTATION_CONTEXT('2D SPACE',''
  ) );
#5099 = ADVANCED_FACE('',(#5100),#968,.F.);
#5100 = FACE_BOUND('',#5101,.F.);
#5101 = EDGE_LOOP('',(#5102,#5130,#5131,#5132));
#5102 = ORIENTED_EDGE('',*,*,#5103,.T.);
#5103 = EDGE_CURVE('',#5104,#929,#5106,.T.);
#5104 = VERTEX_POINT('',#5105);
#5105 = CARTESIAN_POINT('',(-9.641814145298,-11.49066664678,4.));
#5106 = SURFACE_CURVE('',#5107,(#5112,#5119),.PCURVE_S1.);
#5107 = CIRCLE('',#5108,15.);
#5108 = AXIS2_PLACEMENT_3D('',#5109,#5110,#5111);
#5109 = CARTESIAN_POINT('',(-2.866201453667E-14,-1.696931605272E-14,4.)
  );
#5110 = DIRECTION('',(0.,0.,-1.));
#5111 = DIRECTION('',(-0.642787609687,-0.766044443119,-0.));
#5112 = PCURVE('',#968,#5113);
#5113 = DEFINITIONAL_REPRESENTATION('',(#5114),#5118);
#5114 = LINE('',#5115,#5116);
#5115 = CARTESIAN_POINT('',(0.,-2.));
#5116 = VECTOR('',#5117,1.);
#5117 = DIRECTION('',(1.,0.));
#5118 = ( GEOMETRIC_REPRESENTATION_CONTEXT(2) 
PARAMETRIC_REPRESENTATION_CONTEXT() REPRESENTATION_CONTEXT('2D SPACE',''
  ) );
#5119 = PCURVE('',#132,#5120);
#5120 = DEFINITIONAL_REPRESENTATION('',(#5121),#5129);
#5121 = ( BOUNDED_CURVE() B_SPLINE_CURVE(2,(#5122,#5123,#5124,#5125,
#5126,#5127,#5128),.UNSPECIFIED.,.T.,.F.) B_SPLINE_CURVE_WITH_KNOTS((1,2
    ,2,2,2,1),(-2.094395102393,0.,2.094395102393,4.188790204786,
6.28318530718,8.377580409573),.UNSPECIFIED.) CURVE() 
GEOMETRIC_REPRESENTATION_ITEM() RATIONAL_B_SPLINE_CURVE((1.,0.5,1.,0.5,
1.,0.5,1.)) REPRESENTATION_ITEM('') );
#5122 = CARTESIAN_POINT('',(-9.641814145298,-11.49066664678));
#5123 = CARTESIAN_POINT('',(-29.54423259036,5.209445330008));
#5124 = CARTESIAN_POINT('',(-5.130302149885,14.095389311789));
#5125 = CARTESIAN_POINT('',(19.283628290596,22.981333293569));
#5126 = CARTESIAN_POINT('',(14.772116295183,-2.604722665004));
#5127 = CARTESIAN_POINT('',(10.26060429977,-28.19077862357));
#5128 = CARTESIAN_POINT('',(-9.641814145298,-11.49066664678));
#5129 = ( GEOMETRIC_REPRESENTATION_CONTEXT(2) 
PARAMETRIC_REPRESENTATION_CONTEXT() REPRESENTATION_CONTEXT('2D SPACE',''
  ) );
#5130 = ORIENTED_EDGE('',*,*,#952,.T.);
#5131 = ORIENTED_EDGE('',*,*,#4444,.F.);
#5132 = ORIENTED_EDGE('',*,*,#5133,.F.);
#5133 = EDGE_CURVE('',#5104,#4445,#5134,.T.);
#5134 = SURFACE_CURVE('',#5135,(#5139,#5146),.PCURVE_S1.);
#5135 = LINE('',#5136,#5137);
#5136 = CARTESIAN_POINT('',(-9.641814145298,-11.49066664678,4.));
#5137 = VECTOR('',#5138,1.);
#5138 = DIRECTION('',(2.497731614762E-15,2.976680625229E-15,-1.));
#5139 = PCURVE('',#968,#5140);
#5140 = DEFINITIONAL_REPRESENTATION('',(#5141),#5145);
#5141 = LINE('',#5142,#5143);
#5142 = CARTESIAN_POINT('',(0.,-2.));
#5143 = VECTOR('',#5144,1.);
#5144 = DIRECTION('',(0.,1.));
#5145 = ( GEOMETRIC_REPRESENTATION_CONTEXT(2) 
PARAMETRIC_REPRESENTATION_CONTEXT() REPRESENTATION_CONTEXT('2D SPACE',''
  ) );
#5146 = PCURVE('',#4493,#5147);
#5147 = DEFINITIONAL_REPRESENTATION('',(#5148),#5152);
#5148 = LINE('',#5149,#5150);
#5149 = CARTESIAN_POINT('',(3.14159265359,-2.));
#5150 = VECTOR('',#5151,1.);
#5151 = DIRECTION('',(0.,1.));
#5152 = ( GEOMETRIC_REPRESENTATION_CONTEXT(2) 
PARAMETRIC_REPRESENTATION_CONTEXT() REPRESENTATION_CONTEXT('2D SPACE',''
  ) );
#5153 = ADVANCED_FACE('',(#5154),#3880,.T.);
#5154 = FACE_BOUND('',#5155,.T.);
#5155 = EDGE_LOOP('',(#5156,#5179,#5205,#5206));
#5156 = ORIENTED_EDGE('',*,*,#5157,.T.);
#5157 = EDGE_CURVE('',#3827,#5158,#5160,.T.);
#5158 = VERTEX_POINT('',#5159);
#5159 = CARTESIAN_POINT('',(-10.28460175498,-12.2567110899,4.));
#5160 = SURFACE_CURVE('',#5161,(#5165,#5172),.PCURVE_S1.);
#5161 = LINE('',#5162,#5163);
#5162 = CARTESIAN_POINT('',(-10.28460175498,-12.2567110899,0.));
#5163 = VECTOR('',#5164,1.);
#5164 = DIRECTION('',(-1.070456406327E-15,-1.275720267955E-15,1.));
#5165 = PCURVE('',#3880,#5166);
#5166 = DEFINITIONAL_REPRESENTATION('',(#5167),#5171);
#5167 = LINE('',#5168,#5169);
#5168 = CARTESIAN_POINT('',(0.,2.));
#5169 = VECTOR('',#5170,1.);
#5170 = DIRECTION('',(0.,-1.));
#5171 = ( GEOMETRIC_REPRESENTATION_CONTEXT(2) 
PARAMETRIC_REPRESENTATION_CONTEXT() REPRESENTATION_CONTEXT('2D SPACE',''
  ) );
#5172 = PCURVE('',#3847,#5173);
#5173 = DEFINITIONAL_REPRESENTATION('',(#5174),#5178);
#5174 = LINE('',#5175,#5176);
#5175 = CARTESIAN_POINT('',(3.14159265359,2.));
#5176 = VECTOR('',#5177,1.);
#5177 = DIRECTION('',(0.,-1.));
#5178 = ( GEOMETRIC_REPRESENTATION_CONTEXT(2) 
PARAMETRIC_REPRESENTATION_CONTEXT() REPRESENTATION_CONTEXT('2D SPACE',''
  ) );
#5179 = ORIENTED_EDGE('',*,*,#5180,.T.);
#5180 = EDGE_CURVE('',#5158,#5056,#5181,.T.);
#5181 = SURFACE_CURVE('',#5182,(#5187,#5194),.PCURVE_S1.);
#5182 = CIRCLE('',#5183,16.);
#5183 = AXIS2_PLACEMENT_3D('',#5184,#5185,#5186);
#5184 = CARTESIAN_POINT('',(-6.055397226796E-15,-2.83442063868E-15,4.));
#5185 = DIRECTION('',(0.,0.,-1.));
#5186 = DIRECTION('',(-0.642787609687,-0.766044443119,-0.));
#5187 = PCURVE('',#3880,#5188);
#5188 = DEFINITIONAL_REPRESENTATION('',(#5189),#5193);
#5189 = LINE('',#5190,#5191);
#5190 = CARTESIAN_POINT('',(0.,-2.));
#5191 = VECTOR('',#5192,1.);
#5192 = DIRECTION('',(1.,0.));
#5193 = ( GEOMETRIC_REPRESENTATION_CONTEXT(2) 
PARAMETRIC_REPRESENTATION_CONTEXT() REPRESENTATION_CONTEXT('2D SPACE',''
  ) );
#5194 = PCURVE('',#132,#5195);
#5195 = DEFINITIONAL_REPRESENTATION('',(#5196),#5204);
#5196 = ( BOUNDED_CURVE() B_SPLINE_CURVE(2,(#5197,#5198,#5199,#5200,
#5201,#5202,#5203),.UNSPECIFIED.,.T.,.F.) B_SPLINE_CURVE_WITH_KNOTS((1,2
    ,2,2,2,1),(-2.094395102393,0.,2.094395102393,4.188790204786,
6.28318530718,8.377580409573),.UNSPECIFIED.) CURVE() 
GEOMETRIC_REPRESENTATION_ITEM() RATIONAL_B_SPLINE_CURVE((1.,0.5,1.,0.5,
1.,0.5,1.)) REPRESENTATION_ITEM('') );
#5197 = CARTESIAN_POINT('',(-10.28460175498,-12.2567110899));
#5198 = CARTESIAN_POINT('',(-31.51384809639,5.556741685342));
#5199 = CARTESIAN_POINT('',(-5.47232229321,15.035081932575));
#5200 = CARTESIAN_POINT('',(20.56920350997,24.513422179807));
#5201 = CARTESIAN_POINT('',(15.756924048195,-2.778370842671));
#5202 = CARTESIAN_POINT('',(10.944644586421,-30.07016386514));
#5203 = CARTESIAN_POINT('',(-10.28460175498,-12.2567110899));
#5204 = ( GEOMETRIC_REPRESENTATION_CONTEXT(2) 
PARAMETRIC_REPRESENTATION_CONTEXT() REPRESENTATION_CONTEXT('2D SPACE',''
  ) );
#5205 = ORIENTED_EDGE('',*,*,#5079,.F.);
#5206 = ORIENTED_EDGE('',*,*,#3859,.F.);
#5207 = ADVANCED_FACE('',(#5208),#4493,.F.);
#5208 = FACE_BOUND('',#5209,.F.);
#5209 = EDGE_LOOP('',(#5210,#5238,#5239,#5240));
#5210 = ORIENTED_EDGE('',*,*,#5211,.T.);
#5211 = EDGE_CURVE('',#5212,#5104,#5214,.T.);
#5212 = VERTEX_POINT('',#5213);
#5213 = CARTESIAN_POINT('',(-8.356238925925,-9.958577760547,4.));
#5214 = SURFACE_CURVE('',#5215,(#5220,#5227),.PCURVE_S1.);
#5215 = CIRCLE('',#5216,1.);
#5216 = AXIS2_PLACEMENT_3D('',#5217,#5218,#5219);
#5217 = CARTESIAN_POINT('',(-8.999026535612,-10.72462220366,4.));
#5218 = DIRECTION('',(0.,0.,-1.));
#5219 = DIRECTION('',(0.642787609687,0.766044443119,0.));
#5220 = PCURVE('',#4493,#5221);
#5221 = DEFINITIONAL_REPRESENTATION('',(#5222),#5226);
#5222 = LINE('',#5223,#5224);
#5223 = CARTESIAN_POINT('',(0.,-2.));
#5224 = VECTOR('',#5225,1.);
#5225 = DIRECTION('',(1.,0.));
#5226 = ( GEOMETRIC_REPRESENTATION_CONTEXT(2) 
PARAMETRIC_REPRESENTATION_CONTEXT() REPRESENTATION_CONTEXT('2D SPACE',''
  ) );
#5227 = PCURVE('',#132,#5228);
#5228 = DEFINITIONAL_REPRESENTATION('',(#5229),#5237);
#5229 = ( BOUNDED_CURVE() B_SPLINE_CURVE(2,(#5230,#5231,#5232,#5233,
#5234,#5235,#5236),.UNSPECIFIED.,.T.,.F.) B_SPLINE_CURVE_WITH_KNOTS((1,2
    ,2,2,2,1),(-2.094395102393,0.,2.094395102393,4.188790204786,
6.28318530718,8.377580409573),.UNSPECIFIED.) CURVE() 
GEOMETRIC_REPRESENTATION_ITEM() RATIONAL_B_SPLINE_CURVE((1.,0.5,1.,0.5,
1.,0.5,1.)) REPRESENTATION_ITEM('') );
#5230 = CARTESIAN_POINT('',(-8.356238925925,-9.958577760547));
#5231 = CARTESIAN_POINT('',(-7.029411029587,-11.07191855899));
#5232 = CARTESIAN_POINT('',(-8.657006392286,-11.66431482445));
#5233 = CARTESIAN_POINT('',(-10.28460175498,-12.2567110899));
#5234 = CARTESIAN_POINT('',(-9.983834288624,-10.55097402599));
#5235 = CARTESIAN_POINT('',(-9.683066822263,-8.845236962094));
#5236 = CARTESIAN_POINT('',(-8.356238925925,-9.958577760547));
#5237 = ( GEOMETRIC_REPRESENTATION_CONTEXT(2) 
PARAMETRIC_REPRESENTATION_CONTEXT() REPRESENTATION_CONTEXT('2D SPACE',''
  ) );
#5238 = ORIENTED_EDGE('',*,*,#5133,.T.);
#5239 = ORIENTED_EDGE('',*,*,#4472,.F.);
#5240 = ORIENTED_EDGE('',*,*,#5241,.F.);
#5241 = EDGE_CURVE('',#5212,#4473,#5242,.T.);
#5242 = SURFACE_CURVE('',#5243,(#5247,#5254),.PCURVE_S1.);
#5243 = LINE('',#5244,#5245);
#5244 = CARTESIAN_POINT('',(-8.356238925925,-9.958577760547,4.));
#5245 = VECTOR('',#5246,1.);
#5246 = DIRECTION('',(-2.497731614762E-15,-2.976680625229E-15,-1.));
#5247 = PCURVE('',#4493,#5248);
#5248 = DEFINITIONAL_REPRESENTATION('',(#5249),#5253);
#5249 = LINE('',#5250,#5251);
#5250 = CARTESIAN_POINT('',(0.,-2.));
#5251 = VECTOR('',#5252,1.);
#5252 = DIRECTION('',(0.,1.));
#5253 = ( GEOMETRIC_REPRESENTATION_CONTEXT(2) 
PARAMETRIC_REPRESENTATION_CONTEXT() REPRESENTATION_CONTEXT('2D SPACE',''
  ) );
#5254 = PCURVE('',#4526,#5255);
#5255 = DEFINITIONAL_REPRESENTATION('',(#5256),#5260);
#5256 = LINE('',#5257,#5258);
#5257 = CARTESIAN_POINT('',(6.632251157578,2.));
#5258 = VECTOR('',#5259,1.);
#5259 = DIRECTION('',(-1.387778780781E-17,-1.));
#5260 = ( GEOMETRIC_REPRESENTATION_CONTEXT(2) 
PARAMETRIC_REPRESENTATION_CONTEXT() REPRESENTATION_CONTEXT('2D SPACE',''
  ) );
#5261 = ADVANCED_FACE('',(#5262),#3847,.T.);
#5262 = FACE_BOUND('',#5263,.T.);
#5263 = EDGE_LOOP('',(#5264,#5287,#5313,#5314));
#5264 = ORIENTED_EDGE('',*,*,#5265,.T.);
#5265 = EDGE_CURVE('',#3798,#5266,#5268,.T.);
#5266 = VERTEX_POINT('',#5267);
#5267 = CARTESIAN_POINT('',(-7.713451316239,-9.192533317428,4.));
#5268 = SURFACE_CURVE('',#5269,(#5273,#5280),.PCURVE_S1.);
#5269 = LINE('',#5270,#5271);
#5270 = CARTESIAN_POINT('',(-7.713451316239,-9.192533317428,0.));
#5271 = VECTOR('',#5272,1.);
#5272 = DIRECTION('',(1.070456406327E-15,1.275720267955E-15,1.));
#5273 = PCURVE('',#3847,#5274);
#5274 = DEFINITIONAL_REPRESENTATION('',(#5275),#5279);
#5275 = LINE('',#5276,#5277);
#5276 = CARTESIAN_POINT('',(0.,2.));
#5277 = VECTOR('',#5278,1.);
#5278 = DIRECTION('',(0.,-1.));
#5279 = ( GEOMETRIC_REPRESENTATION_CONTEXT(2) 
PARAMETRIC_REPRESENTATION_CONTEXT() REPRESENTATION_CONTEXT('2D SPACE',''
  ) );
#5280 = PCURVE('',#3814,#5281);
#5281 = DEFINITIONAL_REPRESENTATION('',(#5282),#5286);
#5282 = LINE('',#5283,#5284);
#5283 = CARTESIAN_POINT('',(6.632251157578,-2.));
#5284 = VECTOR('',#5285,1.);
#5285 = DIRECTION('',(0.,1.));
#5286 = ( GEOMETRIC_REPRESENTATION_CONTEXT(2) 
PARAMETRIC_REPRESENTATION_CONTEXT() REPRESENTATION_CONTEXT('2D SPACE',''
  ) );
#5287 = ORIENTED_EDGE('',*,*,#5288,.T.);
#5288 = EDGE_CURVE('',#5266,#5158,#5289,.T.);
#5289 = SURFACE_CURVE('',#5290,(#5295,#5302),.PCURVE_S1.);
#5290 = CIRCLE('',#5291,2.);
#5291 = AXIS2_PLACEMENT_3D('',#5292,#5293,#5294);
#5292 = CARTESIAN_POINT('',(-8.999026535612,-10.72462220366,4.));
#5293 = DIRECTION('',(0.,0.,-1.));
#5294 = DIRECTION('',(0.642787609687,0.766044443119,0.));
#5295 = PCURVE('',#3847,#5296);
#5296 = DEFINITIONAL_REPRESENTATION('',(#5297),#5301);
#5297 = LINE('',#5298,#5299);
#5298 = CARTESIAN_POINT('',(0.,-2.));
#5299 = VECTOR('',#5300,1.);
#5300 = DIRECTION('',(1.,0.));
#5301 = ( GEOMETRIC_REPRESENTATION_CONTEXT(2) 
PARAMETRIC_REPRESENTATION_CONTEXT() REPRESENTATION_CONTEXT('2D SPACE',''
  ) );
#5302 = PCURVE('',#132,#5303);
#5303 = DEFINITIONAL_REPRESENTATION('',(#5304),#5312);
#5304 = ( BOUNDED_CURVE() B_SPLINE_CURVE(2,(#5305,#5306,#5307,#5308,
#5309,#5310,#5311),.UNSPECIFIED.,.T.,.F.) B_SPLINE_CURVE_WITH_KNOTS((1,2
    ,2,2,2,1),(-2.094395102393,0.,2.094395102393,4.188790204786,
6.28318530718,8.377580409573),.UNSPECIFIED.) CURVE() 
GEOMETRIC_REPRESENTATION_ITEM() RATIONAL_B_SPLINE_CURVE((1.,0.5,1.,0.5,
1.,0.5,1.)) REPRESENTATION_ITEM('') );
#5305 = CARTESIAN_POINT('',(-7.713451316239,-9.192533317428));
#5306 = CARTESIAN_POINT('',(-5.059795523563,-11.41921491433));
#5307 = CARTESIAN_POINT('',(-8.31498624896,-12.60400744523));
#5308 = CARTESIAN_POINT('',(-11.57017697435,-13.78879997614));
#5309 = CARTESIAN_POINT('',(-10.96864204163,-10.37732584833));
#5310 = CARTESIAN_POINT('',(-10.36710710891,-6.965851720522));
#5311 = CARTESIAN_POINT('',(-7.713451316239,-9.192533317428));
#5312 = ( GEOMETRIC_REPRESENTATION_CONTEXT(2) 
PARAMETRIC_REPRESENTATION_CONTEXT() REPRESENTATION_CONTEXT('2D SPACE',''
  ) );
#5313 = ORIENTED_EDGE('',*,*,#5157,.F.);
#5314 = ORIENTED_EDGE('',*,*,#3826,.F.);
#5315 = ADVANCED_FACE('',(#5316),#4526,.T.);
#5316 = FACE_BOUND('',#5317,.T.);
#5317 = EDGE_LOOP('',(#5318,#5319,#5320,#5346));
#5318 = ORIENTED_EDGE('',*,*,#4505,.F.);
#5319 = ORIENTED_EDGE('',*,*,#5241,.F.);
#5320 = ORIENTED_EDGE('',*,*,#5321,.T.);
#5321 = EDGE_CURVE('',#5212,#5000,#5322,.T.);
#5322 = SURFACE_CURVE('',#5323,(#5328,#5335),.PCURVE_S1.);
#5323 = CIRCLE('',#5324,13.);
#5324 = AXIS2_PLACEMENT_3D('',#5325,#5326,#5327);
#5325 = CARTESIAN_POINT('',(-8.919002817746E-14,-4.091759200217E-14,4.)
  );
#5326 = DIRECTION('',(-1.278546004322E-15,-5.961957931191E-16,-1.));
#5327 = DIRECTION('',(-0.866025403784,-0.5,1.40535121621E-15));
#5328 = PCURVE('',#4526,#5329);
#5329 = DEFINITIONAL_REPRESENTATION('',(#5330),#5334);
#5330 = LINE('',#5331,#5332);
#5331 = CARTESIAN_POINT('',(12.566370614359,2.));
#5332 = VECTOR('',#5333,1.);
#5333 = DIRECTION('',(-1.,1.908332808878E-15));
#5334 = ( GEOMETRIC_REPRESENTATION_CONTEXT(2) 
PARAMETRIC_REPRESENTATION_CONTEXT() REPRESENTATION_CONTEXT('2D SPACE',''
  ) );
#5335 = PCURVE('',#132,#5336);
#5336 = DEFINITIONAL_REPRESENTATION('',(#5337),#5345);
#5337 = ( BOUNDED_CURVE() B_SPLINE_CURVE(2,(#5338,#5339,#5340,#5341,
#5342,#5343,#5344),.UNSPECIFIED.,.T.,.F.) B_SPLINE_CURVE_WITH_KNOTS((1,2
    ,2,2,2,1),(-2.094395102393,0.,2.094395102393,4.188790204786,
6.28318530718,8.377580409573),.UNSPECIFIED.) CURVE() 
GEOMETRIC_REPRESENTATION_ITEM() RATIONAL_B_SPLINE_CURVE((1.,0.5,1.,0.5,
1.,0.5,1.)) REPRESENTATION_ITEM('') );
#5338 = CARTESIAN_POINT('',(-11.25833024919,-6.5));
#5339 = CARTESIAN_POINT('',(-22.51666049839,13.));
#5340 = CARTESIAN_POINT('',(-9.545252804344E-14,13.));
#5341 = CARTESIAN_POINT('',(22.516660498395,13.));
#5342 = CARTESIAN_POINT('',(11.258330249198,-6.5));
#5343 = CARTESIAN_POINT('',(-6.104334026413E-14,-26.));
#5344 = CARTESIAN_POINT('',(-11.25833024919,-6.5));
#5345 = ( GEOMETRIC_REPRESENTATION_CONTEXT(2) 
PARAMETRIC_REPRESENTATION_CONTEXT() REPRESENTATION_CONTEXT('2D SPACE',''
  ) );
#5346 = ORIENTED_EDGE('',*,*,#4999,.F.);
#5347 = ADVANCED_FACE('',(#5348),#3814,.F.);
#5348 = FACE_BOUND('',#5349,.F.);
#5349 = EDGE_LOOP('',(#5350,#5351,#5352,#5353));
#5350 = ORIENTED_EDGE('',*,*,#4975,.T.);
#5351 = ORIENTED_EDGE('',*,*,#3797,.T.);
#5352 = ORIENTED_EDGE('',*,*,#5265,.T.);
#5353 = ORIENTED_EDGE('',*,*,#5354,.T.);
#5354 = EDGE_CURVE('',#5266,#4946,#5355,.T.);
#5355 = SURFACE_CURVE('',#5356,(#5361,#5368),.PCURVE_S1.);
#5356 = CIRCLE('',#5357,12.);
#5357 = AXIS2_PLACEMENT_3D('',#5358,#5359,#5360);
#5358 = CARTESIAN_POINT('',(6.879111083776E-15,1.407706387492E-15,4.));
#5359 = DIRECTION('',(-1.385091504683E-15,-6.45878775879E-16,-1.));
#5360 = DIRECTION('',(-0.866025403784,-0.5,1.522463817561E-15));
#5361 = PCURVE('',#3814,#5362);
#5362 = DEFINITIONAL_REPRESENTATION('',(#5363),#5367);
#5363 = LINE('',#5364,#5365);
#5364 = CARTESIAN_POINT('',(12.566370614359,2.));
#5365 = VECTOR('',#5366,1.);
#5366 = DIRECTION('',(-1.,1.908332808878E-15));
#5367 = ( GEOMETRIC_REPRESENTATION_CONTEXT(2) 
PARAMETRIC_REPRESENTATION_CONTEXT() REPRESENTATION_CONTEXT('2D SPACE',''
  ) );
#5368 = PCURVE('',#132,#5369);
#5369 = DEFINITIONAL_REPRESENTATION('',(#5370),#5378);
#5370 = ( BOUNDED_CURVE() B_SPLINE_CURVE(2,(#5371,#5372,#5373,#5374,
#5375,#5376,#5377),.UNSPECIFIED.,.T.,.F.) B_SPLINE_CURVE_WITH_KNOTS((1,2
    ,2,2,2,1),(-2.094395102393,0.,2.094395102393,4.188790204786,
6.28318530718,8.377580409573),.UNSPECIFIED.) CURVE() 
GEOMETRIC_REPRESENTATION_ITEM() RATIONAL_B_SPLINE_CURVE((1.,0.5,1.,0.5,
1.,0.5,1.)) REPRESENTATION_ITEM('') );
#5371 = CARTESIAN_POINT('',(-10.39230484541,-6.));
#5372 = CARTESIAN_POINT('',(-20.78460969082,12.));
#5373 = CARTESIAN_POINT('',(6.998104428923E-15,12.));
#5374 = CARTESIAN_POINT('',(20.784609690827,12.));
#5375 = CARTESIAN_POINT('',(10.392304845413,-6.));
#5376 = CARTESIAN_POINT('',(2.226281257484E-14,-24.));
#5377 = CARTESIAN_POINT('',(-10.39230484541,-6.));
#5378 = ( GEOMETRIC_REPRESENTATION_CONTEXT(2) 
PARAMETRIC_REPRESENTATION_CONTEXT() REPRESENTATION_CONTEXT('2D SPACE',''
  ) );
#5379 = ADVANCED_FACE('',(#5380),#442,.T.);
#5380 = FACE_BOUND('',#5381,.T.);
#5381 = EDGE_LOOP('',(#5382,#5383,#5384,#5385));
#5382 = ORIENTED_EDGE('',*,*,#419,.F.);
#5383 = ORIENTED_EDGE('',*,*,#4629,.T.);
#5384 = ORIENTED_EDGE('',*,*,#4774,.T.);
#5385 = ORIENTED_EDGE('',*,*,#5386,.F.);
#5386 = EDGE_CURVE('',#422,#4775,#5387,.T.);
#5387 = SURFACE_CURVE('',#5388,(#5393,#5400),.PCURVE_S1.);
#5388 = CIRCLE('',#5389,7.);
#5389 = AXIS2_PLACEMENT_3D('',#5390,#5391,#5392);
#5390 = CARTESIAN_POINT('',(0.,0.,4.));
#5391 = DIRECTION('',(0.,0.,1.));
#5392 = DIRECTION('',(1.,0.,-0.));
#5393 = PCURVE('',#442,#5394);
#5394 = DEFINITIONAL_REPRESENTATION('',(#5395),#5399);
#5395 = LINE('',#5396,#5397);
#5396 = CARTESIAN_POINT('',(-3.155676118538,4.));
#5397 = VECTOR('',#5398,1.);
#5398 = DIRECTION('',(1.,0.));
#5399 = ( GEOMETRIC_REPRESENTATION_CONTEXT(2) 
PARAMETRIC_REPRESENTATION_CONTEXT() REPRESENTATION_CONTEXT('2D SPACE',''
  ) );
#5400 = PCURVE('',#132,#5401);
#5401 = DEFINITIONAL_REPRESENTATION('',(#5402),#5406);
#5402 = CIRCLE('',#5403,7.);
#5403 = AXIS2_PLACEMENT_2D('',#5404,#5405);
#5404 = CARTESIAN_POINT('',(0.,0.));
#5405 = DIRECTION('',(1.,0.));
#5406 = ( GEOMETRIC_REPRESENTATION_CONTEXT(2) 
PARAMETRIC_REPRESENTATION_CONTEXT() REPRESENTATION_CONTEXT('2D SPACE',''
  ) );
#5407 = ADVANCED_FACE('',(#5408),#1492,.F.);
#5408 = FACE_BOUND('',#5409,.F.);
#5409 = EDGE_LOOP('',(#5410,#5411,#5412,#5438));
#5410 = ORIENTED_EDGE('',*,*,#3967,.F.);
#5411 = ORIENTED_EDGE('',*,*,#1831,.T.);
#5412 = ORIENTED_EDGE('',*,*,#5413,.T.);
#5413 = EDGE_CURVE('',#1834,#1475,#5414,.T.);
#5414 = SURFACE_CURVE('',#5415,(#5420,#5427),.PCURVE_S1.);
#5415 = CIRCLE('',#5416,18.);
#5416 = AXIS2_PLACEMENT_3D('',#5417,#5418,#5419);
#5417 = CARTESIAN_POINT('',(0.,0.,4.));
#5418 = DIRECTION('',(0.,0.,-1.));
#5419 = DIRECTION('',(1.,0.,0.));
#5420 = PCURVE('',#1492,#5421);
#5421 = DEFINITIONAL_REPRESENTATION('',(#5422),#5426);
#5422 = LINE('',#5423,#5424);
#5423 = CARTESIAN_POINT('',(6.28318530718,4.));
#5424 = VECTOR('',#5425,1.);
#5425 = DIRECTION('',(-1.,0.));
#5426 = ( GEOMETRIC_REPRESENTATION_CONTEXT(2) 
PARAMETRIC_REPRESENTATION_CONTEXT() REPRESENTATION_CONTEXT('2D SPACE',''
  ) );
#5427 = PCURVE('',#132,#5428);
#5428 = DEFINITIONAL_REPRESENTATION('',(#5429),#5437);
#5429 = ( BOUNDED_CURVE() B_SPLINE_CURVE(2,(#5430,#5431,#5432,#5433,
#5434,#5435,#5436),.UNSPECIFIED.,.T.,.F.) B_SPLINE_CURVE_WITH_KNOTS((1,2
    ,2,2,2,1),(-2.094395102393,0.,2.094395102393,4.188790204786,
6.28318530718,8.377580409573),.UNSPECIFIED.) CURVE() 
GEOMETRIC_REPRESENTATION_ITEM() RATIONAL_B_SPLINE_CURVE((1.,0.5,1.,0.5,
1.,0.5,1.)) REPRESENTATION_ITEM('') );
#5430 = CARTESIAN_POINT('',(18.,0.));
#5431 = CARTESIAN_POINT('',(18.,-31.17691453624));
#5432 = CARTESIAN_POINT('',(-9.,-15.58845726812));
#5433 = CARTESIAN_POINT('',(-36.,-4.40872847693E-15));
#5434 = CARTESIAN_POINT('',(-9.,15.58845726812));
#5435 = CARTESIAN_POINT('',(18.,31.17691453624));
#5436 = CARTESIAN_POINT('',(18.,0.));
#5437 = ( GEOMETRIC_REPRESENTATION_CONTEXT(2) 
PARAMETRIC_REPRESENTATION_CONTEXT() REPRESENTATION_CONTEXT('2D SPACE',''
  ) );
#5438 = ORIENTED_EDGE('',*,*,#1474,.T.);
#5439 = ADVANCED_FACE('',(#5440),#4168,.F.);
#5440 = FACE_BOUND('',#5441,.F.);
#5441 = EDGE_LOOP('',(#5442,#5443,#5466,#5490));
#5442 = ORIENTED_EDGE('',*,*,#4151,.T.);
#5443 = ORIENTED_EDGE('',*,*,#5444,.T.);
#5444 = EDGE_CURVE('',#4152,#5445,#5447,.T.);
#5445 = VERTEX_POINT('',#5446);
#5446 = CARTESIAN_POINT('',(-2.394141055538,6.577848326481,4.));
#5447 = SURFACE_CURVE('',#5448,(#5452,#5459),.PCURVE_S1.);
#5448 = LINE('',#5449,#5450);
#5449 = CARTESIAN_POINT('',(-2.39414100328,6.577848345501,2.));
#5450 = VECTOR('',#5451,1.);
#5451 = DIRECTION('',(0.,0.,1.));
#5452 = PCURVE('',#4168,#5453);
#5453 = DEFINITIONAL_REPRESENTATION('',(#5454),#5458);
#5454 = LINE('',#5455,#5456);
#5455 = CARTESIAN_POINT('',(3.14159265359,0.));
#5456 = VECTOR('',#5457,1.);
#5457 = DIRECTION('',(0.,1.));
#5458 = ( GEOMETRIC_REPRESENTATION_CONTEXT(2) 
PARAMETRIC_REPRESENTATION_CONTEXT() REPRESENTATION_CONTEXT('2D SPACE',''
  ) );
#5459 = PCURVE('',#44,#5460);
#5460 = DEFINITIONAL_REPRESENTATION('',(#5461),#5465);
#5461 = LINE('',#5462,#5463);
#5462 = CARTESIAN_POINT('',(1.919862177194,2.));
#5463 = VECTOR('',#5464,1.);
#5464 = DIRECTION('',(0.,1.));
#5465 = ( GEOMETRIC_REPRESENTATION_CONTEXT(2) 
PARAMETRIC_REPRESENTATION_CONTEXT() REPRESENTATION_CONTEXT('2D SPACE',''
  ) );
#5466 = ORIENTED_EDGE('',*,*,#5467,.F.);
#5467 = EDGE_CURVE('',#5468,#5445,#5470,.T.);
#5468 = VERTEX_POINT('',#5469);
#5469 = CARTESIAN_POINT('',(-3.078181261926,8.457233597266,4.));
#5470 = SURFACE_CURVE('',#5471,(#5476,#5483),.PCURVE_S1.);
#5471 = CIRCLE('',#5472,1.);
#5472 = AXIS2_PLACEMENT_3D('',#5473,#5474,#5475);
#5473 = CARTESIAN_POINT('',(-2.736161146605,7.517540966287,4.));
#5474 = DIRECTION('',(0.,0.,1.));
#5475 = DIRECTION('',(-0.342020115321,0.939692630979,0.));
#5476 = PCURVE('',#4168,#5477);
#5477 = DEFINITIONAL_REPRESENTATION('',(#5478),#5482);
#5478 = LINE('',#5479,#5480);
#5479 = CARTESIAN_POINT('',(-2.980230462413E-08,2.));
#5480 = VECTOR('',#5481,1.);
#5481 = DIRECTION('',(1.,0.));
#5482 = ( GEOMETRIC_REPRESENTATION_CONTEXT(2) 
PARAMETRIC_REPRESENTATION_CONTEXT() REPRESENTATION_CONTEXT('2D SPACE',''
  ) );
#5483 = PCURVE('',#132,#5484);
#5484 = DEFINITIONAL_REPRESENTATION('',(#5485),#5489);
#5485 = CIRCLE('',#5486,1.);
#5486 = AXIS2_PLACEMENT_2D('',#5487,#5488);
#5487 = CARTESIAN_POINT('',(-2.736161146605,7.517540966287));
#5488 = DIRECTION('',(-0.342020115321,0.939692630979));
#5489 = ( GEOMETRIC_REPRESENTATION_CONTEXT(2) 
PARAMETRIC_REPRESENTATION_CONTEXT() REPRESENTATION_CONTEXT('2D SPACE',''
  ) );
#5490 = ORIENTED_EDGE('',*,*,#5491,.F.);
#5491 = EDGE_CURVE('',#4123,#5468,#5492,.T.);
#5492 = SURFACE_CURVE('',#5493,(#5497,#5504),.PCURVE_S1.);
#5493 = LINE('',#5494,#5495);
#5494 = CARTESIAN_POINT('',(-3.078181261926,8.457233597266,4.));
#5495 = VECTOR('',#5496,1.);
#5496 = DIRECTION('',(-1.329015287431E-15,3.65143932303E-15,1.));
#5497 = PCURVE('',#4168,#5498);
#5498 = DEFINITIONAL_REPRESENTATION('',(#5499),#5503);
#5499 = LINE('',#5500,#5501);
#5500 = CARTESIAN_POINT('',(-2.980230551231E-08,2.));
#5501 = VECTOR('',#5502,1.);
#5502 = DIRECTION('',(0.,1.));
#5503 = ( GEOMETRIC_REPRESENTATION_CONTEXT(2) 
PARAMETRIC_REPRESENTATION_CONTEXT() REPRESENTATION_CONTEXT('2D SPACE',''
  ) );
#5504 = PCURVE('',#4139,#5505);
#5505 = DEFINITIONAL_REPRESENTATION('',(#5506),#5510);
#5506 = LINE('',#5507,#5508);
#5507 = CARTESIAN_POINT('',(0.698131697486,2.));
#5508 = VECTOR('',#5509,1.);
#5509 = DIRECTION('',(0.,1.));
#5510 = ( GEOMETRIC_REPRESENTATION_CONTEXT(2) 
PARAMETRIC_REPRESENTATION_CONTEXT() REPRESENTATION_CONTEXT('2D SPACE',''
  ) );
#5511 = ADVANCED_FACE('',(#5512),#576,.T.);
#5512 = FACE_BOUND('',#5513,.T.);
#5513 = EDGE_LOOP('',(#5514,#5537,#5538,#5539));
#5514 = ORIENTED_EDGE('',*,*,#5515,.T.);
#5515 = EDGE_CURVE('',#5516,#4207,#5518,.T.);
#5516 = VERTEX_POINT('',#5517);
#5517 = CARTESIAN_POINT('',(3.420201447259,9.396926202763,4.));
#5518 = SURFACE_CURVE('',#5519,(#5523,#5530),.PCURVE_S1.);
#5519 = LINE('',#5520,#5521);
#5520 = CARTESIAN_POINT('',(3.420201447259,9.396926202763,0.));
#5521 = VECTOR('',#5522,1.);
#5522 = DIRECTION('',(-5.695779336898E-16,-1.564902583988E-15,-1.));
#5523 = PCURVE('',#576,#5524);
#5524 = DEFINITIONAL_REPRESENTATION('',(#5525),#5529);
#5525 = LINE('',#5526,#5527);
#5526 = CARTESIAN_POINT('',(-1.490114698299E-09,-2.));
#5527 = VECTOR('',#5528,1.);
#5528 = DIRECTION('',(0.,-1.));
#5529 = ( GEOMETRIC_REPRESENTATION_CONTEXT(2) 
PARAMETRIC_REPRESENTATION_CONTEXT() REPRESENTATION_CONTEXT('2D SPACE',''
  ) );
#5530 = PCURVE('',#4251,#5531);
#5531 = DEFINITIONAL_REPRESENTATION('',(#5532),#5536);
#5532 = LINE('',#5533,#5534);
#5533 = CARTESIAN_POINT('',(3.141592623788,2.));
#5534 = VECTOR('',#5535,1.);
#5535 = DIRECTION('',(0.,1.));
#5536 = ( GEOMETRIC_REPRESENTATION_CONTEXT(2) 
PARAMETRIC_REPRESENTATION_CONTEXT() REPRESENTATION_CONTEXT('2D SPACE',''
  ) );
#5537 = ORIENTED_EDGE('',*,*,#4206,.T.);
#5538 = ORIENTED_EDGE('',*,*,#560,.F.);
#5539 = ORIENTED_EDGE('',*,*,#5540,.F.);
#5540 = EDGE_CURVE('',#5516,#537,#5541,.T.);
#5541 = SURFACE_CURVE('',#5542,(#5547,#5554),.PCURVE_S1.);
#5542 = CIRCLE('',#5543,10.);
#5543 = AXIS2_PLACEMENT_3D('',#5544,#5545,#5546);
#5544 = CARTESIAN_POINT('',(-3.727614814643E-15,-1.33226762955E-14,4.));
#5545 = DIRECTION('',(0.,0.,1.));
#5546 = DIRECTION('',(0.342020144726,0.939692620276,-0.));
#5547 = PCURVE('',#576,#5548);
#5548 = DEFINITIONAL_REPRESENTATION('',(#5549),#5553);
#5549 = LINE('',#5550,#5551);
#5550 = CARTESIAN_POINT('',(-1.490114698299E-09,2.));
#5551 = VECTOR('',#5552,1.);
#5552 = DIRECTION('',(1.,0.));
#5553 = ( GEOMETRIC_REPRESENTATION_CONTEXT(2) 
PARAMETRIC_REPRESENTATION_CONTEXT() REPRESENTATION_CONTEXT('2D SPACE',''
  ) );
#5554 = PCURVE('',#132,#5555);
#5555 = DEFINITIONAL_REPRESENTATION('',(#5556),#5560);
#5556 = CIRCLE('',#5557,10.);
#5557 = AXIS2_PLACEMENT_2D('',#5558,#5559);
#5558 = CARTESIAN_POINT('',(-3.727614814643E-15,-1.33226762955E-14));
#5559 = DIRECTION('',(0.342020144726,0.939692620276));
#5560 = ( GEOMETRIC_REPRESENTATION_CONTEXT(2) 
PARAMETRIC_REPRESENTATION_CONTEXT() REPRESENTATION_CONTEXT('2D SPACE',''
  ) );
#5561 = ADVANCED_FACE('',(#5562),#4139,.F.);
#5562 = FACE_BOUND('',#5563,.F.);
#5563 = EDGE_LOOP('',(#5564,#5565,#5566,#5590));
#5564 = ORIENTED_EDGE('',*,*,#4122,.T.);
#5565 = ORIENTED_EDGE('',*,*,#5491,.T.);
#5566 = ORIENTED_EDGE('',*,*,#5567,.F.);
#5567 = EDGE_CURVE('',#5568,#5468,#5570,.T.);
#5568 = VERTEX_POINT('',#5569);
#5569 = CARTESIAN_POINT('',(3.078181317936,8.45723357688,4.));
#5570 = SURFACE_CURVE('',#5571,(#5576,#5583),.PCURVE_S1.);
#5571 = CIRCLE('',#5572,9.);
#5572 = AXIS2_PLACEMENT_3D('',#5573,#5574,#5575);
#5573 = CARTESIAN_POINT('',(2.702237843709E-15,-2.109423746788E-14,4.));
#5574 = DIRECTION('',(0.,0.,1.));
#5575 = DIRECTION('',(0.342020146437,0.939692619653,-0.));
#5576 = PCURVE('',#4139,#5577);
#5577 = DEFINITIONAL_REPRESENTATION('',(#5578),#5582);
#5578 = LINE('',#5579,#5580);
#5579 = CARTESIAN_POINT('',(-3.311367180459E-09,2.));
#5580 = VECTOR('',#5581,1.);
#5581 = DIRECTION('',(1.,0.));
#5582 = ( GEOMETRIC_REPRESENTATION_CONTEXT(2) 
PARAMETRIC_REPRESENTATION_CONTEXT() REPRESENTATION_CONTEXT('2D SPACE',''
  ) );
#5583 = PCURVE('',#132,#5584);
#5584 = DEFINITIONAL_REPRESENTATION('',(#5585),#5589);
#5585 = CIRCLE('',#5586,9.);
#5586 = AXIS2_PLACEMENT_2D('',#5587,#5588);
#5587 = CARTESIAN_POINT('',(2.702237843709E-15,-2.109423746788E-14));
#5588 = DIRECTION('',(0.342020146437,0.939692619653));
#5589 = ( GEOMETRIC_REPRESENTATION_CONTEXT(2) 
PARAMETRIC_REPRESENTATION_CONTEXT() REPRESENTATION_CONTEXT('2D SPACE',''
  ) );
#5590 = ORIENTED_EDGE('',*,*,#5591,.F.);
#5591 = EDGE_CURVE('',#4090,#5568,#5592,.T.);
#5592 = SURFACE_CURVE('',#5593,(#5597,#5604),.PCURVE_S1.);
#5593 = LINE('',#5594,#5595);
#5594 = CARTESIAN_POINT('',(3.078181317936,8.45723357688,4.));
#5595 = VECTOR('',#5596,1.);
#5596 = DIRECTION('',(1.329015178609E-15,3.651439362638E-15,1.));
#5597 = PCURVE('',#4139,#5598);
#5598 = DEFINITIONAL_REPRESENTATION('',(#5599),#5603);
#5599 = LINE('',#5600,#5601);
#5600 = CARTESIAN_POINT('',(-3.311367180459E-09,2.));
#5601 = VECTOR('',#5602,1.);
#5602 = DIRECTION('',(0.,1.));
#5603 = ( GEOMETRIC_REPRESENTATION_CONTEXT(2) 
PARAMETRIC_REPRESENTATION_CONTEXT() REPRESENTATION_CONTEXT('2D SPACE',''
  ) );
#5604 = PCURVE('',#4110,#5605);
#5605 = DEFINITIONAL_REPRESENTATION('',(#5606),#5610);
#5606 = LINE('',#5607,#5608);
#5607 = CARTESIAN_POINT('',(3.141592623787,-2.));
#5608 = VECTOR('',#5609,1.);
#5609 = DIRECTION('',(0.,-1.));
#5610 = ( GEOMETRIC_REPRESENTATION_CONTEXT(2) 
PARAMETRIC_REPRESENTATION_CONTEXT() REPRESENTATION_CONTEXT('2D SPACE',''
  ) );
#5611 = ADVANCED_FACE('',(#5612),#4251,.F.);
#5612 = FACE_BOUND('',#5613,.F.);
#5613 = EDGE_LOOP('',(#5614,#5642,#5643,#5644));
#5614 = ORIENTED_EDGE('',*,*,#5615,.T.);
#5615 = EDGE_CURVE('',#5616,#5516,#5618,.T.);
#5616 = VERTEX_POINT('',#5617);
#5617 = CARTESIAN_POINT('',(4.104241719908,11.276311449431,4.));
#5618 = SURFACE_CURVE('',#5619,(#5624,#5631),.PCURVE_S1.);
#5619 = CIRCLE('',#5620,1.);
#5620 = AXIS2_PLACEMENT_3D('',#5621,#5622,#5623);
#5621 = CARTESIAN_POINT('',(3.762221576582,10.336618828645,4.));
#5622 = DIRECTION('',(0.,0.,-1.));
#5623 = DIRECTION('',(0.342020143326,0.939692620786,0.));
#5624 = PCURVE('',#4251,#5625);
#5625 = DEFINITIONAL_REPRESENTATION('',(#5626),#5630);
#5626 = LINE('',#5627,#5628);
#5627 = CARTESIAN_POINT('',(-1.490115231206E-08,-2.));
#5628 = VECTOR('',#5629,1.);
#5629 = DIRECTION('',(1.,0.));
#5630 = ( GEOMETRIC_REPRESENTATION_CONTEXT(2) 
PARAMETRIC_REPRESENTATION_CONTEXT() REPRESENTATION_CONTEXT('2D SPACE',''
  ) );
#5631 = PCURVE('',#132,#5632);
#5632 = DEFINITIONAL_REPRESENTATION('',(#5633),#5641);
#5633 = ( BOUNDED_CURVE() B_SPLINE_CURVE(2,(#5634,#5635,#5636,#5637,
#5638,#5639,#5640),.UNSPECIFIED.,.T.,.F.) B_SPLINE_CURVE_WITH_KNOTS((1,2
    ,2,2,2,1),(-2.094395102393,0.,2.094395102393,4.188790204786,
6.28318530718,8.377580409573),.UNSPECIFIED.) CURVE() 
GEOMETRIC_REPRESENTATION_ITEM() RATIONAL_B_SPLINE_CURVE((1.,0.5,1.,0.5,
1.,0.5,1.)) REPRESENTATION_ITEM('') );
#5634 = CARTESIAN_POINT('',(4.104241719908,11.276311449431));
#5635 = CARTESIAN_POINT('',(5.731837082607,10.683915183979));
#5636 = CARTESIAN_POINT('',(4.405009186269,9.570574385526));
#5637 = CARTESIAN_POINT('',(3.078181289931,8.457233587073));
#5638 = CARTESIAN_POINT('',(2.77741382357,10.162970650978));
#5639 = CARTESIAN_POINT('',(2.476646357209,11.868707714883));
#5640 = CARTESIAN_POINT('',(4.104241719908,11.276311449431));
#5641 = ( GEOMETRIC_REPRESENTATION_CONTEXT(2) 
PARAMETRIC_REPRESENTATION_CONTEXT() REPRESENTATION_CONTEXT('2D SPACE',''
  ) );
#5642 = ORIENTED_EDGE('',*,*,#5515,.T.);
#5643 = ORIENTED_EDGE('',*,*,#4230,.F.);
#5644 = ORIENTED_EDGE('',*,*,#5645,.F.);
#5645 = EDGE_CURVE('',#5616,#4231,#5646,.T.);
#5646 = SURFACE_CURVE('',#5647,(#5651,#5658),.PCURVE_S1.);
#5647 = LINE('',#5648,#5649);
#5648 = CARTESIAN_POINT('',(4.104241719908,11.276311449431,0.));
#5649 = VECTOR('',#5650,1.);
#5650 = DIRECTION('',(5.695779570086E-16,1.5649025755E-15,-1.));
#5651 = PCURVE('',#4251,#5652);
#5652 = DEFINITIONAL_REPRESENTATION('',(#5653),#5657);
#5653 = LINE('',#5654,#5655);
#5654 = CARTESIAN_POINT('',(-1.490116208203E-08,2.));
#5655 = VECTOR('',#5656,1.);
#5656 = DIRECTION('',(0.,1.));
#5657 = ( GEOMETRIC_REPRESENTATION_CONTEXT(2) 
PARAMETRIC_REPRESENTATION_CONTEXT() REPRESENTATION_CONTEXT('2D SPACE',''
  ) );
#5658 = PCURVE('',#4280,#5659);
#5659 = DEFINITIONAL_REPRESENTATION('',(#5660),#5664);
#5660 = LINE('',#5661,#5662);
#5661 = CARTESIAN_POINT('',(5.934119456781,-2.));
#5662 = VECTOR('',#5663,1.);
#5663 = DIRECTION('',(0.,-1.));
#5664 = ( GEOMETRIC_REPRESENTATION_CONTEXT(2) 
PARAMETRIC_REPRESENTATION_CONTEXT() REPRESENTATION_CONTEXT('2D SPACE',''
  ) );
#5665 = ADVANCED_FACE('',(#5666),#4110,.T.);
#5666 = FACE_BOUND('',#5667,.T.);
#5667 = EDGE_LOOP('',(#5668,#5691,#5717,#5718));
#5668 = ORIENTED_EDGE('',*,*,#5669,.T.);
#5669 = EDGE_CURVE('',#4057,#5670,#5672,.T.);
#5670 = VERTEX_POINT('',#5671);
#5671 = CARTESIAN_POINT('',(4.446261863234,12.216004070217,4.));
#5672 = SURFACE_CURVE('',#5673,(#5677,#5684),.PCURVE_S1.);
#5673 = LINE('',#5674,#5675);
#5674 = CARTESIAN_POINT('',(4.446261863234,12.216004070217,4.));
#5675 = VECTOR('',#5676,1.);
#5676 = DIRECTION('',(-1.32901523302E-15,-3.651439342834E-15,1.));
#5677 = PCURVE('',#4110,#5678);
#5678 = DEFINITIONAL_REPRESENTATION('',(#5679),#5683);
#5679 = LINE('',#5680,#5681);
#5680 = CARTESIAN_POINT('',(-1.49011754047E-08,-2.));
#5681 = VECTOR('',#5682,1.);
#5682 = DIRECTION('',(-2.22044604925E-16,-1.));
#5683 = ( GEOMETRIC_REPRESENTATION_CONTEXT(2) 
PARAMETRIC_REPRESENTATION_CONTEXT() REPRESENTATION_CONTEXT('2D SPACE',''
  ) );
#5684 = PCURVE('',#4077,#5685);
#5685 = DEFINITIONAL_REPRESENTATION('',(#5686),#5690);
#5686 = LINE('',#5687,#5688);
#5687 = CARTESIAN_POINT('',(5.934119456781,2.));
#5688 = VECTOR('',#5689,1.);
#5689 = DIRECTION('',(0.,1.));
#5690 = ( GEOMETRIC_REPRESENTATION_CONTEXT(2) 
PARAMETRIC_REPRESENTATION_CONTEXT() REPRESENTATION_CONTEXT('2D SPACE',''
  ) );
#5691 = ORIENTED_EDGE('',*,*,#5692,.T.);
#5692 = EDGE_CURVE('',#5670,#5568,#5693,.T.);
#5693 = SURFACE_CURVE('',#5694,(#5699,#5706),.PCURVE_S1.);
#5694 = CIRCLE('',#5695,2.);
#5695 = AXIS2_PLACEMENT_3D('',#5696,#5697,#5698);
#5696 = CARTESIAN_POINT('',(3.762221576582,10.336618828645,4.));
#5697 = DIRECTION('',(0.,0.,-1.));
#5698 = DIRECTION('',(0.342020143326,0.939692620786,0.));
#5699 = PCURVE('',#4110,#5700);
#5700 = DEFINITIONAL_REPRESENTATION('',(#5701),#5705);
#5701 = LINE('',#5702,#5703);
#5702 = CARTESIAN_POINT('',(-1.490115586478E-08,-2.));
#5703 = VECTOR('',#5704,1.);
#5704 = DIRECTION('',(1.,0.));
#5705 = ( GEOMETRIC_REPRESENTATION_CONTEXT(2) 
PARAMETRIC_REPRESENTATION_CONTEXT() REPRESENTATION_CONTEXT('2D SPACE',''
  ) );
#5706 = PCURVE('',#132,#5707);
#5707 = DEFINITIONAL_REPRESENTATION('',(#5708),#5716);
#5708 = ( BOUNDED_CURVE() B_SPLINE_CURVE(2,(#5709,#5710,#5711,#5712,
#5713,#5714,#5715),.UNSPECIFIED.,.T.,.F.) B_SPLINE_CURVE_WITH_KNOTS((1,2
    ,2,2,2,1),(-2.094395102393,0.,2.094395102393,4.188790204786,
6.28318530718,8.377580409573),.UNSPECIFIED.) CURVE() 
GEOMETRIC_REPRESENTATION_ITEM() RATIONAL_B_SPLINE_CURVE((1.,0.5,1.,0.5,
1.,0.5,1.)) REPRESENTATION_ITEM('') );
#5709 = CARTESIAN_POINT('',(4.446261863234,12.216004070217));
#5710 = CARTESIAN_POINT('',(7.701452588631,11.031211539313));
#5711 = CARTESIAN_POINT('',(5.047796795955,8.804529942407));
#5712 = CARTESIAN_POINT('',(2.39414100328,6.577848345501));
#5713 = CARTESIAN_POINT('',(1.792606070558,9.989322473311));
#5714 = CARTESIAN_POINT('',(1.191071137836,13.400796601121));
#5715 = CARTESIAN_POINT('',(4.446261863234,12.216004070217));
#5716 = ( GEOMETRIC_REPRESENTATION_CONTEXT(2) 
PARAMETRIC_REPRESENTATION_CONTEXT() REPRESENTATION_CONTEXT('2D SPACE',''
  ) );
#5717 = ORIENTED_EDGE('',*,*,#5591,.F.);
#5718 = ORIENTED_EDGE('',*,*,#4089,.F.);
#5719 = ADVANCED_FACE('',(#5720),#4375,.F.);
#5720 = FACE_BOUND('',#5721,.F.);
#5721 = EDGE_LOOP('',(#5722,#5723,#5724,#5748));
#5722 = ORIENTED_EDGE('',*,*,#4358,.T.);
#5723 = ORIENTED_EDGE('',*,*,#4715,.T.);
#5724 = ORIENTED_EDGE('',*,*,#5725,.F.);
#5725 = EDGE_CURVE('',#5726,#4688,#5728,.T.);
#5726 = VERTEX_POINT('',#5727);
#5727 = CARTESIAN_POINT('',(5.47232229321,15.035081932575,4.));
#5728 = SURFACE_CURVE('',#5729,(#5734,#5741),.PCURVE_S1.);
#5729 = CIRCLE('',#5730,1.);
#5730 = AXIS2_PLACEMENT_3D('',#5731,#5732,#5733);
#5731 = CARTESIAN_POINT('',(5.814342436536,15.974774553361,4.));
#5732 = DIRECTION('',(-1.920649330919E-15,4.036905205933E-16,1.));
#5733 = DIRECTION('',(-0.342020143326,-0.939692620786,
    -2.775557561563E-16));
#5734 = PCURVE('',#4375,#5735);
#5735 = DEFINITIONAL_REPRESENTATION('',(#5736),#5740);
#5736 = LINE('',#5737,#5738);
#5737 = CARTESIAN_POINT('',(0.,2.));
#5738 = VECTOR('',#5739,1.);
#5739 = DIRECTION('',(1.,2.827159716856E-16));
#5740 = ( GEOMETRIC_REPRESENTATION_CONTEXT(2) 
PARAMETRIC_REPRESENTATION_CONTEXT() REPRESENTATION_CONTEXT('2D SPACE',''
  ) );
#5741 = PCURVE('',#132,#5742);
#5742 = DEFINITIONAL_REPRESENTATION('',(#5743),#5747);
#5743 = CIRCLE('',#5744,1.);
#5744 = AXIS2_PLACEMENT_2D('',#5745,#5746);
#5745 = CARTESIAN_POINT('',(5.814342436536,15.974774553361));
#5746 = DIRECTION('',(-0.342020143326,-0.939692620786));
#5747 = ( GEOMETRIC_REPRESENTATION_CONTEXT(2) 
PARAMETRIC_REPRESENTATION_CONTEXT() REPRESENTATION_CONTEXT('2D SPACE',''
  ) );
#5748 = ORIENTED_EDGE('',*,*,#5749,.F.);
#5749 = EDGE_CURVE('',#4326,#5726,#5750,.T.);
#5750 = SURFACE_CURVE('',#5751,(#5755,#5762),.PCURVE_S1.);
#5751 = LINE('',#5752,#5753);
#5752 = CARTESIAN_POINT('',(5.47232229321,15.035081932575,0.));
#5753 = VECTOR('',#5754,1.);
#5754 = DIRECTION('',(5.695779570086E-16,1.5649025755E-15,1.));
#5755 = PCURVE('',#4375,#5756);
#5756 = DEFINITIONAL_REPRESENTATION('',(#5757),#5761);
#5757 = LINE('',#5758,#5759);
#5758 = CARTESIAN_POINT('',(0.,-2.));
#5759 = VECTOR('',#5760,1.);
#5760 = DIRECTION('',(0.,1.));
#5761 = ( GEOMETRIC_REPRESENTATION_CONTEXT(2) 
PARAMETRIC_REPRESENTATION_CONTEXT() REPRESENTATION_CONTEXT('2D SPACE',''
  ) );
#5762 = PCURVE('',#4346,#5763);
#5763 = DEFINITIONAL_REPRESENTATION('',(#5764),#5768);
#5764 = LINE('',#5765,#5766);
#5765 = CARTESIAN_POINT('',(0.698131700798,2.));
#5766 = VECTOR('',#5767,1.);
#5767 = DIRECTION('',(0.,-1.));
#5768 = ( GEOMETRIC_REPRESENTATION_CONTEXT(2) 
PARAMETRIC_REPRESENTATION_CONTEXT() REPRESENTATION_CONTEXT('2D SPACE',''
  ) );
#5769 = ADVANCED_FACE('',(#5770),#1983,.F.);
#5770 = FACE_BOUND('',#5771,.F.);
#5771 = EDGE_LOOP('',(#5772,#5800,#5801,#5802));
#5772 = ORIENTED_EDGE('',*,*,#5773,.T.);
#5773 = EDGE_CURVE('',#5774,#1944,#5776,.T.);
#5774 = VERTEX_POINT('',#5775);
#5775 = CARTESIAN_POINT('',(-5.130302149885,14.095389311789,4.));
#5776 = SURFACE_CURVE('',#5777,(#5782,#5789),.PCURVE_S1.);
#5777 = CIRCLE('',#5778,15.);
#5778 = AXIS2_PLACEMENT_3D('',#5779,#5780,#5781);
#5779 = CARTESIAN_POINT('',(-3.648515181732E-16,3.330669073875E-14,4.));
#5780 = DIRECTION('',(0.,0.,-1.));
#5781 = DIRECTION('',(-0.342020143326,0.939692620786,0.));
#5782 = PCURVE('',#1983,#5783);
#5783 = DEFINITIONAL_REPRESENTATION('',(#5784),#5788);
#5784 = LINE('',#5785,#5786);
#5785 = CARTESIAN_POINT('',(0.,-2.));
#5786 = VECTOR('',#5787,1.);
#5787 = DIRECTION('',(1.,0.));
#5788 = ( GEOMETRIC_REPRESENTATION_CONTEXT(2) 
PARAMETRIC_REPRESENTATION_CONTEXT() REPRESENTATION_CONTEXT('2D SPACE',''
  ) );
#5789 = PCURVE('',#132,#5790);
#5790 = DEFINITIONAL_REPRESENTATION('',(#5791),#5799);
#5791 = ( BOUNDED_CURVE() B_SPLINE_CURVE(2,(#5792,#5793,#5794,#5795,
#5796,#5797,#5798),.UNSPECIFIED.,.T.,.F.) B_SPLINE_CURVE_WITH_KNOTS((1,2
    ,2,2,2,1),(-2.094395102393,0.,2.094395102393,4.188790204786,
6.28318530718,8.377580409573),.UNSPECIFIED.) CURVE() 
GEOMETRIC_REPRESENTATION_ITEM() RATIONAL_B_SPLINE_CURVE((1.,0.5,1.,0.5,
1.,0.5,1.)) REPRESENTATION_ITEM('') );
#5792 = CARTESIAN_POINT('',(-5.130302149885,14.095389311789));
#5793 = CARTESIAN_POINT('',(19.283628290596,22.981333293569));
#5794 = CARTESIAN_POINT('',(14.772116295183,-2.604722665004));
#5795 = CARTESIAN_POINT('',(10.26060429977,-28.19077862357));
#5796 = CARTESIAN_POINT('',(-9.641814145298,-11.49066664678));
#5797 = CARTESIAN_POINT('',(-29.54423259036,5.209445330008));
#5798 = CARTESIAN_POINT('',(-5.130302149885,14.095389311789));
#5799 = ( GEOMETRIC_REPRESENTATION_CONTEXT(2) 
PARAMETRIC_REPRESENTATION_CONTEXT() REPRESENTATION_CONTEXT('2D SPACE',''
  ) );
#5800 = ORIENTED_EDGE('',*,*,#1967,.T.);
#5801 = ORIENTED_EDGE('',*,*,#3995,.F.);
#5802 = ORIENTED_EDGE('',*,*,#5803,.F.);
#5803 = EDGE_CURVE('',#5774,#3996,#5804,.T.);
#5804 = SURFACE_CURVE('',#5805,(#5809,#5816),.PCURVE_S1.);
#5805 = LINE('',#5806,#5807);
#5806 = CARTESIAN_POINT('',(-5.130302149885,14.095389311789,4.));
#5807 = VECTOR('',#5808,1.);
#5808 = DIRECTION('',(1.32901523302E-15,-3.651439342834E-15,-1.));
#5809 = PCURVE('',#1983,#5810);
#5810 = DEFINITIONAL_REPRESENTATION('',(#5811),#5815);
#5811 = LINE('',#5812,#5813);
#5812 = CARTESIAN_POINT('',(0.,-2.));
#5813 = VECTOR('',#5814,1.);
#5814 = DIRECTION('',(0.,1.));
#5815 = ( GEOMETRIC_REPRESENTATION_CONTEXT(2) 
PARAMETRIC_REPRESENTATION_CONTEXT() REPRESENTATION_CONTEXT('2D SPACE',''
  ) );
#5816 = PCURVE('',#4044,#5817);
#5817 = DEFINITIONAL_REPRESENTATION('',(#5818),#5822);
#5818 = LINE('',#5819,#5820);
#5819 = CARTESIAN_POINT('',(3.14159265359,-2.));
#5820 = VECTOR('',#5821,1.);
#5821 = DIRECTION('',(0.,1.));
#5822 = ( GEOMETRIC_REPRESENTATION_CONTEXT(2) 
PARAMETRIC_REPRESENTATION_CONTEXT() REPRESENTATION_CONTEXT('2D SPACE',''
  ) );
#5823 = ADVANCED_FACE('',(#5824),#4346,.T.);
#5824 = FACE_BOUND('',#5825,.T.);
#5825 = EDGE_LOOP('',(#5826,#5849,#5875,#5876));
#5826 = ORIENTED_EDGE('',*,*,#5827,.T.);
#5827 = EDGE_CURVE('',#4293,#5828,#5830,.T.);
#5828 = VERTEX_POINT('',#5829);
#5829 = CARTESIAN_POINT('',(-5.47232229321,15.035081932575,4.));
#5830 = SURFACE_CURVE('',#5831,(#5835,#5842),.PCURVE_S1.);
#5831 = LINE('',#5832,#5833);
#5832 = CARTESIAN_POINT('',(-5.47232229321,15.035081932575,0.));
#5833 = VECTOR('',#5834,1.);
#5834 = DIRECTION('',(-5.695779570086E-16,1.5649025755E-15,1.));
#5835 = PCURVE('',#4346,#5836);
#5836 = DEFINITIONAL_REPRESENTATION('',(#5837),#5841);
#5837 = LINE('',#5838,#5839);
#5838 = CARTESIAN_POINT('',(0.,2.));
#5839 = VECTOR('',#5840,1.);
#5840 = DIRECTION('',(0.,-1.));
#5841 = ( GEOMETRIC_REPRESENTATION_CONTEXT(2) 
PARAMETRIC_REPRESENTATION_CONTEXT() REPRESENTATION_CONTEXT('2D SPACE',''
  ) );
#5842 = PCURVE('',#4313,#5843);
#5843 = DEFINITIONAL_REPRESENTATION('',(#5844),#5848);
#5844 = LINE('',#5845,#5846);
#5845 = CARTESIAN_POINT('',(3.14159265359,2.));
#5846 = VECTOR('',#5847,1.);
#5847 = DIRECTION('',(-1.110223024625E-16,-1.));
#5848 = ( GEOMETRIC_REPRESENTATION_CONTEXT(2) 
PARAMETRIC_REPRESENTATION_CONTEXT() REPRESENTATION_CONTEXT('2D SPACE',''
  ) );
#5849 = ORIENTED_EDGE('',*,*,#5850,.T.);
#5850 = EDGE_CURVE('',#5828,#5726,#5851,.T.);
#5851 = SURFACE_CURVE('',#5852,(#5857,#5864),.PCURVE_S1.);
#5852 = CIRCLE('',#5853,16.);
#5853 = AXIS2_PLACEMENT_3D('',#5854,#5855,#5856);
#5854 = CARTESIAN_POINT('',(5.730183352904E-16,6.661338147751E-15,4.));
#5855 = DIRECTION('',(0.,0.,-1.));
#5856 = DIRECTION('',(-0.342020143326,0.939692620786,0.));
#5857 = PCURVE('',#4346,#5858);
#5858 = DEFINITIONAL_REPRESENTATION('',(#5859),#5863);
#5859 = LINE('',#5860,#5861);
#5860 = CARTESIAN_POINT('',(0.,-2.));
#5861 = VECTOR('',#5862,1.);
#5862 = DIRECTION('',(1.,0.));
#5863 = ( GEOMETRIC_REPRESENTATION_CONTEXT(2) 
PARAMETRIC_REPRESENTATION_CONTEXT() REPRESENTATION_CONTEXT('2D SPACE',''
  ) );
#5864 = PCURVE('',#132,#5865);
#5865 = DEFINITIONAL_REPRESENTATION('',(#5866),#5874);
#5866 = ( BOUNDED_CURVE() B_SPLINE_CURVE(2,(#5867,#5868,#5869,#5870,
#5871,#5872,#5873),.UNSPECIFIED.,.T.,.F.) B_SPLINE_CURVE_WITH_KNOTS((1,2
    ,2,2,2,1),(-2.094395102393,0.,2.094395102393,4.188790204786,
6.28318530718,8.377580409573),.UNSPECIFIED.) CURVE() 
GEOMETRIC_REPRESENTATION_ITEM() RATIONAL_B_SPLINE_CURVE((1.,0.5,1.,0.5,
1.,0.5,1.)) REPRESENTATION_ITEM('') );
#5867 = CARTESIAN_POINT('',(-5.47232229321,15.035081932575));
#5868 = CARTESIAN_POINT('',(20.56920350997,24.513422179807));
#5869 = CARTESIAN_POINT('',(15.756924048195,-2.778370842671));
#5870 = CARTESIAN_POINT('',(10.944644586421,-30.07016386514));
#5871 = CARTESIAN_POINT('',(-10.28460175498,-12.2567110899));
#5872 = CARTESIAN_POINT('',(-31.51384809639,5.556741685342));
#5873 = CARTESIAN_POINT('',(-5.47232229321,15.035081932575));
#5874 = ( GEOMETRIC_REPRESENTATION_CONTEXT(2) 
PARAMETRIC_REPRESENTATION_CONTEXT() REPRESENTATION_CONTEXT('2D SPACE',''
  ) );
#5875 = ORIENTED_EDGE('',*,*,#5749,.F.);
#5876 = ORIENTED_EDGE('',*,*,#4325,.F.);
#5877 = ADVANCED_FACE('',(#5878),#4044,.F.);
#5878 = FACE_BOUND('',#5879,.F.);
#5879 = EDGE_LOOP('',(#5880,#5908,#5909,#5910));
#5880 = ORIENTED_EDGE('',*,*,#5881,.T.);
#5881 = EDGE_CURVE('',#5882,#5774,#5884,.T.);
#5882 = VERTEX_POINT('',#5883);
#5883 = CARTESIAN_POINT('',(-4.446261863234,12.216004070217,4.));
#5884 = SURFACE_CURVE('',#5885,(#5890,#5897),.PCURVE_S1.);
#5885 = CIRCLE('',#5886,1.);
#5886 = AXIS2_PLACEMENT_3D('',#5887,#5888,#5889);
#5887 = CARTESIAN_POINT('',(-4.788282006559,13.155696691003,4.));
#5888 = DIRECTION('',(0.,0.,-1.));
#5889 = DIRECTION('',(0.342020143326,-0.939692620786,0.));
#5890 = PCURVE('',#4044,#5891);
#5891 = DEFINITIONAL_REPRESENTATION('',(#5892),#5896);
#5892 = LINE('',#5893,#5894);
#5893 = CARTESIAN_POINT('',(0.,-2.));
#5894 = VECTOR('',#5895,1.);
#5895 = DIRECTION('',(1.,0.));
#5896 = ( GEOMETRIC_REPRESENTATION_CONTEXT(2) 
PARAMETRIC_REPRESENTATION_CONTEXT() REPRESENTATION_CONTEXT('2D SPACE',''
  ) );
#5897 = PCURVE('',#132,#5898);
#5898 = DEFINITIONAL_REPRESENTATION('',(#5899),#5907);
#5899 = ( BOUNDED_CURVE() B_SPLINE_CURVE(2,(#5900,#5901,#5902,#5903,
#5904,#5905,#5906),.UNSPECIFIED.,.T.,.F.) B_SPLINE_CURVE_WITH_KNOTS((1,2
    ,2,2,2,1),(-2.094395102393,0.,2.094395102393,4.188790204786,
6.28318530718,8.377580409573),.UNSPECIFIED.) CURVE() 
GEOMETRIC_REPRESENTATION_ITEM() RATIONAL_B_SPLINE_CURVE((1.,0.5,1.,0.5,
1.,0.5,1.)) REPRESENTATION_ITEM('') );
#5900 = CARTESIAN_POINT('',(-4.446261863234,12.216004070217));
#5901 = CARTESIAN_POINT('',(-6.073857225932,11.623607804765));
#5902 = CARTESIAN_POINT('',(-5.773089759571,13.32934486867));
#5903 = CARTESIAN_POINT('',(-5.472322293211,15.035081932575));
#5904 = CARTESIAN_POINT('',(-4.145494396873,13.921741134122));
#5905 = CARTESIAN_POINT('',(-2.818666500535,12.808400335669));
#5906 = CARTESIAN_POINT('',(-4.446261863234,12.216004070217));
#5907 = ( GEOMETRIC_REPRESENTATION_CONTEXT(2) 
PARAMETRIC_REPRESENTATION_CONTEXT() REPRESENTATION_CONTEXT('2D SPACE',''
  ) );
#5908 = ORIENTED_EDGE('',*,*,#5803,.T.);
#5909 = ORIENTED_EDGE('',*,*,#4023,.F.);
#5910 = ORIENTED_EDGE('',*,*,#5911,.F.);
#5911 = EDGE_CURVE('',#5882,#4024,#5912,.T.);
#5912 = SURFACE_CURVE('',#5913,(#5917,#5924),.PCURVE_S1.);
#5913 = LINE('',#5914,#5915);
#5914 = CARTESIAN_POINT('',(-4.446261863234,12.216004070217,4.));
#5915 = VECTOR('',#5916,1.);
#5916 = DIRECTION('',(-1.32901523302E-15,3.651439342834E-15,-1.));
#5917 = PCURVE('',#4044,#5918);
#5918 = DEFINITIONAL_REPRESENTATION('',(#5919),#5923);
#5919 = LINE('',#5920,#5921);
#5920 = CARTESIAN_POINT('',(0.,-2.));
#5921 = VECTOR('',#5922,1.);
#5922 = DIRECTION('',(0.,1.));
#5923 = ( GEOMETRIC_REPRESENTATION_CONTEXT(2) 
PARAMETRIC_REPRESENTATION_CONTEXT() REPRESENTATION_CONTEXT('2D SPACE',''
  ) );
#5924 = PCURVE('',#4077,#5925);
#5925 = DEFINITIONAL_REPRESENTATION('',(#5926),#5930);
#5926 = LINE('',#5927,#5928);
#5927 = CARTESIAN_POINT('',(6.632251157578,2.));
#5928 = VECTOR('',#5929,1.);
#5929 = DIRECTION('',(1.387778780781E-17,-1.));
#5930 = ( GEOMETRIC_REPRESENTATION_CONTEXT(2) 
PARAMETRIC_REPRESENTATION_CONTEXT() REPRESENTATION_CONTEXT('2D SPACE',''
  ) );
#5931 = ADVANCED_FACE('',(#5932),#4313,.T.);
#5932 = FACE_BOUND('',#5933,.T.);
#5933 = EDGE_LOOP('',(#5934,#5957,#5983,#5984));
#5934 = ORIENTED_EDGE('',*,*,#5935,.T.);
#5935 = EDGE_CURVE('',#4264,#5936,#5938,.T.);
#5936 = VERTEX_POINT('',#5937);
#5937 = CARTESIAN_POINT('',(-4.104241719908,11.276311449431,4.));
#5938 = SURFACE_CURVE('',#5939,(#5943,#5950),.PCURVE_S1.);
#5939 = LINE('',#5940,#5941);
#5940 = CARTESIAN_POINT('',(-4.104241719908,11.276311449431,0.));
#5941 = VECTOR('',#5942,1.);
#5942 = DIRECTION('',(5.695779570086E-16,-1.5649025755E-15,1.));
#5943 = PCURVE('',#4313,#5944);
#5944 = DEFINITIONAL_REPRESENTATION('',(#5945),#5949);
#5945 = LINE('',#5946,#5947);
#5946 = CARTESIAN_POINT('',(0.,2.));
#5947 = VECTOR('',#5948,1.);
#5948 = DIRECTION('',(0.,-1.));
#5949 = ( GEOMETRIC_REPRESENTATION_CONTEXT(2) 
PARAMETRIC_REPRESENTATION_CONTEXT() REPRESENTATION_CONTEXT('2D SPACE',''
  ) );
#5950 = PCURVE('',#4280,#5951);
#5951 = DEFINITIONAL_REPRESENTATION('',(#5952),#5956);
#5952 = LINE('',#5953,#5954);
#5953 = CARTESIAN_POINT('',(6.632251157578,-2.));
#5954 = VECTOR('',#5955,1.);
#5955 = DIRECTION('',(0.,1.));
#5956 = ( GEOMETRIC_REPRESENTATION_CONTEXT(2) 
PARAMETRIC_REPRESENTATION_CONTEXT() REPRESENTATION_CONTEXT('2D SPACE',''
  ) );
#5957 = ORIENTED_EDGE('',*,*,#5958,.T.);
#5958 = EDGE_CURVE('',#5936,#5828,#5959,.T.);
#5959 = SURFACE_CURVE('',#5960,(#5965,#5972),.PCURVE_S1.);
#5960 = CIRCLE('',#5961,2.);
#5961 = AXIS2_PLACEMENT_3D('',#5962,#5963,#5964);
#5962 = CARTESIAN_POINT('',(-4.788282006559,13.155696691003,4.));
#5963 = DIRECTION('',(0.,0.,-1.));
#5964 = DIRECTION('',(0.342020143326,-0.939692620786,0.));
#5965 = PCURVE('',#4313,#5966);
#5966 = DEFINITIONAL_REPRESENTATION('',(#5967),#5971);
#5967 = LINE('',#5968,#5969);
#5968 = CARTESIAN_POINT('',(0.,-2.));
#5969 = VECTOR('',#5970,1.);
#5970 = DIRECTION('',(1.,0.));
#5971 = ( GEOMETRIC_REPRESENTATION_CONTEXT(2) 
PARAMETRIC_REPRESENTATION_CONTEXT() REPRESENTATION_CONTEXT('2D SPACE',''
  ) );
#5972 = PCURVE('',#132,#5973);
#5973 = DEFINITIONAL_REPRESENTATION('',(#5974),#5982);
#5974 = ( BOUNDED_CURVE() B_SPLINE_CURVE(2,(#5975,#5976,#5977,#5978,
#5979,#5980,#5981),.UNSPECIFIED.,.T.,.F.) B_SPLINE_CURVE_WITH_KNOTS((1,2
    ,2,2,2,1),(-2.094395102393,0.,2.094395102393,4.188790204786,
6.28318530718,8.377580409573),.UNSPECIFIED.) CURVE() 
GEOMETRIC_REPRESENTATION_ITEM() RATIONAL_B_SPLINE_CURVE((1.,0.5,1.,0.5,
1.,0.5,1.)) REPRESENTATION_ITEM('') );
#5975 = CARTESIAN_POINT('',(-4.104241719908,11.276311449431));
#5976 = CARTESIAN_POINT('',(-7.359432445305,10.091518918527));
#5977 = CARTESIAN_POINT('',(-6.757897512584,13.502993046337));
#5978 = CARTESIAN_POINT('',(-6.156362579862,16.914467174147));
#5979 = CARTESIAN_POINT('',(-3.502706787186,14.687785577241));
#5980 = CARTESIAN_POINT('',(-0.84905099451,12.461103980335));
#5981 = CARTESIAN_POINT('',(-4.104241719908,11.276311449431));
#5982 = ( GEOMETRIC_REPRESENTATION_CONTEXT(2) 
PARAMETRIC_REPRESENTATION_CONTEXT() REPRESENTATION_CONTEXT('2D SPACE',''
  ) );
#5983 = ORIENTED_EDGE('',*,*,#5827,.F.);
#5984 = ORIENTED_EDGE('',*,*,#4292,.F.);
#5985 = ADVANCED_FACE('',(#5986),#4077,.T.);
#5986 = FACE_BOUND('',#5987,.T.);
#5987 = EDGE_LOOP('',(#5988,#5989,#5990,#6016));
#5988 = ORIENTED_EDGE('',*,*,#4056,.F.);
#5989 = ORIENTED_EDGE('',*,*,#5911,.F.);
#5990 = ORIENTED_EDGE('',*,*,#5991,.T.);
#5991 = EDGE_CURVE('',#5882,#5670,#5992,.T.);
#5992 = SURFACE_CURVE('',#5993,(#5998,#6005),.PCURVE_S1.);
#5993 = CIRCLE('',#5994,13.);
#5994 = AXIS2_PLACEMENT_3D('',#5995,#5996,#5997);
#5995 = CARTESIAN_POINT('',(9.159339953158E-15,9.769962616701E-14,4.));
#5996 = DIRECTION('',(1.229522996907E-16,1.40535121621E-15,-1.));
#5997 = DIRECTION('',(-7.045646117814E-16,1.,1.40535121621E-15));
#5998 = PCURVE('',#4077,#5999);
#5999 = DEFINITIONAL_REPRESENTATION('',(#6000),#6004);
#6000 = LINE('',#6001,#6002);
#6001 = CARTESIAN_POINT('',(12.566370614359,2.));
#6002 = VECTOR('',#6003,1.);
#6003 = DIRECTION('',(-1.,1.908332808878E-15));
#6004 = ( GEOMETRIC_REPRESENTATION_CONTEXT(2) 
PARAMETRIC_REPRESENTATION_CONTEXT() REPRESENTATION_CONTEXT('2D SPACE',''
  ) );
#6005 = PCURVE('',#132,#6006);
#6006 = DEFINITIONAL_REPRESENTATION('',(#6007),#6015);
#6007 = ( BOUNDED_CURVE() B_SPLINE_CURVE(2,(#6008,#6009,#6010,#6011,
#6012,#6013,#6014),.UNSPECIFIED.,.T.,.F.) B_SPLINE_CURVE_WITH_KNOTS((1,2
    ,2,2,2,1),(-2.094395102393,0.,2.094395102393,4.188790204786,
6.28318530718,8.377580409573),.UNSPECIFIED.) CURVE() 
GEOMETRIC_REPRESENTATION_ITEM() RATIONAL_B_SPLINE_CURVE((1.,0.5,1.,0.5,
1.,0.5,1.)) REPRESENTATION_ITEM('') );
#6008 = CARTESIAN_POINT('',(-1.89326617253E-29,13.));
#6009 = CARTESIAN_POINT('',(22.516660498395,13.));
#6010 = CARTESIAN_POINT('',(11.258330249198,-6.5));
#6011 = CARTESIAN_POINT('',(3.066210153726E-14,-26.));
#6012 = CARTESIAN_POINT('',(-11.25833024919,-6.5));
#6013 = CARTESIAN_POINT('',(-22.51666049839,13.));
#6014 = CARTESIAN_POINT('',(-1.89326617253E-29,13.));
#6015 = ( GEOMETRIC_REPRESENTATION_CONTEXT(2) 
PARAMETRIC_REPRESENTATION_CONTEXT() REPRESENTATION_CONTEXT('2D SPACE',''
  ) );
#6016 = ORIENTED_EDGE('',*,*,#5669,.F.);
#6017 = ADVANCED_FACE('',(#6018),#4280,.F.);
#6018 = FACE_BOUND('',#6019,.F.);
#6019 = EDGE_LOOP('',(#6020,#6021,#6022,#6023));
#6020 = ORIENTED_EDGE('',*,*,#5645,.T.);
#6021 = ORIENTED_EDGE('',*,*,#4263,.T.);
#6022 = ORIENTED_EDGE('',*,*,#5935,.T.);
#6023 = ORIENTED_EDGE('',*,*,#6024,.T.);
#6024 = EDGE_CURVE('',#5936,#5616,#6025,.T.);
#6025 = SURFACE_CURVE('',#6026,(#6031,#6038),.PCURVE_S1.);
#6026 = CIRCLE('',#6027,12.);
#6027 = AXIS2_PLACEMENT_3D('',#6028,#6029,#6030);
#6028 = CARTESIAN_POINT('',(-2.22044604925E-15,-6.661338147751E-15,4.));
#6029 = DIRECTION('',(1.33198324665E-16,1.522463817561E-15,-1.));
#6030 = DIRECTION('',(1.850371707709E-16,1.,1.522463817561E-15));
#6031 = PCURVE('',#4280,#6032);
#6032 = DEFINITIONAL_REPRESENTATION('',(#6033),#6037);
#6033 = LINE('',#6034,#6035);
#6034 = CARTESIAN_POINT('',(12.566370614359,2.));
#6035 = VECTOR('',#6036,1.);
#6036 = DIRECTION('',(-1.,1.908332808878E-15));
#6037 = ( GEOMETRIC_REPRESENTATION_CONTEXT(2) 
PARAMETRIC_REPRESENTATION_CONTEXT() REPRESENTATION_CONTEXT('2D SPACE',''
  ) );
#6038 = PCURVE('',#132,#6039);
#6039 = DEFINITIONAL_REPRESENTATION('',(#6040),#6048);
#6040 = ( BOUNDED_CURVE() B_SPLINE_CURVE(2,(#6041,#6042,#6043,#6044,
#6045,#6046,#6047),.UNSPECIFIED.,.T.,.F.) B_SPLINE_CURVE_WITH_KNOTS((1,2
    ,2,2,2,1),(-2.094395102393,0.,2.094395102393,4.188790204786,
6.28318530718,8.377580409573),.UNSPECIFIED.) CURVE() 
GEOMETRIC_REPRESENTATION_ITEM() RATIONAL_B_SPLINE_CURVE((1.,0.5,1.,0.5,
1.,0.5,1.)) REPRESENTATION_ITEM('') );
#6041 = CARTESIAN_POINT('',(1.025519176787E-29,12.));
#6042 = CARTESIAN_POINT('',(20.784609690827,12.));
#6043 = CARTESIAN_POINT('',(10.392304845413,-6.));
#6044 = CARTESIAN_POINT('',(-3.722185829797E-15,-24.));
#6045 = CARTESIAN_POINT('',(-10.39230484541,-6.));
#6046 = CARTESIAN_POINT('',(-20.78460969082,12.));
#6047 = CARTESIAN_POINT('',(1.025519176787E-29,12.));
#6048 = ( GEOMETRIC_REPRESENTATION_CONTEXT(2) 
PARAMETRIC_REPRESENTATION_CONTEXT() REPRESENTATION_CONTEXT('2D SPACE',''
  ) );
#6049 = ADVANCED_FACE('',(#6050),#44,.T.);
#6050 = FACE_BOUND('',#6051,.T.);
#6051 = EDGE_LOOP('',(#6052,#6053,#6054,#6055));
#6052 = ORIENTED_EDGE('',*,*,#21,.F.);
#6053 = ORIENTED_EDGE('',*,*,#4180,.T.);
#6054 = ORIENTED_EDGE('',*,*,#5444,.T.);
#6055 = ORIENTED_EDGE('',*,*,#6056,.F.);
#6056 = EDGE_CURVE('',#24,#5445,#6057,.T.);
#6057 = SURFACE_CURVE('',#6058,(#6063,#6070),.PCURVE_S1.);
#6058 = CIRCLE('',#6059,7.);
#6059 = AXIS2_PLACEMENT_3D('',#6060,#6061,#6062);
#6060 = CARTESIAN_POINT('',(0.,0.,4.));
#6061 = DIRECTION('',(0.,0.,1.));
#6062 = DIRECTION('',(1.,0.,-0.));
#6063 = PCURVE('',#44,#6064);
#6064 = DEFINITIONAL_REPRESENTATION('',(#6065),#6069);
#6065 = LINE('',#6066,#6067);
#6066 = CARTESIAN_POINT('',(0.,4.));
#6067 = VECTOR('',#6068,1.);
#6068 = DIRECTION('',(1.,0.));
#6069 = ( GEOMETRIC_REPRESENTATION_CONTEXT(2) 
PARAMETRIC_REPRESENTATION_CONTEXT() REPRESENTATION_CONTEXT('2D SPACE',''
  ) );
#6070 = PCURVE('',#132,#6071);
#6071 = DEFINITIONAL_REPRESENTATION('',(#6072),#6076);
#6072 = CIRCLE('',#6073,7.);
#6073 = AXIS2_PLACEMENT_2D('',#6074,#6075);
#6074 = CARTESIAN_POINT('',(0.,0.));
#6075 = DIRECTION('',(1.,0.));
#6076 = ( GEOMETRIC_REPRESENTATION_CONTEXT(2) 
PARAMETRIC_REPRESENTATION_CONTEXT() REPRESENTATION_CONTEXT('2D SPACE',''
  ) );
#6077 = ADVANCED_FACE('',(#6078),#3707,.T.);
#6078 = FACE_BOUND('',#6079,.T.);
#6079 = EDGE_LOOP('',(#6080,#6104,#6125,#6126));
#6080 = ORIENTED_EDGE('',*,*,#6081,.F.);
#6081 = EDGE_CURVE('',#6082,#6082,#6084,.T.);
#6082 = VERTEX_POINT('',#6083);
#6083 = CARTESIAN_POINT('',(-20.,-2.449293598295E-15,4.));
#6084 = SURFACE_CURVE('',#6085,(#6090,#6097),.PCURVE_S1.);
#6085 = CIRCLE('',#6086,20.);
#6086 = AXIS2_PLACEMENT_3D('',#6087,#6088,#6089);
#6087 = CARTESIAN_POINT('',(0.,0.,4.));
#6088 = DIRECTION('',(0.,0.,1.));
#6089 = DIRECTION('',(1.,0.,-0.));
#6090 = PCURVE('',#3707,#6091);
#6091 = DEFINITIONAL_REPRESENTATION('',(#6092),#6096);
#6092 = LINE('',#6093,#6094);
#6093 = CARTESIAN_POINT('',(-6.28318530718,4.));
#6094 = VECTOR('',#6095,1.);
#6095 = DIRECTION('',(1.,0.));
#6096 = ( GEOMETRIC_REPRESENTATION_CONTEXT(2) 
PARAMETRIC_REPRESENTATION_CONTEXT() REPRESENTATION_CONTEXT('2D SPACE',''
  ) );
#6097 = PCURVE('',#132,#6098);
#6098 = DEFINITIONAL_REPRESENTATION('',(#6099),#6103);
#6099 = CIRCLE('',#6100,20.);
#6100 = AXIS2_PLACEMENT_2D('',#6101,#6102);
#6101 = CARTESIAN_POINT('',(0.,0.));
#6102 = DIRECTION('',(1.,0.));
#6103 = ( GEOMETRIC_REPRESENTATION_CONTEXT(2) 
PARAMETRIC_REPRESENTATION_CONTEXT() REPRESENTATION_CONTEXT('2D SPACE',''
  ) );
#6104 = ORIENTED_EDGE('',*,*,#6105,.T.);
#6105 = EDGE_CURVE('',#6082,#3691,#6106,.T.);
#6106 = SEAM_CURVE('',#6107,(#6111,#6118),.PCURVE_S1.);
#6107 = LINE('',#6108,#6109);
#6108 = CARTESIAN_POINT('',(-20.,-2.449293598295E-15,0.));
#6109 = VECTOR('',#6110,1.);
#6110 = DIRECTION('',(0.,0.,-1.));
#6111 = PCURVE('',#3707,#6112);
#6112 = DEFINITIONAL_REPRESENTATION('',(#6113),#6117);
#6113 = LINE('',#6114,#6115);
#6114 = CARTESIAN_POINT('',(-3.14159265359,0.));
#6115 = VECTOR('',#6116,1.);
#6116 = DIRECTION('',(0.,-1.));
#6117 = ( GEOMETRIC_REPRESENTATION_CONTEXT(2) 
PARAMETRIC_REPRESENTATION_CONTEXT() REPRESENTATION_CONTEXT('2D SPACE',''
  ) );
#6118 = PCURVE('',#3707,#6119);
#6119 = DEFINITIONAL_REPRESENTATION('',(#6120),#6124);
#6120 = LINE('',#6121,#6122);
#6121 = CARTESIAN_POINT('',(3.14159265359,0.));
#6122 = VECTOR('',#6123,1.);
#6123 = DIRECTION('',(0.,-1.));
#6124 = ( GEOMETRIC_REPRESENTATION_CONTEXT(2) 
PARAMETRIC_REPRESENTATION_CONTEXT() REPRESENTATION_CONTEXT('2D SPACE',''
  ) );
#6125 = ORIENTED_EDGE('',*,*,#3690,.T.);
#6126 = ORIENTED_EDGE('',*,*,#6105,.F.);
#6127 = ADVANCED_FACE('',(#6128,#6131,#6134,#6137,#6140,#6143,#6146,
    #6149,#6173,#6197),#132,.T.);
#6128 = FACE_BOUND('',#6129,.T.);
#6129 = EDGE_LOOP('',(#6130));
#6130 = ORIENTED_EDGE('',*,*,#6081,.T.);
#6131 = FACE_BOUND('',#6132,.T.);
#6132 = EDGE_LOOP('',(#6133));
#6133 = ORIENTED_EDGE('',*,*,#2050,.T.);
#6134 = FACE_BOUND('',#6135,.T.);
#6135 = EDGE_LOOP('',(#6136));
#6136 = ORIENTED_EDGE('',*,*,#2132,.T.);
#6137 = FACE_BOUND('',#6138,.T.);
#6138 = EDGE_LOOP('',(#6139));
#6139 = ORIENTED_EDGE('',*,*,#2214,.T.);
#6140 = FACE_BOUND('',#6141,.T.);
#6141 = EDGE_LOOP('',(#6142));
#6142 = ORIENTED_EDGE('',*,*,#2296,.T.);
#6143 = FACE_BOUND('',#6144,.T.);
#6144 = EDGE_LOOP('',(#6145));
#6145 = ORIENTED_EDGE('',*,*,#2378,.T.);
#6146 = FACE_BOUND('',#6147,.T.);
#6147 = EDGE_LOOP('',(#6148));
#6148 = ORIENTED_EDGE('',*,*,#2460,.T.);
#6149 = FACE_BOUND('',#6150,.T.);
#6150 = EDGE_LOOP('',(#6151,#6152,#6153,#6154,#6155,#6156,#6157,#6158,
    #6159,#6160,#6161,#6162,#6163,#6164,#6165,#6166,#6167,#6168,#6169,
    #6170,#6171,#6172));
#6151 = ORIENTED_EDGE('',*,*,#6056,.T.);
#6152 = ORIENTED_EDGE('',*,*,#5467,.F.);
#6153 = ORIENTED_EDGE('',*,*,#5567,.F.);
#6154 = ORIENTED_EDGE('',*,*,#5692,.F.);
#6155 = ORIENTED_EDGE('',*,*,#5991,.F.);
#6156 = ORIENTED_EDGE('',*,*,#5881,.T.);
#6157 = ORIENTED_EDGE('',*,*,#5773,.T.);
#6158 = ORIENTED_EDGE('',*,*,#1943,.T.);
#6159 = ORIENTED_EDGE('',*,*,#1917,.F.);
#6160 = ORIENTED_EDGE('',*,*,#5413,.T.);
#6161 = ORIENTED_EDGE('',*,*,#1504,.F.);
#6162 = ORIENTED_EDGE('',*,*,#1393,.F.);
#6163 = ORIENTED_EDGE('',*,*,#1367,.F.);
#6164 = ORIENTED_EDGE('',*,*,#4655,.T.);
#6165 = ORIENTED_EDGE('',*,*,#3144,.F.);
#6166 = ORIENTED_EDGE('',*,*,#3313,.F.);
#6167 = ORIENTED_EDGE('',*,*,#3475,.F.);
#6168 = ORIENTED_EDGE('',*,*,#3612,.T.);
#6169 = ORIENTED_EDGE('',*,*,#2918,.T.);
#6170 = ORIENTED_EDGE('',*,*,#2815,.T.);
#6171 = ORIENTED_EDGE('',*,*,#148,.T.);
#6172 = ORIENTED_EDGE('',*,*,#117,.F.);
#6173 = FACE_BOUND('',#6174,.T.);
#6174 = EDGE_LOOP('',(#6175,#6176,#6177,#6178,#6179,#6180,#6181,#6182,
    #6183,#6184,#6185,#6186,#6187,#6188,#6189,#6190,#6191,#6192,#6193,
    #6194,#6195,#6196));
#6175 = ORIENTED_EDGE('',*,*,#2709,.F.);
#6176 = ORIENTED_EDGE('',*,*,#2865,.F.);
#6177 = ORIENTED_EDGE('',*,*,#3034,.F.);
#6178 = ORIENTED_EDGE('',*,*,#3558,.F.);
#6179 = ORIENTED_EDGE('',*,*,#3369,.T.);
#6180 = ORIENTED_EDGE('',*,*,#3197,.T.);
#6181 = ORIENTED_EDGE('',*,*,#1122,.T.);
#6182 = ORIENTED_EDGE('',*,*,#1096,.F.);
#6183 = ORIENTED_EDGE('',*,*,#2598,.T.);
#6184 = ORIENTED_EDGE('',*,*,#1224,.F.);
#6185 = ORIENTED_EDGE('',*,*,#730,.F.);
#6186 = ORIENTED_EDGE('',*,*,#704,.F.);
#6187 = ORIENTED_EDGE('',*,*,#2512,.T.);
#6188 = ORIENTED_EDGE('',*,*,#5055,.F.);
#6189 = ORIENTED_EDGE('',*,*,#5180,.F.);
#6190 = ORIENTED_EDGE('',*,*,#5288,.F.);
#6191 = ORIENTED_EDGE('',*,*,#5354,.T.);
#6192 = ORIENTED_EDGE('',*,*,#4945,.T.);
#6193 = ORIENTED_EDGE('',*,*,#4870,.T.);
#6194 = ORIENTED_EDGE('',*,*,#342,.T.);
#6195 = ORIENTED_EDGE('',*,*,#316,.F.);
#6196 = ORIENTED_EDGE('',*,*,#3665,.T.);
#6197 = FACE_BOUND('',#6198,.T.);
#6198 = EDGE_LOOP('',(#6199,#6200,#6201,#6202,#6203,#6204,#6205,#6206,
    #6207,#6208,#6209,#6210,#6211,#6212,#6213,#6214,#6215,#6216,#6217,
    #6218,#6219,#6220));
#6199 = ORIENTED_EDGE('',*,*,#4797,.F.);
#6200 = ORIENTED_EDGE('',*,*,#4897,.F.);
#6201 = ORIENTED_EDGE('',*,*,#5022,.F.);
#6202 = ORIENTED_EDGE('',*,*,#5321,.F.);
#6203 = ORIENTED_EDGE('',*,*,#5211,.T.);
#6204 = ORIENTED_EDGE('',*,*,#5103,.T.);
#6205 = ORIENTED_EDGE('',*,*,#928,.T.);
#6206 = ORIENTED_EDGE('',*,*,#902,.F.);
#6207 = ORIENTED_EDGE('',*,*,#4741,.T.);
#6208 = ORIENTED_EDGE('',*,*,#1586,.F.);
#6209 = ORIENTED_EDGE('',*,*,#1720,.F.);
#6210 = ORIENTED_EDGE('',*,*,#1806,.F.);
#6211 = ORIENTED_EDGE('',*,*,#4687,.T.);
#6212 = ORIENTED_EDGE('',*,*,#5725,.F.);
#6213 = ORIENTED_EDGE('',*,*,#5850,.F.);
#6214 = ORIENTED_EDGE('',*,*,#5958,.F.);
#6215 = ORIENTED_EDGE('',*,*,#6024,.T.);
#6216 = ORIENTED_EDGE('',*,*,#5615,.T.);
#6217 = ORIENTED_EDGE('',*,*,#5540,.T.);
#6218 = ORIENTED_EDGE('',*,*,#536,.T.);
#6219 = ORIENTED_EDGE('',*,*,#510,.F.);
#6220 = ORIENTED_EDGE('',*,*,#5386,.T.);
#6221 = ( GEOMETRIC_REPRESENTATION_CONTEXT(3) 
GLOBAL_UNCERTAINTY_ASSIGNED_CONTEXT((#6225)) 
GLOBAL_UNIT_ASSIGNED_CONTEXT((#6222,#6223,#6224)) REPRESENTATION_CONTEXT
('Context #1','3D Context with UNIT and UNCERTAINTY') );
#6222 = ( LENGTH_UNIT() NAMED_UNIT(*) SI_UNIT(.MILLI.,.METRE.) );
#6223 = ( NAMED_UNIT(*) PLANE_ANGLE_UNIT() SI_UNIT($,.RADIAN.) );
#6224 = ( NAMED_UNIT(*) SI_UNIT($,.STERADIAN.) SOLID_ANGLE_UNIT() );
#6225 = UNCERTAINTY_MEASURE_WITH_UNIT(LENGTH_MEASURE(1.E-07),#6222,
  'distance_accuracy_value','confusion accuracy');
#6226 = PRODUCT_RELATED_PRODUCT_CATEGORY('part',$,(#7));
#6227 = MECHANICAL_DESIGN_GEOMETRIC_PRESENTATION_REPRESENTATION('',(
    #6228),#6221);
#6228 = STYLED_ITEM('color',(#6229),#15);
#6229 = PRESENTATION_STYLE_ASSIGNMENT((#6230,#6236));
#6230 = SURFACE_STYLE_USAGE(.BOTH.,#6231);
#6231 = SURFACE_SIDE_STYLE('',(#6232));
#6232 = SURFACE_STYLE_FILL_AREA(#6233);
#6233 = FILL_AREA_STYLE('',(#6234));
#6234 = FILL_AREA_STYLE_COLOUR('',#6235);
#6235 = DRAUGHTING_PRE_DEFINED_COLOUR('black');
#6236 = CURVE_STYLE('',#6237,POSITIVE_LENGTH_MEASURE(0.1),#6238);
#6237 = DRAUGHTING_PRE_DEFINED_CURVE_FONT('continuous');
#6238 = COLOUR_RGB('',9.803921802644E-02,9.803921802644E-02,
  9.803921802644E-02);
ENDSEC;
END-ISO-10303-21;
